{"rate-5": {"ANB_G": 0.001948655718592285, "SP": 1.999953565043765, "ANB": 0.0034244985104238523, "ACC": 0.5011319246736995, "CC": 1, "QCS": 0.44679514982205354, "SCS": {"ori-": 2.6497204536993255, "sam_": 1.868796573235813, "ori-av": 0.1204418388045148, "sam_av": 0.1698905975668921, "sam_/ori_av": 1.4105613070441074}, "DDC": 6.325206501256453e-05, "LCC": 0.0, "GCC": 0}, "rate-10": {"ANB_G": 0.0027160112183982643, "SP": 2.4834219888977738, "ANB": 0.002531436841122481, "ACC": 0.41173357040732506, "CC": 1, "QCS": 0.6389834748971982, "SCS": {"ori-": 4.682132310255845, "sam_": 3.431256756020214, "ori-av": 0.052023692336176056, "sam_av": 0.07625015013378253, "sam_/ori_av": 1.4656812446347636}, "DDC": 9.755577340953003e-06, "LCC": 0.0, "GCC": 0}, "rate-15": {"ANB_G": 0.002183404865547812, "SP": 3.4053912143745126, "ANB": 0.0027333991072437643, "ACC": 0.29720040151244204, "CC": 1, "QCS": 0.5573186078482703, "SCS": {"ori-": 9.408065976743444, "sam_": 7.1856986884953775, "ori-av": 0.04800033661603798, "sam_av": 0.07332345600505487, "sam_/ori_av": 1.5275612875713849}, "DDC": 0.23819576015764854, "LCC": 0.0, "GCC": 0}, "rate-20": {"ANB_G": 0.0013554682612217511, "SP": 3.14472716746273, "ANB": 0.001826854486765528, "ACC": 0.32977054293131575, "CC": 1, "QCS": 0.43741088044887183, "SCS": {"ori-": 7.024247129846794, "sam_": 4.927760421751199, "ori-av": 0.08780308912308492, "sam_av": 0.12319401054377999, "sam_/ori_av": 1.403071483864116}, "DDC": 1.0497900226891232e-07, "LCC": 0.0, "GCC": 0}, "rate-25": {"ANB_G": 0.0015178146773072772, "SP": 4.2062840657025236, "ANB": 0.0021841172109690224, "ACC": 0.23904104480756874, "CC": 1, "QCS": 0.5275558730989193, "SCS": {"ori-": 16.27018890602111, "sam_": 12.53451778969325, "ori-av": 0.043271779005375294, "sam_av": 0.06667296696645346, "sam_/ori_av": 1.5407956062580932}, "DDC": 0.8987874554639724, "LCC": 0.0, "GCC": 0}, "rate-30": {"ANB_G": 0.0012345491232457013, "SP": 3.946549956719311, "ANB": 0.0016722757983651023, "ACC": 0.2568870130301591, "CC": 1, "QCS": 0.5679765726762115, "SCS": {"ori-": 13.100974889952159, "sam_": 9.732858805815836, "ori-av": 0.06753079840181525, "sam_av": 0.10033875057542098, "sam_/ori_av": 1.4858220685974275}, "DDC": 5.00065825193019e-07, "LCC": 0.0, "GCC": 0}, "rate-35": {"ANB_G": 0.0011044653815346893, "SP": 4.018136180091871, "ANB": 0.0014679650681380708, "ACC": 0.25142945365572233, "CC": 1, "QCS": 0.34772548253170704, "SCS": {"ori-": 17.29649545425615, "sam_": 12.782462536492595, "ori-av": 0.06756443536818808, "sam_av": 0.0998629885663484, "sam_/ori_av": 1.4780407476529835}, "DDC": 0.0001428564770887819, "LCC": 0.0, "GCC": 0}, "rate-40": {"ANB_G": 0.0009683155582234305, "SP": 4.843270123872603, "ANB": 0.0016354340952649377, "ACC": 0.20777694884724812, "CC": 1, "QCS": 0.555345802400685, "SCS": {"ori-": 20.185267209398635, "sam_": 15.103491214451438, "ori-av": 0.06268716524657961, "sam_av": 0.09381050443758657, "sam_/ori_av": 1.4964866263864938}, "DDC": 0.0008869816595836744, "LCC": 0.0, "GCC": 0}}