{"rate-5": {"ANB_G": 0.0021142031469442903, "SP": 3.8862807921803535, "ANB": 0.00988452326089162, "ACC": 0.2603884848290945, "CC": 1, "QCS": 0.6627123638735427, "SCS": {"ori-": 3.8377773689977324, "sam_": 3.0253079306056625, "ori-av": 0.04171497140214926, "sam_av": 0.06576756370881875, "sam_/ori_av": 1.57659376233997}, "DDC": 0.6591683266030606, "LCC": 0.0, "GCC": 0}, "rate-10": {"ANB_G": 0.0020115637219804542, "SP": 2.758793125427343, "ANB": 0.0030013534563606533, "ACC": 0.37341281633903917, "CC": 1, "QCS": 0.11640435801102257, "SCS": {"ori-": 4.581011306549215, "sam_": 3.214942140966149, "ori-av": 0.07898295356119335, "sam_av": 0.11086007382641894, "sam_/ori_av": 1.403594938248647}, "DDC": 1.658728475728566e-05, "LCC": 0.0, "GCC": 0}, "rate-15": {"ANB_G": 0.0022146877360314774, "SP": 3.3078469374885784, "ANB": 0.0026225533380552024, "ACC": 0.3040862670390735, "CC": 1, "QCS": 0.3952997427322584, "SCS": {"ori-": 9.04961090396247, "sam_": 6.487284368880047, "ori-av": 0.11036110858490818, "sam_av": 0.15822644802146457, "sam_/ori_av": 1.4337156453963162}, "DDC": 2.5115127504582446e-05, "LCC": 0.0, "GCC": 0}, "rate-20": {"ANB_G": 0.0017119313948796865, "SP": 3.837914314662035, "ANB": 0.002417303504822858, "ACC": 0.26263610478573424, "CC": 1, "QCS": 0.527476291556377, "SCS": {"ori-": 12.142084637442164, "sam_": 9.090562390019498, "ori-av": 0.06821395863731552, "sam_av": 0.10214115044965728, "sam_/ori_av": 1.4973643589976664}, "DDC": 0.0007935202496963667, "LCC": 0.0, "GCC": 0}, "rate-25": {"ANB_G": 0.0014255583428089973, "SP": 3.2395678489230955, "ANB": 0.0015255911777405282, "ACC": 0.31335247387111154, "CC": 1, "QCS": 0.4153691383081479, "SCS": {"ori-": 14.34946121223215, "sam_": 10.649052586670217, "ori-av": 0.059295294265422106, "sam_av": 0.08800869906339023, "sam_/ori_av": 1.484244241531866}, "DDC": 0.0004308315908747584, "LCC": 0.0, "GCC": 0}, "rate-30": {"ANB_G": 0.0012594577531637966, "SP": 4.141064820709906, "ANB": 0.0017826701593132265, "ACC": 0.24670828587138052, "CC": 1, "QCS": 0.345704530968779, "SCS": {"ori-": 17.570835147910387, "sam_": 12.632631006645898, "ori-av": 0.0670642562897343, "sam_av": 0.0964322977606557, "sam_/ori_av": 1.4379090009444697}, "DDC": 8.102702189005662e-05, "LCC": 0.0, "GCC": 0}, "rate-35": {"ANB_G": 0.001109470521827562, "SP": 3.9776888323215944, "ANB": 0.0014482922336194535, "ACC": 0.25389079463426956, "CC": 1, "QCS": 0.49867053316544274, "SCS": {"ori-": 20.201681707859077, "sam_": 15.086305549718666, "ori-av": 0.04832938207621789, "sam_av": 0.07218328014219458, "sam_/ori_av": 1.4935692748638474}, "DDC": 0.07228531138350613, "LCC": 0.0, "GCC": 0}, "rate-40": {"ANB_G": 0.0010163863677946688, "SP": 3.6681908407769743, "ANB": 0.0011354003577774355, "ACC": 0.2813770058008077, "CC": 1, "QCS": 0.5284178316478796, "SCS": {"ori-": 22.8241797903399, "sam_": 17.247287911056382, "ori-av": 0.04601649151278206, "sam_av": 0.06954551577038864, "sam_/ori_av": 1.5113172144180287}, "DDC": 1.0409316582249417e-05, "LCC": 0.0, "GCC": 0}}