{"rate-5": {"ANB_G": 0.004193527455529136, "SP": 3.8786654593578045, "ANB": 0.009858443353965084, "ACC": 0.2599095425145395, "CC": 1, "QCS": 0.7681770885586485, "SCS": {"ori-": 2.9532821288664146, "sam_": 2.389996788413841, "ori-av": 0.03076335550902515, "sam_av": 0.049791599758621685, "sam_/ori_av": 1.6185360450687556}, "DDC": 0.7104164082158833, "LCC": 0.0, "GCC": 0}, "rate-10": {"ANB_G": 0.0027490606949849604, "SP": 3.1350693599415917, "ANB": 0.0036434630715726822, "ACC": 0.3210007496495758, "CC": 1, "QCS": 0.5383968426497167, "SCS": {"ori-": 4.411764210792356, "sam_": 3.296326554207051, "ori-av": 0.07115748727084445, "sam_av": 0.10633311465184035, "sam_/ori_av": 1.494334872268719}, "DDC": 0.00020432445467655214, "LCC": 0.0, "GCC": 0}, "rate-15": {"ANB_G": 0.0022123264057027484, "SP": 3.9449630779288634, "ANB": 0.0033465489521918913, "ACC": 0.2597911826739135, "CC": 1, "QCS": 0.4776109911032447, "SCS": {"ori-": 8.318922948800703, "sam_": 6.156688830697542, "ori-av": 0.05777029825556043, "sam_av": 0.08550956709302142, "sam_/ori_av": 1.4801648887937162}, "DDC": 0.4087069186051935, "LCC": 0.0, "GCC": 0}, "rate-20": {"ANB_G": 0.0017703707866551892, "SP": 4.430299609205385, "ANB": 0.0029218906381647224, "ACC": 0.22728012350092477, "CC": 1, "QCS": 0.6085055111914722, "SCS": {"ori-": 10.123101228015774, "sam_": 7.731065220807266, "ori-av": 0.062488279185282554, "sam_av": 0.09544524963959587, "sam_/ori_av": 1.5274104341486723}, "DDC": 0.6305010775874118, "LCC": 0.0, "GCC": 0}, "rate-25": {"ANB_G": 0.0014243323789109729, "SP": 3.6569955960600713, "ANB": 0.0018099425041281138, "ACC": 0.2773624885494167, "CC": 1, "QCS": 0.62528724134913, "SCS": {"ori-": 11.918501429449156, "sam_": 8.820627262145042, "ori-av": 0.06771875812187021, "sam_av": 0.10023440070619366, "sam_/ori_av": 1.4801571010178096}, "DDC": 2.963900260777308e-07, "LCC": 0.0, "GCC": 0}, "rate-30": {"ANB_G": 0.001274662985002283, "SP": 4.213608529061085, "ANB": 0.0018238413899325113, "ACC": 0.24091564725624653, "CC": 1, "QCS": 0.5602094270296748, "SCS": {"ori-": 18.199858150661775, "sam_": 13.869351233863554, "ori-av": 0.05617240169957338, "sam_av": 0.08561327922137997, "sam_/ori_av": 1.524116410034684}, "DDC": 0.30344429579037646, "LCC": 0.0, "GCC": 0}, "rate-35": {"ANB_G": 0.0011189862384460413, "SP": 3.496689348702881, "ANB": 0.0012143430684352545, "ACC": 0.2900772511925104, "CC": 1, "QCS": 0.4535655274774317, "SCS": {"ori-": 20.41305155437795, "sam_": 15.457239852912123, "ori-av": 0.037523991827900643, "sam_av": 0.056828087694529864, "sam_/ori_av": 1.5144467559625632}, "DDC": 0.015483222635464866, "LCC": 0.0, "GCC": 0}, "rate-40": {"ANB_G": 0.0010132868517852304, "SP": 5.39186104046042, "ANB": 0.0018688770384937949, "ACC": 0.186951478624207, "CC": 1, "QCS": 0.579777435515855, "SCS": {"ori-": 23.162078224076232, "sam_": 17.508381416418864, "ori-av": 0.0567697995688143, "sam_av": 0.08582539910009247, "sam_/ori_av": 1.5118143758118792}, "DDC": 0.8545527418878447, "LCC": 0.0, "GCC": 0}}