{"rate-5": {"ANB_G": 0.0038220175115130667, "SP": 2.9809848854217456, "ANB": 0.006784194813088168, "ACC": 0.34385767520346, "CC": 1, "QCS": 0.40450981689657756, "SCS": {"ori-": 3.277677309765976, "sam_": 2.449745346904855, "ori-av": 0.07449266613104491, "sam_av": 0.11135206122294795, "sam_/ori_av": 1.4948056903623408}, "DDC": 0.004184278150113685, "LCC": 0.0, "GCC": 0}, "rate-10": {"ANB_G": 0.0013338467049068396, "SP": 1.9965986394557824, "ANB": 0.0017006802721088435, "ACC": 0.501275872667907, "CC": 1, "QCS": 0.5733872363134999, "SCS": {"ori-": 3.825251146702425, "sam_": 2.6251314731102964, "ori-av": 0.1738750521228375, "sam_av": 0.23864831573729967, "sam_/ori_av": 1.3725276445565164}, "DDC": 3.821051464125702e-08, "LCC": 0.0, "GCC": 0}, "rate-15": {"ANB_G": 0.0021403705851631917, "SP": 3.4723554196555657, "ANB": 0.0028094947950631434, "ACC": 0.2930549313258594, "CC": 1, "QCS": 0.25380787390814213, "SCS": {"ori-": 8.226146081370224, "sam_": 6.0911431042843045, "ori-av": 0.053416532995910544, "sam_av": 0.07910575460109487, "sam_/ori_av": 1.480922668776557}, "DDC": 0.040145133245994336, "LCC": 0.0, "GCC": 0}, "rate-20": {"ANB_G": 0.0017562331222929, "SP": 3.5029946446663773, "ANB": 0.002132022695627238, "ACC": 0.2888344034607655, "CC": 1, "QCS": 0.5531815277806763, "SCS": {"ori-": 12.155909671604926, "sam_": 9.353064140291032, "ori-av": 0.04823773679208304, "sam_av": 0.07423066778008755, "sam_/ori_av": 1.5388505497270877}, "DDC": 0.5017808881632675, "LCC": 0.0, "GCC": 0}, "rate-25": {"ANB_G": 0.0014873257290544074, "SP": 4.4905674182538915, "ANB": 0.0023777707208813984, "ACC": 0.22510042330615584, "CC": 1, "QCS": 0.8061971894177556, "SCS": {"ori-": 15.68122981636587, "sam_": 12.043019458141718, "ori-av": 0.053702841836869415, "sam_av": 0.08248643464480629, "sam_/ori_av": 1.5359789505250288}, "DDC": 0.9088504558904417, "LCC": 0.0, "GCC": 0}, "rate-30": {"ANB_G": 0.0012359812016543622, "SP": 3.557162664649902, "ANB": 0.0014512841456582875, "ACC": 0.28680541884149546, "CC": 1, "QCS": 0.30129441077357805, "SCS": {"ori-": 17.816494524132292, "sam_": 12.945422776414917, "ori-av": 0.05822383831415782, "sam_av": 0.08461060638179685, "sam_/ori_av": 1.4531952690110226}, "DDC": 0.002043009748881941, "LCC": 0.0, "GCC": 0}, "rate-35": {"ANB_G": 0.0011063745744101343, "SP": 4.088088600257104, "ANB": 0.0015019886188020947, "ACC": 0.24626827066625648, "CC": 1, "QCS": 0.5881979822554112, "SCS": {"ori-": 21.12982761892614, "sam_": 15.74944632321269, "ori-av": 0.05282456904731535, "sam_av": 0.07874723161606345, "sam_/ori_av": 1.4907311699131702}, "DDC": 0.12896131631546914, "LCC": 0.0, "GCC": 0}, "rate-40": {"ANB_G": 0.0009936781339470126, "SP": 3.8236233242765416, "ANB": 0.0012015418401176768, "ACC": 0.2637449508161111, "CC": 1, "QCS": 0.34672942934432216, "SCS": {"ori-": 22.568150728435416, "sam_": 16.52531676675675, "ori-av": 0.0652258691573278, "sam_av": 0.09552206223558814, "sam_/ori_av": 1.4644812475428197}, "DDC": 0.00010408317941401624, "LCC": 0.0, "GCC": 0}}