{"rate-5": {"ANB_G": 0.0028563216724681174, "SP": 3.044600775463769, "ANB": 0.0070020574502183885, "ACC": 0.3433061998631074, "CC": 1, "QCS": 0.20514903391879077, "SCS": {"ori-": 2.3082913215196537, "sam_": 1.7664765312032729, "ori-av": 0.06074450846104352, "sam_av": 0.09297244901069857, "sam_/ori_av": 1.5305490383599591}, "DDC": 0.003815031962347226, "LCC": 0.0, "GCC": 0}, "rate-10": {"ANB_G": 0.002667768268366861, "SP": 3.357206596437553, "ANB": 0.004022536853988997, "ACC": 0.30161627249437795, "CC": 1, "QCS": 0.7317925144161155, "SCS": {"ori-": 5.772588777603597, "sam_": 4.58218788027722, "ori-av": 0.041830353460895635, "sam_av": 0.06640852000401769, "sam_/ori_av": 1.5875677470929934}, "DDC": 0.7179171330167273, "LCC": 0.0, "GCC": 0}, "rate-15": {"ANB_G": 0.002060812178230716, "SP": 3.619153147448915, "ANB": 0.0029763103948283126, "ACC": 0.2773110091453942, "CC": 1, "QCS": 0.7471161483717366, "SCS": {"ori-": 10.594956002102025, "sam_": 7.960699473935864, "ori-av": 0.06382503615724111, "sam_av": 0.09591204185464897, "sam_/ori_av": 1.5027338428505927}, "DDC": 0.07495375623122202, "LCC": 0.0, "GCC": 0}, "rate-20": {"ANB_G": 0.0016014819664671234, "SP": 2.5597090751194096, "ANB": 0.001328542653423688, "ACC": 0.3974821805609689, "CC": 1, "QCS": 0.6056832436223472, "SCS": {"ori-": 8.64853160202369, "sam_": 6.09513000463601, "ori-av": 0.0882503224696295, "sam_av": 0.12439040825787775, "sam_/ori_av": 1.4095178893049998}, "DDC": 1.0442060450263436e-08, "LCC": 0.0, "GCC": 0}, "rate-25": {"ANB_G": 0.001396288942171074, "SP": 3.7282431011887396, "ANB": 0.0018584762269678063, "ACC": 0.26896407956426044, "CC": 1, "QCS": 0.5447225418177184, "SCS": {"ori-": 15.629867741015843, "sam_": 11.669324648857167, "ori-av": 0.06302366024603162, "sam_av": 0.09410745684562231, "sam_/ori_av": 1.493208367750236}, "DDC": 0.07215209669806055, "LCC": 0.0, "GCC": 0}, "rate-30": {"ANB_G": 0.001293765042352797, "SP": 4.716616311867912, "ANB": 0.002109316862581107, "ACC": 0.21369027976280563, "CC": 1, "QCS": 0.5866126827624071, "SCS": {"ori-": 20.41642263796021, "sam_": 15.237855582385356, "ori-av": 0.05969714221625792, "sam_av": 0.08911026656365705, "sam_/ori_av": 1.492705735240183}, "DDC": 0.33276944872165926, "LCC": 0.0, "GCC": 0}, "rate-35": {"ANB_G": 0.0010914754259094728, "SP": 5.158495511545823, "ANB": 0.0020226145484172303, "ACC": 0.19580049052438778, "CC": 1, "QCS": 0.44018479564517254, "SCS": {"ori-": 20.258994110155697, "sam_": 15.148395768986923, "ori-av": 0.06214415371213404, "sam_av": 0.09293494336801793, "sam_/ori_av": 1.4954736337470116}, "DDC": 0.008852724690632918, "LCC": 0.0, "GCC": 0}, "rate-40": {"ANB_G": 0.0010185623540065387, "SP": 4.130759960300582, "ANB": 0.0013322382809789705, "ACC": 0.24417186198936394, "CC": 1, "QCS": 0.46661716286508814, "SCS": {"ori-": 26.609889960675005, "sam_": 20.00966288944034, "ori-av": 0.05661678715037235, "sam_av": 0.08514750165719293, "sam_/ori_av": 1.5039267670036438}, "DDC": 0.6442901014805493, "LCC": 0.0, "GCC": 0}}