{"rate-5": {"ANB_G": 0.0026868785405633777, "SP": 88.29514058183, "ANB": 0.29895596089667814, "ACC": 0.01183870938681419, "CC": 1, "QCS": 0.6585755549163804, "SCS": {"ori-": 2.700285548288975, "sam_": 2.2421188576932516, "ori-av": 0.025474391964990333, "sam_av": 0.04230412939043871, "sam_/ori_av": 1.660653155081292}, "DDC": 0.0039646814433085265, "LCC": 0.0, "GCC": 0}, "rate-10": {"ANB_G": 0.002612311995660169, "SP": 163.69421942541922, "ANB": 0.277635186732797, "ACC": 0.006397881222536505, "CC": 1, "QCS": 0.5966621657312238, "SCS": {"ori-": 6.386534176639349, "sam_": 5.003722633750476, "ori-av": 0.03433620525074919, "sam_av": 0.05380346918011265, "sam_/ori_av": 1.5669602621256087}, "DDC": 0.0007684683618236487, "LCC": 0.0, "GCC": 0}, "rate-15": {"ANB_G": 0.0021588863855218922, "SP": 225.08540851073687, "ANB": 0.2546425096712919, "ACC": 0.004666531280262306, "CC": 1, "QCS": 0.47708467887923506, "SCS": {"ori-": 9.709893203854755, "sam_": 7.827046441198679, "ori-av": 0.037345743091749053, "sam_av": 0.06020804954768214, "sam_/ori_av": 1.6121797175053172}, "DDC": 0.00011403017551092631, "LCC": 0.0, "GCC": 0}, "rate-20": {"ANB_G": 0.00177514410211643, "SP": 275.07956433637287, "ANB": 0.23345789125755792, "ACC": 0.0038223194335998602, "CC": 1, "QCS": 0.48804932618730124, "SCS": {"ori-": 14.657864623612099, "sam_": 11.542278823953263, "ori-av": 0.0421203006425635, "sam_av": 0.06633493576984634, "sam_/ori_av": 1.574892267098716}, "DDC": 2.9694238062316636e-05, "LCC": 0.0, "GCC": 0}, "rate-25": {"ANB_G": 0.0015552803457479592, "SP": 332.6938525444214, "ANB": 0.22594949083407423, "ACC": 0.003161793454172671, "CC": 1, "QCS": 0.39294095625529724, "SCS": {"ori-": 18.6428170023045, "sam_": 14.632524244398054, "ori-av": 0.047077820712890156, "sam_av": 0.07390163759796997, "sam_/ori_av": 1.5697760958109794}, "DDC": 0.002806380737388592, "LCC": 0.0, "GCC": 0}, "rate-30": {"ANB_G": 0.001349809270577884, "SP": 379.32471513846605, "ANB": 0.2147132322011724, "ACC": 0.0027668037201845487, "CC": 1, "QCS": 0.40170555731200897, "SCS": {"ori-": 22.868748106300707, "sam_": 17.594291660648484, "ori-av": 0.05523852199589543, "sam_av": 0.08499657807076562, "sam_/ori_av": 1.538719266910896}, "DDC": 0.00012577385360523774, "LCC": 0.0, "GCC": 0}, "rate-35": {"ANB_G": 0.0011838185413353046, "SP": 409.4871932243972, "ANB": 0.19868054145155462, "ACC": 0.0025536030013537645, "CC": 1, "QCS": 0.3778906227051731, "SCS": {"ori-": 25.927892420797974, "sam_": 20.218678002582266, "ori-av": 0.05504860386581311, "sam_av": 0.08567236441772147, "sam_/ori_av": 1.5563040368209349}, "DDC": 0.00012577385360523774, "LCC": 0.0, "GCC": 0}, "rate-40": {"ANB_G": 0.0010463400602700266, "SP": 411.46088724728514, "ANB": 0.17466420733926993, "ACC": 0.0025461441352709925, "CC": 1, "QCS": 0.37330968980500484, "SCS": {"ori-": 29.832615164846136, "sam_": 23.266271240232683, "ori-av": 0.054538601763886904, "sam_av": 0.0849133986869806, "sam_/ori_av": 1.5569412478632074}, "DDC": 0.01736268098038285, "LCC": 0.0, "GCC": 0}}