{"rate-5": {"ANB_G": 0.0030460006904249348, "SP": 87.1182930510088, "ANB": 0.2949256611335918, "ACC": 0.01207509569278736, "CC": 1, "QCS": 0.586987850174321, "SCS": {"ori-": 2.9066879072807903, "sam_": 2.3728821911619082, "ori-av": 0.029660080686538675, "sam_av": 0.048426167166569556, "sam_/ori_av": 1.632705172934608}, "DDC": 0.21990561187472357, "LCC": 0.0, "GCC": 0}, "rate-10": {"ANB_G": 0.0024654101087239577, "SP": 160.55323969451496, "ANB": 0.2722751530623123, "ACC": 0.006499958724492855, "CC": 1, "QCS": 0.5568174168513945, "SCS": {"ori-": 5.845612898642943, "sam_": 4.751599588080034, "ori-av": 0.03398612150373804, "sam_av": 0.05525115800093063, "sam_/ori_av": 1.6256976541101846}, "DDC": 0.0041762825784412705, "LCC": 0.0, "GCC": 0}, "rate-15": {"ANB_G": 0.002159925120270459, "SP": 226.2238283130127, "ANB": 0.2559361685375144, "ACC": 0.004637823244481844, "CC": 1, "QCS": 0.5006633145582997, "SCS": {"ori-": 11.135617627163144, "sam_": 8.526096087420521, "ori-av": 0.04418895883794899, "sam_av": 0.06766742926524223, "sam_/ori_av": 1.5313198374597183}, "DDC": 6.457109482949086e-05, "LCC": 0.0, "GCC": 0}, "rate-20": {"ANB_G": 0.001841786481232117, "SP": 277.1667491677522, "ANB": 0.23523573182943125, "ACC": 0.0038021180389366054, "CC": 1, "QCS": 0.488573691626172, "SCS": {"ori-": 15.656498715112464, "sam_": 12.019621043242804, "ori-av": 0.043611417033739455, "sam_av": 0.06677567246246002, "sam_/ori_av": 1.5311511756382468}, "DDC": 0.0002159672325486861, "LCC": 0.0, "GCC": 0}, "rate-25": {"ANB_G": 0.0015513424489267962, "SP": 325.66567473824114, "ANB": 0.2211619037726439, "ACC": 0.003232780747050952, "CC": 1, "QCS": 0.47090759939463483, "SCS": {"ori-": 19.06278436540281, "sam_": 14.734956096204662, "ori-av": 0.04332450992137002, "sam_av": 0.06667400948508898, "sam_/ori_av": 1.5389443436543457}, "DDC": 9.965972581515992e-06, "LCC": 0.0, "GCC": 0}, "rate-30": {"ANB_G": 0.0013493557420806647, "SP": 379.82521418474744, "ANB": 0.21499728387329586, "ACC": 0.0027644748479842976, "CC": 1, "QCS": 0.380973434044199, "SCS": {"ori-": 22.254303157691343, "sam_": 17.192664389989616, "ori-av": 0.047349581186577325, "sam_av": 0.07285027283893905, "sam_/ori_av": 1.5385621374744212}, "DDC": 0.0014683673399864539, "LCC": 0.0, "GCC": 0}, "rate-35": {"ANB_G": 0.0011821532136099139, "SP": 412.84516214986587, "ANB": 0.20031379481997294, "ACC": 0.002535513600751975, "CC": 1, "QCS": 0.3866969602691562, "SCS": {"ori-": 27.640470662166976, "sam_": 21.069612768475253, "ori-av": 0.0536708168197417, "sam_av": 0.08166516576928393, "sam_/ori_av": 1.521593495466331}, "DDC": 0.0014178131795749005, "LCC": 0.0, "GCC": 0}, "rate-40": {"ANB_G": 0.0010483516509269724, "SP": 399.03984264909707, "ANB": 0.16937865644642375, "ACC": 0.0026573299294375516, "CC": 1, "QCS": 0.42464649424413276, "SCS": {"ori-": 29.627540875545918, "sam_": 22.503584959231237, "ori-av": 0.05396637682248801, "sam_av": 0.08183121803356813, "sam_/ori_av": 1.5163370760044934}, "DDC": 0.0003259136174738053, "LCC": 0.0, "GCC": 0}}