{"rate-5": {"ANB_G": 0.0031201637845260036, "SP": 86.48424694109725, "ANB": 0.2927542703462233, "ACC": 0.01211461549388534, "CC": 1, "QCS": 0.6085298384417969, "SCS": {"ori-": 3.439386822257256, "sam_": 2.741899006799372, "ori-av": 0.03439386822257256, "sam_av": 0.05483798013598744, "sam_/ori_av": 1.5944115323439394}, "DDC": 0.010863951870293431, "LCC": 0.0, "GCC": 0}, "rate-10": {"ANB_G": 0.0024822547864712568, "SP": 161.3401244654591, "ANB": 0.2736179598386673, "ACC": 0.006477191204407426, "CC": 1, "QCS": 0.5684133181066966, "SCS": {"ori-": 8.520715456660563, "sam_": 6.213154535995758, "ori-av": 0.0489696290612676, "sam_av": 0.07141556937926159, "sam_/ori_av": 1.4583645158902694}, "DDC": 0.0007684683618236487, "LCC": 0.0, "GCC": 0}, "rate-15": {"ANB_G": 0.0021010447661906303, "SP": 217.74714365504053, "ANB": 0.24630357233527345, "ACC": 0.004809889956911173, "CC": 1, "QCS": 0.4658467150541506, "SCS": {"ori-": 11.46211990151709, "sam_": 8.791306838215306, "ori-av": 0.042295645393051993, "sam_av": 0.06464196204570077, "sam_/ori_av": 1.5283361075350717}, "DDC": 0.002806380737388592, "LCC": 0.0, "GCC": 0}, "rate-20": {"ANB_G": 0.0018278971246173015, "SP": 277.8565392965697, "ANB": 0.2358232873054256, "ACC": 0.0037840175004874325, "CC": 1, "QCS": 0.5209980531812256, "SCS": {"ori-": 16.94802117826379, "sam_": 12.925786792959093, "ori-av": 0.048147787438249406, "sam_av": 0.0734419704145403, "sam_/ori_av": 1.5253446590610469}, "DDC": 0.10336775124772868, "LCC": 0.0, "GCC": 0}, "rate-25": {"ANB_G": 0.0015651901408701686, "SP": 335.5216089431007, "ANB": 0.22787575541083158, "ACC": 0.0031301416320438985, "CC": 1, "QCS": 0.4444830162526228, "SCS": {"ori-": 19.7946334740563, "sam_": 15.23128277509576, "ori-av": 0.047018131767354636, "sam_av": 0.07218617428955336, "sam_/ori_av": 1.5352837634368377}, "DDC": 0.04338648741272488, "LCC": 0.0, "GCC": 0}, "rate-30": {"ANB_G": 0.0013466346287262921, "SP": 374.21215576417745, "ANB": 0.21181166615447095, "ACC": 0.002809006688688072, "CC": 1, "QCS": 0.4704195510003111, "SCS": {"ori-": 24.408959159031063, "sam_": 18.44683319710405, "ori-av": 0.054242131464513475, "sam_av": 0.08198592532046244, "sam_/ori_av": 1.511480524582623}, "DDC": 0.00012577385360523774, "LCC": 0.0, "GCC": 0}, "rate-35": {"ANB_G": 0.0011835722492879442, "SP": 390.14083083056124, "ANB": 0.18927083211603135, "ACC": 0.0026912717970789994, "CC": 1, "QCS": 0.46416328524186623, "SCS": {"ori-": 27.06997242462779, "sam_": 20.94585176445323, "ori-av": 0.054466745321182675, "sam_av": 0.08411988660422984, "sam_/ori_av": 1.544426532339812}, "DDC": 0.001143831988464794, "LCC": 0.0, "GCC": 0}, "rate-40": {"ANB_G": 0.001048198807645247, "SP": 391.79533133968175, "ANB": 0.16629588567645948, "ACC": 0.0026984468728145023, "CC": 1, "QCS": 0.3754713214765079, "SCS": {"ori-": 29.08715659201579, "sam_": 22.396876725973815, "ori-av": 0.054470330696658784, "sam_av": 0.08357043554467841, "sam_/ori_av": 1.5342377120872634}, "DDC": 7.652419327652815e-06, "LCC": 0.0, "GCC": 0}}