{"rate-5": {"ANB_G": 0.002627025071015998, "SP": 86.73251143460797, "ANB": 0.293604491214411, "ACC": 0.01207310028019531, "CC": 1, "QCS": 0.6450184291667119, "SCS": {"ori-": 3.245879711774025, "sam_": 2.5587355082611376, "ori-av": 0.03312122154871454, "sam_av": 0.052219092005329336, "sam_/ori_av": 1.5766052567996545}, "DDC": 0.018197066240196458, "LCC": 0.0, "GCC": 0}, "rate-10": {"ANB_G": 0.0024695306474327196, "SP": 159.37978769020384, "ANB": 0.2702726752392556, "ACC": 0.006580116894991509, "CC": 1, "QCS": 0.5436590459792342, "SCS": {"ori-": 7.81752828975481, "sam_": 5.919123455030443, "ori-av": 0.03988534841711638, "sam_av": 0.060399218928882066, "sam_/ori_av": 1.5143209555858457}, "DDC": 0.0007684683618236487, "LCC": 0.0, "GCC": 0}, "rate-15": {"ANB_G": 0.0021080190498979105, "SP": 214.0215149245472, "ANB": 0.24206990332334885, "ACC": 0.004920467710746885, "CC": 1, "QCS": 0.5019308990871901, "SCS": {"ori-": 11.199874441614174, "sam_": 8.589452275377418, "ori-av": 0.04087545416647509, "sam_av": 0.062242407792589986, "sam_/ori_av": 1.5227331184894695}, "DDC": 0.002806380737388592, "LCC": 0.0, "GCC": 0}, "rate-20": {"ANB_G": 0.0018507850653544094, "SP": 277.2937762338978, "ANB": 0.23534393205613122, "ACC": 0.0037914717935240865, "CC": 1, "QCS": 0.455128226012898, "SCS": {"ori-": 16.292990110619492, "sam_": 12.47786051093469, "ori-av": 0.041992242553143024, "sam_av": 0.0643188686130654, "sam_/ori_av": 1.5316845374873003}, "DDC": 0.00015252536723620036, "LCC": 0.0, "GCC": 0}, "rate-25": {"ANB_G": 0.0015731043281219008, "SP": 334.06623414512165, "ANB": 0.2268843556846877, "ACC": 0.0031505885266608527, "CC": 1, "QCS": 0.41073214833953103, "SCS": {"ori-": 20.894134440739325, "sam_": 16.07668343789832, "ori-av": 0.047922326698943404, "sam_av": 0.07340951341506083, "sam_/ori_av": 1.5318436827208426}, "DDC": 2.0741191986139995e-07, "LCC": 0.0, "GCC": 0}, "rate-30": {"ANB_G": 0.0013447212106155032, "SP": 380.64933252559865, "ANB": 0.21546500143337075, "ACC": 0.002760761708310773, "CC": 1, "QCS": 0.41485674911728504, "SCS": {"ori-": 22.928421099650606, "sam_": 17.703381646368587, "ori-av": 0.04756933838101785, "sam_av": 0.07345801513016012, "sam_/ori_av": 1.5442303305078746}, "DDC": 0.0002159672325486861, "LCC": 0.0, "GCC": 0}, "rate-35": {"ANB_G": 0.0011884214829465045, "SP": 411.42367643633605, "ANB": 0.19962241071806192, "ACC": 0.0025465819405217183, "CC": 1, "QCS": 0.44258708736538294, "SCS": {"ori-": 27.571662867758686, "sam_": 21.130802408446755, "ori-av": 0.05492363121067467, "sam_av": 0.08385239050970934, "sam_/ori_av": 1.5267087893018303}, "DDC": 7.039583396206694e-07, "LCC": 0.0, "GCC": 0}, "rate-40": {"ANB_G": 0.0010467599320857538, "SP": 390.49071425677886, "ANB": 0.1657407294709691, "ACC": 0.0027014672642012042, "CC": 1, "QCS": 0.4218203926891584, "SCS": {"ori-": 31.072365979945978, "sam_": 23.570666962525447, "ori-av": 0.054417453555071764, "sam_av": 0.08241491944938968, "sam_/ori_av": 1.514494230531824}, "DDC": 0.001957564679378465, "LCC": 0.0, "GCC": 0}}