{"rate-5": {"ANB_G": 0.0026054703551834204, "SP": 85.77541733416916, "ANB": 0.2903267716923601, "ACC": 0.012225911108821855, "CC": 1, "QCS": 0.6158865171520076, "SCS": {"ori-": 3.435953890526605, "sam_": 2.796784461993784, "ori-av": 0.03123594445933277, "sam_av": 0.05085062658170516, "sam_/ori_av": 1.6279522665917614}, "DDC": 0.04697205958251183, "LCC": 0.0, "GCC": 0}, "rate-10": {"ANB_G": 0.002416789883773996, "SP": 153.83494419914473, "ANB": 0.2608104849814756, "ACC": 0.006804763217783221, "CC": 1, "QCS": 0.6158893256303051, "SCS": {"ori-": 6.78863763274966, "sam_": 5.462361342390249, "ori-av": 0.03813841366713292, "sam_av": 0.061374846543710664, "sam_/ori_av": 1.6092658462248137}, "DDC": 0.002806380737388592, "LCC": 0.0, "GCC": 0}, "rate-15": {"ANB_G": 0.002128305696725258, "SP": 211.57891851405716, "ANB": 0.23929422558415572, "ACC": 0.004973731153493179, "CC": 1, "QCS": 0.47450272151149614, "SCS": {"ori-": 11.426230807007332, "sam_": 8.962883079170846, "ori-av": 0.042008201496350484, "sam_av": 0.0659035520527268, "sam_/ori_av": 1.5688258412694067}, "DDC": 0.002806380737388592, "LCC": 0.0, "GCC": 0}, "rate-20": {"ANB_G": 0.001838912479226124, "SP": 281.7393110435664, "ANB": 0.23913058862314027, "ACC": 0.003732624688537453, "CC": 1, "QCS": 0.44981368164104424, "SCS": {"ori-": 15.454291294377498, "sam_": 12.139345432767122, "ori-av": 0.04234052409418493, "sam_av": 0.06633522094408263, "sam_/ori_av": 1.5667076013637051}, "DDC": 0.00022425710663087628, "LCC": 0.0, "GCC": 0}, "rate-25": {"ANB_G": 0.0015550982283808077, "SP": 344.2967588669232, "ANB": 0.23385337797474343, "ACC": 0.0030439910356911647, "CC": 1, "QCS": 0.46119188387116977, "SCS": {"ori-": 19.26346115914618, "sam_": 15.08652099679421, "ori-av": 0.049648095770995306, "sam_av": 0.07776557214842376, "sam_/ori_av": 1.566335444306302}, "DDC": 2.14010211239124e-05, "LCC": 0.0, "GCC": 0}, "rate-30": {"ANB_G": 0.0013463769629551783, "SP": 371.5750858861223, "ANB": 0.21031503171743626, "ACC": 0.002829605292199049, "CC": 1, "QCS": 0.3812460639125558, "SCS": {"ori-": 24.0439513140821, "sam_": 18.65835852441842, "ori-av": 0.052727963408074785, "sam_av": 0.08183490580885272, "sam_/ori_av": 1.5520209869573776}, "DDC": 9.965972581515992e-06, "LCC": 0.0, "GCC": 0}, "rate-35": {"ANB_G": 0.001176647435175447, "SP": 399.80881278131085, "ANB": 0.19397315796756334, "ACC": 0.0026223119146395247, "CC": 1, "QCS": 0.4783564700363227, "SCS": {"ori-": 27.895319695756825, "sam_": 21.669545601123303, "ori-av": 0.054165669312149174, "sam_av": 0.08399048682605932, "sam_/ori_av": 1.5506221540812852}, "DDC": 0.0009484183165074933, "LCC": 0.0, "GCC": 0}, "rate-40": {"ANB_G": 0.0010483052024736754, "SP": 397.856974669919, "ANB": 0.1688753083701777, "ACC": 0.0026557380034588174, "CC": 1, "QCS": 0.4033811025514599, "SCS": {"ori-": 31.232444536883772, "sam_": 24.09331409467866, "ori-av": 0.05741258186927164, "sam_av": 0.08825389778270572, "sam_/ori_av": 1.5371874057790975}, "DDC": 0.00010797647996863002, "LCC": 0.0, "GCC": 0}}