{"rate-5": {"ANB_G": 0.002817107688342747, "SP": 86.88112186854264, "ANB": 0.29411343105665283, "ACC": 0.01206548639250081, "CC": 1.0, "QCS": 0.6229996379702436, "SCS": {"ori-": 3.1456387760255304, "sam_": 2.542484005181891, "ori-av": 0.03077710137642977, "sam_av": 0.04972759905600604, "sam_/ori_av": 1.618465476750251}, "DDC": 0.05998067420220676, "LCC": 0.0, "GCC": 0.0}, "rate-10": {"ANB_G": 0.0024892594844124196, "SP": 159.76046309494836, "ANB": 0.2709222919709016, "ACC": 0.006551982252842303, "CC": 1.0, "QCS": 0.5762882544597707, "SCS": {"ori-": 7.071805690889464, "sam_": 5.469992311049392, "ori-av": 0.03906314358000082, "sam_av": 0.060448852406579524, "sam_/ori_av": 1.5549218467873442}, "DDC": 0.0018576136802601617, "LCC": 0.0, "GCC": 0.0}, "rate-15": {"ANB_G": 0.00213123620372123, "SP": 218.93136278347887, "ANB": 0.24764927589031688, "ACC": 0.004801688669179077, "CC": 1.0, "QCS": 0.48400566581807436, "SCS": {"ori-": 10.986747196231297, "sam_": 8.539356944276554, "ori-av": 0.04134280059711513, "sam_av": 0.06413268014078838, "sam_/ori_av": 1.5526789244517967}, "DDC": 0.0017195486965012386, "LCC": 0.0, "GCC": 0.0}, "rate-20": {"ANB_G": 0.0018269050505092764, "SP": 277.8271880156318, "ANB": 0.23579828621433724, "ACC": 0.0037865102910170875, "CC": 1.0, "QCS": 0.48051259572972826, "SCS": {"ori-": 15.801933184397068, "sam_": 12.220978520771393, "ori-av": 0.043642454352376056, "sam_av": 0.06744133364079893, "sam_/ori_av": 1.5459560481298031}, "DDC": 0.02079803903844135, "LCC": 0.0, "GCC": 0.0}, "rate-25": {"ANB_G": 0.0015600030984095265, "SP": 334.4488258475616, "ANB": 0.22714497673539613, "ACC": 0.0031438590791239077, "CC": 1.0, "QCS": 0.43605112082265113, "SCS": {"ori-": 19.53156608832982, "sam_": 15.152393510078202, "ori-av": 0.046998176974310704, "sam_av": 0.07278738138721938, "sam_/ori_av": 1.5484366659858613}, "DDC": 0.009244888511147752, "LCC": 0.0, "GCC": 0.0}, "rate-30": {"ANB_G": 0.0013473795629911044, "SP": 377.11730069982235, "ANB": 0.21346044307594925, "ACC": 0.0027861304514733482, "CC": 1.0, "QCS": 0.4098402710772719, "SCS": {"ori-": 23.30087656735116, "sam_": 17.919105883705832, "ori-av": 0.051425507287215774, "sam_av": 0.07902513943383598, "sam_/ori_av": 1.5370026492866384}, "DDC": 0.0003891696504654263, "LCC": 0.0, "GCC": 0.0}, "rate-35": {"ANB_G": 0.0011829225844710227, "SP": 404.7411350844942, "ANB": 0.19637214741463682, "ACC": 0.0025898564508691963, "CC": 1.0, "QCS": 0.42993888512358025, "SCS": {"ori-": 27.221063614221645, "sam_": 21.006898109016163, "ori-av": 0.05445509330591227, "sam_av": 0.08386005882540078, "sam_/ori_av": 1.5399310016020387}, "DDC": 0.0007273082592984092, "LCC": 0.0, "GCC": 0.0}, "rate-40": {"ANB_G": 0.001047591130680335, "SP": 398.1287500325524, "ANB": 0.16899095746065998, "ACC": 0.0026518252410366134, "CC": 1.0, "QCS": 0.39972580015325276, "SCS": {"ori-": 30.17042462984752, "sam_": 23.16614279652837, "ori-av": 0.05496106894147542, "sam_av": 0.0841967738994645, "sam_/ori_av": 1.5318395344531772}, "DDC": 0.003952357635306281, "LCC": 0.0, "GCC": 0.0}}