{"rate-5": {"ANB_G": 0.004932643443619144, "SP": 132.2815512265512, "ANB": 1.5096967039973207e-05, "ACC": 0.00516274355831678, "CC": 116.6, "QCS": 0.27888605128620725, "SCS": {"ori-": 5.1204653002320795, "sam_": 4.274846047587905, "ori-av": 0.015185381221819038, "sam_av": 0.02535017061720945, "sam_/ori_av": 1.6695096363465667}, "DDC": 0.002415610593056128, "LCC": 0.0, "GCC": 0.0}, "rate-10": {"ANB_G": 0.0032006985164156287, "SP": 204.0927512121442, "ANB": 0.00033953652435786153, "ACC": 0.007353107212023572, "CC": 161.2, "QCS": 0.40499241595626323, "SCS": {"ori-": 10.430310762946268, "sam_": 8.402164083299173, "ori-av": 0.01949474388972993, "sam_av": 0.03141075461391403, "sam_/ori_av": 1.6110615613635297}, "DDC": 0.016176321704876616, "LCC": 0.0, "GCC": 0.0}, "rate-15": {"ANB_G": 0.002383399077912403, "SP": 208.4303727419709, "ANB": 0.001964105350731846, "ACC": 0.02741064025261302, "CC": 171.4, "QCS": 0.4182488023773634, "SCS": {"ori-": 14.326864990343646, "sam_": 11.677704751077728, "ori-av": 0.022443275162091554, "sam_av": 0.03656337737028227, "sam_/ori_av": 1.6295558357354083}, "DDC": 0.0028682415065511835, "LCC": 0.001431795966930519, "GCC": 0.0018584830347366202}, "rate-20": {"ANB_G": 0.001892699881215116, "SP": 195.44967309416788, "ANB": 0.002192473190660874, "ACC": 0.05700805966643233, "CC": 164.8, "QCS": 0.4335870433797617, "SCS": {"ori-": 17.82085703716134, "sam_": 14.368515793276623, "ori-av": 0.02616420638582694, "sam_av": 0.042190116879736006, "sam_/ori_av": 1.6132399024632857}, "DDC": 0.012987992574628172, "LCC": 0.002266800106285901, "GCC": 0.002094978966777648}, "rate-25": {"ANB_G": 0.0015719616524743994, "SP": 183.58365406151933, "ANB": 0.0020040120336024176, "ACC": 0.0875672607930774, "CC": 161.0, "QCS": 0.5205798467320546, "SCS": {"ori-": 21.658383161042725, "sam_": 17.21288399849541, "ori-av": 0.030231448173412435, "sam_av": 0.04807051266219833, "sam_/ori_av": 1.5914368662046763}, "DDC": 0.0005693803973481293, "LCC": 0.0024813988632064023, "GCC": 0.002958623100906634}, "rate-30": {"ANB_G": 0.0013476635191885663, "SP": 160.96116953196474, "ANB": 0.0017570905116512507, "ACC": 0.1170799077550289, "CC": 141.8, "QCS": 0.5217029180301991, "SCS": {"ori-": 25.17556926682257, "sam_": 19.791897231895312, "ori-av": 0.036448394116710005, "sam_av": 0.05727562217592874, "sam_/ori_av": 1.5721293652674444}, "DDC": 0.019610494184866756, "LCC": 0.005771343022701238, "GCC": 0.005610611473619957}, "rate-35": {"ANB_G": 0.0011767437472457124, "SP": 152.78569047884645, "ANB": 0.001523152015474052, "ACC": 0.13655472616668124, "CC": 136.4, "QCS": 0.47645561068013176, "SCS": {"ori-": 29.233923574197924, "sam_": 22.41279767719548, "ori-av": 0.042407147551668564, "sam_av": 0.06498053401463243, "sam_/ori_av": 1.5325420524607847}, "DDC": 0.0013298032162607943, "LCC": 0.009410445533979737, "GCC": 0.0073120604942138}, "rate-40": {"ANB_G": 0.0010422255511105336, "SP": 133.61273049934866, "ANB": 0.0013704433690722912, "ACC": 0.1573770895417031, "CC": 121.2, "QCS": 0.5836727833266779, "SCS": {"ori-": 30.728315458787364, "sam_": 23.54339346544527, "ori-av": 0.04654850667094741, "sam_av": 0.07125814951999751, "sam_/ori_av": 1.5316714656871884}, "DDC": 0.00968797464606328, "LCC": 0.013944354131517896, "GCC": 0.008789355137298952}}