{"rate-5": {"ANB_G": 0.0003917658279881553, "SP": 12.421463893027138, "ANB": 0.00011583295247127791, "ACC": 0.0051130136606234, "CC": 249.8, "QCS": 0.5056812386657761, "SCS": {"ori-": 6.483880870801526, "sam_": 5.30745614188959, "ori-av": 0.012323719233199689, "sam_av": 0.0201770724262506, "sam_/ori_av": 1.6367351281325306}, "DDC": 0.2968254638027815, "LCC": 0.006179421091577259, "GCC": 0.02431804960600772}, "rate-10": {"ANB_G": 0.00039631667820240365, "SP": 25.56681522155823, "ANB": 0.0002249504670727709, "ACC": 0.012980296654874194, "CC": 439.2, "QCS": 0.6232953619982694, "SCS": {"ori-": 12.959866053295581, "sam_": 10.512670499990072, "ori-av": 0.013753942821655141, "sam_av": 0.022318453810752585, "sam_/ori_av": 1.6256309780156843}, "DDC": 0.06757266520427367, "LCC": 0.020068196846426724, "GCC": 0.07175563489666967}, "rate-15": {"ANB_G": 0.00045224670153416096, "SP": 26.6569075449678, "ANB": 0.0004721869485936294, "ACC": 0.03300573053279413, "CC": 538.0, "QCS": 0.6852209083838435, "SCS": {"ori-": 19.118747907123566, "sam_": 15.016096702762349, "ori-av": 0.016046902339898698, "sam_av": 0.025204981886303702, "sam_/ori_av": 1.5724755048180394}, "DDC": 0.3273553831038486, "LCC": 0.035440568733397924, "GCC": 0.05843658403277514}, "rate-20": {"ANB_G": 0.0004079826441904877, "SP": 30.44354563710535, "ANB": 0.0004632078791138044, "ACC": 0.04139563662107598, "CC": 668.4, "QCS": 0.673466220306787, "SCS": {"ori-": 23.008111574126236, "sam_": 18.48126612295213, "ori-av": 0.015643526624816478, "sam_av": 0.02507790809377821, "sam_/ori_av": 1.6058024436113616}, "DDC": 0.2333974557531638, "LCC": 0.040424159440319636, "GCC": 0.05931797601885118}, "rate-25": {"ANB_G": 0.0004864063677294814, "SP": 26.09512327242789, "ANB": 0.0005565146802224694, "ACC": 0.07593473028288902, "CC": 668.4, "QCS": 0.7040544659086627, "SCS": {"ori-": 27.293033978366935, "sam_": 21.25883356398947, "ori-av": 0.018301524788316544, "sam_av": 0.028477450157008245, "sam_/ori_av": 1.5592688929606688}, "DDC": 0.5724810277195119, "LCC": 0.05564255756482907, "GCC": 0.05987708723103548}, "rate-30": {"ANB_G": 0.00046160578037237156, "SP": 30.284349523542424, "ANB": 0.0005363169336492301, "ACC": 0.08541398772390972, "CC": 730.6, "QCS": 0.7441808939615571, "SCS": {"ori-": 30.710116198979176, "sam_": 23.6187349732271, "ori-av": 0.018766349203131943, "sam_av": 0.028835122691923627, "sam_/ori_av": 1.5372182478416914}, "DDC": 0.5105252209217042, "LCC": 0.06575162607424963, "GCC": 0.05445090196459288}, "rate-35": {"ANB_G": 0.0004137462341251432, "SP": 31.975537228486452, "ANB": 0.00047539612687213996, "ACC": 0.09036092770928808, "CC": 825.0, "QCS": 0.7806954532724515, "SCS": {"ori-": 35.82992569361459, "sam_": 27.51895415769486, "ori-av": 0.019671987737112852, "sam_av": 0.0302097258227418, "sam_/ori_av": 1.5370451472727937}, "DDC": 0.26839257669986966, "LCC": 0.07252842102710848, "GCC": 0.06664072110081407}, "rate-40": {"ANB_G": 0.00045278313713098377, "SP": 28.094656007059314, "ANB": 0.0005071750339637372, "ACC": 0.11409231013437109, "CC": 791.2, "QCS": 0.7611881829944439, "SCS": {"ori-": 37.79137590587471, "sam_": 28.665580577800434, "ori-av": 0.021278784133921466, "sam_av": 0.032255651671883497, "sam_/ori_av": 1.5178354775566751}, "DDC": 0.2030893291583901, "LCC": 0.08911765859603152, "GCC": 0.06896657569465657}}