{"rate_5": {"SP": 6.5710878230065415, "ACE": 0.005229530360086189, "ANB": 0.0004364422227851436, "ACC": 0.28389287710450295, "CC": 4, "DDC": 1.0, "LCC": 0.17750449405289564, "GCC": 0.0592384412258376}, "rate_10": {"SP": 6.5710878230065415, "ACE": 0.005229530360086193, "ANB": 0.0004364422227851436, "ACC": 0.28389287710450295, "CC": 4, "DDC": 1.0, "LCC": 0.17750449405289564, "GCC": 0.0592384412258376}}