{"rate-5": {"ANB_G": 0.0002810960566276002, "SP": 15.347174044593402, "ANB": 4.3270382162870296e-05, "ACC": 0.001935942470805917, "CC": 257.0, "QCS": 0.15260450525389072, "SCS": {"ori-": 6.237062902516269, "sam_": 5.127662012823014, "ori-av": 0.011624842064403574, "sam_av": 0.019115415570119115, "sam_/ori_av": 1.6507266626704031}, "DDC": 0.00034809157858191054, "LCC": 0.004505992873339812, "GCC": 0.046314416177429873}, "rate-10": {"ANB_G": 0.0003351846216972621, "SP": 26.81054284883395, "ANB": 0.00021746905994171427, "ACC": 0.010445415928822466, "CC": 447.0, "QCS": 0.2135762854716597, "SCS": {"ori-": 13.545401527268002, "sam_": 10.775301784788567, "ori-av": 0.014226882424233334, "sam_av": 0.022628864924692196, "sam_/ori_av": 1.5962367772551487}, "DDC": 0.005290187552406378, "LCC": 0.01653720553377, "GCC": 0.07145363871784931}, "rate-15": {"ANB_G": 0.00044586874895900883, "SP": 30.218832426884262, "ANB": 0.00038763436444642864, "ACC": 0.030971056305101496, "CC": 552.2, "QCS": 0.23263392440144823, "SCS": {"ori-": 17.830166583829488, "sam_": 14.421726198496163, "ori-av": 0.01477375712202405, "sam_av": 0.02387023934757493, "sam_/ori_av": 1.6186867154706928}, "DDC": 0.2586642657951943, "LCC": 0.03731661625015327, "GCC": 0.06684816239913771}, "rate-20": {"ANB_G": 0.0005245471275461639, "SP": 23.209956727406897, "ANB": 0.000523828509982412, "ACC": 0.05881105315402788, "CC": 610.4, "QCS": 0.42193309384056643, "SCS": {"ori-": 22.910162137333963, "sam_": 18.105758207518505, "ori-av": 0.017026686467692453, "sam_av": 0.02688387771649083, "sam_/ori_av": 1.5804275179555427}, "DDC": 0.18228510530653638, "LCC": 0.05740365366707219, "GCC": 0.07854584461594993}, "rate-25": {"ANB_G": 0.0003917405483725468, "SP": 35.228556801236245, "ANB": 0.00042356419087835536, "ACC": 0.05350074403965706, "CC": 764.4, "QCS": 0.4389156956387795, "SCS": {"ori-": 27.296483387718816, "sam_": 21.66471903993826, "ori-av": 0.016195072223625956, "sam_av": 0.025705076512553708, "sam_/ori_av": 1.5874147821323625}, "DDC": 0.07495344224413861, "LCC": 0.05599750719933919, "GCC": 0.07721912196239519}, "rate-30": {"ANB_G": 0.00039767934592269084, "SP": 35.554592050825875, "ANB": 0.0004800303505072205, "ACC": 0.07226359825431866, "CC": 797.4, "QCS": 0.4591723689416284, "SCS": {"ori-": 31.97317902072792, "sam_": 25.135543163058475, "ori-av": 0.01819084002193334, "sam_av": 0.02854227076958985, "sam_/ori_av": 1.5742416338267184}, "DDC": 0.07374422148203867, "LCC": 0.06418706860615382, "GCC": 0.06483297578361377}, "rate-35": {"ANB_G": 0.00042539943108939484, "SP": 29.090836424748915, "ANB": 0.0005234502990874735, "ACC": 0.09655108575409047, "CC": 782.6, "QCS": 0.41098802782694294, "SCS": {"ori-": 33.63815042017099, "sam_": 26.051388651239307, "ori-av": 0.019319047789261308, "sam_av": 0.029853938140590824, "sam_/ori_av": 1.5469362464716125}, "DDC": 0.4074974319855622, "LCC": 0.07013537713266753, "GCC": 0.06137710699783777}, "rate-40": {"ANB_G": 0.0004439348091804918, "SP": 29.55577078696976, "ANB": 0.0005149997916032934, "ACC": 0.11805479418336999, "CC": 772.8, "QCS": 0.5009579187333747, "SCS": {"ori-": 36.22005857143584, "sam_": 27.49599921449745, "ori-av": 0.020928602795568862, "sam_av": 0.031734161434767975, "sam_/ori_av": 1.5190936404541133}, "DDC": 0.6007914989812427, "LCC": 0.09080766119797733, "GCC": 0.05691389472819729}}