{"rate-5": {"ANB_G": 0.0048090049972830985, "SP": 2.65262937939681, "ANB": 0.005659689655468527, "ACC": 0.38682714087848324, "CC": 1.0, "QCS": 0.8112981703210564, "SCS": {"ori-": 3.3804432605656975, "sam_": 2.6603972076498055, "ori-av": 0.0476569925658679, "sam_av": 0.07497151404571974, "sam_/ori_av": 1.5736033240787253}, "DDC": 9.691479535326188e-12, "LCC": 0.3225296411074169, "GCC": 0.27139554594608495}, "rate-10": {"ANB_G": 0.003154019616730077, "SP": 2.7725619719778885, "ANB": 0.0030248497815322318, "ACC": 0.3685431187649533, "CC": 1.0, "QCS": 0.7790019190478766, "SCS": {"ori-": 5.982137579082877, "sam_": 4.506320432375843, "ori-av": 0.06964006411677692, "sam_av": 0.1046978753202162, "sam_/ori_av": 1.5045223469550815}, "DDC": 7.174990753047686e-13, "LCC": 0.2899105603340183, "GCC": 0.20609348703665428}, "rate-15": {"ANB_G": 0.002326376743650264, "SP": 2.891211028490095, "ANB": 0.002149103441466015, "ACC": 0.35312347768396724, "CC": 1.0, "QCS": 0.7924966006644607, "SCS": {"ori-": 8.111152895577474, "sam_": 5.998932487786147, "ori-av": 0.07877399070940214, "sam_av": 0.11653291401837736, "sam_/ori_av": 1.4803181978426188}, "DDC": 5.14170928056501e-12, "LCC": 0.27220739697943735, "GCC": 0.1781351331356741}, "rate-20": {"ANB_G": 0.0018638690430611868, "SP": 2.9351098567086407, "ANB": 0.001648304818320817, "ACC": 0.34732813357060055, "CC": 1.0, "QCS": 0.8347399012926212, "SCS": {"ori-": 10.923288401952465, "sam_": 7.847539092606672, "ori-av": 0.09244008931444406, "sam_av": 0.13282007755033243, "sam_/ori_av": 1.4369535958340307}, "DDC": 1.3683298938360622e-11, "LCC": 0.2718373302968263, "GCC": 0.15764572831926169}, "rate-25": {"ANB_G": 0.0015484926654357137, "SP": 2.994709715063697, "ANB": 0.0013587940838308572, "ACC": 0.33977266111859195, "CC": 1.0, "QCS": 0.7702999332859293, "SCS": {"ori-": 13.106402733316, "sam_": 9.156062309064307, "ori-av": 0.10445541019949747, "sam_av": 0.14597866766142403, "sam_/ori_av": 1.3975085009863868}, "DDC": 5.448766104976244e-10, "LCC": 0.256541957951625, "GCC": 0.1388227566437224}, "rate-30": {"ANB_G": 0.0013299922032642124, "SP": 3.0534761531763395, "ANB": 0.0011654234694530867, "ACC": 0.33314589353210194, "CC": 1.0, "QCS": 0.826295092774834, "SCS": {"ori-": 15.206238908564128, "sam_": 10.521428704317808, "ori-av": 0.11165746708407939, "sam_av": 0.15448427024796219, "sam_/ori_av": 1.3832628095108819}, "DDC": 2.9470575664269915e-07, "LCC": 0.24876285106187668, "GCC": 0.12616074192383947}, "rate-35": {"ANB_G": 0.0011617154877386088, "SP": 3.109621652675238, "ANB": 0.0010260805703673347, "ACC": 0.3269490552198902, "CC": 1.0, "QCS": 0.7762206154793331, "SCS": {"ori-": 16.51178081422612, "sam_": 11.263770736614564, "ori-av": 0.12252744292687785, "sam_av": 0.1665806499651598, "sam_/ori_av": 1.3608991662200145}, "DDC": 7.6069385715582525e-06, "LCC": 0.24761666747225805, "GCC": 0.11501460678949246}, "rate-40": {"ANB_G": 0.0010307828140787394, "SP": 3.1349858361039016, "ANB": 0.0009085046111080422, "ACC": 0.3240575432122398, "CC": 1.0, "QCS": 0.8396922093892505, "SCS": {"ori-": 17.998573123356927, "sam_": 11.938283662450985, "ori-av": 0.12656234824555831, "sam_av": 0.16784951498368442, "sam_/ori_av": 1.3261927107400833}, "DDC": 0.0002607717174371471, "LCC": 0.24602543374100772, "GCC": 0.10505641146367076}}