{"rate-5": {"ANB_G": 0.0046394158235294886, "SP": 8.246583548095007, "ANB": 0.02481706694553084, "ACC": 0.12551914303253764, "CC": 1.0, "QCS": 0.6896754112655623, "SCS": {"ori-": 4.150731345043253, "sam_": 3.3031835714844155, "ori-av": 0.030363052209943647, "sam_av": 0.04817643540284295, "sam_/ori_av": 1.5975619631646398}, "DDC": 5.2111136355703634e-05, "LCC": 0.016714668551403244, "GCC": 0.01286506880777905}, "rate-10": {"ANB_G": 0.003118163669561344, "SP": 5.919712825504989, "ANB": 0.008395414377994861, "ACC": 0.17346620807027663, "CC": 1.0, "QCS": 0.6589031207028183, "SCS": {"ori-": 7.900714813151511, "sam_": 6.324218908948596, "ori-av": 0.03655936268721364, "sam_av": 0.05856640858296375, "sam_/ori_av": 1.6029950401867836}, "DDC": 0.00017174581548977662, "LCC": 0.016082395170455063, "GCC": 0.00889971325908669}, "rate-15": {"ANB_G": 0.002333904819702137, "SP": 5.256808254894845, "ANB": 0.004837282107835051, "ACC": 0.19479944487739045, "CC": 1.0, "QCS": 0.6511357430492819, "SCS": {"ori-": 11.342548641546875, "sam_": 8.886501821666627, "ori-av": 0.04615664430743889, "sam_av": 0.07227266222728305, "sam_/ori_av": 1.567356331902189}, "DDC": 0.03217604485311454, "LCC": 0.02953754916349293, "GCC": 0.01284391220966113}, "rate-20": {"ANB_G": 0.0018695580813896614, "SP": 4.82540251845419, "ANB": 0.0032584348538792066, "ACC": 0.21167490389203863, "CC": 1.0, "QCS": 0.6244236670279852, "SCS": {"ori-": 14.00462953995184, "sam_": 10.866639277694215, "ori-av": 0.0532190572525601, "sam_av": 0.08255775413591068, "sam_/ori_av": 1.5513214889027453}, "DDC": 0.0160621719868842, "LCC": 0.03275426122327881, "GCC": 0.014379992679840331}, "rate-25": {"ANB_G": 0.0015511721634663953, "SP": 4.493313883756361, "ANB": 0.0023796416101882567, "ACC": 0.22681990309743263, "CC": 1.0, "QCS": 0.6419920772639752, "SCS": {"ori-": 17.18335600619256, "sam_": 12.985851348254212, "ori-av": 0.06254904202079244, "sam_av": 0.0944058774108744, "sam_/ori_av": 1.5095151649445224}, "DDC": 0.001201808467220644, "LCC": 0.03753906354975462, "GCC": 0.016392485969797095}, "rate-30": {"ANB_G": 0.0013280730712849037, "SP": 4.37750034405897, "ANB": 0.0019168560408961226, "ACC": 0.23275002752309626, "CC": 1.0, "QCS": 0.6593391048668023, "SCS": {"ori-": 19.476962912462035, "sam_": 14.62163721208002, "ori-av": 0.06677763009000633, "sam_av": 0.10025712992238389, "sam_/ori_av": 1.5017609543754435}, "DDC": 0.001033306580997828, "LCC": 0.04677442594624512, "GCC": 0.018932605941503595}, "rate-35": {"ANB_G": 0.0011644005495856573, "SP": 4.207380898049893, "ANB": 0.001560010164421155, "ACC": 0.24209489076345148, "CC": 1.0, "QCS": 0.7246155794627674, "SCS": {"ori-": 21.80634701390222, "sam_": 16.00923908130718, "ori-av": 0.0796691957158078, "sam_av": 0.11687501564593492, "sam_/ori_av": 1.4679517578830952}, "DDC": 0.019579289964085134, "LCC": 0.05452071264845988, "GCC": 0.02205070595073124}, "rate-40": {"ANB_G": 0.0010291346667743939, "SP": 4.019272519726734, "ANB": 0.0012847968169049932, "ACC": 0.252900702105286, "CC": 1.0, "QCS": 0.6923154044726166, "SCS": {"ori-": 22.632828801378476, "sam_": 16.421847890823067, "ori-av": 0.08533653204602727, "sam_av": 0.12380806625946698, "sam_/ori_av": 1.4516029835462745}, "DDC": 0.0033283338211370197, "LCC": 0.0660250450150707, "GCC": 0.02592081701592225}}