{"rate_5": {"ANB_G": 0.004386394425112872, "SP": 2.9221818266463733, "ACE": 0.03385889504800177, "ANB": 0.006476364143419877, "ACC": 0.35122349648799733, "CC": 1.0, "QCS": 0.8415025192893765, "SCS": {"ori-": 4.30454304050071, "sam_": 3.3662973803843848, "ori-av": 0.04845204888687504, "sam_av": 0.07574480060690757, "sam_/ori_av": 1.564186404538383}, "DDC": 4.0458505878859795e-09, "LCC": 0.2603933981301355, "GCC": 0.23674590469568763}, "rate_10": {"ANB_G": 0.0027572198299222086, "SP": 3.0126605770543526, "ACE": 0.021975637656167377, "ANB": 0.0033092206100364028, "ACC": 0.33989400054849994, "CC": 1.0, "QCS": 0.8550895730982327, "SCS": {"ori-": 8.002787815604883, "sam_": 6.081761706095684, "ori-av": 0.06707790239746096, "sam_av": 0.10193391012707394, "sam_/ori_av": 1.5198822030489512}, "DDC": 1.3154749802435362e-05, "LCC": 0.22357294842141956, "GCC": 0.1861297113942597}, "rate_15": {"ANB_G": 0.002075011799427896, "SP": 3.0748528858220814, "ACE": 0.017240850507516958, "ANB": 0.0023620973736791593, "ACC": 0.33195484642437945, "CC": 1.0, "QCS": 0.8311568082871545, "SCS": {"ori-": 10.289914037971332, "sam_": 7.69246018691248, "ori-av": 0.07242383205668881, "sam_av": 0.10827168765414283, "sam_/ori_av": 1.495103004059294}, "DDC": 1.131083350427442e-05, "LCC": 0.21608546917110752, "GCC": 0.16566446186551512}, "rate_20": {"ANB_G": 0.0016374811422292493, "SP": 3.1239594675985862, "ACE": 0.014394726798182112, "ANB": 0.0017875575602139566, "ACC": 0.3263933393563336, "CC": 1.0, "QCS": 0.8803565165163911, "SCS": {"ori-": 12.297326723565698, "sam_": 9.001370333957325, "ori-av": 0.08913872944698249, "sam_av": 0.13047161242551114, "sam_/ori_av": 1.4638494274577951}, "DDC": 0.0012194568814029472, "LCC": 0.21304166436263988, "GCC": 0.13618117588705955}, "rate_25": {"ANB_G": 0.0014190489188001393, "SP": 3.1686296360354054, "ACE": 0.012694869699780236, "ANB": 0.0014851625459528096, "ACC": 0.32164697568600575, "CC": 1.0, "QCS": 0.8553571517687629, "SCS": {"ori-": 14.345688354835422, "sam_": 10.228996561220912, "ori-av": 0.09999147611883888, "sam_av": 0.14257940854592283, "sam_/ori_av": 1.4259298773823628}, "DDC": 0.00872782547083637, "LCC": 0.2005538240561721, "GCC": 0.12352347015767748}, "rate_30": {"ANB_G": 0.001234988570347813, "SP": 3.200098539988248, "ACE": 0.011291851739406323, "ANB": 0.0012413123315704858, "ACC": 0.3182241065720855, "CC": 1.0, "QCS": 0.858777073645071, "SCS": {"ori-": 16.06752713787094, "sam_": 11.227478448762188, "ori-av": 0.10545834248904733, "sam_av": 0.1473571955458432, "sam_/ori_av": 1.3974726738896865}, "DDC": 0.07880203398230642, "LCC": 0.19745681152416966, "GCC": 0.11431074883430334}, "rate_35": {"ANB_G": 0.0010952558758570573, "SP": 3.2620816341172576, "ACE": 0.010252332474166752, "ANB": 0.0010977811491015197, "ACC": 0.3122645224715415, "CC": 1.0, "QCS": 0.8358759671844226, "SCS": {"ori-": 19.807577542105612, "sam_": 13.694428742990528, "ori-av": 0.11450807649124888, "sam_av": 0.15831480532021447, "sam_/ori_av": 1.3826847007708865}, "DDC": 0.11791350561119893, "LCC": 0.18654615798299848, "GCC": 0.10424536552113488}, "rate_40": {"ANB_G": 0.0009838711093593424, "SP": 3.272191094882492, "ACE": 0.009479432278160437, "ANB": 0.000966478560137171, "ACC": 0.3111060194550662, "CC": 1.0, "QCS": 0.8647765313215547, "SCS": {"ori-": 21.222382697179672, "sam_": 14.268839257864538, "ori-av": 0.12845527335060475, "sam_av": 0.17271674023457642, "sam_/ori_av": 1.3445222193994044}, "DDC": 0.31089778985677247, "LCC": 0.18775219083537664, "GCC": 0.09596707878265905}}