{"rate-5": {"ANB_G": 0.002986945101009379, "SP": 3.1580970954934875, "ANB": 0.007390743477717422, "ACC": 0.3417187654167802, "CC": 1.0, "QCS": 0.4974686906139226, "SCS": {"ori-": 3.00534971656982, "sam_": 2.300064634072689, "ori-av": 0.06563146806155554, "sam_av": 0.0979548542535958, "sam_/ori_av": 1.5262091686350268}, "DDC": 0.27552945939928347, "LCC": 0.0, "GCC": 0.0}, "rate-10": {"ANB_G": 0.002295650121727476, "SP": 2.746217942032009, "ANB": 0.0029798940990307314, "ACC": 0.38180785631164504, "CC": 1.0, "QCS": 0.5197928852575104, "SCS": {"ori-": 4.654549550380688, "sam_": 3.4299689609161867, "ori-av": 0.08357390775038939, "sam_av": 0.11970003487067185, "sam_/ori_av": 1.464741289360328}, "DDC": 0.14362956770880336, "LCC": 0.0, "GCC": 0.0}, "rate-15": {"ANB_G": 0.002162320354135189, "SP": 3.5499419593792867, "ANB": 0.0028976613174764624, "ACC": 0.2862887583393366, "CC": 1.0, "QCS": 0.48623067279273036, "SCS": {"ori-": 9.119540382595773, "sam_": 6.7763028932586264, "ori-av": 0.06667466252193165, "sam_av": 0.09841545351505694, "sam_/ori_av": 1.4850196666777136}, "DDC": 0.15240533667351258, "LCC": 0.0, "GCC": 0.0}, "rate-20": {"ANB_G": 0.0016390971063033298, "SP": 3.4951289622231867, "ANB": 0.002125322795760807, "ACC": 0.30120067104794185, "CC": 1.0, "QCS": 0.5464514909199489, "SCS": {"ori-": 10.018774853786669, "sam_": 7.439516435501001, "ori-av": 0.0709986772414791, "sam_av": 0.1038802973341997, "sam_/ori_av": 1.4752429432085084}, "DDC": 0.22661512028428765, "LCC": 0.0, "GCC": 0.0}, "rate-25": {"ANB_G": 0.0014502640140505456, "SP": 3.8643316060256643, "ANB": 0.0019511795681373737, "ACC": 0.26476410201970263, "CC": 1.0, "QCS": 0.5838263967983343, "SCS": {"ori-": 14.769849821016825, "sam_": 11.14330834910148, "ori-av": 0.05740246669511373, "sam_av": 0.0863019916452932, "sam_/ori_av": 1.5068768534166064}, "DDC": 0.3760442272066751, "LCC": 0.0, "GCC": 0.0}, "rate-30": {"ANB_G": 0.0012596832210837882, "SP": 4.1150004566016225, "ANB": 0.001767877671170047, "ACC": 0.24900132895241747, "CC": 1.0, "QCS": 0.4723595248421302, "SCS": {"ori-": 17.420917070123366, "sam_": 12.883623881025112, "ori-av": 0.06173768738430774, "sam_av": 0.0912210401005821, "sam_/ori_av": 1.4787496967655571}, "DDC": 0.1276676562697266, "LCC": 0.0, "GCC": 0.0}, "rate-35": {"ANB_G": 0.00110615442842558, "SP": 4.147819694583855, "ANB": 0.001531040707482421, "ACC": 0.2474932521346293, "CC": 1.0, "QCS": 0.465668864215033, "SCS": {"ori-": 19.860010089115, "sam_": 14.8447700062646, "ori-av": 0.05367730640635121, "sam_av": 0.08011130627743085, "sam_/ori_av": 1.4944523164279153}, "DDC": 0.04514508630043237, "LCC": 0.0, "GCC": 0.0}, "rate-40": {"ANB_G": 0.0010020458531513764, "SP": 4.371541057937424, "ANB": 0.001434698322526563, "ACC": 0.23680444921554758, "CC": 1.0, "QCS": 0.4953775323547659, "SCS": {"ori-": 23.069913182585037, "sam_": 17.278828039624752, "ori-av": 0.057463222527175215, "sam_av": 0.08597019664016974, "sam_/ori_av": 1.4976052462325729}, "DDC": 0.29996886350479474, "LCC": 0.0, "GCC": 0.0}}