{"rate-5": {"ANB_G": 0.004869278004833766, "SP": 4.674358302726529, "ANB": 0.005798559930933421, "ACC": 0.3653512353170607, "CC": 2.8, "QCS": 0.786032167809634, "SCS": {"ori-": 3.5656218520240586, "sam_": 2.8336374936754996, "ori-av": 0.044904537786941215, "sam_av": 0.07138650973694358, "sam_/ori_av": 1.5903861509810362}, "DDC": 6.0079496932985424e-12, "LCC": 0.31321502778819865, "GCC": 0.25169313349076694}, "rate-10": {"ANB_G": 0.003173323377564704, "SP": 5.337347846493464, "ANB": 0.0030221186625134697, "ACC": 0.35834875497879015, "CC": 3.4, "QCS": 0.7528168305157694, "SCS": {"ori-": 6.460511182064325, "sam_": 4.90068009525275, "ori-av": 0.06726847770048829, "sam_av": 0.10175472489977244, "sam_/ori_av": 1.5139409997978333}, "DDC": 1.4561685190983552e-13, "LCC": 0.29324040147575514, "GCC": 0.21011103193501124}, "rate-15": {"ANB_G": 0.002360925916169085, "SP": 4.4355367393863245, "ANB": 0.002145543709219861, "ACC": 0.34940249228021114, "CC": 2.4, "QCS": 0.7462094113387913, "SCS": {"ori-": 9.281115146438712, "sam_": 6.834955875735687, "ori-av": 0.08342898458488486, "sam_av": 0.12284704924339604, "sam_/ori_av": 1.4729129523317026}, "DDC": 3.211499954858255e-11, "LCC": 0.2765037650832593, "GCC": 0.17720936861181408}, "rate-20": {"ANB_G": 0.0018896509415460704, "SP": 5.972174477629002, "ANB": 0.0016617641254779447, "ACC": 0.33969363332885133, "CC": 3.8, "QCS": 0.7367000490266741, "SCS": {"ori-": 12.102163317423651, "sam_": 8.60205584149267, "ori-av": 0.09814335561061518, "sam_av": 0.1388199681584196, "sam_/ori_av": 1.415103420275963}, "DDC": 3.0378810578213233e-12, "LCC": 0.259406760947816, "GCC": 0.15777014211601753}, "rate-25": {"ANB_G": 0.0015702758135540552, "SP": 5.090730676918468, "ANB": 0.001370920479936418, "ACC": 0.33500647844675085, "CC": 3.0, "QCS": 0.7236048001217787, "SCS": {"ori-": 14.02766738615237, "sam_": 9.833083203720415, "ori-av": 0.10835194009318819, "sam_av": 0.1517007762128426, "sam_/ori_av": 1.4027310603160306}, "DDC": 3.6962159999376353e-10, "LCC": 0.2532086867719014, "GCC": 0.13996735518401482}, "rate-30": {"ANB_G": 0.001342302049105578, "SP": 5.467115000603832, "ANB": 0.0011665198068070075, "ACC": 0.33001000440583517, "CC": 3.4, "QCS": 0.826483571280032, "SCS": {"ori-": 15.804067306766758, "sam_": 10.78146783301085, "ori-av": 0.11318468290179681, "sam_av": 0.15404154438260798, "sam_/ori_av": 1.3626609132927967}, "DDC": 2.072649694762063e-07, "LCC": 0.25214372630337384, "GCC": 0.12632048399979268}, "rate-35": {"ANB_G": 0.001172684288040184, "SP": 6.259513664920233, "ANB": 0.0010275206973164547, "ACC": 0.3234985555330465, "CC": 4.0, "QCS": 0.8105809310714859, "SCS": {"ori-": 18.20084537471345, "sam_": 12.196167930188825, "ori-av": 0.1192781254329014, "sam_av": 0.15911105402497466, "sam_/ori_av": 1.3332097125677769}, "DDC": 3.072918397073465e-07, "LCC": 0.24117061610342172, "GCC": 0.11621816763554867}, "rate-40": {"ANB_G": 0.0010433448424401134, "SP": 5.220459856584273, "ANB": 0.0009131630150796558, "ACC": 0.3212374232536306, "CC": 3.0, "QCS": 0.7765683459719867, "SCS": {"ori-": 19.98991529878496, "sam_": 13.19587622807831, "ori-av": 0.13327109497348313, "sam_av": 0.17588195127205658, "sam_/ori_av": 1.3202211389377536}, "DDC": 2.241449118733918e-05, "LCC": 0.24135065977673067, "GCC": 0.10649575491294068}}