{"rate-5": {"ANB_G": 0.004912175837165239, "SP": 2.6082282742448517, "ANB": 0.0055076310761809945, "ACC": 0.3919684396830517, "CC": 1, "QCS": 0.7646855389407717, "SCS": {"ori-": 2.7667327348283175, "sam_": 2.1580145702219937, "ori-av": 0.051235791385709585, "sam_av": 0.07992646556377754, "sam_/ori_av": 1.5599732804375148}, "DDC": 4.843858647518573e-11, "LCC": 0.33660078495735546, "GCC": 0.28760208098553497}, "rate-10": {"ANB_G": 0.0031448756134345134, "SP": 2.8347471867793113, "ANB": 0.003130967895527835, "ACC": 0.3613773170833432, "CC": 1, "QCS": 0.7916194081170913, "SCS": {"ori-": 5.6376840349211434, "sam_": 4.3133831822671045, "ori-av": 0.06480096591863384, "sam_av": 0.09803143596061602, "sam_/ori_av": 1.5128082517119794}, "DDC": 8.548717289613705e-15, "LCC": 0.2959391991878321, "GCC": 0.20668293598648396}, "rate-15": {"ANB_G": 0.002319945409272894, "SP": 2.8571634480504273, "ANB": 0.002110413009148213, "ACC": 0.35687261679432397, "CC": 1, "QCS": 0.8323861569993133, "SCS": {"ori-": 6.76858603401255, "sam_": 4.985544852555803, "ori-av": 0.08254373212210427, "sam_av": 0.12159865494038544, "sam_/ori_av": 1.473142197647527}, "DDC": 1.98507876802978e-13, "LCC": 0.28420942334889876, "GCC": 0.17561760004594312}, "rate-20": {"ANB_G": 0.0018470232629248472, "SP": 2.896440874222029, "ANB": 0.0016153670138177392, "ACC": 0.3517039346504142, "CC": 1, "QCS": 0.7743545191067303, "SCS": {"ori-": 10.781243310532028, "sam_": 7.801714508128436, "ori-av": 0.09136646873332227, "sam_av": 0.13223244929031247, "sam_/ori_av": 1.4472754734154016}, "DDC": 4.2532977140297135e-11, "LCC": 0.2779932357995249, "GCC": 0.15187787988776483}, "rate-25": {"ANB_G": 0.0015363894353066817, "SP": 2.977040237470073, "ANB": 0.0013467576549523654, "ACC": 0.34158746028544046, "CC": 1, "QCS": 0.8808361904271811, "SCS": {"ori-": 13.233923263445513, "sam_": 9.164875378220016, "ori-av": 0.10672518760843155, "sam_av": 0.14782057061645187, "sam_/ori_av": 1.3850579598772585}, "DDC": 1.9717794064177951e-10, "LCC": 0.25141928730486446, "GCC": 0.13668148337650432}, "rate-30": {"ANB_G": 0.001329233599052605, "SP": 3.0766711297867606, "ANB": 0.0011785874743398166, "ACC": 0.33097383172435174, "CC": 1, "QCS": 0.8784133043984981, "SCS": {"ori-": 14.673660159950085, "sam_": 10.159816952250836, "ori-av": 0.11833596903185553, "sam_av": 0.16386801535888446, "sam_/ori_av": 1.3847692861227332}, "DDC": 3.084170751010973e-07, "LCC": 0.25057635888634927, "GCC": 0.12732809312372495}, "rate-35": {"ANB_G": 0.0011620067388136924, "SP": 3.1227192175571528, "ANB": 0.0010324509813021175, "ACC": 0.3256632780876141, "CC": 1, "QCS": 0.836488092457914, "SCS": {"ori-": 14.61806924865558, "sam_": 10.011576215203101, "ori-av": 0.1218172437387965, "sam_av": 0.16685960358671836, "sam_/ori_av": 1.3697535625128967}, "DDC": 6.95947859896684e-07, "LCC": 0.2507454869917981, "GCC": 0.11670832506601647}, "rate-40": {"ANB_G": 0.0010249593098752906, "SP": 3.110881315520679, "ANB": 0.0008982473683066714, "ACC": 0.3263037053479897, "CC": 1, "QCS": 0.8329345470174453, "SCS": {"ori-": 16.986812821054077, "sam_": 11.064448003105843, "ori-av": 0.12490303544892703, "sam_av": 0.16271247063390945, "sam_/ori_av": 1.3027102988257058}, "DDC": 0.00010376377963694505, "LCC": 0.25352747342511134, "GCC": 0.10420944097258102}}