{"rate-5": {"ANB_G": 0.004872070961977787, "SP": 2.6605604699217573, "ANB": 0.0056868509243895825, "ACC": 0.38559879760485977, "CC": 1, "QCS": 0.7515092729159959, "SCS": {"ori-": 3.925188207873344, "sam_": 3.0809081567436896, "ori-av": 0.05032292574196595, "sam_av": 0.07899764504470999, "sam_/ori_av": 1.5698142323794033}, "DDC": 6.661338147750939e-16, "LCC": 0.3057798776896221, "GCC": 0.26805076493984453}, "rate-10": {"ANB_G": 0.003162295687042483, "SP": 2.747847350183685, "ANB": 0.002982674659016526, "ACC": 0.37095193667413834, "CC": 1, "QCS": 0.8010977413985932, "SCS": {"ori-": 6.731601663535973, "sam_": 5.111007660568794, "ori-av": 0.07479557403928859, "sam_av": 0.11357794801263987, "sam_/ori_av": 1.5185116161148746}, "DDC": 1.427393550367822e-16, "LCC": 0.3001722615859601, "GCC": 0.20176833752330137}, "rate-15": {"ANB_G": 0.002352868777304823, "SP": 2.8638709361913515, "ANB": 0.0021180351547628955, "ACC": 0.35650220698091173, "CC": 1, "QCS": 0.7092250589812962, "SCS": {"ori-": 8.428094265893515, "sam_": 6.3336979918725715, "ori-av": 0.07951032326314637, "sam_av": 0.1195037356957089, "sam_/ori_av": 1.5029964763217076}, "DDC": 3.2740476996195866e-13, "LCC": 0.2749217402665467, "GCC": 0.17576355112895983}, "rate-20": {"ANB_G": 0.0018595003730114271, "SP": 2.9894803878998406, "ANB": 0.0016946170254683451, "ACC": 0.3413368379394664, "CC": 1, "QCS": 0.7967865419612506, "SCS": {"ori-": 10.684610644449881, "sam_": 7.686281603548894, "ori-av": 0.09372465477587615, "sam_av": 0.13484704567629638, "sam_/ori_av": 1.4387574539352133}, "DDC": 4.692912725090537e-13, "LCC": 0.2732024965401861, "GCC": 0.1637991172874894}, "rate-25": {"ANB_G": 0.0015471020992520984, "SP": 2.9865260740102713, "ANB": 0.0013532193964647659, "ACC": 0.3404415560109824, "CC": 1, "QCS": 0.6594201888962199, "SCS": {"ori-": 12.670393561453444, "sam_": 9.024679295557398, "ori-av": 0.10558661301211204, "sam_av": 0.1504113215926233, "sam_/ori_av": 1.424530225014125}, "DDC": 1.6112788880917606e-10, "LCC": 0.25816491670305314, "GCC": 0.13392154957643665}, "rate-30": {"ANB_G": 0.001330841204097218, "SP": 3.0178518372748986, "ANB": 0.0011452053560016466, "ACC": 0.33669720433053657, "CC": 1, "QCS": 0.7844388069348166, "SCS": {"ori-": 15.456474943728988, "sam_": 10.794003983394505, "ori-av": 0.11534682793827604, "sam_av": 0.16110453706558964, "sam_/ori_av": 1.3966967271245576}, "DDC": 1.0995530226320938e-06, "LCC": 0.24441285336077573, "GCC": 0.12309746720277052}, "rate-35": {"ANB_G": 0.0011625128721491238, "SP": 3.0835824294298595, "ANB": 0.0010134155785164736, "ACC": 0.3295305419147158, "CC": 1, "QCS": 0.6438079487792223, "SCS": {"ori-": 17.16910506868782, "sam_": 11.976283854941304, "ori-av": 0.1144607004579188, "sam_av": 0.1596837847325507, "sam_/ori_av": 1.3950970428602092}, "DDC": 1.2974628952333589e-05, "LCC": 0.2512064914728923, "GCC": 0.11362751794620649}, "rate-40": {"ANB_G": 0.001032509147383457, "SP": 3.1526333417246097, "ANB": 0.0009160141879679195, "ACC": 0.322342538258064, "CC": 1, "QCS": 0.7523604239992313, "SCS": {"ori-": 19.623716899187553, "sam_": 13.042296570070546, "ori-av": 0.1274267331116075, "sam_av": 0.1693804749359811, "sam_/ori_av": 1.329238149640297}, "DDC": 0.0006249291795222822, "LCC": 0.2390518227305345, "GCC": 0.1058916381855263}}