{"rate-5": {"ANB_G": 0.004698628243302084, "SP": 2.663323349817743, "ANB": 0.0056963128418415845, "ACC": 0.38552313103511193, "CC": 1, "QCS": 0.8293470617709383, "SCS": {"ori-": 3.1778504594137487, "sam_": 2.510602254034085, "ori-av": 0.04413681193630206, "sam_av": 0.0697389515009468, "sam_/ori_av": 1.5800631817629596}, "DDC": 1.4988010832439613e-14, "LCC": 0.3473974023769405, "GCC": 0.26340874325738667}, "rate-10": {"ANB_G": 0.0032217966935020356, "SP": 2.781779832887158, "ANB": 0.003040579919602662, "ACC": 0.36815061079664635, "CC": 1, "QCS": 0.8561613140269501, "SCS": {"ori-": 5.988973326997742, "sam_": 4.440007459775342, "ori-av": 0.07303626008533833, "sam_av": 0.10829286487256931, "sam_/ori_av": 1.4827274116450628}, "DDC": 2.55351295663786e-15, "LCC": 0.2709672215050148, "GCC": 0.20596020703444234}, "rate-15": {"ANB_G": 0.002347147019932612, "SP": 2.9495986059955577, "ANB": 0.0022154529613585884, "ACC": 0.34695833340525944, "CC": 1, "QCS": 0.7713851225909707, "SCS": {"ori-": 7.90673257141149, "sam_": 5.8709620737723895, "ori-av": 0.07751698599423029, "sam_av": 0.11511690340730175, "sam_/ori_av": 1.485053913420603}, "DDC": 2.4947155452537118e-11, "LCC": 0.27693913122380187, "GCC": 0.18757219061283453}, "rate-20": {"ANB_G": 0.0018683715722784837, "SP": 2.8812433058329714, "ANB": 0.0016024218959394998, "ACC": 0.3531426317229722, "CC": 1, "QCS": 0.9188041569891837, "SCS": {"ori-": 11.198781299435227, "sam_": 8.192180551779218, "ori-av": 0.09654121809857955, "sam_av": 0.1412444922720555, "sam_/ori_av": 1.4630485822939256}, "DDC": 2.4291679778798425e-13, "LCC": 0.2855683846099605, "GCC": 0.15444656806783053}, "rate-25": {"ANB_G": 0.0015528433345863406, "SP": 3.00518192300746, "ANB": 0.001365927740468299, "ACC": 0.33861537769670363, "CC": 1, "QCS": 0.8187124440065338, "SCS": {"ori-": 12.962091350874507, "sam_": 9.102830513514812, "ori-av": 0.10453299476511699, "sam_av": 0.14681984699217437, "sam_/ori_av": 1.4045311465731454}, "DDC": 9.53392920166607e-12, "LCC": 0.24033706597855134, "GCC": 0.1415896507780122}, "rate-30": {"ANB_G": 0.001341232498692738, "SP": 3.0755752858904954, "ANB": 0.001177965542503119, "ACC": 0.3309830254640957, "CC": 1, "QCS": 0.8069769941363093, "SCS": {"ori-": 16.82452915114911, "sam_": 11.724447438280691, "ori-av": 0.11068769178387573, "sam_av": 0.15426904524053542, "sam_/ori_av": 1.3937326070703042}, "DDC": 3.4974507845397795e-08, "LCC": 0.24751329086885454, "GCC": 0.12774422935831592}, "rate-35": {"ANB_G": 0.001161001816350675, "SP": 3.1042301218007866, "ANB": 0.0010234582304478543, "ACC": 0.3274475766314775, "CC": 1, "QCS": 0.8977147843706648, "SCS": {"ori-": 16.606671483442643, "sam_": 11.587390027817914, "ori-av": 0.11532410752390725, "sam_av": 0.15873137024408102, "sam_/ori_av": 1.3763936582919165}, "DDC": 1.976877201403937e-05, "LCC": 0.24756371901596078, "GCC": 0.11336986873421619}, "rate-40": {"ANB_G": 0.0010308311438031676, "SP": 3.122949924333834, "ANB": 0.0009033829465250362, "ACC": 0.3252807979520834, "CC": 1, "QCS": 0.898660400950375, "SCS": {"ori-": 18.06463242622211, "sam_": 12.252732447212397, "ori-av": 0.12903308875872938, "sam_av": 0.1750390349601771, "sam_/ori_av": 1.3565437876750455}, "DDC": 0.00015301492918284865, "LCC": 0.24447474416132284, "GCC": 0.10359944338388401}}