{"rate-5": {"ANB_G": 0.004790135655413728, "SP": 2.7375264098813585, "ANB": 0.005950432910552601, "ACC": 0.3757205575662616, "CC": 1, "QCS": 0.9021944751631775, "SCS": {"ori-": 3.526122640487808, "sam_": 2.7936530083834903, "ori-av": 0.04520670051907446, "sam_av": 0.0716321284200895, "sam_/ori_av": 1.5845467065189844}, "DDC": 1.5945463150995327e-16, "LCC": 0.2952213334767073, "GCC": 0.26963973972385336}, "rate-10": {"ANB_G": 0.003121421068945241, "SP": 2.7522917173683785, "ANB": 0.002990258903359005, "ACC": 0.3708459064827292, "CC": 1, "QCS": 0.723125147421066, "SCS": {"ori-": 5.159343480743543, "sam_": 3.971940080164774, "ori-av": 0.06291882293589687, "sam_av": 0.09687658732109204, "sam_/ori_av": 1.5397075596883323}, "DDC": 1.4854784069484595e-13, "LCC": 0.28951008785969923, "GCC": 0.2084533224447692}, "rate-15": {"ANB_G": 0.0022748827090927543, "SP": 2.8722540094357836, "ANB": 0.0021275613743588434, "ACC": 0.355083643353293, "CC": 1, "QCS": 0.811340531456583, "SCS": {"ori-": 7.712565309600017, "sam_": 5.763699985903705, "ori-av": 0.06886219026428587, "sam_av": 0.10292321403399474, "sam_/ori_av": 1.4946259135671727}, "DDC": 2.1183055309847987e-13, "LCC": 0.26842976731146184, "GCC": 0.17429020278987128}, "rate-20": {"ANB_G": 0.0018595143662624128, "SP": 2.9698899985526124, "ANB": 0.0016779301520891074, "ACC": 0.34346283502872393, "CC": 1, "QCS": 0.8170872242474652, "SCS": {"ori-": 10.72967018101222, "sam_": 7.7065340781114156, "ori-av": 0.08382554828915798, "sam_av": 0.12041459497049087, "sam_/ori_av": 1.4364903949702568}, "DDC": 1.6653345369377348e-14, "LCC": 0.2546776373800455, "GCC": 0.15768361466881148}, "rate-25": {"ANB_G": 0.001559109248359154, "SP": 3.017288821587178, "ANB": 0.0013741749465852704, "ACC": 0.3375995363030241, "CC": 1, "QCS": 0.7945543122494211, "SCS": {"ori-": 13.581488988557494, "sam_": 9.394257317508407, "ori-av": 0.1077895951472817, "sam_av": 0.14911519551600647, "sam_/ori_av": 1.3833913682694348}, "DDC": 9.458089866853925e-10, "LCC": 0.27118119450987926, "GCC": 0.14203888851945773}, "rate-30": {"ANB_G": 0.0013242034092272974, "SP": 3.0483836945630967, "ANB": 0.0011625333113297952, "ACC": 0.33352069359637343, "CC": 1, "QCS": 0.823979614601624, "SCS": {"ori-": 13.57857474939279, "sam_": 9.281455238774273, "ori-av": 0.10776646626502213, "sam_av": 0.14732468632975035, "sam_/ori_av": 1.367073556698478}, "DDC": 1.8976731186448603e-08, "LCC": 0.25522478034201296, "GCC": 0.12654746553659865}, "rate-35": {"ANB_G": 0.0011583416691338879, "SP": 3.0993535548812203, "ANB": 0.0010210863593780256, "ACC": 0.32798975028681404, "CC": 1, "QCS": 0.8081394111243727, "SCS": {"ori-": 16.45474873268934, "sam_": 11.00732333484372, "ori-av": 0.13269958655394629, "sam_av": 0.17753747314264065, "sam_/ori_av": 1.3378901754940016}, "DDC": 2.7922030796379005e-06, "LCC": 0.25274558479984094, "GCC": 0.11485747503423487}, "rate-40": {"ANB_G": 0.0010324941993785975, "SP": 3.150680561463207, "ANB": 0.0009151832176439165, "ACC": 0.32259089000520397, "CC": 1, "QCS": 0.8686232202163361, "SCS": {"ori-": 17.720423286627035, "sam_": 11.769267185289555, "ori-av": 0.11813615524418024, "sam_av": 0.1569235624705274, "sam_/ori_av": 1.3283279970147663}, "DDC": 1.1257234081685219e-05, "LCC": 0.2531469343391187, "GCC": 0.10608728694959081}}