{"rate-5": {"ANB_G": 0.004772014288556655, "SP": 2.5935083931183396, "ANB": 0.005457220524377875, "ACC": 0.395324778503131, "CC": 1, "QCS": 0.8087545028143991, "SCS": {"ori-": 3.50632226022527, "sam_": 2.7588080488657702, "ori-av": 0.04738273324628743, "sam_av": 0.07456237969907487, "sam_/ori_av": 1.5736192192947636}, "DDC": 2.9976021664879227e-15, "LCC": 0.3276488070364588, "GCC": 0.2682764008238051}, "rate-10": {"ANB_G": 0.003119709020726111, "SP": 2.746143772670908, "ANB": 0.0029797675301551315, "ACC": 0.37138982278790966, "CC": 1, "QCS": 0.7230059842756825, "SCS": {"ori-": 6.3930853892159805, "sam_": 4.695263779103202, "ori-av": 0.07264869760472704, "sam_av": 0.10671054043416368, "sam_/ori_av": 1.4688568956151573}, "DDC": 3.4277025662277083e-12, "LCC": 0.2929640315315853, "GCC": 0.20760263219427463}, "rate-15": {"ANB_G": 0.0023370398026482365, "SP": 2.9131681427773533, "ANB": 0.0021740547077015344, "ACC": 0.35020058788604824, "CC": 1, "QCS": 0.8381461332941401, "SCS": {"ori-": 9.739786296969799, "sam_": 7.040757534826268, "ori-av": 0.08543672190324385, "sam_av": 0.12352206201449593, "sam_/ori_av": 1.445772488256084}, "DDC": 2.3647750424515834e-14, "LCC": 0.2565369227464776, "GCC": 0.1774321211007618}, "rate-20": {"ANB_G": 0.001884935640828763, "SP": 2.9384947170357503, "ANB": 0.0016511880042893948, "ACC": 0.3469944285114259, "CC": 1, "QCS": 0.8666670641584765, "SCS": {"ori-": 11.22213657433298, "sam_": 7.8509847214654, "ori-av": 0.09674255667528431, "sam_av": 0.1353618055425069, "sam_/ori_av": 1.3991960745553564}, "DDC": 2.515465613583956e-11, "LCC": 0.2677448971544146, "GCC": 0.16042146168441232}, "rate-25": {"ANB_G": 0.0015470192096742946, "SP": 2.987511519243504, "ANB": 0.001353890680683585, "ACC": 0.3406193752968092, "CC": 1, "QCS": 0.6979765308502904, "SCS": {"ori-": 13.084116502249048, "sam_": 9.093669040520906, "ori-av": 0.09764266046454513, "sam_av": 0.13572640358986426, "sam_/ori_av": 1.3900318051979714}, "DDC": 1.4107343071501077e-09, "LCC": 0.2616073252617768, "GCC": 0.13988221096820108}, "rate-30": {"ANB_G": 0.0013244503052512032, "SP": 3.0488988183664465, "ANB": 0.0011628256630910555, "ACC": 0.3335547125451521, "CC": 1, "QCS": 0.8376667438029222, "SCS": {"ori-": 15.497955538599669, "sam_": 10.64741990888873, "ori-av": 0.1061503804013676, "sam_av": 0.1458550672450511, "sam_/ori_av": 1.3740418705383364}, "DDC": 1.1607446448458347e-08, "LCC": 0.24608697185139095, "GCC": 0.12608645439778743}, "rate-35": {"ANB_G": 0.0011647143422456657, "SP": 3.1382229397071697, "ANB": 0.0010399917021922025, "ACC": 0.3241141291788295, "CC": 1, "QCS": 0.6949528406644919, "SCS": {"ori-": 17.710309537655224, "sam_": 11.736280250266773, "ori-av": 0.12833557635982046, "sam_av": 0.1700910181198083, "sam_/ori_av": 1.325361391941048}, "DDC": 1.8031409518837194e-06, "LCC": 0.2358220550807982, "GCC": 0.11650984716678837}, "rate-40": {"ANB_G": 0.001033120269953184, "SP": 3.1377840374771773, "ANB": 0.0009096953350966674, "ACC": 0.323769784497858, "CC": 1, "QCS": 0.8458824547628646, "SCS": {"ori-": 17.597280183693854, "sam_": 11.562674106576585, "ori-av": 0.13331272866434737, "sam_av": 0.17519203191782706, "sam_/ori_av": 1.3141433205446025}, "DDC": 0.0004108934647619744, "LCC": 0.23992619404895124, "GCC": 0.1054942478267716}}