{"rate_5": {"ANB_G": 0.004398162082859653, "SP": 2.9215194450093778, "ACE": 0.033937946478362256, "ANB": 0.006491619746653302, "ACC": 0.35127610122119113, "CC": 1, "QCS": 0.8593274107612775, "SCS": {"ori-": 4.3534945426849045, "sam_": 3.380673491491327, "ori-av": 0.05581403259852442, "sam_av": 0.0866839356792648, "sam_/ori_av": 1.553084979592686}, "DDC": 1.984706954338833e-09, "LCC": 0.26150853637178323, "GCC": 0.23753692205678462}, "rate_10": {"ANB_G": 0.002758107881008275, "SP": 3.0115157877735603, "ACE": 0.02193766129447706, "ANB": 0.003308414124627569, "ACC": 0.3400305927659795, "CC": 1, "QCS": 0.8441512663599824, "SCS": {"ori-": 7.990700873660045, "sam_": 6.048152586641015, "ori-av": 0.07134554351482184, "sam_av": 0.10800272476144669, "sam_/ori_av": 1.5137977712512545}, "DDC": 4.154060866856657e-05, "LCC": 0.22336208514478728, "GCC": 0.18591022781655486}, "rate_15": {"ANB_G": 0.002073587764752411, "SP": 3.076607161283665, "ACE": 0.017226158472345723, "ANB": 0.002362465484964352, "ACC": 0.3317962350112412, "CC": 1, "QCS": 0.8239025314722972, "SCS": {"ori-": 10.244427166793239, "sam_": 7.641097037624564, "ori-av": 0.07114185532495304, "sam_av": 0.10612634774478562, "sam_/ori_av": 1.491756818261693}, "DDC": 1.4086757952669338e-05, "LCC": 0.21739397143720576, "GCC": 0.16578474603952312}, "rate_20": {"ANB_G": 0.001636363389976603, "SP": 3.1243993819190146, "ACE": 0.014416795562570923, "ANB": 0.0017867110024550167, "ACC": 0.3263030533490418, "CC": 1, "QCS": 0.8804641366207853, "SCS": {"ori-": 12.545922363957965, "sam_": 9.241695881429546, "ori-av": 0.0804225792561408, "sam_av": 0.11848328053114802, "sam_/ori_av": 1.4732588985213508}, "DDC": 0.0011944883755138358, "LCC": 0.21227513204419887, "GCC": 0.13633374254647493}, "rate_25": {"ANB_G": 0.0014231289460602695, "SP": 3.1650157745635514, "ACE": 0.01276587779531085, "ANB": 0.0014869613836288118, "ACC": 0.3219885476855499, "CC": 1, "QCS": 0.8460045709787543, "SCS": {"ori-": 14.335495054590888, "sam_": 10.232055718928269, "ori-av": 0.10540805187199183, "sam_av": 0.15047140763129807, "sam_/ori_av": 1.427513410588704}, "DDC": 0.009811585915551646, "LCC": 0.20102629730865956, "GCC": 0.12361217417927273}, "rate_30": {"ANB_G": 0.001231792638127045, "SP": 3.2010475924910735, "ACE": 0.011275196031040737, "ANB": 0.0012386311719139417, "ACC": 0.31814391110966883, "CC": 1, "QCS": 0.8019383051647009, "SCS": {"ori-": 16.005850153486424, "sam_": 11.170196986759409, "ori-av": 0.10962911064031797, "sam_av": 0.15301639707889603, "sam_/ori_av": 1.3957642836392914}, "DDC": 0.08258204381944179, "LCC": 0.197501382085085, "GCC": 0.1138800804423066}, "rate_35": {"ANB_G": 0.0010950417028708533, "SP": 3.2621811577406743, "ACE": 0.010241282799721611, "ANB": 0.0010976133710532126, "ACC": 0.31226391754390803, "CC": 1, "QCS": 0.853698671510383, "SCS": {"ori-": 19.757119273738383, "sam_": 13.650885756417066, "ori-av": 0.11099505209965384, "sam_av": 0.1533807388361468, "sam_/ori_av": 1.3818700557790464}, "DDC": 0.14830674331886395, "LCC": 0.18516568572965397, "GCC": 0.10424552037981054}, "rate_40": {"ANB_G": 0.0009838706803567895, "SP": 3.276422702527675, "ACE": 0.009484655134015797, "ANB": 0.0009682784783188748, "ACC": 0.31076112169773296, "CC": 1, "QCS": 0.9076382586485963, "SCS": {"ori-": 21.34290256647759, "sam_": 14.363393197125063, "ori-av": 0.13681347799024096, "sam_av": 0.1841460666298085, "sam_/ori_av": 1.3459643694091588}, "DDC": 0.25139231613501367, "LCC": 0.18920165321386676, "GCC": 0.0960929570669794}}