{"rate_5": {"ANB_G": 0.004383452510676176, "SP": 2.9211241049583623, "ACE": 0.03384481483635502, "ANB": 0.006468431329826137, "ACC": 0.351302066517842, "CC": 1, "QCS": 0.7739782982158454, "SCS": {"ori-": 4.337955444218624, "sam_": 3.364399828083132, "ori-av": 0.05164232671688838, "sam_av": 0.08010475781150314, "sam_/ori_av": 1.551145405408444}, "DDC": 5.250871071282859e-09, "LCC": 0.26065838230124694, "GCC": 0.2366240317059989}, "rate_10": {"ANB_G": 0.0027446098000245478, "SP": 3.014559276674237, "ACE": 0.021844687209492276, "ANB": 0.0032971510256534185, "ACC": 0.3396874913800177, "CC": 1, "QCS": 0.925414772984756, "SCS": {"ori-": 7.967750662995513, "sam_": 6.033722332552911, "ori-av": 0.06868750571547856, "sam_av": 0.10402969538884328, "sam_/ori_av": 1.5145359305921113}, "DDC": 3.967666474813392e-06, "LCC": 0.22043367626426028, "GCC": 0.18531254500936195}, "rate_15": {"ANB_G": 0.0020783050489747578, "SP": 3.072589736214014, "ACE": 0.017258542912035258, "ANB": 0.0023632722191721934, "ACC": 0.33217307542556423, "CC": 1, "QCS": 0.8793564742324532, "SCS": {"ori-": 10.393398172553525, "sam_": 7.808980606086956, "ori-av": 0.07217637619828837, "sam_av": 0.10845806397342994, "sam_/ori_av": 1.5026809281123479}, "DDC": 4.14241057611342e-06, "LCC": 0.2147497458059631, "GCC": 0.16591647230638445}, "rate_20": {"ANB_G": 0.0016377384852622975, "SP": 3.1265493918341094, "ACE": 0.014428754530896823, "ANB": 0.0017900247406011007, "ACC": 0.32615783084056876, "CC": 1, "QCS": 0.8930608709756551, "SCS": {"ori-": 12.135842255819007, "sam_": 8.850048493478543, "ori-av": 0.09193819890771975, "sam_av": 0.13409164384058397, "sam_/ori_av": 1.4584976150682971}, "DDC": 0.0010815561152887065, "LCC": 0.21407842111015404, "GCC": 0.13649178877158852}, "rate_25": {"ANB_G": 0.0014172946652058725, "SP": 3.174127569295818, "ACE": 0.012712567128771014, "ANB": 0.0014870913606674528, "ACC": 0.3211321077918535, "CC": 1, "QCS": 0.865823330719916, "SCS": {"ori-": 14.860936073324762, "sam_": 10.702883138198274, "ori-av": 0.09776931627187344, "sam_av": 0.14082740971313518, "sam_/ori_av": 1.4404049765626603}, "DDC": 0.006215902859240008, "LCC": 0.20056548562604884, "GCC": 0.12374089095892853}, "rate_30": {"ANB_G": 0.0012366586361331902, "SP": 3.2009583801221844, "ACE": 0.011297627973432445, "ANB": 0.0012434793108034954, "ACC": 0.3181279784259559, "CC": 1, "QCS": 0.8940688330863787, "SCS": {"ori-": 16.435564107064938, "sam_": 11.572678151875394, "ori-av": 0.09783073873252938, "sam_av": 0.1377699779985166, "sam_/ori_av": 1.4082483663460996}, "DDC": 0.09173607823354835, "LCC": 0.19482103942967213, "GCC": 0.11467642257832994}, "rate_35": {"ANB_G": 0.0010971690301226663, "SP": 3.262714924310111, "ACE": 0.010250162671536106, "ANB": 0.0011000072553768179, "ACC": 0.31218727417621317, "CC": 1, "QCS": 0.8395796888779172, "SCS": {"ori-": 19.33383257208674, "sam_": 13.276203403125415, "ori-av": 0.11934464550670829, "sam_av": 0.16390374571759772, "sam_/ori_av": 1.373364888066007}, "DDC": 0.08942766075010555, "LCC": 0.18650932281606425, "GCC": 0.10461381931571348}, "rate_40": {"ANB_G": 0.0009838706803567895, "SP": 3.270661494517059, "ACE": 0.009491485719289247, "ANB": 0.0009658279432229085, "ACC": 0.311235883308743, "CC": 1, "QCS": 0.8067918525502473, "SCS": {"ori-": 20.406811818107204, "sam_": 13.553871720494667, "ori-av": 0.12293260131389883, "sam_av": 0.16329965928306828, "sam_/ori_av": 1.3283673943097918}, "DDC": 0.34479128049347674, "LCC": 0.18664898594336096, "GCC": 0.09589910043025533}}