{"rate_5": {"ANB_G": 0.004383452510676176, "SP": 2.9227851226684023, "ACE": 0.03383484522764069, "ANB": 0.00647402398204849, "ACC": 0.35108502265031283, "CC": 1, "QCS": 0.8197927602431158, "SCS": {"ori-": 4.119877123026499, "sam_": 3.236595455343047, "ori-av": 0.04681678548893749, "sam_av": 0.07355898762143288, "sam_/ori_av": 1.5712097029560992}, "DDC": 3.2403482119747196e-09, "LCC": 0.2607995761942352, "GCC": 0.23700830025261638}, "rate_10": {"ANB_G": 0.002762636793784972, "SP": 3.0110999481462275, "ACE": 0.021968875415489073, "ANB": 0.00331317948623761, "ACC": 0.34006694127297216, "CC": 1, "QCS": 0.8412546278780345, "SCS": {"ori-": 7.748618420993838, "sam_": 5.896559027027503, "ori-av": 0.07450594635570998, "sam_av": 0.11339536590437506, "sam_/ori_av": 1.5219639700031093}, "DDC": 3.5117480281510183e-06, "LCC": 0.22483492586937429, "GCC": 0.18634804875179833}, "rate_15": {"ANB_G": 0.002080672139007759, "SP": 3.077308488505284, "ACE": 0.017269099764071424, "ANB": 0.002371356722037995, "ACC": 0.33173431942144826, "CC": 1, "QCS": 0.8088564344510787, "SCS": {"ori-": 10.3985399360394, "sam_": 7.799404440539428, "ori-av": 0.06752298659765844, "sam_av": 0.10129096676025232, "sam_/ori_av": 1.500096068969865}, "DDC": 1.4086757952669338e-05, "LCC": 0.21819240294866885, "GCC": 0.16611764962532313}, "rate_20": {"ANB_G": 0.0016474317965107855, "SP": 3.1194459581808274, "ACE": 0.014514058975861454, "ANB": 0.0017946197783072235, "ACC": 0.32692925340943857, "CC": 1, "QCS": 0.9200142859338722, "SCS": {"ori-": 12.159132713100947, "sam_": 8.891852838143285, "ori-av": 0.09073979636642497, "sam_av": 0.13271422146482514, "sam_/ori_av": 1.462580111254595}, "DDC": 0.0009770629346692594, "LCC": 0.21300545099270501, "GCC": 0.13622025395944534}, "rate_25": {"ANB_G": 0.001423127153540053, "SP": 3.1645770430437046, "ACE": 0.012767215127307514, "ANB": 0.0014866600570355097, "ACC": 0.32204848276256687, "CC": 1, "QCS": 0.9063913861234639, "SCS": {"ori-": 14.222101995301829, "sam_": 10.104326241644742, "ori-av": 0.10015564785423824, "sam_av": 0.14231445410767243, "sam_/ori_av": 1.4209328895240148}, "DDC": 0.014147166340833128, "LCC": 0.2006263173655591, "GCC": 0.12352828283671137}, "rate_30": {"ANB_G": 0.0012366586361331902, "SP": 3.1965794535232166, "ACE": 0.011316524995017474, "ANB": 0.0012410053409735704, "ACC": 0.3185819049614077, "CC": 1, "QCS": 0.8568654071561703, "SCS": {"ori-": 15.88607372233718, "sam_": 11.067172289671394, "ori-av": 0.10054477039453912, "sam_av": 0.14009078847685308, "sam_/ori_av": 1.3933175035074905}, "DDC": 0.1335047122262537, "LCC": 0.19811860290763292, "GCC": 0.11408196265696455}, "rate_35": {"ANB_G": 0.0010929226091062265, "SP": 3.2576757051176677, "ACE": 0.010230613224997473, "ANB": 0.001093305426207101, "ACC": 0.3126131754395807, "CC": 1, "QCS": 0.8235000357763456, "SCS": {"ori-": 19.86372575709296, "sam_": 13.792315834445985, "ori-av": 0.11035403198384978, "sam_av": 0.1532479537160665, "sam_/ori_av": 1.3886937428665425}, "DDC": 0.11976043877751463, "LCC": 0.18691945405579766, "GCC": 0.10386757796745043}, "rate_40": {"ANB_G": 0.0009838717528631714, "SP": 3.264770187718096, "ACE": 0.00949809121178681, "ANB": 0.0009633220704883402, "ACC": 0.3117451532195953, "CC": 1, "QCS": 0.9209306729871485, "SCS": {"ori-": 21.446407275993092, "sam_": 14.447375498776083, "ori-av": 0.11914670708885051, "sam_av": 0.16052639443084538, "sam_/ori_av": 1.3473003018970306}, "DDC": 0.42510236425961345, "LCC": 0.1888988019991967, "GCC": 0.09548081009636397}}