{"rate_5": {"ANB_G": 0.004383452510676176, "SP": 2.920675181252946, "ACE": 0.03385889504800177, "ANB": 0.0064669198021984715, "ACC": 0.35141735622302356, "CC": 1, "QCS": 0.855205486835892, "SCS": {"ori-": 4.432616441553998, "sam_": 3.468917640495143, "ori-av": 0.04432616441553998, "sam_av": 0.06937835280990286, "sam_/ori_av": 1.5651783483792705}, "DDC": 1.365991875168504e-09, "LCC": 0.25855325277747737, "GCC": 0.23648202604573007}, "rate_10": {"ANB_G": 0.002762636793784972, "SP": 3.006767997580157, "ACE": 0.021975637656167377, "ANB": 0.0033060428296213464, "ACC": 0.340488288177978, "CC": 1, "QCS": 0.8475817236799124, "SCS": {"ori-": 8.155821974295456, "sam_": 6.219616804400989, "ori-av": 0.05910015923402505, "sam_av": 0.09013937397682592, "sam_/ori_av": 1.5251968039526198}, "DDC": 8.83757704306376e-06, "LCC": 0.22507053749157815, "GCC": 0.18612070056211252}, "rate_15": {"ANB_G": 0.0020759441144850843, "SP": 3.0749534595097736, "ACE": 0.017240850507516958, "ANB": 0.002363272732926846, "ACC": 0.33189707623705295, "CC": 1, "QCS": 0.9044796704586446, "SCS": {"ori-": 10.223880627337268, "sam_": 7.6115487925336005, "ori-av": 0.07408609150244397, "sam_av": 0.11031230134106668, "sam_/ori_av": 1.488974503904389}, "DDC": 5.441405088735252e-06, "LCC": 0.21692031055799327, "GCC": 0.16607949215767545}, "rate_20": {"ANB_G": 0.0016336201152239178, "SP": 3.125543579155814, "ACE": 0.014394726798182112, "ANB": 0.0017846713510964003, "ACC": 0.32617677414202867, "CC": 1, "QCS": 0.9333552075081125, "SCS": {"ori-": 12.523747392872053, "sam_": 9.207934020527908, "ori-av": 0.09346080143934368, "sam_av": 0.13743185105265535, "sam_/ori_av": 1.470475845874797}, "DDC": 0.0019601666578454857, "LCC": 0.21259212064497338, "GCC": 0.13629193050108454}, "rate_25": {"ANB_G": 0.0014143991639886289, "SP": 3.173912477413511, "ACE": 0.012694869699780236, "ANB": 0.0014838993019887447, "ACC": 0.3211347305417649, "CC": 1, "QCS": 0.8403597379222715, "SCS": {"ori-": 14.207584058487928, "sam_": 10.094803052001064, "ori-av": 0.09731221957868444, "sam_av": 0.13828497331508308, "sam_/ori_av": 1.421044283172156}, "DDC": 0.004506080202799523, "LCC": 0.20064027100331272, "GCC": 0.12363903546857258}, "rate_30": {"ANB_G": 0.0012352644324847876, "SP": 3.201160969598468, "ACE": 0.011291851739406323, "ANB": 0.0012421901634302867, "ACC": 0.31811269642426215, "CC": 1, "QCS": 0.8425181178879971, "SCS": {"ori-": 15.996312354804221, "sam_": 11.156667603897194, "ori-av": 0.1110855024639182, "sam_av": 0.15495371672079436, "sam_/ori_av": 1.39490494514462}, "DDC": 0.02400770296613508, "LCC": 0.19857943948763768, "GCC": 0.11454796825651845}, "rate_35": {"ANB_G": 0.0010961043343146871, "SP": 3.2646566140482283, "ACE": 0.010252332474166752, "ANB": 0.0010998817940982184, "ACC": 0.3120759627064773, "CC": 1, "QCS": 0.780595475313336, "SCS": {"ori-": 20.166909184873692, "sam_": 13.97736636026023, "ori-av": 0.11329724261164996, "sam_av": 0.15704906022764303, "sam_/ori_av": 1.3861684239391563}, "DDC": 0.08942766075010555, "LCC": 0.18823583161322613, "GCC": 0.10433373658194796}, "rate_40": {"ANB_G": 0.0009838717528631714, "SP": 3.2765108805953322, "ACE": 0.009479432278160437, "ANB": 0.0009683159849405904, "ACC": 0.31070854838595124, "CC": 1, "QCS": 0.859280737841161, "SCS": {"ori-": 21.24902935052931, "sam_": 14.302900826080455, "ori-av": 0.1416601956701954, "sam_av": 0.1907053443477394, "sam_/ori_av": 1.346216863851635}, "DDC": 0.24196961684931928, "LCC": 0.18689879936743695, "GCC": 0.09639194245129944}}