{"rate_5": {"ANB_G": 0.004383452510676176, "SP": 2.9248052793427757, "ACE": 0.03385853360560138, "ANB": 0.006480825856372983, "ACC": 0.35103693582761714, "CC": 1, "QCS": 0.899208640390752, "SCS": {"ori-": 4.278771651019527, "sam_": 3.380900486509275, "ori-av": 0.04366093521448497, "sam_av": 0.06899796911243418, "sam_/ori_av": 1.5803135863554152}, "DDC": 8.387334826664983e-09, "LCC": 0.2604472430059346, "GCC": 0.2360782434173082}, "rate_10": {"ANB_G": 0.002758107881008275, "SP": 3.01935987509758, "ACE": 0.021922126004560366, "ANB": 0.0033213155840420717, "ACC": 0.33919668914555245, "CC": 1, "QCS": 0.8170454745884786, "SCS": {"ori-": 8.151047146079565, "sam_": 6.2107577798559985, "ori-av": 0.061750357167269426, "sam_av": 0.09410239060387876, "sam_/ori_av": 1.5239165394456604}, "DDC": 7.916148797582068e-06, "LCC": 0.2241635173370977, "GCC": 0.1869570348314709}, "rate_15": {"ANB_G": 0.002066549929919471, "SP": 3.0728055835976695, "ACE": 0.017186356922320574, "ANB": 0.0023501197092944096, "ACC": 0.3321735260265907, "CC": 1, "QCS": 0.7391889308212984, "SCS": {"ori-": 10.189324287133234, "sam_": 7.601270057777854, "ori-av": 0.07719185066010026, "sam_av": 0.1151707584511796, "sam_/ori_av": 1.4920067010481755}, "DDC": 1.8796835951184754e-05, "LCC": 0.21317091510570665, "GCC": 0.16442394919866948}, "rate_20": {"ANB_G": 0.0016322519241726416, "SP": 3.1238590269031663, "ACE": 0.014400143731185821, "ANB": 0.001781760928610041, "ACC": 0.32639978504059003, "CC": 1, "QCS": 0.7748880815435303, "SCS": {"ori-": 12.12198889207852, "sam_": 8.815320436207344, "ori-av": 0.08913227126528322, "sam_av": 0.12963706523834329, "sam_/ori_av": 1.454434666569936}, "DDC": 0.0008840103236974484, "LCC": 0.2132571970211679, "GCC": 0.1355681636567045}, "rate_25": {"ANB_G": 0.0014172946652058725, "SP": 3.165515315860441, "ACE": 0.012728101067918994, "ANB": 0.0014812006264435288, "ACC": 0.3219310096482936, "CC": 1, "QCS": 0.8182067330994091, "SCS": {"ori-": 14.102324592471708, "sam_": 10.01091465533221, "ori-av": 0.0993121450174064, "sam_av": 0.14099879796242548, "sam_/ori_av": 1.4197538270642798}, "DDC": 0.008958392035757545, "LCC": 0.19991074897728012, "GCC": 0.12309696734490215}, "rate_30": {"ANB_G": 0.0012345685088608525, "SP": 3.2007463042062976, "ACE": 0.01129093989772927, "ANB": 0.001241255670731135, "ACC": 0.31815404193913277, "CC": 1, "QCS": 0.8984947049301081, "SCS": {"ori-": 16.013835351661932, "sam_": 11.17067721160754, "ori-av": 0.10820159021393197, "sam_av": 0.15095509745415595, "sam_/ori_av": 1.3951282708109318}, "DDC": 0.06217963266615323, "LCC": 0.19826359371082056, "GCC": 0.11436731023739719}, "rate_35": {"ANB_G": 0.0010950417028708533, "SP": 3.26317976936961, "ACE": 0.010246551910845713, "ANB": 0.0010980978987722488, "ACC": 0.31218228249152824, "CC": 1, "QCS": 0.882005964444131, "SCS": {"ori-": 19.916300922736273, "sam_": 13.775372360703942, "ori-av": 0.11854941025438258, "sam_av": 0.16399252810361836, "sam_/ori_av": 1.3833263932036797}, "DDC": 0.14264502445940497, "LCC": 0.1859004957002503, "GCC": 0.10416617336075204}, "rate_40": {"ANB_G": 0.0009838706803567895, "SP": 3.2725902090542975, "ACE": 0.009488862721222962, "ANB": 0.0009666483237151411, "ACC": 0.31107939066330864, "CC": 1, "QCS": 0.8292411345806207, "SCS": {"ori-": 21.666762474791167, "sam_": 14.676655046846431, "ori-av": 0.12172338468983801, "sam_av": 0.16490623648142058, "sam_/ori_av": 1.3547621675294055}, "DDC": 0.29123337154643913, "LCC": 0.18711271365302176, "GCC": 0.09597058386839705}}