{"rate-5": {"ANB_G": 0.004922913918364975, "SP": 135.31212121212116, "ANB": 1.1767762881486221e-05, "ACC": 0.004781775085409909, "CC": 122, "QCS": 0.2795713802256454, "SCS": {"ori-": 4.835255447790391, "sam_": 4.059943627373753, "ori-av": 0.01358217822413031, "sam_av": 0.022808672063897487, "sam_/ori_av": 1.6793088477793086}, "DDC": 0.0007684683618236487, "LCC": 0.0, "GCC": 0}, "rate-10": {"ANB_G": 0.0031688597755779716, "SP": 204.63514831569003, "ANB": 0.00012235650520710283, "ACC": 0.0063377841713384625, "CC": 165, "QCS": 0.343129134257078, "SCS": {"ori-": 10.621887991450352, "sam_": 8.325692249150318, "ori-av": 0.0195975793200191, "sam_av": 0.03072211162048088, "sam_/ori_av": 1.5676482854746236}, "DDC": 0.00016332069570634822, "LCC": 0.0, "GCC": 0}, "rate-15": {"ANB_G": 0.0023951676735242283, "SP": 207.73457324135038, "ANB": 0.0027255225001292854, "ACC": 0.02087211277626038, "CC": 167, "QCS": 0.4181760750697629, "SCS": {"ori-": 12.754951257954382, "sam_": 10.404476139104833, "ori-av": 0.0206390797054278, "sam_av": 0.033671443815873246, "sam_/ori_av": 1.631441144491443}, "DDC": 0.0004141424322530174, "LCC": 0.003401360544217687, "GCC": 0.0017016449234259785}, "rate-20": {"ANB_G": 0.0018977971603858002, "SP": 211.48871634451365, "ANB": 0.0020706961243303376, "ACC": 0.0532695090163483, "CC": 181, "QCS": 0.3879756693122575, "SCS": {"ori-": 17.400446195863896, "sam_": 14.042830520389503, "ori-av": 0.023706329967117024, "sam_av": 0.038263843379807906, "sam_/ori_av": 1.6140770601305037}, "DDC": 0.05775443986736217, "LCC": 0.0006258173159802232, "GCC": 0.0020147750167897917}, "rate-25": {"ANB_G": 0.0015647161164030138, "SP": 182.38959503535568, "ANB": 0.00210866461241078, "ACC": 0.08351284017730665, "CC": 158, "QCS": 0.5040371246515244, "SCS": {"ori-": 18.709800810843543, "sam_": 15.09876108035219, "ori-av": 0.026728286872633632, "sam_av": 0.04313931737243483, "sam_/ori_av": 1.6139948503996344}, "DDC": 7.782227044683676e-05, "LCC": 0.0018782023868536737, "GCC": 0.0026929982046678637}, "rate-30": {"ANB_G": 0.0013492184186906515, "SP": 159.5094581168058, "ANB": 0.001793201027437824, "ACC": 0.11111753647426391, "CC": 136, "QCS": 0.4689248145954675, "SCS": {"ori-": 22.66643129319556, "sam_": 17.95872899116393, "ori-av": 0.03413619170661982, "sam_av": 0.053930117090582375, "sam_/ori_av": 1.5798516001456613}, "DDC": 0.0014863921918012446, "LCC": 0.006607434956321363, "GCC": 0.006463775922434689}, "rate-35": {"ANB_G": 0.0011740510975228949, "SP": 168.71681764101933, "ANB": 0.001468869743239984, "ACC": 0.12965235831013694, "CC": 151, "QCS": 0.41113508428184453, "SCS": {"ori-": 28.44906718256942, "sam_": 21.762929349399286, "ori-av": 0.042209298490459075, "sam_av": 0.06457842536913735, "sam_/ori_av": 1.5299573240653257}, "DDC": 3.1130480687591167e-05, "LCC": 0.009693778495761128, "GCC": 0.0072672425613602085}, "rate-40": {"ANB_G": 0.0010392536117796317, "SP": 133.10120897620897, "ANB": 0.0013980957958719502, "ACC": 0.15396415227994792, "CC": 119, "QCS": 0.6653681396457073, "SCS": {"ori-": 26.924754262816947, "sam_": 20.774182502796954, "ori-av": 0.04129563537241863, "sam_av": 0.0635296101002965, "sam_/ori_av": 1.5384097986957708}, "DDC": 0.016179798157642145, "LCC": 0.011457093729629409, "GCC": 0.006999611132714849}}