{"rate-5": {"ANB_G": 0.004881223723547758, "SP": 128.68373015873013, "ANB": 2.7034049862873778e-05, "ACC": 0.005783304508995805, "CC": 112, "QCS": 0.2612484514852353, "SCS": {"ori-": 5.735946551968071, "sam_": 4.7980727646681745, "ori-av": 0.017173492670563086, "sam_av": 0.028730974638731584, "sam_/ori_av": 1.6729837773756449}, "DDC": 0.0035922058557602554, "LCC": 0.0, "GCC": 0}, "rate-10": {"ANB_G": 0.003216391995423462, "SP": 207.64372186121417, "ANB": 0.0003362480167744897, "ACC": 0.005888007253680442, "CC": 160, "QCS": 0.3152741456433848, "SCS": {"ori-": 11.063303095193262, "sam_": 9.097750340309654, "ori-av": 0.02064049084924116, "sam_av": 0.0339468296280211, "sam_/ori_av": 1.644671625106684}, "DDC": 5.302668024353974e-05, "LCC": 0.0, "GCC": 0}, "rate-15": {"ANB_G": 0.0023722984521626256, "SP": 203.49719159475873, "ANB": 0.0021479079927942154, "ACC": 0.033145802957679084, "CC": 172, "QCS": 0.5366644897389863, "SCS": {"ori-": 15.35568546850642, "sam_": 12.571134759913393, "ori-av": 0.02391851319081997, "sam_av": 0.039162413582284714, "sam_/ori_av": 1.6373264203276405}, "DDC": 0.00018467206638272948, "LCC": 0.0004438747360604665, "GCC": 0.0014012143858010276}, "rate-20": {"ANB_G": 0.0019104684170192317, "SP": 202.39379083982436, "ANB": 0.0020684609339766944, "ACC": 0.05114584929376126, "CC": 168, "QCS": 0.4952386957159638, "SCS": {"ori-": 19.927322028071387, "sam_": 15.811985311553274, "ori-av": 0.02883838209561706, "sam_av": 0.04569937951315975, "sam_/ori_av": 1.5846720998992962}, "DDC": 0.006049923398004586, "LCC": 0.0027239229024943307, "GCC": 0.002301201738685758}, "rate-25": {"ANB_G": 0.0015690604172953536, "SP": 179.18079135210073, "ANB": 0.002018540289690174, "ACC": 0.08849898443993363, "CC": 154, "QCS": 0.4911036022820682, "SCS": {"ori-": 23.540389967495248, "sam_": 18.802884108637095, "ori-av": 0.03164030909609576, "sam_av": 0.05054538738880939, "sam_/ori_av": 1.5974997979727832}, "DDC": 0.00011947396985634295, "LCC": 0.0032427051377675103, "GCC": 0.0033284023668639054}, "rate-30": {"ANB_G": 0.00134173865741818, "SP": 160.2647115235193, "ANB": 0.0017285015022639395, "ACC": 0.12080638351563268, "CC": 143, "QCS": 0.6851895231546157, "SCS": {"ori-": 27.07469935353242, "sam_": 20.843802789275923, "ori-av": 0.03923869471526438, "sam_av": 0.060416819679060645, "sam_/ori_av": 1.5397255213883985}, "DDC": 6.359365110397697e-06, "LCC": 0.0058779555922459535, "GCC": 0.0060428849902534115}, "rate-35": {"ANB_G": 0.0011733114861747615, "SP": 156.77334395151507, "ANB": 0.0014690757318860674, "ACC": 0.13716921770877039, "CC": 137, "QCS": 0.40113324680222245, "SCS": {"ori-": 29.12126537819982, "sam_": 22.392889644749374, "ori-av": 0.04166132386008558, "sam_av": 0.06397968469928393, "sam_/ori_av": 1.5357093527356889}, "DDC": 0.003577834164420035, "LCC": 0.00782790297672888, "GCC": 0.0062000715392869915}, "rate-40": {"ANB_G": 0.0010475262504291182, "SP": 145.95626812717734, "ANB": 0.001355344919943959, "ACC": 0.15208466349487812, "CC": 133, "QCS": 0.5596312542525755, "SCS": {"ori-": 31.533579683669135, "sam_": 24.475373457179153, "ori-av": 0.04550300098653555, "sam_av": 0.0705342174558477, "sam_/ori_av": 1.5501003434195242}, "DDC": 0.002362740657514406, "LCC": 0.0163770422222822, "GCC": 0.008829485621709194}}