{"rate-5": {"ANB_G": 0.0005567146005187062, "SP": 13.47340425531915, "ANB": 0.00022207676843237172, "ACC": 0.008135475077462326, "CC": 235, "QCS": 0.5233102593267881, "SCS": {"ori-": 6.802036780660592, "sam_": 5.589184547649915, "ori-av": 0.013496104723532921, "sam_av": 0.022179303760515537, "sam_/ori_av": 1.6433855704929345}, "DDC": 0.9550694234087974, "LCC": 0.010235478806907379, "GCC": 0.027777777777777776}, "rate-10": {"ANB_G": 0.0003743774723698351, "SP": 31.292910758965803, "ANB": 0.0001598821991832589, "ACC": 0.009986659881915648, "CC": 442, "QCS": 0.6652923871852336, "SCS": {"ori-": 13.257372579729562, "sam_": 11.0151707222691, "ori-av": 0.01404382688530674, "sam_av": 0.023337226106502334, "sam_/ori_av": 1.6617426501403796}, "DDC": 5.969068789246634e-06, "LCC": 0.019998911502904403, "GCC": 0.1062753036437247}, "rate-15": {"ANB_G": 0.000311282034444303, "SP": 36.02919692025948, "ANB": 0.0004317217204358443, "ACC": 0.01828385054423657, "CC": 573, "QCS": 0.7323328273726094, "SCS": {"ori-": 18.206767153298994, "sam_": 14.718597791544722, "ori-av": 0.014754268357616689, "sam_av": 0.023855101769116243, "sam_/ori_av": 1.616827157464665}, "DDC": 0.0007530048849939686, "LCC": 0.024964531452126487, "GCC": 0.07391304347826087}, "rate-20": {"ANB_G": 0.0003401926934222336, "SP": 34.13987102255175, "ANB": 0.0004122132378994586, "ACC": 0.026654044252324052, "CC": 726, "QCS": 0.7970506083562569, "SCS": {"ori-": 23.91906701217584, "sam_": 19.779663513980996, "ori-av": 0.015033983037194117, "sam_av": 0.024848823510026378, "sam_/ori_av": 1.652843657502494}, "DDC": 3.7718822343268954e-06, "LCC": 0.025818143638574896, "GCC": 0.05796800332432994}, "rate-25": {"ANB_G": 0.0005787469338210418, "SP": 24.602200330954595, "ANB": 0.0006919034959283401, "ACC": 0.09602500581553468, "CC": 565, "QCS": 0.7291965816589894, "SCS": {"ori-": 25.359528876169925, "sam_": 20.199994325034694, "ori-av": 0.01913926707635466, "sam_av": 0.030467563084516886, "sam_/ori_av": 1.5918876602206784}, "DDC": 0.8309296749155495, "LCC": 0.06274377883454786, "GCC": 0.05263644559513627}, "rate-30": {"ANB_G": 0.0005581473571939559, "SP": 25.489095630529608, "ANB": 0.0006536255414955021, "ACC": 0.10962569516116281, "CC": 615, "QCS": 0.6939602333902081, "SCS": {"ori-": 28.69345920909085, "sam_": 21.936446319119362, "ori-av": 0.020009385780398084, "sam_av": 0.030552153647798553, "sam_/ori_av": 1.526891129148429}, "DDC": 0.999999999993393, "LCC": 0.07442232168469745, "GCC": 0.03445155902004454}, "rate-35": {"ANB_G": 0.00043126230222554767, "SP": 35.5179446842526, "ANB": 0.0005122772743439694, "ACC": 0.09834524675581709, "CC": 772, "QCS": 0.7645989254404718, "SCS": {"ori-": 36.002910048928264, "sam_": 27.165618589436555, "ori-av": 0.02083501738942608, "sam_av": 0.031441688182218236, "sam_/ori_av": 1.5090790468058413}, "DDC": 0.0066165974077264655, "LCC": 0.09354950238601407, "GCC": 0.08678791639198045}, "rate-40": {"ANB_G": 0.00043645378772461937, "SP": 31.95751816676416, "ANB": 0.0005157829261101611, "ACC": 0.11243617115472589, "CC": 787, "QCS": 0.7219098129617753, "SCS": {"ori-": 42.02178846573467, "sam_": 31.090347430454045, "ori-av": 0.02398503907861568, "sam_av": 0.03549126419001603, "sam_/ori_av": 1.4797250933670125}, "DDC": 0.007313166423037365, "LCC": 0.09105735297316926, "GCC": 0.06829403716115727}}