{"rate-5": {"ANB_G": 0.00025233859668445256, "SP": 17.612698412698414, "ANB": 7.792167313416552e-06, "ACC": 0.0011843706920012993, "CC": 261, "QCS": 0.47136379127407235, "SCS": {"ori-": 6.462150913721412, "sam_": 5.272843988253997, "ori-av": 0.011922787663692641, "sam_av": 0.019456988886546112, "sam_/ori_av": 1.6319160783007713}, "DDC": 4.5315705613391266e-05, "LCC": 0.0, "GCC": 0}, "rate-10": {"ANB_G": 0.0005831606131990047, "SP": 17.042443064182194, "ANB": 0.00032791226973314606, "ACC": 0.02227364221361877, "CC": 410, "QCS": 0.6959165806858659, "SCS": {"ori-": 13.165667162910026, "sam_": 10.630462380383152, "ori-av": 0.014726697050234928, "sam_av": 0.02378179503441421, "sam_/ori_av": 1.614876367273056}, "DDC": 0.2839616714212593, "LCC": 0.031166076357137012, "GCC": 0.06418918918918919}, "rate-15": {"ANB_G": 0.0004651897003072536, "SP": 14.270541683722199, "ANB": 0.0005246908380522778, "ACC": 0.04158532397623384, "CC": 522, "QCS": 0.5981181273717185, "SCS": {"ori-": 18.92460475700188, "sam_": 14.779314831052245, "ori-av": 0.016147273683448704, "sam_av": 0.025220673773126697, "sam_/ori_av": 1.561915297130216}, "DDC": 0.5783768110525171, "LCC": 0.04026509728094147, "GCC": 0.050515204825333}, "rate-20": {"ANB_G": 0.0005541317640862088, "SP": 29.46144427786107, "ANB": 0.0005052713752868581, "ACC": 0.061382828831912005, "CC": 591, "QCS": 0.5159454385428556, "SCS": {"ori-": 23.35769763657718, "sam_": 18.388352685205057, "ori-av": 0.0174311176392367, "sam_av": 0.027445302515231428, "sam_/ori_av": 1.574500447031189}, "DDC": 0.9999999999999997, "LCC": 0.05180081738738238, "GCC": 0.028654015332411714}, "rate-25": {"ANB_G": 0.0005430234707590445, "SP": 25.802652933832707, "ANB": 0.0005396222923445054, "ACC": 0.08310763146452681, "CC": 637, "QCS": 0.8113693659233229, "SCS": {"ori-": 30.125550524428338, "sam_": 22.702777858360804, "ori-av": 0.02086256961525508, "sam_av": 0.03144429066254959, "sam_/ori_av": 1.5072108202604615}, "DDC": 0.9999999999999998, "LCC": 0.052157002662407186, "GCC": 0.03640329947508351}, "rate-30": {"ANB_G": 0.0004372804063071412, "SP": 36.44325968551924, "ANB": 0.0005059010359899657, "ACC": 0.0792660742467222, "CC": 756, "QCS": 0.7117029336795079, "SCS": {"ori-": 33.62665296770181, "sam_": 25.438177886286265, "ori-av": 0.019944634025920407, "sam_av": 0.030175774479580385, "sam_/ori_av": 1.5129770965144511}, "DDC": 0.46789101907327024, "LCC": 0.06950710978328309, "GCC": 0.05180423852860688}, "rate-35": {"ANB_G": 0.00040891413040078015, "SP": 30.662085863240243, "ANB": 0.00045787957638230035, "ACC": 0.08385882591671297, "CC": 859, "QCS": 0.7567719582356969, "SCS": {"ori-": 39.93361918091187, "sam_": 30.21761852874492, "ori-av": 0.02097353948577304, "sam_av": 0.03174119593355559, "sam_/ori_av": 1.513392432168474}, "DDC": 0.0002121267668619975, "LCC": 0.06914986989507291, "GCC": 0.08292068065184117}, "rate-40": {"ANB_G": 0.000483827191656134, "SP": 22.7276214192799, "ANB": 0.0005276660018288424, "ACC": 0.12464048836975565, "CC": 745, "QCS": 0.7398434855015373, "SCS": {"ori-": 39.08826076514353, "sam_": 29.446432043534166, "ori-av": 0.023006627878248104, "sam_av": 0.034642861227687255, "sam_/ori_av": 1.5057774399194228}, "DDC": 1.0, "LCC": 0.0781971164536002, "GCC": 0.048208119100606246}}