{"rate-5": {"ANB_G": 0.0050155708983949075, "SP": 130.8380952380952, "ANB": 1.31989772859913e-05, "ACC": 0.0052535250773761396, "CC": 114, "QCS": 0.23819514867152955, "SCS": {"ori-": 5.293050032085244, "sam_": 4.415189543535314, "ori-av": 0.01538677334908501, "sam_av": 0.02566970664846113, "sam_/ori_av": 1.6682969239933338}, "DDC": 0.0007684683618236487, "LCC": 0.0, "GCC": 0}, "rate-10": {"ANB_G": 0.0032535434593176146, "SP": 187.74035106482566, "ANB": 0.0007997471944921021, "ACC": 0.012630199290332553, "CC": 148, "QCS": 0.5157608450026112, "SCS": {"ori-": 9.723060237889744, "sam_": 7.90885456273635, "ori-av": 0.018345396675263668, "sam_av": 0.029844734199005095, "sam_/ori_av": 1.6268241416249536}, "DDC": 0.07639774470269767, "LCC": 0.0, "GCC": 0}, "rate-15": {"ANB_G": 0.0023912867731513293, "SP": 199.15147175895603, "ANB": 0.002258860583410609, "ACC": 0.03123358701082313, "CC": 166, "QCS": 0.514714476536015, "SCS": {"ori-": 15.036115586117145, "sam_": 12.036650471031669, "ori-av": 0.023567579288584866, "sam_av": 0.03773244661765413, "sam_/ori_av": 1.6010319157356192}, "DDC": 0.0030289550485739225, "LCC": 0.0022990677752582514, "GCC": 0.003206841261357563}, "rate-20": {"ANB_G": 0.0018994695970603016, "SP": 193.13608562691132, "ANB": 0.0024813732082415827, "ACC": 0.05553665850591729, "CC": 164, "QCS": 0.5172423075512605, "SCS": {"ori-": 17.825960169282425, "sam_": 14.241515246592453, "ori-av": 0.025909825827445384, "sam_av": 0.04139975362381527, "sam_/ori_av": 1.5978399044258313}, "DDC": 0.0001562615874508566, "LCC": 0.00239310009718173, "GCC": 0.00149812734082397}, "rate-25": {"ANB_G": 0.00158263420986403, "SP": 197.83314259343246, "ANB": 0.0018190357554870463, "ACC": 0.08285219900041992, "CC": 173, "QCS": 0.38120380444033747, "SCS": {"ori-": 24.129755777398863, "sam_": 18.527834255492323, "ori-av": 0.032607778077566034, "sam_av": 0.05007522771754682, "sam_/ori_av": 1.535683529200608}, "DDC": 0.002278243955153414, "LCC": 0.0026655612589710368, "GCC": 0.0024997024163790024}, "rate-30": {"ANB_G": 0.0013445997943210466, "SP": 159.65153730538412, "ANB": 0.001841812811122221, "ACC": 0.11295426683620191, "CC": 139, "QCS": 0.4130566976252857, "SCS": {"ori-": 24.437580234071664, "sam_": 19.415857686520493, "ori-av": 0.03491082890581666, "sam_av": 0.055473879104344266, "sam_/ori_av": 1.5890163838275835}, "DDC": 0.08549546624805515, "LCC": 0.004355615413454098, "GCC": 0.004455925088795608}, "rate-35": {"ANB_G": 0.0011768594573551138, "SP": 147.8158725802499, "ANB": 0.0015486647527684582, "ACC": 0.13675636107968892, "CC": 132, "QCS": 0.581000784667954, "SCS": {"ori-": 30.067012324751474, "sam_": 22.93165348911595, "ori-av": 0.04344943977565242, "sam_av": 0.06627645517085534, "sam_/ori_av": 1.525369613810174}, "DDC": 4.710811341901433e-06, "LCC": 0.010878096029190357, "GCC": 0.007766320058678862}, "rate-40": {"ANB_G": 0.0010404623941460682, "SP": 142.7470807969766, "ANB": 0.0013396713020620073, "ACC": 0.15575425577529534, "CC": 131, "QCS": 0.4831148273533363, "SCS": {"ori-": 33.93778948956133, "sam_": 25.379328760533152, "ori-av": 0.04918520215878454, "sam_av": 0.0735632717696613, "sam_/ori_av": 1.495638292431473}, "DDC": 0.0027946097190898467, "LCC": 0.01692139367806167, "GCC": 0.01014957264957265}}