{"rate-5": {"ANB_G": 0.0003602712517464054, "SP": 11.971861471861473, "ANB": 3.411060997403777e-05, "ACC": 0.0023830248216195715, "CC": 259, "QCS": 0.4911574206467535, "SCS": {"ori-": 5.976195325153704, "sam_": 5.010519849389258, "ori-av": 0.010985653171238426, "sam_av": 0.018421028858048742, "sam_/ori_av": 1.6768259994113865}, "DDC": 0.06342702669873912, "LCC": 0.0, "GCC": 0}, "rate-10": {"ANB_G": 0.00028565688883138405, "SP": 28.325454545454544, "ANB": 0.00016279921623805896, "ACC": 0.006999792496852517, "CC": 463, "QCS": 0.7075191011968536, "SCS": {"ori-": 15.092372412817587, "sam_": 11.67617594648116, "ori-av": 0.015275680579774886, "sam_av": 0.023635983697330287, "sam_/ori_av": 1.5472949682271115}, "DDC": 4.239175968034914e-07, "LCC": 0.012554858218123521, "GCC": 0.07221006564551423}, "rate-15": {"ANB_G": 0.00045038881673047787, "SP": 24.227574408442575, "ANB": 0.0004816605209827199, "ACC": 0.02951665084497496, "CC": 549, "QCS": 0.7268523486118372, "SCS": {"ori-": 21.161359928111366, "sam_": 16.251920974103786, "ori-av": 0.017316988484542852, "sam_av": 0.026598888664654315, "sam_/ori_av": 1.5359996738691886}, "DDC": 0.0333661838256506, "LCC": 0.034793415793757075, "GCC": 0.06928714190539641}, "rate-20": {"ANB_G": 0.00029601026784867123, "SP": 39.26897360078851, "ANB": 0.0003334477435180095, "ACC": 0.0243926925601468, "CC": 748, "QCS": 0.6032933535004672, "SCS": {"ori-": 23.116188677507527, "sam_": 18.892777161973044, "ori-av": 0.014181710845096642, "sam_av": 0.023181321671132567, "sam_/ori_av": 1.6345927458496703}, "DDC": 0.0009222059781446301, "LCC": 0.026238682593923618, "GCC": 0.0559748427672956}, "rate-25": {"ANB_G": 0.0002836194742451126, "SP": 28.84863129967511, "ANB": 0.0004020519291087023, "ACC": 0.03716799632741124, "CC": 845, "QCS": 0.6626075625264966, "SCS": {"ori-": 31.673292077930775, "sam_": 24.716708844677893, "ori-av": 0.016883417951988687, "sam_av": 0.026350435868526537, "sam_/ori_av": 1.560728754299584}, "DDC": 2.0609863327081257e-07, "LCC": 0.029384984601502677, "GCC": 0.0611909200570238}, "rate-30": {"ANB_G": 0.0003939922209749782, "SP": 33.14915913388446, "ANB": 0.0005148566354483609, "ACC": 0.071330255125139, "CC": 783, "QCS": 0.6639811917048422, "SCS": {"ori-": 33.609983337310254, "sam_": 25.974790383954517, "ori-av": 0.01922767925475415, "sam_av": 0.029719439798574963, "sam_/ori_av": 1.5456592241222595}, "DDC": 0.08007301231208186, "LCC": 0.06434359864229218, "GCC": 0.07663020315385709}, "rate-35": {"ANB_G": 0.0004687835553712285, "SP": 25.856548119728977, "ANB": 0.0005107121887155445, "ACC": 0.10818791119019053, "CC": 743, "QCS": 0.7957063671946588, "SCS": {"ori-": 35.07959642123587, "sam_": 27.15174340625877, "ori-av": 0.02105618032487147, "sam_av": 0.03259513013956635, "sam_/ori_av": 1.5480077410367312}, "DDC": 1.0, "LCC": 0.0738635160909876, "GCC": 0.046728129296936635}, "rate-40": {"ANB_G": 0.00042038397286538084, "SP": 32.88524093865144, "ANB": 0.00047232128504858504, "ACC": 0.10148582460547642, "CC": 858, "QCS": 0.814514367406978, "SCS": {"ori-": 38.134566938902914, "sam_": 29.512770658275766, "ori-av": 0.019861753614011934, "sam_av": 0.030742469435703922, "sam_/ori_av": 1.5478225152292664}, "DDC": 9.003741453961212e-06, "LCC": 0.09090705435420206, "GCC": 0.08849953640054993}}