{"rate-5": {"ANB_G": 0.0002601620535472979, "SP": 19.466666666666665, "ANB": 6.440464820272864e-06, "ACC": 0.0012789815185858925, "CC": 258, "QCS": 0.14919438904123317, "SCS": {"ori-": 5.33990527668258, "sam_": 4.562057129114343, "ori-av": 0.009962509844557052, "sam_av": 0.017022601228038593, "sam_/ori_av": 1.7086659379652982}, "DDC": 0.0007684683618236487, "LCC": 0.0, "GCC": 0}, "rate-10": {"ANB_G": 0.0003062368201877933, "SP": 28.36976744186046, "ANB": 0.0003485884821453045, "ACC": 0.009924850310199062, "CC": 430, "QCS": 0.3042468535923926, "SCS": {"ori-": 13.730980559584594, "sam_": 10.683005364036662, "ori-av": 0.01482827274253196, "sam_av": 0.023073445710662336, "sam_/ori_av": 1.556044059297664}, "DDC": 4.337982289870368e-05, "LCC": 0.016833360328258287, "GCC": 0.11436950146627566}, "rate-15": {"ANB_G": 0.00040682428443794994, "SP": 26.302533161593566, "ANB": 0.0003843158355076629, "ACC": 0.029588981690846086, "CC": 562, "QCS": 0.07958353673569186, "SCS": {"ori-": 19.64420363398307, "sam_": 15.763647701922178, "ori-av": 0.016049185975476367, "sam_av": 0.025757594284186565, "sam_/ori_av": 1.6049159330289358}, "DDC": 0.0070232002453335385, "LCC": 0.05028366957390678, "GCC": 0.08517350157728706}, "rate-20": {"ANB_G": 0.0004524817131298095, "SP": 32.67293084167554, "ANB": 0.0003681418923000713, "ACC": 0.0414832882217593, "CC": 678, "QCS": 0.2709495191325797, "SCS": {"ori-": 23.274067576489674, "sam_": 18.78006449307516, "ori-av": 0.015641174446565643, "sam_av": 0.025242022168111774, "sam_/ori_av": 1.6138188506461038}, "DDC": 0.419144204047317, "LCC": 0.04171337066697705, "GCC": 0.06431711267062544}, "rate-25": {"ANB_G": 0.0005261743349701844, "SP": 38.126248261542386, "ANB": 0.0004152851870878585, "ACC": 0.06775492229982746, "CC": 709, "QCS": 0.5402956202310535, "SCS": {"ori-": 25.800467012272424, "sam_": 20.61518193204994, "ori-av": 0.016454379472112514, "sam_av": 0.026294874913329006, "sam_/ori_av": 1.5980471921104362}, "DDC": 0.0001738192873866895, "LCC": 0.08138922899873323, "GCC": 0.09188797143494756}, "rate-30": {"ANB_G": 0.00041352928245227955, "SP": 38.887913431751464, "ANB": 0.00046717665456858887, "ACC": 0.0752278148841976, "CC": 777, "QCS": 0.5119639921687957, "SCS": {"ori-": 31.728869525985324, "sam_": 25.163433258558065, "ori-av": 0.01806883230409187, "sam_av": 0.028659946763733558, "sam_/ori_av": 1.5861537857785766}, "DDC": 0.026781148335947913, "LCC": 0.07316099327505465, "GCC": 0.0585289280908955}, "rate-35": {"ANB_G": 0.000313230598631588, "SP": 32.81207307189348, "ANB": 0.00046844821289795615, "ACC": 0.06654148459084587, "CC": 918, "QCS": 0.2927152357323431, "SCS": {"ori-": 36.823480196083274, "sam_": 28.851730513167368, "ori-av": 0.018121791435080352, "sam_av": 0.028397372552330085, "sam_/ori_av": 1.5670289912595592}, "DDC": 2.6412205755832474e-13, "LCC": 0.04921497302776348, "GCC": 0.07476568391568213}, "rate-40": {"ANB_G": 0.0004002200696516445, "SP": 34.32963539259075, "ANB": 0.0004947380908977793, "ACC": 0.10762545926316006, "CC": 813, "QCS": 0.43196199041281813, "SCS": {"ori-": 34.17390512453724, "sam_": 26.96785744291866, "ori-av": 0.018552608645242802, "sam_av": 0.029281061284385082, "sam_/ori_av": 1.578271920908181}, "DDC": 0.004598714342322285, "LCC": 0.09598467117107932, "GCC": 0.05915474796101482}}