{"rate-5": {"ANB_G": 0.0005264818435878215, "SP": 11.389140271493211, "ANB": 0.00021682898228251985, "ACC": 0.010660358333778099, "CC": 234, "QCS": 0.5229172114548228, "SCS": {"ori-": 7.276264710716819, "sam_": 5.97149047791686, "ori-av": 0.014323355729757518, "sam_av": 0.02350980503116874, "sam_/ori_av": 1.6413615269169008}, "DDC": 0.21993376656273622, "LCC": 0.009733665723017985, "GCC": 0.03926701570680628}, "rate-10": {"ANB_G": 0.0002402517671641214, "SP": 35.31781538280745, "ANB": 6.370963011551347e-05, "ACC": 0.003031819992860707, "CC": 477, "QCS": 0.38117721639621854, "SCS": {"ori-": 12.095514137359064, "sam_": 10.093293011783501, "ori-av": 0.012095514137359065, "sam_av": 0.020186586023567002, "sam_/ori_av": 1.6689316216180738}, "DDC": 0.050598211371404966, "LCC": 0.0022933415790558644, "GCC": 0.012448132780082987}, "rate-15": {"ANB_G": 0.0005172119460843586, "SP": 31.81149455111572, "ANB": 0.0004437194339091535, "ACC": 0.03805581032943741, "CC": 522, "QCS": 0.5903318110021899, "SCS": {"ori-": 20.05847109824485, "sam_": 15.628595490363631, "ori-av": 0.017202805401582207, "sam_av": 0.026807196381412747, "sam_/ori_av": 1.5583037624169829}, "DDC": 0.9999999999648501, "LCC": 0.032651332210361886, "GCC": 0.031093279839518557}, "rate-20": {"ANB_G": 0.00039726652784310783, "SP": 29.56614949568268, "ANB": 0.0004619298877621293, "ACC": 0.03743117825075135, "CC": 678, "QCS": 0.7299538123548938, "SCS": {"ori-": 22.215170656431084, "sam_": 18.10512016217764, "ori-av": 0.014929550172332717, "sam_av": 0.02433483892765812, "sam_/ori_av": 1.6299780399784036}, "DDC": 1.0367246998654878e-06, "LCC": 0.0454882649048062, "GCC": 0.07502870996554804}, "rate-25": {"ANB_G": 0.0006176839279634431, "SP": 20.95769743769744, "ANB": 0.0007075777300753794, "ACC": 0.11164215093402004, "CC": 526, "QCS": 0.720532138476881, "SCS": {"ori-": 24.328230672968346, "sam_": 18.635763765573238, "ori-av": 0.019683034525055296, "sam_av": 0.03015495754947126, "sam_/ori_av": 1.5320278746189184}, "DDC": 0.9999953626306907, "LCC": 0.06974561072552786, "GCC": 0.045464970625077185}, "rate-30": {"ANB_G": 0.00043614114788747665, "SP": 25.321101021592174, "ANB": 0.0004802434278583144, "ACC": 0.07277563325245422, "CC": 800, "QCS": 0.7624914267756497, "SCS": {"ori-": 30.958552454951153, "sam_": 24.575559854450812, "ori-av": 0.017470966396699296, "sam_av": 0.027737652205926423, "sam_/ori_av": 1.5876426968096489}, "DDC": 0.0046620732299236245, "LCC": 0.06370080686206248, "GCC": 0.07159196814369229}, "rate-35": {"ANB_G": 0.0003640400201878012, "SP": 35.062298681174056, "ANB": 0.00044894174484461286, "ACC": 0.08049828595160996, "CC": 875, "QCS": 0.8155807054329414, "SCS": {"ori-": 34.96543936250567, "sam_": 27.063768840014376, "ori-av": 0.01821116633463837, "sam_av": 0.028191425875014976, "sam_/ori_av": 1.5480296734972845}, "DDC": 0.33513412260154274, "LCC": 0.06346801044767607, "GCC": 0.04099242802782796}, "rate-40": {"ANB_G": 0.0004656796355733387, "SP": 32.05525376490252, "ANB": 0.0004960257178158374, "ACC": 0.11530782112177208, "CC": 791, "QCS": 0.7796425800972999, "SCS": {"ori-": 33.80054470584303, "sam_": 25.984453723690702, "ori-av": 0.018925276990953546, "sam_av": 0.02906538447840123, "sam_/ori_av": 1.535797044994097}, "DDC": 0.0007621713572844024, "LCC": 0.09523959145026033, "GCC": 0.0778909072534802}}