{"rate-5": {"ANB_G": 0.004975035156095664, "SP": 133.12380952380948, "ANB": 1.274993713572662e-05, "ACC": 0.005061827314406284, "CC": 118, "QCS": 0.32418353394274285, "SCS": {"ori-": 4.939542041908347, "sam_": 4.160312225207082, "ori-av": 0.01478904802966571, "sam_av": 0.024912049252737017, "sam_/ori_av": 1.6844930926429702}, "DDC": 0.004585707263058403, "LCC": 0.0, "GCC": 0}, "rate-10": {"ANB_G": 0.003194203077743043, "SP": 201.28779472954236, "ANB": 0.00038301917158535076, "ACC": 0.007156014634045835, "CC": 159, "QCS": 0.28775183778463365, "SCS": {"ori-": 10.470627637905658, "sam_": 8.421926612779396, "ori-av": 0.020611471728160743, "sam_av": 0.03315719138889526, "sam_/ori_av": 1.6086765577051798}, "DDC": 0.004069811575995064, "LCC": 0.0, "GCC": 0}, "rate-15": {"ANB_G": 0.002383752556410474, "SP": 208.86499091905313, "ANB": 0.0014211719646759922, "ACC": 0.029360729184139574, "CC": 169, "QCS": 0.22689319848866998, "SCS": {"ori-": 13.676450738591244, "sam_": 11.289001888796061, "ori-av": 0.02126975231507192, "sam_av": 0.0350590120770064, "sam_/ori_av": 1.648303729995168}, "DDC": 0.010565445291316866, "LCC": 7.092441973529176e-05, "GCC": 0.0014177693761814746}, "rate-20": {"ANB_G": 0.001875712194101514, "SP": 173.29688380300726, "ANB": 0.0022236482399694384, "ACC": 0.0694007690647936, "CC": 147, "QCS": 0.44171910255320185, "SCS": {"ori-": 17.728548920522123, "sam_": 14.432218682166669, "ori-av": 0.027787694232793297, "sam_av": 0.04524206483437827, "sam_/ori_av": 1.628133102925338}, "DDC": 0.0008864807059528745, "LCC": 0.001181861633542306, "GCC": 0.0017733990147783252}, "rate-25": {"ANB_G": 0.0015699985210865007, "SP": 175.86468235593568, "ANB": 0.0020358176565440185, "ACC": 0.09378596115241482, "CC": 158, "QCS": 0.6490259977809317, "SCS": {"ori-": 21.705179059275224, "sam_": 17.425982995002, "ori-av": 0.03164020271031374, "sam_av": 0.05080461514577842, "sam_/ori_av": 1.605698155948213}, "DDC": 0.00011947396985634295, "LCC": 0.0033599930568920552, "GCC": 0.004207081921234077}, "rate-30": {"ANB_G": 0.0013512873391708182, "SP": 167.82681954200436, "ANB": 0.0017210510946450738, "ACC": 0.11631729117093827, "CC": 149, "QCS": 0.40877501851120623, "SCS": {"ori-": 26.756486566506982, "sam_": 21.106429739050988, "ori-av": 0.03705884565998197, "sam_av": 0.058466564374102456, "sam_/ori_av": 1.5776682552537686}, "DDC": 0.010510044566589993, "LCC": 0.006523144661339203, "GCC": 0.005085740366434114}, "rate-35": {"ANB_G": 0.0011791822068673106, "SP": 129.9587866279449, "ANB": 0.0016129038084300516, "ACC": 0.14471812865203823, "CC": 117, "QCS": 0.5189836636118013, "SCS": {"ori-": 29.485401697855146, "sam_": 22.42288125487107, "ori-av": 0.04374688679206995, "sam_av": 0.06653673962869754, "sam_/ori_av": 1.5209479921382367}, "DDC": 0.0029073887268662446, "LCC": 0.008514461454063477, "GCC": 0.006014256014256014}, "rate-40": {"ANB_G": 0.0010436328944677222, "SP": 129.37745806461083, "ANB": 0.0013338391186044451, "ACC": 0.16230612644369768, "CC": 115, "QCS": 0.5512943197065459, "SCS": {"ori-": 32.4213551616152, "sam_": 24.764109643680538, "ori-av": 0.05179130217510416, "sam_av": 0.07911856116191865, "sam_/ori_av": 1.5276418595234815}, "DDC": 0.00061383199989129, "LCC": 0.011202764147660575, "GCC": 0.010898539784388196}}