{"rate-5": {"ANB_G": 0.0003079624777191934, "SP": 14.43809523809524, "ANB": 4.6196420500969565e-05, "ACC": 0.0030762832950804917, "CC": 253, "QCS": 0.215511314405886, "SCS": {"ori-": 5.230443111342103, "sam_": 4.443155664349991, "ori-av": 0.009722013218107999, "sam_av": 0.016517307302416323, "sam_/ori_av": 1.6989595603153025}, "DDC": 5.680096412663538e-06, "LCC": 0.015387107223841914, "GCC": 0.19047619047619047}, "rate-10": {"ANB_G": 0.00026860775530819324, "SP": 25.453239289446188, "ANB": 0.00011203323129113269, "ACC": 0.005986552457898533, "CC": 474, "QCS": 0.30444504954003243, "SCS": {"ori-": 11.462088667283977, "sam_": 9.347363067761522, "ori-av": 0.011281583333940923, "sam_av": 0.018400320999530557, "sam_/ori_av": 1.6310051926995686}, "DDC": 0.0014178131795749005, "LCC": 0.00631709858347882, "GCC": 0.03564356435643564}, "rate-15": {"ANB_G": 0.0006442437952792575, "SP": 23.59141843971631, "ANB": 0.0005343632998894875, "ACC": 0.05188928838655735, "CC": 485, "QCS": 0.33460566110694656, "SCS": {"ori-": 17.87811449348677, "sam_": 13.942536675558502, "ori-av": 0.01661534804227395, "sam_av": 0.02591549567947677, "sam_/ori_av": 1.559732339854737}, "DDC": 0.9681027833682019, "LCC": 0.04091126426134205, "GCC": 0.043362403100775194}, "rate-20": {"ANB_G": 0.0004143222023220009, "SP": 25.254311787608124, "ANB": 0.00043216351385238594, "ACC": 0.041598434648843656, "CC": 675, "QCS": 0.3463822084147887, "SCS": {"ori-": 21.264090793784092, "sam_": 16.92726892725566, "ori-av": 0.014367628914718981, "sam_av": 0.022874687739534678, "sam_/ori_av": 1.592099007798051}, "DDC": 0.011818437840254381, "LCC": 0.04313158670309015, "GCC": 0.07483370288248337}, "rate-25": {"ANB_G": 0.0003594139525872906, "SP": 28.659752063037345, "ANB": 0.00038560925118485127, "ACC": 0.045957436940610115, "CC": 809, "QCS": 0.4084143595113917, "SCS": {"ori-": 25.95169416245913, "sam_": 20.42249067554297, "ori-av": 0.014596003465950018, "sam_av": 0.02297243045617882, "sam_/ori_av": 1.5738849685648248}, "DDC": 4.658457055328746e-06, "LCC": 0.05057019353336264, "GCC": 0.08681560365783077}, "rate-30": {"ANB_G": 0.00030419425725101756, "SP": 33.39305450481163, "ANB": 0.00041731845232647886, "ACC": 0.04655041159841688, "CC": 932, "QCS": 0.48888891742313106, "SCS": {"ori-": 28.178776860462275, "sam_": 22.635546432580764, "ori-av": 0.013819900372958448, "sam_av": 0.022191712188804672, "sam_/ori_av": 1.6057794622186596}, "DDC": 5.37447863990792e-12, "LCC": 0.038918666365953654, "GCC": 0.06878930817610063}, "rate-35": {"ANB_G": 0.0004382742990402063, "SP": 31.4649097433601, "ANB": 0.0005439436603660341, "ACC": 0.10335384081302623, "CC": 739, "QCS": 0.43902115137958914, "SCS": {"ori-": 31.505966387733437, "sam_": 23.574760742423308, "ori-av": 0.018911144290356206, "sam_av": 0.028301033304229662, "sam_/ori_av": 1.4965267500318242}, "DDC": 0.03732692541628291, "LCC": 0.08007066930143236, "GCC": 0.05662693094448755}, "rate-40": {"ANB_G": 0.0004151640283818878, "SP": 36.449017579206256, "ANB": 0.00047186416671884295, "ACC": 0.10803132125909537, "CC": 829, "QCS": 0.5661683196605095, "SCS": {"ori-": 35.20672680459259, "sam_": 26.846239385969245, "ori-av": 0.018887728972420918, "sam_av": 0.028804977881941248, "sam_/ori_av": 1.5250630673492345}, "DDC": 0.9993508211879818, "LCC": 0.07106701455328342, "GCC": 0.044839838778107766}}