{"rate-5": {"ANB_G": 0.00022305585562834535, "SP": 13.852380952380953, "ANB": 5.4068099725747515e-06, "ACC": 0.0010345700292242047, "CC": 266, "QCS": 0.1476117316896031, "SCS": {"ori-": 7.3898912360040985, "sam_": 5.91702682320071, "ori-av": 0.013584358889713417, "sam_av": 0.021753775085296728, "sam_/ori_av": 1.6013840080277544}, "DDC": 4.5315705613391266e-05, "LCC": 0.0, "GCC": 0}, "rate-10": {"ANB_G": 0.0005795609651851237, "SP": 18.084696600533704, "ANB": 0.00034348617434775596, "ACC": 0.025348494659124175, "CC": 403, "QCS": 0.19560254316567066, "SCS": {"ori-": 13.48450801406774, "sam_": 11.205454654053066, "ori-av": 0.015117161450748588, "sam_av": 0.02512433778935665, "sam_/ori_av": 1.6619745625666065}, "DDC": 0.006707473262657415, "LCC": 0.04285478852370108, "GCC": 0.10510419812745395}, "rate-15": {"ANB_G": 0.00039614728710732556, "SP": 39.65453188944845, "ANB": 0.0002459502013580172, "ACC": 0.021437018264726656, "CC": 588, "QCS": 0.29938953831648624, "SCS": {"ori-": 18.603310864900227, "sam_": 15.208320008600902, "ori-av": 0.014671380808280936, "sam_av": 0.023987886448897322, "sam_/ori_av": 1.6350121888566815}, "DDC": 1.0905190545251742e-05, "LCC": 0.04146135079686073, "GCC": 0.10235387463633959}, "rate-20": {"ANB_G": 0.0007600806966011807, "SP": 14.623030854556857, "ANB": 0.0007889013737359097, "ACC": 0.09980099570867855, "CC": 467, "QCS": 0.4579109389663195, "SCS": {"ori-": 22.796687499387488, "sam_": 17.86982098857971, "ori-av": 0.020667894378411142, "sam_av": 0.03237286410974585, "sam_/ori_av": 1.566335859716859}, "DDC": 0.4758212453383748, "LCC": 0.08589976793107972, "GCC": 0.06382071044623304}, "rate-25": {"ANB_G": 0.0003442425405672982, "SP": 34.075565670558746, "ANB": 0.00041180510837448376, "ACC": 0.04955090628954865, "CC": 787, "QCS": 0.5548360594849592, "SCS": {"ori-": 29.373815671797455, "sam_": 23.509087340669193, "ori-av": 0.016939916765742476, "sam_av": 0.027115440992698032, "sam_/ori_av": 1.6006832481924278}, "DDC": 0.00018376176355461293, "LCC": 0.04459678034495905, "GCC": 0.09328709146484834}, "rate-30": {"ANB_G": 0.0005442333496524713, "SP": 23.103988403301603, "ANB": 0.0005977951146971009, "ACC": 0.10965271428353728, "CC": 631, "QCS": 0.46447436655513435, "SCS": {"ori-": 33.67976122186628, "sam_": 25.51780438487277, "ori-av": 0.022942616636148692, "sam_av": 0.03476540106930895, "sam_/ori_av": 1.515319792012395}, "DDC": 0.0010289311774001053, "LCC": 0.09630699415785192, "GCC": 0.07774666192192843}, "rate-35": {"ANB_G": 0.0003833237060861044, "SP": 32.222219600143475, "ANB": 0.00044629481761603837, "ACC": 0.07610383182128529, "CC": 898, "QCS": 0.3056106876014859, "SCS": {"ori-": 35.18951993378393, "sam_": 28.158715019980427, "ori-av": 0.01752466132160554, "sam_av": 0.028046528904362975, "sam_/ori_av": 1.6004034765445305}, "DDC": 0.0001602345161089147, "LCC": 0.06756757685846147, "GCC": 0.0924177564064974}, "rate-40": {"ANB_G": 0.0004981601674675018, "SP": 20.36112769485904, "ANB": 0.0005814128053096404, "ACC": 0.1402819784587758, "CC": 660, "QCS": 0.48114607394667286, "SCS": {"ori-": 34.89305028133725, "sam_": 26.171832249690617, "ori-av": 0.022986199131315714, "sam_av": 0.034481992423834804, "sam_/ori_av": 1.5001171888769362}, "DDC": 0.9999999999999524, "LCC": 0.10434072988352494, "GCC": 0.05700821756635026}}