{"rate-5": {"ANB_G": 0.00029140101986364344, "SP": 15.258297258297258, "ANB": 2.05140731312395e-05, "ACC": 0.0016396727631596557, "CC": 255, "QCS": 0.12374681537497127, "SCS": {"ori-": 6.908738827930712, "sam_": 5.469625191386582, "ori-av": 0.012937713160918936, "sam_av": 0.020485487608189447, "sam_/ori_av": 1.5833932437202378}, "DDC": 0.0007684683618236487, "LCC": 0.0, "GCC": 0}, "rate-10": {"ANB_G": 0.0002855306178479188, "SP": 28.230456921719057, "ANB": 0.00017870931942847666, "ACC": 0.007873794486647488, "CC": 445, "QCS": 0.0939807530959604, "SCS": {"ori-": 16.028381354427303, "sam_": 11.984945818582897, "ori-av": 0.017015266830602234, "sam_av": 0.02544574483775562, "sam_/ori_av": 1.4954655187652441}, "DDC": 0.018272305524319354, "LCC": 0.010276356992253875, "GCC": 0.06753554502369669}, "rate-15": {"ANB_G": 0.00042650693362245235, "SP": 30.847150134563627, "ANB": 0.0003465911869511677, "ACC": 0.02876238776621671, "CC": 560, "QCS": 0.3578961743956035, "SCS": {"ori-": 16.529859382248304, "sam_": 13.488988833111241, "ori-av": 0.013482756429240052, "sam_av": 0.02200487574732666, "sam_/ori_av": 1.6320754485785034}, "DDC": 0.31810383981160983, "LCC": 0.029237367062369762, "GCC": 0.043304843304843306}, "rate-20": {"ANB_G": 0.0005120995132535344, "SP": 18.855923166087102, "ANB": 0.0005440093323204087, "ACC": 0.057246958904425216, "CC": 607, "QCS": 0.47852858075787585, "SCS": {"ori-": 22.81679904770869, "sam_": 17.759541257643495, "ori-av": 0.016801766603614647, "sam_av": 0.02615543631464432, "sam_/ori_av": 1.5567075136621273}, "DDC": 1.2989130283580508e-06, "LCC": 0.0609840888904882, "GCC": 0.10530346544131725}, "rate-25": {"ANB_G": 0.0003920390415740734, "SP": 35.61977610257798, "ANB": 0.0004545149358909061, "ACC": 0.05929858848440981, "CC": 738, "QCS": 0.24890836501309693, "SCS": {"ori-": 29.0801037290702, "sam_": 22.707541615190948, "ori-av": 0.01764569401035813, "sam_av": 0.02755769613494047, "sam_/ori_av": 1.561723563763711}, "DDC": 0.1784658395350026, "LCC": 0.06939205402692612, "GCC": 0.05829098976597724}, "rate-30": {"ANB_G": 0.00032782197177854555, "SP": 43.07471363339856, "ANB": 0.00045807214185351826, "ACC": 0.05967062832953315, "CC": 843, "QCS": 0.2846874366970572, "SCS": {"ori-": 36.04542714601164, "sam_": 28.11085929780174, "ori-av": 0.019213980355016865, "sam_av": 0.029968933153306756, "sam_/ori_av": 1.5597462160140971}, "DDC": 0.07480024629168869, "LCC": 0.04933579857226728, "GCC": 0.0598375054896794}, "rate-35": {"ANB_G": 0.0005008219969900803, "SP": 18.109389311087458, "ANB": 0.0006184661857153715, "ACC": 0.12386518686138127, "CC": 651, "QCS": 0.5249542942582014, "SCS": {"ori-": 31.928473646324928, "sam_": 24.179552873620878, "ori-av": 0.021457307558014064, "sam_av": 0.03249939902368398, "sam_/ori_av": 1.5146075030996056}, "DDC": 0.9999999999951551, "LCC": 0.07287058781845666, "GCC": 0.03318016162256378}, "rate-40": {"ANB_G": 0.00053812348369737, "SP": 28.600825726050672, "ANB": 0.0005512005158634216, "ACC": 0.14116858696457504, "CC": 662, "QCS": 0.5784116288588576, "SCS": {"ori-": 37.173795377620365, "sam_": 27.618678967051586, "ori-av": 0.024360285306435366, "sam_av": 0.036197482263501425, "sam_/ori_av": 1.4859219343354313}, "DDC": 1.0, "LCC": 0.10363332372316902, "GCC": 0.04254861733885333}}