{"rate-5": {"ANB_G": 0.00032289887637952105, "SP": 13.720430107526884, "ANB": 0.00013779414238929477, "ACC": 0.0026502047479793405, "CC": 253, "QCS": 0.12695827575776011, "SCS": {"ori-": 6.316336060621849, "sam_": 5.24644525606344, "ori-av": 0.01191761520872047, "sam_av": 0.019797906626654493, "sam_/ori_av": 1.6612305633234226}, "DDC": 0.00015252536723620036, "LCC": 0.0071428571428571435, "GCC": 0.0410958904109589}, "rate-10": {"ANB_G": 0.00023598694995728158, "SP": 33.91455399061033, "ANB": 0.00010452809249590145, "ACC": 0.0030933877302430717, "CC": 483, "QCS": 0.16960622796424227, "SCS": {"ori-": 13.021049040976392, "sam_": 10.655740019508693, "ori-av": 0.012892127763342962, "sam_av": 0.02110047528615583, "sam_/ori_av": 1.6366945529466597}, "DDC": 9.965972581515992e-06, "LCC": 0.006404423241157935, "GCC": 0.03461538461538462}, "rate-15": {"ANB_G": 0.00035562144434805865, "SP": 30.698528509099354, "ANB": 0.00042695129852580776, "ACC": 0.0231776054171607, "CC": 566, "QCS": 0.09169471145251291, "SCS": {"ori-": 16.49534454452907, "sam_": 13.705137773287998, "ori-av": 0.013050114354848947, "sam_av": 0.021685344577987337, "sam_/ori_av": 1.6616976670346075}, "DDC": 8.060036028090245e-05, "LCC": 0.024689429556287043, "GCC": 0.06004618937644342}, "rate-20": {"ANB_G": 0.0004837515124242943, "SP": 24.643586987106875, "ANB": 0.0004859264377032846, "ACC": 0.05392558828643269, "CC": 625, "QCS": 0.5558942219312686, "SCS": {"ori-": 24.399165769299863, "sam_": 19.192095371038512, "ori-av": 0.017654967995151854, "sam_av": 0.02777437825041753, "sam_/ori_av": 1.5731763579545723}, "DDC": 0.004640340393707421, "LCC": 0.055289454143725825, "GCC": 0.08445423163909059}, "rate-25": {"ANB_G": 0.00033683287216388735, "SP": 39.66144190846473, "ANB": 0.0004506064718536773, "ACC": 0.04494186618388923, "CC": 779, "QCS": 0.4421240739533966, "SCS": {"ori-": 26.27633636299485, "sam_": 21.069293636238235, "ori-av": 0.015339367403966638, "sam_av": 0.024584940065622212, "sam_/ori_av": 1.6027349380304134}, "DDC": 0.19593913217769376, "LCC": 0.03403927909271494, "GCC": 0.05581395348837209}, "rate-30": {"ANB_G": 0.0003986178684791401, "SP": 39.3132902808661, "ANB": 0.0004597893890904157, "ACC": 0.07021642217590841, "CC": 804, "QCS": 0.5458471318640237, "SCS": {"ori-": 30.23306034931408, "sam_": 24.250072441479027, "ori-av": 0.016908870441450827, "sam_av": 0.02712536067279533, "sam_/ori_av": 1.6042089131098636}, "DDC": 0.2661107815997822, "LCC": 0.06321289065964161, "GCC": 0.0592624752394649}, "rate-35": {"ANB_G": 0.0004913465546989953, "SP": 30.84559039726005, "ANB": 0.000540098618841967, "ACC": 0.1128910846839137, "CC": 707, "QCS": 0.49263877016309515, "SCS": {"ori-": 32.74331193692935, "sam_": 25.492184107004544, "ori-av": 0.020580334341250377, "sam_av": 0.03202535691834742, "sam_/ori_av": 1.5561145114225432}, "DDC": 1.0, "LCC": 0.08095307865722365, "GCC": 0.049895002099958}, "rate-40": {"ANB_G": 0.00036800629670405476, "SP": 28.038247542142077, "ANB": 0.00047578337922678276, "ACC": 0.09316662497124371, "CC": 900, "QCS": 0.44710158078801565, "SCS": {"ori-": 39.65281526909175, "sam_": 29.875388026857152, "ori-av": 0.019856191922429517, "sam_av": 0.02990529332017733, "sam_/ori_av": 1.5060940908007827}, "DDC": 7.959375956878567e-06, "LCC": 0.07901256665882994, "GCC": 0.08101805199666023}}