{"rate-5": {"ANB_G": 0.0002630228474033907, "SP": 7.660215053763441, "ANB": 9.835623435404366e-05, "ACC": 0.0032018393782557, "CC": 260, "QCS": 0.5196575106264439, "SCS": {"ori-": 5.902756623755102, "sam_": 4.693241846237923, "ori-av": 0.01089069487777694, "sam_av": 0.017318235594973884, "sam_/ori_av": 1.5901864655406601}, "DDC": 0.24565178663802167, "LCC": 0.010927960927960929, "GCC": 0.05454545454545454}, "rate-10": {"ANB_G": 0.0004981366494476732, "SP": 15.85545235638115, "ANB": 0.0004104490200938771, "ACC": 0.02260956868912332, "CC": 404, "QCS": 0.6665715245271749, "SCS": {"ori-": 11.18840397366168, "sam_": 9.14825043903345, "ori-av": 0.01262799545560009, "sam_av": 0.020650678191949098, "sam_/ori_av": 1.6353092828198017}, "DDC": 0.003297050242318078, "LCC": 0.03432779657491281, "GCC": 0.10365548322483725}, "rate-15": {"ANB_G": 0.0005171610101044115, "SP": 26.945730161299025, "ANB": 0.0004791422295881513, "ACC": 0.03758701696908787, "CC": 524, "QCS": 0.7784694275608625, "SCS": {"ori-": 17.24253659896073, "sam_": 13.702054426747354, "ori-av": 0.014813175772303032, "sam_av": 0.023543048843208514, "sam_/ori_av": 1.589331633209145}, "DDC": 0.02428091579123115, "LCC": 0.04452846692980271, "GCC": 0.06737425011536687}, "rate-20": {"ANB_G": 0.00045231196775221674, "SP": 19.781289788642727, "ANB": 0.0006031771511025668, "ACC": 0.05711743921024569, "CC": 599, "QCS": 0.7210878887794615, "SCS": {"ori-": 22.43243388793955, "sam_": 17.240417091423893, "ori-av": 0.016641271430222218, "sam_av": 0.02557925384484257, "sam_/ori_av": 1.537097327695051}, "DDC": 0.1660602641807405, "LCC": 0.05277488867691108, "GCC": 0.07896430870467062}, "rate-25": {"ANB_G": 0.0004089580318587652, "SP": 30.264434359979592, "ANB": 0.00044141795365542014, "ACC": 0.05173086687295231, "CC": 769, "QCS": 0.596566680957624, "SCS": {"ori-": 24.978567740337272, "sam_": 20.03892302630072, "ori-av": 0.01493933477292899, "sam_av": 0.023970003619976935, "sam_/ori_av": 1.6044893554037012}, "DDC": 0.03147989495268633, "LCC": 0.06418141100015974, "GCC": 0.10368980040285662}, "rate-30": {"ANB_G": 0.0004824677694983059, "SP": 31.01913214618666, "ANB": 0.0005269580274540073, "ACC": 0.09407228083407036, "CC": 699, "QCS": 0.8887686842575778, "SCS": {"ori-": 26.66193302584183, "sam_": 20.16870042232454, "ori-av": 0.017179080557887777, "sam_av": 0.025990593327737812, "sam_/ori_av": 1.512921092613669}, "DDC": 0.9999999999998518, "LCC": 0.05678429339891292, "GCC": 0.0377765409767636}, "rate-35": {"ANB_G": 0.0003957311624403584, "SP": 32.7788087940364, "ANB": 0.00044716985007427256, "ACC": 0.08091436873210986, "CC": 876, "QCS": 0.7708193100584887, "SCS": {"ori-": 33.16806345449129, "sam_": 25.99602142401969, "ori-av": 0.017284035150855283, "sam_av": 0.027079188983353843, "sam_/ori_av": 1.566716842855637}, "DDC": 3.672321713388271e-08, "LCC": 0.06261120631579173, "GCC": 0.07577445113548412}, "rate-40": {"ANB_G": 0.0004575710978354458, "SP": 20.847645745698568, "ANB": 0.0005240792390152599, "ACC": 0.11659124542012546, "CC": 775, "QCS": 0.7500306690046288, "SCS": {"ori-": 35.9117186537494, "sam_": 27.293899033047477, "ori-av": 0.020615223107778073, "sam_av": 0.03133627902760904, "sam_/ori_av": 1.520055294273577}, "DDC": 0.007362304270174591, "LCC": 0.09018717774892573, "GCC": 0.06194027855748924}}