{"rate-5": {"ANB_G": 0.004868473521692417, "SP": 133.44999999999996, "ANB": 1.0734108033788107e-05, "ACC": 0.004933285805395761, "CC": 117, "QCS": 0.29123174210588326, "SCS": {"ori-": 4.798532427408348, "sam_": 3.9407120771552044, "ori-av": 0.014995413835651086, "sam_av": 0.02462945048222003, "sam_/ori_av": 1.6424655399415753}, "DDC": 0.0023632031228146833, "LCC": 0.0, "GCC": 0}, "rate-10": {"ANB_G": 0.0031704942740160527, "SP": 219.15674008944885, "ANB": 5.631173373026216e-05, "ACC": 0.004753530710720562, "CC": 174, "QCS": 0.5630461170936085, "SCS": {"ori-": 10.27267485229233, "sam_": 8.25659665152015, "ori-av": 0.018278780875965, "sam_av": 0.029382906233167794, "sam_/ori_av": 1.6074871969062088}, "DDC": 0.00019770486974046708, "LCC": 0.0, "GCC": 0}, "rate-15": {"ANB_G": 0.00237448993431336, "SP": 222.9036361957362, "ANB": 0.0012670637126491284, "ACC": 0.02244096933416294, "CC": 183, "QCS": 0.3947957720533829, "SCS": {"ori-": 14.811121900549036, "sam_": 12.087260496542685, "ori-av": 0.022821451310553215, "sam_av": 0.037191570758592876, "sam_/ori_av": 1.6296759681271697}, "DDC": 0.00014799269422938188, "LCC": 0.0009437523593808984, "GCC": 0.001564945226917058}, "rate-20": {"ANB_G": 0.0018800520375087313, "SP": 196.93288885658288, "ANB": 0.0021181874467863186, "ACC": 0.05568751245134121, "CC": 164, "QCS": 0.32575944176612476, "SCS": {"ori-": 16.222007872066868, "sam_": 13.314029205681221, "ori-av": 0.02457879980616192, "sam_av": 0.040345543047518855, "sam_/ori_av": 1.6414773449354594}, "DDC": 9.285731437036482e-05, "LCC": 0.0044092985822309135, "GCC": 0.0028873917228103944}, "rate-25": {"ANB_G": 0.0015733989977230983, "SP": 182.65005897077214, "ANB": 0.0020380018538800697, "ACC": 0.08918631919531202, "CC": 162, "QCS": 0.5775287045054107, "SCS": {"ori-": 20.20679019020073, "sam_": 16.20895755299344, "ori-av": 0.02854066411045301, "sam_av": 0.04578801568642214, "sam_/ori_av": 1.6043079975021426}, "DDC": 0.0002518878214277098, "LCC": 0.001260532475547735, "GCC": 0.0020649305953883215}, "rate-30": {"ANB_G": 0.0013514733863421347, "SP": 157.55332117211023, "ANB": 0.0017008861227871934, "ACC": 0.12420406077810779, "CC": 142, "QCS": 0.6325685362644203, "SCS": {"ori-": 24.94264888680624, "sam_": 19.63466695346523, "ori-av": 0.036897409595867216, "sam_av": 0.05809073063155394, "sam_/ori_av": 1.5743850657218097}, "DDC": 0.0005542085527769913, "LCC": 0.005492564490145574, "GCC": 0.006004731000181961}, "rate-35": {"ANB_G": 0.0011803144883084811, "SP": 160.663631593503, "ANB": 0.0015162460410456991, "ACC": 0.13447756508277167, "CC": 145, "QCS": 0.4700252740368367, "SCS": {"ori-": 29.046871287613747, "sam_": 22.553634647841733, "ori-av": 0.04096878884007581, "sam_av": 0.06353136520518798, "sam_/ori_av": 1.550725979554499}, "DDC": 0.00012795189798819884, "LCC": 0.010137988714154842, "GCC": 0.009312412297486925}, "rate-40": {"ANB_G": 0.0010402526047301286, "SP": 116.8816365317695, "ANB": 0.001425265708879094, "ACC": 0.16277624971469648, "CC": 108, "QCS": 0.658955375675225, "SCS": {"ori-": 28.82409869627419, "sam_": 22.323972963036532, "ori-av": 0.044967392661894215, "sam_av": 0.06954508711226334, "sam_/ori_av": 1.5465670343656925}, "DDC": 0.026488892696178712, "LCC": 0.01376347687995563, "GCC": 0.007069566498109873}}