{"rate-5": {"ANB_G": 0.004822419202165538, "SP": 7.771818625060946, "ANB": 0.023191159674866246, "ACC": 0.13332949852687526, "CC": 1, "QCS": 0.7247851346956689, "SCS": {"ori-": 3.9573936973890427, "sam_": 3.2410906825348134, "ori-av": 0.029980255283250323, "sam_av": 0.049107434583860805, "sam_/ori_av": 1.6379925427551862}, "DDC": 4.239175968034914e-07, "LCC": 0.018931295461907704, "GCC": 0.010192525481313703}, "rate-10": {"ANB_G": 0.0031631746240854846, "SP": 6.339840535873634, "ANB": 0.009112355863265585, "ACC": 0.16140358080977021, "CC": 1, "QCS": 0.579989285271759, "SCS": {"ori-": 9.213324740428751, "sam_": 7.261596053392718, "ori-av": 0.037759527624707995, "sam_av": 0.05952127912616982, "sam_/ori_av": 1.5763247813307388}, "DDC": 0.0007530048849939686, "LCC": 0.014420846223567312, "GCC": 0.00717458148274684}, "rate-15": {"ANB_G": 0.002326779026410042, "SP": 5.14839609699347, "ANB": 0.0047140864738562166, "ACC": 0.19914178225101248, "CC": 1, "QCS": 0.6175816521769611, "SCS": {"ori-": 12.329505131973953, "sam_": 9.581851364941492, "ori-av": 0.04971574649989497, "sam_av": 0.07727299487856042, "sam_/ori_av": 1.5542961801594122}, "DDC": 3.541588355915337e-08, "LCC": 0.036862987458999824, "GCC": 0.01596561252686521}, "rate-20": {"ANB_G": 0.0018943821295805449, "SP": 4.6004154002026345, "ANB": 0.0030667933562203036, "ACC": 0.22139478114358796, "CC": 1, "QCS": 0.6724700581269384, "SCS": {"ori-": 15.28771512297405, "sam_": 11.74423085071573, "ori-av": 0.05539027218468859, "sam_av": 0.08510312210663573, "sam_/ori_av": 1.5364272235903653}, "DDC": 8.978089272027034e-09, "LCC": 0.038366892678582086, "GCC": 0.018122325698464635}, "rate-25": {"ANB_G": 0.0015467704510518732, "SP": 4.504227504480349, "ANB": 0.002387075956730481, "ACC": 0.22634255256212613, "CC": 1, "QCS": 0.6451322391690353, "SCS": {"ori-": 16.51687736716884, "sam_": 12.53378308909535, "ori-av": 0.057550095355988984, "sam_av": 0.08704016034093992, "sam_/ori_av": 1.5124242592915536}, "DDC": 5.318627760431127e-10, "LCC": 0.041096251772077555, "GCC": 0.019361476585396272}, "rate-30": {"ANB_G": 0.0013292830500713283, "SP": 4.435877697647409, "ANB": 0.0019499873425921723, "ACC": 0.22966057722703995, "CC": 1, "QCS": 0.715278730982395, "SCS": {"ori-": 20.348112086825363, "sam_": 15.23447420247848, "ori-av": 0.07164828199586395, "sam_av": 0.10728502959491888, "sam_/ori_av": 1.497384537442393}, "DDC": 0.0005195351152359473, "LCC": 0.04450659933158051, "GCC": 0.017496229260935144}, "rate-35": {"ANB_G": 0.0011594716651106387, "SP": 4.170102988066537, "ANB": 0.0015418788852463719, "ACC": 0.24391546120890345, "CC": 1, "QCS": 0.7908573320202691, "SCS": {"ori-": 21.65588452028386, "sam_": 16.034285442301496, "ori-av": 0.07267075342377134, "sam_av": 0.10761265397517782, "sam_/ori_av": 1.4808248009711238}, "DDC": 0.00014285617301390552, "LCC": 0.05201636000790288, "GCC": 0.023501001295794556}, "rate-40": {"ANB_G": 0.0010250780225642489, "SP": 3.96321727329809, "ANB": 0.0012609435205523788, "ACC": 0.2564538457382381, "CC": 1, "QCS": 0.5995728859129077, "SCS": {"ori-": 23.224033195344095, "sam_": 16.963380630099376, "ori-av": 0.08294297569765748, "sam_av": 0.12116700450070983, "sam_/ori_av": 1.4608470877918105}, "DDC": 0.004445647598525615, "LCC": 0.07505724836773141, "GCC": 0.028357290676212316}}