{"rate-5": {"ANB_G": 0.004646500937523553, "SP": 7.76671077987509, "ANB": 0.023173667054366742, "ACC": 0.13297062299220577, "CC": 1, "QCS": 0.7009164739681248, "SCS": {"ori-": 4.3969714419894546, "sam_": 3.2374848758448773, "ori-av": 0.03604074952450373, "sam_av": 0.05307352255483405, "sam_/ori_av": 1.4725976361493236}, "DDC": 9.965972581515992e-06, "LCC": 0.00941043083900227, "GCC": 0.007202881152460984}, "rate-10": {"ANB_G": 0.0032047905947083875, "SP": 6.189786647197209, "ANB": 0.00885629120682119, "ACC": 0.16586620257995227, "CC": 1, "QCS": 0.7253175179662769, "SCS": {"ori-": 7.334893885737189, "sam_": 5.966327746053433, "ori-av": 0.03459855606479806, "sam_av": 0.05628611081182484, "sam_/ori_av": 1.6268340998511368}, "DDC": 3.9338842738878554e-08, "LCC": 0.01437630441231882, "GCC": 0.007428040854224698}, "rate-15": {"ANB_G": 0.0023492772310229077, "SP": 5.280005456590506, "ANB": 0.004863642564307394, "ACC": 0.19352957892982253, "CC": 1, "QCS": 0.5855361042816705, "SCS": {"ori-": 10.830515439135345, "sam_": 8.532568741246903, "ori-av": 0.04438735835711207, "sam_av": 0.0699390880430074, "sam_/ori_av": 1.5756533083208644}, "DDC": 1.3515011055398318e-05, "LCC": 0.026133270659600086, "GCC": 0.012538810604251254}, "rate-20": {"ANB_G": 0.0018364853139584405, "SP": 4.846772325951657, "ANB": 0.0032766374156317337, "ACC": 0.21023630628261336, "CC": 1, "QCS": 0.7135906336953037, "SCS": {"ori-": 13.405815953241694, "sam_": 10.413806612710198, "ori-av": 0.053623263812966775, "sam_av": 0.08331045290168158, "sam_/ori_av": 1.5536251801505614}, "DDC": 0.08028822850502859, "LCC": 0.03569191027865877, "GCC": 0.013331111481419763}, "rate-25": {"ANB_G": 0.0015666549030505436, "SP": 4.475920960623868, "ANB": 0.002367793569907264, "ACC": 0.22748091908524162, "CC": 1, "QCS": 0.6839808446206985, "SCS": {"ori-": 17.93784253333196, "sam_": 13.543169388523634, "ori-av": 0.060600819369364727, "sam_av": 0.09150790127380834, "sam_/ori_av": 1.5100109573777138}, "DDC": 1.3598002890358174e-07, "LCC": 0.039315164963880246, "GCC": 0.014719209975311728}, "rate-30": {"ANB_G": 0.0013280359872188162, "SP": 4.391123021339373, "ANB": 0.0019245874127919226, "ACC": 0.23160552475332033, "CC": 1, "QCS": 0.6320090470430739, "SCS": {"ori-": 18.678646436559408, "sam_": 14.166211714801772, "ori-av": 0.061041328224050354, "sam_av": 0.09258961905099197, "sam_/ori_av": 1.5168349337213727}, "DDC": 4.8340916936062683e-08, "LCC": 0.046606177195396656, "GCC": 0.01685255546022797}, "rate-35": {"ANB_G": 0.0011602853614819887, "SP": 4.284860106970769, "ANB": 0.0015976946045577684, "ACC": 0.23852163667597676, "CC": 1, "QCS": 0.6955659794221167, "SCS": {"ori-": 20.494334250001096, "sam_": 15.398743793114617, "ori-av": 0.07507082142857545, "sam_av": 0.11239958973076362, "sam_/ori_av": 1.497247367110587}, "DDC": 0.0970798273670278, "LCC": 0.04801485072257947, "GCC": 0.019405845711547676}, "rate-40": {"ANB_G": 0.001025759018822345, "SP": 4.061682754769283, "ANB": 0.0013028437254337373, "ACC": 0.25015206321308375, "CC": 1, "QCS": 0.7464416630343907, "SCS": {"ori-": 22.464370836469776, "sam_": 16.570589835414083, "ori-av": 0.07966088949102758, "sam_av": 0.117521913726341, "sam_/ori_av": 1.47527744765614}, "DDC": 0.0004981879980864301, "LCC": 0.065876081188605, "GCC": 0.026313323023571863}}