{"rate-5": {"ANB_G": 0.00445649837112366, "SP": 9.322653293399272, "ANB": 0.028502237306161894, "ACC": 0.11111707833606595, "CC": 1, "QCS": 0.6541465416182409, "SCS": {"ori-": 3.6099177261893405, "sam_": 2.9737451326549302, "ori-av": 0.02693968452380105, "sam_av": 0.04438425571126762, "sam_/ori_av": 1.647541776966779}, "DDC": 4.6780825447068075e-05, "LCC": 0.023582766439909298, "GCC": 0.01675977653631285}, "rate-10": {"ANB_G": 0.003144746756042449, "SP": 5.798259337806673, "ANB": 0.008188155866564292, "ACC": 0.17667775445216302, "CC": 1, "QCS": 0.6433600844701731, "SCS": {"ori-": 7.878305395295636, "sam_": 6.256539220831983, "ori-av": 0.03861914409458645, "sam_av": 0.06133861981207826, "sam_/ori_av": 1.5882956821064447}, "DDC": 1.0033631816508404e-06, "LCC": 0.006340516004381552, "GCC": 0.005064715813168261}, "rate-15": {"ANB_G": 0.002330463205783701, "SP": 5.343327645095117, "ANB": 0.004935599596698997, "ACC": 0.19156369463392328, "CC": 1, "QCS": 0.7254415726163232, "SCS": {"ori-": 11.634038710775643, "sam_": 9.111777455687674, "ori-av": 0.04768048651957231, "sam_av": 0.07468670045645634, "sam_/ori_av": 1.5663997141849273}, "DDC": 0.00011947396985634295, "LCC": 0.019119266245665185, "GCC": 0.0088085827216262}, "rate-20": {"ANB_G": 0.001872376437269077, "SP": 4.816521927920104, "ANB": 0.0032508704667121822, "ACC": 0.21180935118609856, "CC": 1, "QCS": 0.5512946277101853, "SCS": {"ori-": 14.9572509605742, "sam_": 11.532633830609068, "ori-av": 0.052852476892488336, "sam_av": 0.08121573120147231, "sam_/ori_av": 1.5366494812850504}, "DDC": 2.2571440980945212e-05, "LCC": 0.02798364595004172, "GCC": 0.011345939933259178}, "rate-25": {"ANB_G": 0.0015412605789818922, "SP": 4.45382809352468, "ANB": 0.00235274393291872, "ACC": 0.22870561003114892, "CC": 1, "QCS": 0.6322164267966048, "SCS": {"ori-": 17.885742112037818, "sam_": 13.420277106268019, "ori-av": 0.0677490231516584, "sam_av": 0.1016687659565759, "sam_/ori_av": 1.500667629243702}, "DDC": 6.385601525327189e-08, "LCC": 0.03998244278389309, "GCC": 0.016255215577190542}, "rate-30": {"ANB_G": 0.001332931459517689, "SP": 4.331165440273292, "ANB": 0.001890559273707883, "ACC": 0.2351108307969982, "CC": 1, "QCS": 0.692539765723648, "SCS": {"ori-": 18.265784715860303, "sam_": 13.799619899620355, "ori-av": 0.06431614336570529, "sam_av": 0.09718042182831235, "sam_/ori_av": 1.510980241395055}, "DDC": 9.099996706740665e-05, "LCC": 0.050636675557738355, "GCC": 0.01881257105137702}, "rate-35": {"ANB_G": 0.0011673516577868422, "SP": 4.17972714469495, "ANB": 0.001546559895279646, "ACC": 0.24354181883943452, "CC": 1, "QCS": 0.6490730362222562, "SCS": {"ori-": 22.70703542246572, "sam_": 16.33913514730846, "ori-av": 0.08287239205279459, "sam_av": 0.11926376019933184, "sam_/ori_av": 1.4391253497709322}, "DDC": 0.00013238964563122568, "LCC": 0.061177229931148436, "GCC": 0.022671875911131845}, "rate-40": {"ANB_G": 0.0010368766829391002, "SP": 4.016773510765429, "ANB": 0.001283733408836353, "ACC": 0.25301662486776594, "CC": 1, "QCS": 0.660364880485208, "SCS": {"ori-": 21.580577070705584, "sam_": 15.77463987962798, "ori-av": 0.08701845593026444, "sam_av": 0.12721483773893533, "sam_/ori_av": 1.4619293847374606}, "DDC": 0.0015649455486570485, "LCC": 0.06831653637239433, "GCC": 0.023910733262486716}}