{"rate-5": {"ANB_G": 0.004427812632092751, "SP": 8.269763878247545, "ANB": 0.024896451637834053, "ACC": 0.12422756542017326, "CC": 1, "QCS": 0.6724820728069137, "SCS": {"ori-": 5.051693269413712, "sam_": 3.9515279876847744, "ori-av": 0.03660647296676603, "sam_av": 0.057268521560648905, "sam_/ori_av": 1.5644370221802402}, "DDC": 5.680096412663538e-06, "LCC": 0.016909620991253645, "GCC": 0.022388059701492536}, "rate-10": {"ANB_G": 0.003010717842051285, "SP": 5.471977888259222, "ANB": 0.007631361584060099, "ACC": 0.18651669867120013, "CC": 1, "QCS": 0.6249835040220029, "SCS": {"ori-": 8.541973036343911, "sam_": 6.825648496114839, "ori-av": 0.03847735601956717, "sam_av": 0.06149232879382738, "sam_/ori_av": 1.598143301804735}, "DDC": 0.00010290450911831783, "LCC": 0.02097473746046218, "GCC": 0.012485549132947978}, "rate-15": {"ANB_G": 0.0023277478108299668, "SP": 5.220052455337035, "ANB": 0.004795514153792085, "ACC": 0.19626892992489878, "CC": 1, "QCS": 0.5685118137670644, "SCS": {"ori-": 10.899347269835614, "sam_": 8.759281059403202, "ori-av": 0.0406692062307299, "sam_av": 0.0653677691000239, "sam_/ori_av": 1.6073037848137692}, "DDC": 0.15865411502628446, "LCC": 0.043935279525259184, "GCC": 0.016310679611650485}, "rate-20": {"ANB_G": 0.0018577299617538639, "SP": 4.8088247213779125, "ANB": 0.003244314072723942, "ACC": 0.21248002276192204, "CC": 1, "QCS": 0.5597046116308, "SCS": {"ori-": 13.536774178586377, "sam_": 10.722936548221961, "ori-av": 0.05329438652986763, "sam_av": 0.0844325712458422, "sam_/ori_av": 1.5842676263573068}, "DDC": 4.645028472971546e-09, "LCC": 0.03271271662983094, "GCC": 0.012186865267433988}, "rate-25": {"ANB_G": 0.0015463268005721901, "SP": 4.456550108130386, "ANB": 0.002354598166301353, "ACC": 0.22868174220326654, "CC": 1, "QCS": 0.6942493781971815, "SCS": {"ori-": 17.749050871117525, "sam_": 13.395853051876339, "ori-av": 0.06477755792378659, "sam_av": 0.09777994928376889, "sam_/ori_av": 1.5094726077634935}, "DDC": 0.00591100607877848, "LCC": 0.038043747796602564, "GCC": 0.017478253800504023}, "rate-30": {"ANB_G": 0.001321615247708458, "SP": 4.367638263473285, "ANB": 0.0019112589463526012, "ACC": 0.23318543000924324, "CC": 1, "QCS": 0.6289696450879874, "SCS": {"ori-": 20.537710525375093, "sam_": 15.381864329178416, "ori-av": 0.07081969146681066, "sam_av": 0.10608182295985115, "sam_/ori_av": 1.497914220786544}, "DDC": 0.0042574912022863565, "LCC": 0.05026927127637298, "GCC": 0.02128729466979551}, "rate-35": {"ANB_G": 0.0011702450892424922, "SP": 4.221580013351267, "ANB": 0.00156691634890626, "ACC": 0.24108440031480197, "CC": 1, "QCS": 0.8309601721473615, "SCS": {"ori-": 23.794150634113176, "sam_": 17.373634553080063, "ori-av": 0.08621069070330861, "sam_av": 0.12589590255855118, "sam_/ori_av": 1.4603281974832794}, "DDC": 7.482801234193204e-08, "LCC": 0.0561944333307452, "GCC": 0.02376312792610401}, "rate-40": {"ANB_G": 0.0010309933220465164, "SP": 3.9952629073747747, "ANB": 0.0012745799605850113, "ACC": 0.2545463034943705, "CC": 1, "QCS": 0.6344576095059474, "SCS": {"ori-": 24.243191518722803, "sam_": 17.202991727255046, "ori-av": 0.09113981773955941, "sam_av": 0.12934580246056426, "sam_/ori_av": 1.41920189954935}, "DDC": 0.001211186093224348, "LCC": 0.0574957077544189, "GCC": 0.026422523536029367}}