{"rate-5": {"ANB_G": 0.00484384797474194, "SP": 8.101971163892179, "ANB": 0.024321819054425278, "ACC": 0.1259509498873679, "CC": 1, "QCS": 0.6960468332388636, "SCS": {"ori-": 3.737680590234714, "sam_": 3.112069178702683, "ori-av": 0.02224809875139711, "sam_av": 0.03704844260360337, "sam_/ori_av": 1.66524083777167}, "DDC": 0.00019770486974046708, "LCC": 0.014739229024943313, "GCC": 0.007782101167315175}, "rate-10": {"ANB_G": 0.0030673885309191137, "SP": 5.798699718388207, "ANB": 0.008188907369263138, "ACC": 0.17686680383829734, "CC": 1, "QCS": 0.7208652117838802, "SCS": {"ori-": 6.535077007952067, "sam_": 5.3109830283500035, "ori-av": 0.0333422296324085, "sam_av": 0.0541937043709184, "sam_/ori_av": 1.625377335840863}, "DDC": 1.7769813122070488e-06, "LCC": 0.024299571751545457, "GCC": 0.012345679012345678}, "rate-15": {"ANB_G": 0.002335256824464067, "SP": 5.292259620458096, "ANB": 0.004877567750520562, "ACC": 0.19349323864729515, "CC": 1, "QCS": 0.7586075724043901, "SCS": {"ori-": 11.019336656013826, "sam_": 8.447030487053865, "ori-av": 0.0483304239298852, "sam_av": 0.07409675865836723, "sam_/ori_av": 1.533128672031974}, "DDC": 0.0020930848424929316, "LCC": 0.021636941927940377, "GCC": 0.0105958755839125}, "rate-20": {"ANB_G": 0.0018868165643863813, "SP": 5.054478216818643, "ANB": 0.00345355895810787, "ACC": 0.20245405808597128, "CC": 1, "QCS": 0.6250584039766982, "SCS": {"ori-": 12.835591484382874, "sam_": 9.919588546214127, "ori-av": 0.050934886842789184, "sam_av": 0.07872689322392165, "sam_/ori_av": 1.5456379331304426}, "DDC": 4.636529371548903e-08, "LCC": 0.029016140579280553, "GCC": 0.0169137210186241}, "rate-25": {"ANB_G": 0.001554848083675477, "SP": 4.576042752022524, "ANB": 0.002435996425083466, "ACC": 0.22288869160538008, "CC": 1, "QCS": 0.5543814975363559, "SCS": {"ori-": 15.827267147306681, "sam_": 12.036174105507714, "ori-av": 0.062067714303163456, "sam_av": 0.09403261019927901, "sam_/ori_av": 1.515000371046149}, "DDC": 9.783588941780774e-05, "LCC": 0.029257710432319638, "GCC": 0.014148273910582909}, "rate-30": {"ANB_G": 0.0013284996119082282, "SP": 4.3616972975614905, "ANB": 0.0019078872290360345, "ACC": 0.23418777482887956, "CC": 1, "QCS": 0.6278983354969071, "SCS": {"ori-": 19.554560797690005, "sam_": 14.526015914321082, "ori-av": 0.06606270539760137, "sam_av": 0.09814875617784515, "sam_/ori_av": 1.485690838531853}, "DDC": 0.00029845827948249415, "LCC": 0.04185340637013708, "GCC": 0.020214379265182325}, "rate-35": {"ANB_G": 0.0011646489743063245, "SP": 4.180634237165941, "ANB": 0.0015470010881157297, "ACC": 0.24341113677814066, "CC": 1, "QCS": 0.6566213775018336, "SCS": {"ori-": 20.38033024264723, "sam_": 14.900396470731273, "ori-av": 0.08152132097058892, "sam_av": 0.11920317176585019, "sam_/ori_av": 1.4622330740795533}, "DDC": 0.0005413018067403907, "LCC": 0.05520068924992341, "GCC": 0.020911678909078128}, "rate-40": {"ANB_G": 0.0010269662874997593, "SP": 4.0594261524260915, "ANB": 0.0013018834691174864, "ACC": 0.25033467321297165, "CC": 1, "QCS": 0.8207399834246295, "SCS": {"ori-": 21.65197138565013, "sam_": 15.597637381718856, "ori-av": 0.08592052137162749, "sam_av": 0.12379077287078458, "sam_/ori_av": 1.4407590979966112}, "DDC": 0.008921701867191656, "LCC": 0.06337965139220382, "GCC": 0.02460021458131099}}