{"rate-5": {"ANB_G": 0.004934062658181218, "SP": 6.354125549247501, "ANB": 0.005450912938785737, "ACC": 0.3619630866277557, "CC": 4, "QCS": 0.749861944039492, "SCS": {"ori-": 4.270694933655856, "sam_": 3.3593631203496797, "ori-av": 0.05084160635304591, "sam_av": 0.0799848361988019, "sam_/ori_av": 1.573216149847516}, "DDC": 9.992007221626409e-16, "LCC": 0.3198256210658205, "GCC": 0.26257904866648335}, "rate-10": {"ANB_G": 0.003085215819737691, "SP": 6.86998391995712, "ANB": 0.003104783959388482, "ACC": 0.3478223994310223, "CC": 5, "QCS": 0.7538099691784512, "SCS": {"ori-": 6.82525944190921, "sam_": 5.107358853810615, "ori-av": 0.07583621602121345, "sam_av": 0.11349686341801365, "sam_/ori_av": 1.4966050440368162}, "DDC": 2.9976021664879227e-15, "LCC": 0.27469811284499523, "GCC": 0.2181168272384265}, "rate-15": {"ANB_G": 0.002356971270741436, "SP": 3.921889543903196, "ANB": 0.0021740664070808396, "ACC": 0.3484071050657439, "CC": 2, "QCS": 0.613363556963508, "SCS": {"ori-": 9.311059584111456, "sam_": 6.754814165386622, "ori-av": 0.08464599621919505, "sam_av": 0.1228148030070295, "sam_/ori_av": 1.4509227664944058}, "DDC": 1.207485222920468e-10, "LCC": 0.2747911157271961, "GCC": 0.17840711549172167}, "rate-20": {"ANB_G": 0.0018814134447638926, "SP": 3.951429917720831, "ANB": 0.0016551496681031105, "ACC": 0.3440769170351855, "CC": 2, "QCS": 0.5067702387701181, "SCS": {"ori-": 12.034691727822192, "sam_": 8.62680343014293, "ori-av": 0.08981113229718055, "sam_av": 0.12875826015138703, "sam_/ori_av": 1.4336559049866155}, "DDC": 1.0891287871572786e-13, "LCC": 0.2651715221175983, "GCC": 0.158158664983562}, "rate-25": {"ANB_G": 0.0015611333713470654, "SP": 6.359930107572127, "ANB": 0.0013673952283376422, "ACC": 0.33354976351485915, "CC": 4, "QCS": 0.8085534465056549, "SCS": {"ori-": 13.631084522209768, "sam_": 9.435806058660562, "ori-av": 0.10485449632469053, "sam_av": 0.14516624705631634, "sam_/ori_av": 1.3844541926632996}, "DDC": 1.0834788621849611e-10, "LCC": 0.2500094173989976, "GCC": 0.13857301107940517}, "rate-30": {"ANB_G": 0.0013368929479957521, "SP": 5.057497803504058, "ANB": 0.0011624146917013144, "ACC": 0.33127680543644655, "CC": 3, "QCS": 0.7188632698274637, "SCS": {"ori-": 15.992571825684653, "sam_": 10.904247996558754, "ori-av": 0.10805791774111252, "sam_av": 0.14735470265619938, "sam_/ori_av": 1.3636640954828958}, "DDC": 1.0446247056261626e-07, "LCC": 0.2562520113380197, "GCC": 0.12428936279086059}, "rate-35": {"ANB_G": 0.0011741119399811234, "SP": 4.140295568367936, "ANB": 0.0010389769586692083, "ACC": 0.3237101839999575, "CC": 2, "QCS": 0.934325999155003, "SCS": {"ori-": 18.33789438795926, "sam_": 12.073171904243367, "ori-av": 0.10850825081632698, "sam_av": 0.1420373165205102, "sam_/ori_av": 1.3090001493152645}, "DDC": 2.427438822172334e-07, "LCC": 0.23780102638808603, "GCC": 0.11614738713820014}, "rate-40": {"ANB_G": 0.0010449698890458703, "SP": 4.155049772198219, "ANB": 0.0009154831919283186, "ACC": 0.3217405077141444, "CC": 2, "QCS": 0.7572803757687493, "SCS": {"ori-": 20.56245191360656, "sam_": 13.710940977371676, "ori-av": 0.12387019225064191, "sam_av": 0.16519205996833344, "sam_/ori_av": 1.3335900830288523}, "DDC": 2.4179770747645435e-05, "LCC": 0.23724507871561917, "GCC": 0.10603634088117367}}