{"rate-5": {"ANB_G": 0.004904024643747411, "SP": 2.758329270274663, "ANB": 0.006021675583132408, "ACC": 0.37286494800072806, "CC": 1, "QCS": 0.7381281632328439, "SCS": {"ori-": 3.363406786298635, "sam_": 2.6994739197494275, "ori-av": 0.04312059982434147, "sam_av": 0.06921727999357506, "sam_/ori_av": 1.6052021603489401}, "DDC": 1.968003537911045e-11, "LCC": 0.3339367587360302, "GCC": 0.2532336935089518}, "rate-10": {"ANB_G": 0.003140272463119522, "SP": 2.7914682056809097, "ANB": 0.0030571129789776635, "ACC": 0.3664156794928315, "CC": 1, "QCS": 0.9006338996772227, "SCS": {"ori-": 6.594613232977722, "sam_": 5.035781219411823, "ori-av": 0.07015545992529491, "sam_av": 0.10714428126408133, "sam_/ori_av": 1.5272408074606594}, "DDC": 1.7608137170554983e-13, "LCC": 0.2865652400870014, "GCC": 0.20792439313366215}, "rate-15": {"ANB_G": 0.0023763767429115143, "SP": 2.8926518772473044, "ANB": 0.002150740769599212, "ACC": 0.353003425966252, "CC": 1, "QCS": 0.8275225825198878, "SCS": {"ori-": 9.875046763458323, "sam_": 7.342205083880213, "ori-av": 0.08094300625785511, "sam_av": 0.12036401776852808, "sam_/ori_av": 1.4870218358963825}, "DDC": 6.076250613773482e-12, "LCC": 0.27025338011300276, "GCC": 0.17678645323594516}, "rate-20": {"ANB_G": 0.0018846667851836992, "SP": 3.9943223748595456, "ANB": 0.0016915298811728114, "ACC": 0.3398057897561989, "CC": 2, "QCS": 0.8007569440785702, "SCS": {"ori-": 12.720285130294856, "sam_": 8.994667067408534, "ori-av": 0.10600237608579047, "sam_av": 0.14991111779014224, "sam_/ori_av": 1.414224127097069}, "DDC": 7.038813976123492e-14, "LCC": 0.2659935862900615, "GCC": 0.15999534697113935}, "rate-25": {"ANB_G": 0.0015729974410273787, "SP": 5.047808575725547, "ANB": 0.0013873810755969376, "ACC": 0.33265966390885837, "CC": 3, "QCS": 0.650219438591336, "SCS": {"ori-": 15.852983599547642, "sam_": 10.937163200976858, "ori-av": 0.1278466419318358, "sam_av": 0.1764058580802719, "sam_/ori_av": 1.3798239469936682}, "DDC": 1.2171297303353867e-10, "LCC": 0.2564891364700124, "GCC": 0.14184407676642646}, "rate-30": {"ANB_G": 0.0013455671896901182, "SP": 6.068776737677925, "ANB": 0.0011661313183991536, "ACC": 0.32960088020102646, "CC": 4, "QCS": 0.9230133923576899, "SCS": {"ori-": 16.980973296038407, "sam_": 11.231567919670429, "ori-av": 0.13062287150798774, "sam_av": 0.17279335261031428, "sam_/ori_av": 1.3228414795623886}, "DDC": 6.411009273454837e-07, "LCC": 0.2516751066884078, "GCC": 0.12685373535262381}, "rate-35": {"ANB_G": 0.0011723925270177822, "SP": 4.121712724966155, "ANB": 0.001029956173686818, "ACC": 0.3253151843425686, "CC": 2, "QCS": 0.8976654697532946, "SCS": {"ori-": 18.478621847304094, "sam_": 12.581144099555377, "ori-av": 0.12656590306372667, "sam_av": 0.17234443971993668, "sam_/ori_av": 1.3616972308344393}, "DDC": 6.048108670553276e-07, "LCC": 0.24146161030773547, "GCC": 0.11642379528639274}, "rate-40": {"ANB_G": 0.001044105354023319, "SP": 6.489185957098952, "ANB": 0.000911930597555546, "ACC": 0.32028695577962424, "CC": 4, "QCS": 0.7984466827878258, "SCS": {"ori-": 20.22245550595758, "sam_": 13.208467661816936, "ori-av": 0.14241165849265902, "sam_av": 0.18603475580023854, "sam_/ori_av": 1.306316896869986}, "DDC": 9.175724483112546e-06, "LCC": 0.24179673705246355, "GCC": 0.10688739038713192}}