{"rate-5": {"ANB_G": 0.005000110979789077, "SP": 5.6976384049554785, "ANB": 0.0055785557011153635, "ACC": 0.366823456557619, "CC": 4, "QCS": 0.7186276714663278, "SCS": {"ori-": 3.7092816249975686, "sam_": 2.9464512454489524, "ori-av": 0.04523514176826303, "sam_av": 0.07186466452314517, "sam_/ori_av": 1.5886910422720377}, "DDC": 2.8912428007288327e-12, "LCC": 0.31974437377394993, "GCC": 0.24579644371698534}, "rate-10": {"ANB_G": 0.00325309499510512, "SP": 7.105587129701012, "ANB": 0.002932383307353095, "ACC": 0.357580328749063, "CC": 5, "QCS": 0.6229607323194238, "SCS": {"ori-": 6.557080256225836, "sam_": 5.070999440366798, "ori-av": 0.05802725890465342, "sam_av": 0.0889649024625754, "sam_/ori_av": 1.5331570737945193}, "DDC": 3.6637359812630166e-15, "LCC": 0.2952461200968955, "GCC": 0.212566401062417}, "rate-15": {"ANB_G": 0.002384699656478601, "SP": 2.8966156269545276, "ANB": 0.0021552450306301443, "ACC": 0.35253509642497843, "CC": 1, "QCS": 0.7301316959372272, "SCS": {"ori-": 10.665301918749186, "sam_": 7.871453965287825, "ori-av": 0.09522590998883203, "sam_av": 0.1405616779515683, "sam_/ori_av": 1.4760864765488004}, "DDC": 6.994405055138486e-15, "LCC": 0.28011345926497816, "GCC": 0.17652481636779968}, "rate-20": {"ANB_G": 0.0019051517235452182, "SP": 7.626611895945445, "ANB": 0.0016411808117353284, "ACC": 0.3387665026166745, "CC": 5, "QCS": 0.7703523700922713, "SCS": {"ori-": 11.565006487038175, "sam_": 8.356687294141688, "ori-av": 0.10056527380033196, "sam_av": 0.144080815416236, "sam_/ori_av": 1.4327094231583586}, "DDC": 1.0987877274715174e-12, "LCC": 0.2528168517274311, "GCC": 0.15703467789335557}, "rate-25": {"ANB_G": 0.0015688165847631142, "SP": 5.007509463656301, "ANB": 0.0013600786088961976, "ACC": 0.33694828948688704, "CC": 3, "QCS": 0.7133478901618421, "SCS": {"ori-": 14.47392977627148, "sam_": 10.345793925222361, "ori-av": 0.09398655698877584, "sam_av": 0.1343609600678229, "sam_/ori_av": 1.4295763604136353}, "DDC": 1.2910219560069436e-09, "LCC": 0.2605074819737779, "GCC": 0.14054901515662077}, "rate-30": {"ANB_G": 0.0013367667628509691, "SP": 5.078240881771045, "ANB": 0.0011727995664370116, "ACC": 0.328954325871742, "CC": 3, "QCS": 0.7347754793567524, "SCS": {"ori-": 16.35861310708398, "sam_": 11.556880550681077, "ori-av": 0.10622476043561026, "sam_av": 0.15008935780105295, "sam_/ori_av": 1.4129413630641405}, "DDC": 2.618075845006729e-07, "LCC": 0.2606162750822634, "GCC": 0.12719051864154263}, "rate-35": {"ANB_G": 0.0011701283538166156, "SP": 8.123624129824133, "ANB": 0.001022875258455589, "ACC": 0.322580783661436, "CC": 6, "QCS": 0.5634087319476665, "SCS": {"ori-": 19.451644608613822, "sam_": 13.071071469131924, "ori-av": 0.12233738747555863, "sam_av": 0.16338839336414906, "sam_/ori_av": 1.335555685270718}, "DDC": 1.3976931834136508e-09, "LCC": 0.23373912979996764, "GCC": 0.11645529736116582}, "rate-40": {"ANB_G": 0.0010447441011578516, "SP": 4.154932021774771, "ANB": 0.0009154331705622679, "ACC": 0.3217191416257284, "CC": 2, "QCS": 0.6827082335801458, "SCS": {"ori-": 21.01958445028164, "sam_": 13.867798321871572, "ori-av": 0.14396975650877836, "sam_av": 0.18996984002563796, "sam_/ori_av": 1.3195121297163186}, "DDC": 5.684580129761141e-05, "LCC": 0.24267396999960641, "GCC": 0.10634325114656967}}