{"rate-5": {"ANB_G": 0.004938986494550148, "SP": 2.714935803673005, "ANB": 0.005873067820797965, "ACC": 0.37866879756851746, "CC": 1, "QCS": 0.8741061215715443, "SCS": {"ori-": 3.1872128100427264, "sam_": 2.545601659743692, "ori-av": 0.041937010658456925, "sam_av": 0.0669895173616761, "sam_/ori_av": 1.5973841795079675}, "DDC": 5.551115123125783e-15, "LCC": 0.2954222483274235, "GCC": 0.25502641620193717}, "rate-10": {"ANB_G": 0.003203344799277118, "SP": 5.799752766589185, "ANB": 0.0030088388187690736, "ACC": 0.35832502622254414, "CC": 4, "QCS": 0.6618092905104035, "SCS": {"ori-": 6.514935694133984, "sam_": 4.96164045259087, "ori-av": 0.061461657491830045, "sam_av": 0.09361585759605415, "sam_/ori_av": 1.5231586881381824}, "DDC": 5.446754158811018e-13, "LCC": 0.31918684484962223, "GCC": 0.20500828660294684}, "rate-15": {"ANB_G": 0.0023238796885443427, "SP": 4.920877161611999, "ANB": 0.002160616990105256, "ACC": 0.34642683012933423, "CC": 3, "QCS": 0.8821097444155948, "SCS": {"ori-": 7.987852211027903, "sam_": 5.955640955586454, "ori-av": 0.07396159454655465, "sam_av": 0.11028964732567507, "sam_/ori_av": 1.4911745481129934}, "DDC": 1.1102230246251565e-16, "LCC": 0.27848855255103894, "GCC": 0.17493012346025816}, "rate-20": {"ANB_G": 0.0018943256906655767, "SP": 9.273705064700517, "ANB": 0.0016164334449572351, "ACC": 0.3389968000665387, "CC": 7, "QCS": 0.8315960169430183, "SCS": {"ori-": 12.568821818357478, "sam_": 8.769553148957653, "ori-av": 0.10562035141476872, "sam_av": 0.14615921914929422, "sam_/ori_av": 1.3838168230981385}, "DDC": 1.3751888516821964e-11, "LCC": 0.2587787062295766, "GCC": 0.15438606111286277}, "rate-25": {"ANB_G": 0.0015772710579183998, "SP": 5.013949871722641, "ANB": 0.0013644419563185516, "ACC": 0.3361690555734472, "CC": 3, "QCS": 0.7975649627290371, "SCS": {"ori-": 12.743853456130513, "sam_": 9.15273079588697, "ori-av": 0.09510338400097397, "sam_av": 0.1366079223266712, "sam_/ori_av": 1.4364149473931673}, "DDC": 1.2665757331831173e-11, "LCC": 0.25338275348894557, "GCC": 0.13977637480602853}, "rate-30": {"ANB_G": 0.001344673028318931, "SP": 5.065451056902166, "ANB": 0.0011669080032280844, "ACC": 0.3305348459636955, "CC": 3, "QCS": 0.8187737377955949, "SCS": {"ori-": 14.925515302349494, "sam_": 10.182625973508848, "ori-av": 0.11481165617191919, "sam_av": 0.15665578420782844, "sam_/ori_av": 1.3644588836280855}, "DDC": 2.611031746369008e-08, "LCC": 0.2498813939413175, "GCC": 0.12836522503610803}, "rate-35": {"ANB_G": 0.0011736409738623075, "SP": 8.457776466144338, "ANB": 0.0010222706863973893, "ACC": 0.32221765253228063, "CC": 6, "QCS": 0.830834851110708, "SCS": {"ori-": 16.589277474629704, "sam_": 11.115431157534447, "ori-av": 0.10842665016097845, "sam_av": 0.14435624879914866, "sam_/ori_av": 1.331372394008543}, "DDC": 1.6251376711018395e-07, "LCC": 0.2473088930732846, "GCC": 0.11645423404763801}, "rate-40": {"ANB_G": 0.0010363969355319655, "SP": 5.165102573948111, "ANB": 0.0009181885013161623, "ACC": 0.32030074255791063, "CC": 3, "QCS": 0.8782982437798665, "SCS": {"ori-": 19.09930545674458, "sam_": 12.732985229537043, "ori-av": 0.1256533253733196, "sam_av": 0.16753927933601373, "sam_/ori_av": 1.33334536780662}, "DDC": 2.007287827843207e-06, "LCC": 0.24145247897993707, "GCC": 0.10686424280643131}}