{"rate-5": {"ANB_G": 0.004569205247900977, "SP": 5.846762485481998, "ANB": 0.006068587610835628, "ACC": 0.3464358878306834, "CC": 4, "QCS": 0.8494369387379618, "SCS": {"ori-": 3.297513105125506, "sam_": 2.6172975230857447, "ori-av": 0.043388330330598766, "sam_av": 0.0688762506075196, "sam_/ori_av": 1.5874372229287188}, "DDC": 7.46191997080814e-12, "LCC": 0.2971461370377691, "GCC": 0.24183006535947713}, "rate-10": {"ANB_G": 0.003184688810584068, "SP": 4.119947210539094, "ANB": 0.003007474248079035, "ACC": 0.36160034099848987, "CC": 2, "QCS": 0.8248702608933458, "SCS": {"ori-": 5.810667285074867, "sam_": 4.327620510083643, "ori-av": 0.0708617961594496, "sam_av": 0.10555171975813764, "sam_/ori_av": 1.4895433855589908}, "DDC": 6.661338147750939e-16, "LCC": 0.29050568950026157, "GCC": 0.20693925163760357}, "rate-15": {"ANB_G": 0.0023627022221695297, "SP": 7.545649487214598, "ANB": 0.0020870493486838527, "ACC": 0.346640003814747, "CC": 5, "QCS": 0.6779194768577389, "SCS": {"ori-": 8.566315254846694, "sam_": 6.250665208537323, "ori-av": 0.08236841591198744, "sam_av": 0.12020510016417929, "sam_/ori_av": 1.4593591346059298}, "DDC": 3.3743119409734845e-11, "LCC": 0.27887231776008076, "GCC": 0.1793983345033458}, "rate-20": {"ANB_G": 0.0018826970635719648, "SP": 5.014803134918669, "ANB": 0.0017045268214212388, "ACC": 0.33682215716965935, "CC": 3, "QCS": 0.7740246752493921, "SCS": {"ori-": 11.622011423605553, "sam_": 8.262568266812544, "ori-av": 0.08871764445500423, "sam_av": 0.12519042828503854, "sam_/ori_av": 1.411110823039633}, "DDC": 1.5942802633617248e-13, "LCC": 0.25427313837441223, "GCC": 0.15927595961916796}, "rate-25": {"ANB_G": 0.0015711606127143186, "SP": 4.024455365915722, "ANB": 0.0013753055305327601, "ACC": 0.3357056197497024, "CC": 2, "QCS": 0.6483382626210232, "SCS": {"ori-": 13.436485576602449, "sam_": 9.293922037855317, "ori-av": 0.11996862121966471, "sam_av": 0.16596289353313068, "sam_/ori_av": 1.3833858541163828}, "DDC": 3.1435942737800815e-10, "LCC": 0.24565464452777352, "GCC": 0.13909429811159324}, "rate-30": {"ANB_G": 0.0013476103166721186, "SP": 6.0656085231639665, "ANB": 0.0011643454542694732, "ACC": 0.32968316455626545, "CC": 4, "QCS": 0.9369919770626587, "SCS": {"ori-": 14.762663002677263, "sam_": 10.032016724635142, "ori-av": 0.1062062086523544, "sam_av": 0.14331452463764488, "sam_/ori_av": 1.3493987447264728}, "DDC": 2.8435475085686335e-09, "LCC": 0.24229384446686084, "GCC": 0.12490357817782836}, "rate-35": {"ANB_G": 0.0011731476455230914, "SP": 6.454159435298599, "ANB": 0.0010235244093732684, "ACC": 0.32366897312898996, "CC": 4, "QCS": 0.8266696033907578, "SCS": {"ori-": 18.14678855506036, "sam_": 12.140021020479011, "ori-av": 0.13055243564791627, "sam_av": 0.17342887172112872, "sam_/ori_av": 1.3284231034099194}, "DDC": 5.24992988970574e-07, "LCC": 0.245542420948035, "GCC": 0.11561012434434662}, "rate-40": {"ANB_G": 0.0010465079324415614, "SP": 6.13802895790131, "ANB": 0.000904779614035984, "ACC": 0.3221397685907452, "CC": 4, "QCS": 0.7661081939433463, "SCS": {"ori-": 19.045779167334445, "sam_": 12.45918894979433, "ori-av": 0.13045054224201674, "sam_av": 0.1706738212300593, "sam_/ori_av": 1.3083412172669917}, "DDC": 1.9863871580483305e-05, "LCC": 0.24358503413602703, "GCC": 0.10634754934339678}}