{"rate-5": {"ANB_G": 0.001791238034746246, "SP": 3.9139262677676916, "ACE": 0.013507143018119738, "ANB": 0.0036378605090732724, "ACC": 0.25865881526105095, "CC": 1, "QCS": 0.2528971023129732, "SCS": {"ori-": 6.6831495440103525, "sam_": 4.696009252755835, "ori-av": 0.11724823761421671, "sam_av": 0.16193135354330465, "sam_/ori_av": 1.3810984014626244}, "DDC": 0.9688129545122078, "LCC": 0.0, "GCC": 0}, "rate-10": {"ANB_G": 0.000999154046638238, "SP": 7.108544670879839, "ACE": 0.01002237984846699, "ANB": 0.00380831962024928, "ACC": 0.14316445430047128, "CC": 1, "QCS": 0.19244185762371835, "SCS": {"ori-": 25.63277176970957, "sam_": 17.051650760648613, "ori-av": 0.19717516745930438, "sam_av": 0.26233308862536325, "sam_/ori_av": 1.3304570347556925}, "DDC": 0.9999997497861629, "LCC": 0.0, "GCC": 0}, "rate-15": {"ANB_G": 0.0008756398969771922, "SP": 5.688974347305026, "ACE": 0.006610246229277479, "ANB": 0.001948057477068974, "ACC": 0.1764670430694511, "CC": 1, "QCS": 0.5639055611567905, "SCS": {"ori-": 20.61605208526752, "sam_": 14.278623184082864, "ori-av": 0.13836276567293637, "sam_av": 0.1903816424544382, "sam_/ori_av": 1.3759600823856375}, "DDC": 0.0011210119595755907, "LCC": 0.0, "GCC": 0}, "rate-20": {"ANB_G": 0.0010323663927238346, "SP": 4.1710424509770085, "ACE": 0.009296608361725862, "ANB": 0.000987863691893149, "ACC": 0.24950864572590362, "CC": 1, "QCS": 0.1621056795245683, "SCS": {"ori-": 14.772784275465277, "sam_": 9.77279472382474, "ori-av": 0.19963221993871996, "sam_av": 0.2505844800980703, "sam_/ori_av": 1.2552306445071384}, "DDC": 0.04219378925910411, "LCC": 0.0, "GCC": 0}, "rate-25": {"ANB_G": 0.0011869729935154497, "SP": 6.220836784827202, "ACE": 0.005302024657692346, "ANB": 0.0013009810079310246, "ACC": 0.16495469917225014, "CC": 1, "QCS": 0.3795636462654381, "SCS": {"ori-": 25.7444717589545, "sam_": 16.980633246662542, "ori-av": 0.17513246094526871, "sam_av": 0.22342938482450714, "sam_/ori_av": 1.2757736836367066}, "DDC": 0.999531605515217, "LCC": 0.0, "GCC": 0}, "rate-30": {"ANB_G": 0.0012058143091098865, "SP": 6.7073431382712725, "ACE": 0.004418372685724193, "ANB": 0.0011850795552888812, "ACC": 0.15368203291472762, "CC": 1, "QCS": 0.36580852238835565, "SCS": {"ori-": 42.6520831201117, "sam_": 27.474571226385695, "ori-av": 0.2233093357073911, "sam_av": 0.28035276761618055, "sam_/ori_av": 1.2554458000069249}, "DDC": 0.9936015828572586, "LCC": 0.0, "GCC": 0}, "rate-35": {"ANB_G": 0.0006832115229546563, "SP": 4.927719703881163, "ACE": 0.003800118584564029, "ANB": 0.0006990068880372234, "ACC": 0.20522905973702046, "CC": 1, "QCS": 0.2810709611287278, "SCS": {"ori-": 58.63416915216039, "sam_": 39.40673981027667, "ori-av": 0.1755514046471868, "sam_av": 0.23317597520873767, "sam_/ori_av": 1.3282489859728632}, "DDC": 1.176971664573756e-08, "LCC": 0.0, "GCC": 0}, "rate-40": {"ANB_G": 0.000905098648362314, "SP": 6.885843585542228, "ACE": 0.003314642836748485, "ANB": 0.0009165125483559932, "ACC": 0.14822089432906863, "CC": 1, "QCS": 0.29841685030548654, "SCS": {"ori-": 47.15396083148614, "sam_": 29.17743449144166, "ori-av": 0.24306165377054711, "sam_av": 0.29177434491441656, "sam_/ori_av": 1.2004129009582678}, "DDC": 0.8681637338886959, "LCC": 0.0, "GCC": 0}}