{"rate-5": {"ANB_G": 0.0025037689397824137, "SP": 4.015297994118067, "ACE": 0.015748302064609445, "ANB": 0.00376441697143329, "ACC": 0.2539207133160541, "CC": 1, "QCS": 0.21350362381353008, "SCS": {"ori-": 9.252285934105547, "sam_": 6.37054125879701, "ori-av": 0.13606302844272863, "sam_av": 0.18736886055285323, "sam_/ori_av": 1.3770740126640657}, "DDC": 0.9999999880832758, "LCC": 0.0, "GCC": 0}, "rate-10": {"ANB_G": 0.0015226945238071721, "SP": 3.9958628662763855, "ACE": 0.007907175696052737, "ANB": 0.0018677449290999903, "ACC": 0.25326155709255965, "CC": 1, "QCS": 0.37635362495385133, "SCS": {"ori-": 17.959114589838066, "sam_": 12.758965021033324, "ori-av": 0.11085873203603744, "sam_av": 0.15751808667942377, "sam_/ori_av": 1.4208902067201934}, "DDC": 0.11398643348061976, "LCC": 0.0, "GCC": 0}, "rate-15": {"ANB_G": 0.002486210187079556, "SP": 6.718720909546013, "ACE": 0.007494107973731739, "ANB": 0.002375870755939349, "ACC": 0.15188540062491215, "CC": 1, "QCS": 0.4353533650485015, "SCS": {"ori-": 13.062389088618598, "sam_": 8.489006442897399, "ori-av": 0.16126406282245184, "sam_av": 0.197418754485986, "sam_/ori_av": 1.2241955897101493}, "DDC": 0.9991279257791721, "LCC": 0.0, "GCC": 0}, "rate-20": {"ANB_G": 0.0009719623315879751, "SP": 4.161124799442142, "ACE": 0.006623946409427318, "ANB": 0.0009847740808230968, "ACC": 0.24315653114114855, "CC": 1, "QCS": 0.254127996985857, "SCS": {"ori-": 18.601437134380625, "sam_": 12.30247490612417, "ori-av": 0.1823670307292218, "sam_av": 0.23212216804007868, "sam_/ori_av": 1.2728296727314337}, "DDC": 0.9781610639529802, "LCC": 0.0, "GCC": 0}, "rate-25": {"ANB_G": 0.0016271713893002404, "SP": 6.825782488562758, "ACE": 0.005302349430118501, "ANB": 0.0014517275077405322, "ACC": 0.14957640381710602, "CC": 1, "QCS": 0.24615881457131333, "SCS": {"ori-": 20.29666217910844, "sam_": 12.820330574417797, "ori-av": 0.17649271460094296, "sam_av": 0.2136721762402966, "sam_/ori_av": 1.2106572031792808}, "DDC": 0.9665781327697861, "LCC": 0.0, "GCC": 0}, "rate-30": {"ANB_G": 0.0014640183969009245, "SP": 6.81415101989779, "ACE": 0.004419523704829213, "ANB": 0.001207257271573461, "ACC": 0.15618319042236947, "CC": 1, "QCS": 0.34192783575242836, "SCS": {"ori-": 32.66587181349687, "sam_": 20.244540982479023, "ori-av": 0.23167284974111255, "sam_av": 0.2735748781416084, "sam_/ori_av": 1.1808672377765461}, "DDC": 0.9841732347459667, "LCC": 0.0, "GCC": 0}, "rate-35": {"ANB_G": 0.0012944381096941682, "SP": 7.104651152484234, "ACE": 0.00530172899912958, "ANB": 0.0010864301748503733, "ACC": 0.14644381949495208, "CC": 1, "QCS": 0.20282170620809348, "SCS": {"ori-": 36.739708027820754, "sam_": 23.22038918063303, "ori-av": 0.21236825449607372, "sam_av": 0.2580043242292559, "sam_/ori_av": 1.214891203214301}, "DDC": 0.28006109618344677, "LCC": 0.0, "GCC": 0}, "rate-40": {"ANB_G": 0.001137482504881487, "SP": 8.011201232572311, "ACE": 0.003769797861354915, "ANB": 0.0010917473112071448, "ACC": 0.128756201962254, "CC": 1, "QCS": 0.24070655998360413, "SCS": {"ori-": 46.52542844522417, "sam_": 28.713644990892305, "ori-av": 0.2410643960892444, "sam_av": 0.28713644990892306, "sam_/ori_av": 1.1911192800226804}, "DDC": 0.9667896158444604, "LCC": 0.0, "GCC": 0}}