{"rate-5": {"ANB_G": 0.0019787536013867683, "SP": 5.477421017816604, "ACE": 0.012964837722935111, "ANB": 0.005589789035975786, "ACC": 0.1844779691271699, "CC": 1, "QCS": 0.28173718003695, "SCS": {"ori-": 22.054099915420064, "sam_": 15.55535755599648, "ori-av": 0.14901418861770313, "sam_av": 0.21020753454049296, "sam_/ori_av": 1.4106544919677533}, "DDC": 0.005226090362129399, "LCC": 0.0, "GCC": 0}, "rate-10": {"ANB_G": 0.0027623366702385624, "SP": 4.871990937411498, "ACE": 0.011113035339828046, "ANB": 0.002413959437288964, "ACC": 0.21960951039850798, "CC": 1, "QCS": 0.42078964183114237, "SCS": {"ori-": 12.20794645537205, "sam_": 7.490497240117811, "ori-av": 0.20691434670122116, "sam_av": 0.2496832413372604, "sam_/ori_av": 1.2066985461273807}, "DDC": 0.9796203185389528, "LCC": 0.0, "GCC": 0}, "rate-15": {"ANB_G": 0.0006673571775915778, "SP": 6.871948217440412, "ACE": 0.0070503045732254925, "ANB": 0.002439529795363666, "ACC": 0.14709149970011917, "CC": 1, "QCS": 0.28327691935478205, "SCS": {"ori-": 34.34277180618636, "sam_": 21.591733520574536, "ori-av": 0.2384914708762942, "sam_av": 0.29988518778575746, "sam_/ori_av": 1.2574252097313294}, "DDC": 0.9999964458361116, "LCC": 0.0, "GCC": 0}, "rate-20": {"ANB_G": 0.0009349364978156986, "SP": 4.883140845622128, "ACE": 0.005928315644646361, "ANB": 0.001209701198013122, "ACC": 0.20686568644843858, "CC": 1, "QCS": 0.5242219500328025, "SCS": {"ori-": 28.970777976226547, "sam_": 19.502036697495022, "ori-av": 0.15167946584411804, "sam_av": 0.20314621559890647, "sam_/ori_av": 1.339312572525019}, "DDC": 8.225939440720254e-08, "LCC": 0.0, "GCC": 0}, "rate-25": {"ANB_G": 0.0007572127521963362, "SP": 4.370968360427172, "ACE": 0.005444563141860396, "ANB": 0.0008400120509412334, "ACC": 0.23165582948529354, "CC": 1, "QCS": 0.4731222536435339, "SCS": {"ori-": 35.60105493138703, "sam_": 24.369592906837784, "ori-av": 0.14958426441759257, "sam_av": 0.20307994089031486, "sam_/ori_av": 1.3576290372587525}, "DDC": 1.661344265491138e-07, "LCC": 0.0, "GCC": 0}, "rate-30": {"ANB_G": 0.0012058184581999055, "SP": 5.976371390484079, "ACE": 0.004419523855468815, "ANB": 0.0010332997073264243, "ACC": 0.1736198868546948, "CC": 1, "QCS": 0.3042040623376014, "SCS": {"ori-": 40.218469037137545, "sam_": 26.097605126664845, "ori-av": 0.21977305484774615, "sam_av": 0.2747116329122615, "sam_/ori_av": 1.2499786796091796}, "DDC": 0.9936015828572586, "LCC": 0.0, "GCC": 0}, "rate-35": {"ANB_G": 0.0012944381096941682, "SP": 7.441074491247552, "ACE": 0.004308340412977071, "ANB": 0.0011463026323629765, "ACC": 0.13896601134472542, "CC": 1, "QCS": 0.27412656825665055, "SCS": {"ori-": 36.44385969521227, "sam_": 22.9421780827626, "ori-av": 0.2182267047617501, "sam_av": 0.2637031963535931, "sam_/ori_av": 1.2083910474728201}, "DDC": 0.950285818159865, "LCC": 0.0, "GCC": 0}, "rate-40": {"ANB_G": 0.0013438883019225838, "SP": 8.000238043581316, "ACE": 0.0033146432825821603, "ANB": 0.0010900401811867516, "ACC": 0.130908035923513, "CC": 1, "QCS": 0.35410939555074894, "SCS": {"ori-": 40.84555147996359, "sam_": 26.31566303725704, "ori-av": 0.1848214999093375, "sam_av": 0.2288318524978873, "sam_/ori_av": 1.238123554944304}, "DDC": 0.6531988594615825, "LCC": 0.0, "GCC": 0}}