{"rate-5": {"ANB_G": 0.0019938723035834737, "SP": 6.644851134927315, "ANB": 0.007047254850096543, "ACC": 0.1534535076527596, "CC": 1, "QCS": 0.34665421936332785, "SCS": {"ori-": 21.952680975780563, "sam_": 15.403510976961918, "ori-av": 0.15907739837522147, "sam_av": 0.2232392895211872, "sam_/ori_av": 1.4033375690154601}, "DDC": 0.00045992053188737003, "LCC": 0.0, "GCC": 0}, "rate-10": {"ANB_G": 0.0018662193377376902, "SP": 4.468847739978197, "ANB": 0.0021626232792881514, "ACC": 0.22732360614781325, "CC": 1, "QCS": 0.3336828055563673, "SCS": {"ori-": 16.973449050767577, "sam_": 11.760252037725614, "ori-av": 0.16320624087276517, "sam_av": 0.2261586930331849, "sam_/ori_av": 1.385723314401299}, "DDC": 0.20061283853672351, "LCC": 0.0, "GCC": 0}, "rate-15": {"ANB_G": 0.0021357640140782187, "SP": 6.7427469525271375, "ANB": 0.0023858524937794496, "ACC": 0.14987147957270155, "CC": 1, "QCS": 0.4345638075001863, "SCS": {"ori-": 23.053500226889334, "sam_": 15.661269820737632, "ori-av": 0.1707666683473284, "sam_av": 0.22697492493822655, "sam_/ori_av": 1.3291523874938767}, "DDC": 0.002624715323974569, "LCC": 0.0, "GCC": 0}, "rate-20": {"ANB_G": 0.0009334512447421679, "SP": 4.408002069473979, "ANB": 0.0010616828876865967, "ACC": 0.23129990938972278, "CC": 1, "QCS": 0.4803455451033593, "SCS": {"ori-": 32.401327150604914, "sam_": 21.490089802387963, "ori-av": 0.15577561130098516, "sam_av": 0.20663547886911504, "sam_/ori_av": 1.3264944181143985}, "DDC": 1.5117271465747706e-06, "LCC": 0.0, "GCC": 0}, "rate-25": {"ANB_G": 0.0009213852477299958, "SP": 7.462625518034327, "ANB": 0.0016104225063629035, "ACC": 0.13550452019538478, "CC": 1, "QCS": 0.45095732753529605, "SCS": {"ori-": 35.855339477380205, "sam_": 22.664161670229092, "ori-av": 0.2374525793203987, "sam_av": 0.2868881224079632, "sam_/ori_av": 1.2081912238184631}, "DDC": 0.9999996028628062, "LCC": 0.0, "GCC": 0}, "rate-30": {"ANB_G": 0.0010762927518301092, "SP": 6.392575916570559, "ANB": 0.0011197209129091682, "ACC": 0.1615409604759093, "CC": 1, "QCS": 0.5379415862734797, "SCS": {"ori-": 44.64942560013856, "sam_": 29.416380525294144, "ori-av": 0.1659829947960541, "sam_av": 0.21629691562716283, "sam_/ori_av": 1.303126961246423}, "DDC": 4.5986325858393684e-10, "LCC": 0.0, "GCC": 0}, "rate-35": {"ANB_G": 0.0006832556425819716, "SP": 5.108302938712923, "ANB": 0.0007311448547273428, "ACC": 0.19870338623634165, "CC": 1, "QCS": 0.28838078017516966, "SCS": {"ori-": 56.938251928469356, "sam_": 37.84352708446103, "ori-av": 0.17306459552726247, "sam_av": 0.2293547096027941, "sam_/ori_av": 1.3252549367710762}, "DDC": 1.176971664573756e-08, "LCC": 0.0, "GCC": 0}, "rate-40": {"ANB_G": 0.0009375964325913671, "SP": 6.467322108107364, "ANB": 0.0008513425892412573, "ACC": 0.15835479455853396, "CC": 1, "QCS": 0.4853595137619676, "SCS": {"ori-": 57.87008545618595, "sam_": 38.63983664163622, "ori-av": 0.1598621145198507, "sam_av": 0.21114664831495203, "sam_/ori_av": 1.3208048007442885}, "DDC": 0.0031117647469868226, "LCC": 0.0, "GCC": 0}}