{"rate-5": {"ANB_G": 0.0009335724080687112, "SP": 2.730198165855598, "ANB": 0.002160047647759797, "ACC": 0.37460195639429633, "CC": 1, "QCS": 0.19585723772589736, "SCS": {"ori-": 1.4009067053341828, "sam_": 0.870766670582904, "ori-av": 0.3502266763335457, "sam_av": 0.435383335291452, "sam_/ori_av": 1.2431472663630156}, "DDC": 0.08085425626194431, "LCC": 0.0, "GCC": 0}, "rate-10": {"ANB_G": 0.0015173549246911369, "SP": 3.77469070425158, "ANB": 0.0017298570475383914, "ACC": 0.2666100781704346, "CC": 1, "QCS": 0.3130108347809573, "SCS": {"ori-": 21.841581540277673, "sam_": 15.612124597103158, "ori-av": 0.1187042475015091, "sam_av": 0.1696970064902517, "sam_/ori_av": 1.4295782169723483}, "DDC": 0.11398643348061976, "LCC": 0.0, "GCC": 0}, "rate-15": {"ANB_G": 0.000875006602728283, "SP": 4.856407795241819, "ANB": 0.0016021636041719223, "ACC": 0.2100581039473379, "CC": 1, "QCS": 0.43008669453783743, "SCS": {"ori-": 24.65846803158784, "sam_": 16.467928183478378, "ori-av": 0.1401049319976582, "sam_av": 0.18713554753952702, "sam_/ori_av": 1.3356813701794232}, "DDC": 0.00044175169252747004, "LCC": 0.0, "GCC": 0}, "rate-20": {"ANB_G": 0.0010323663927238346, "SP": 4.712043128520307, "ANB": 0.0011563997285109992, "ACC": 0.2168585761451824, "CC": 1, "QCS": 0.32578908404778, "SCS": {"ori-": 17.86642700893425, "sam_": 11.25780046769536, "ori-av": 0.21788325620651522, "sam_av": 0.2618093132022177, "sam_/ori_av": 1.201603637473034}, "DDC": 0.3415634101285405, "LCC": 0.0, "GCC": 0}, "rate-25": {"ANB_G": 0.001569771758756361, "SP": 5.3814232998949505, "ANB": 0.001091807450758772, "ACC": 0.1945200614467395, "CC": 1, "QCS": 0.14346489763174727, "SCS": {"ori-": 24.603640148633456, "sam_": 16.189153743789866, "ori-av": 0.15571924144704719, "sam_av": 0.19742870419255934, "sam_/ori_av": 1.2678504105075261}, "DDC": 0.1593724703184709, "LCC": 0.0, "GCC": 0}, "rate-30": {"ANB_G": 0.0007678219898160739, "SP": 7.401378540941334, "ANB": 0.0013291898963748584, "ACC": 0.1379363362903672, "CC": 1, "QCS": 0.3424938160042014, "SCS": {"ori-": 46.702375024189664, "sam_": 28.830983053639162, "ori-av": 0.2524452704010252, "sam_av": 0.3034840321435701, "sam_/ori_av": 1.2021775320308699}, "DDC": 0.965035113897291, "LCC": 0.0, "GCC": 0}, "rate-35": {"ANB_G": 0.0006836816638592901, "SP": 5.95526219989731, "ANB": 0.0008818761701187634, "ACC": 0.16965592951991973, "CC": 1, "QCS": 0.5075349513315801, "SCS": {"ori-": 56.94938698395609, "sam_": 37.40844538755645, "ori-av": 0.1819469232714252, "sam_av": 0.23827035278698375, "sam_/ori_av": 1.309559669945813}, "DDC": 9.068301665138279e-13, "LCC": 0.0, "GCC": 0}, "rate-40": {"ANB_G": 0.0008239334030645508, "SP": 6.441956531138389, "ANB": 0.0008473927952566756, "ACC": 0.15792899900950932, "CC": 1, "QCS": 0.5904248284791987, "SCS": {"ori-": 63.02916719824081, "sam_": 41.00861860912975, "ori-av": 0.18758680713762146, "sam_av": 0.24265454798301625, "sam_/ori_av": 1.2935587085556333}, "DDC": 3.4416913763379853e-15, "LCC": 0.0, "GCC": 0}}