{"rate-5": {"ANB_G": 0.002244446898939833, "SP": 4.801154026515281, "ACE": 0.013208793721091279, "ANB": 0.004745510644838052, "ACC": 0.21050229906433396, "CC": 1, "QCS": 0.38999265095829516, "SCS": {"ori-": 6.567461988800252, "sam_": 4.71038367052049, "ori-av": 0.1340298365061276, "sam_av": 0.1884153468208196, "sam_/ori_av": 1.4057716679539902}, "DDC": 0.001236696611393251, "LCC": 0.0, "GCC": 0}, "rate-10": {"ANB_G": 0.0013056493972198446, "SP": 4.6508148958539435, "ACE": 0.00897889275980903, "ANB": 0.002276069137066049, "ACC": 0.21819537504197706, "CC": 1, "QCS": 0.31603062201164656, "SCS": {"ori-": 12.947969031837573, "sam_": 8.8036542310535, "ori-av": 0.11664836965619435, "sam_av": 0.15720811126881248, "sam_/ori_av": 1.3477094599106925}, "DDC": 0.0782227174100425, "LCC": 0.0, "GCC": 0}, "rate-15": {"ANB_G": 0.0013609772226536251, "SP": 3.7592954990215266, "ACE": 0.010052793703717283, "ANB": 0.0011463628994688518, "ACC": 0.27468140817315156, "CC": 1, "QCS": 0.15266790465923016, "SCS": {"ori-": 11.825590937106405, "sam_": 7.256653481998354, "ori-av": 0.1877077926524826, "sam_av": 0.22677042131244857, "sam_/ori_av": 1.2081033936203465}, "DDC": 0.12534170336740535, "LCC": 0.0, "GCC": 0}, "rate-20": {"ANB_G": 0.0018646599529167159, "SP": 7.143910468102138, "ACE": 0.0058118593056477545, "ANB": 0.001913990800031818, "ACC": 0.14198089413805406, "CC": 1, "QCS": 0.2177173968128465, "SCS": {"ori-": 16.115377490285777, "sam_": 9.816766902436353, "ori-av": 0.19184973202721162, "sam_av": 0.2231083386917353, "sam_/ori_av": 1.1629327616683354}, "DDC": 0.9872988734940785, "LCC": 0.0, "GCC": 0}, "rate-25": {"ANB_G": 0.0011869729935154497, "SP": 5.022025401753886, "ACE": 0.005303427868600821, "ANB": 0.001002249041055042, "ACC": 0.20462710999179123, "CC": 1, "QCS": 0.2777890259027857, "SCS": {"ori-": 25.629421538098853, "sam_": 16.6441497087176, "ori-av": 0.17317176714931656, "sam_av": 0.21615778842490388, "sam_/ori_av": 1.2482276527127127}, "DDC": 0.999531605515217, "LCC": 0.0, "GCC": 0}, "rate-30": {"ANB_G": 0.0006489243830863032, "SP": 4.649416377050526, "ACE": 0.00441847380663231, "ANB": 0.0007577691812812553, "ACC": 0.21715069112782567, "CC": 1, "QCS": 0.2618654766148938, "SCS": {"ori-": 43.86333289458674, "sam_": 30.22525267229314, "ori-av": 0.1401384437526733, "sam_av": 0.1925175329445423, "sam_/ori_av": 1.3737667394416875}, "DDC": 2.5405463732752764e-08, "LCC": 0.0, "GCC": 0}, "rate-35": {"ANB_G": 0.0012944381096941682, "SP": 7.441074491247552, "ACE": 0.004308340412977047, "ANB": 0.0011463026323629765, "ACC": 0.13896601134472542, "CC": 1, "QCS": 0.32912554121246734, "SCS": {"ori-": 36.54411369474065, "sam_": 23.025696466025934, "ori-av": 0.20763700962920825, "sam_av": 0.2502793094133254, "sam_/ori_av": 1.2053694563424238}, "DDC": 0.950285818159865, "LCC": 0.0, "GCC": 0}, "rate-40": {"ANB_G": 0.001208953008497476, "SP": 8.525409055912661, "ACE": 0.003314638688859552, "ANB": 0.0011718170438979542, "ACC": 0.11991902606819714, "CC": 1, "QCS": 0.3947909138733113, "SCS": {"ori-": 38.670312272702674, "sam_": 25.674946545775395, "ori-av": 0.1832716221455103, "sam_av": 0.2334086049615945, "sam_/ori_av": 1.2735665359925579}, "DDC": 0.33891536030266856, "LCC": 0.0, "GCC": 0}}