{"rate-5": {"ANB_G": 0.001797522936806074, "SP": 4.0391424924612505, "ACE": 0.013722915343896745, "ANB": 0.0037941853838467537, "ACC": 0.24948030036947455, "CC": 1, "QCS": 0.3294654289665123, "SCS": {"ori-": 8.206556996681991, "sam_": 6.019344340021762, "ori-av": 0.11397995828724988, "sam_av": 0.16720400944504896, "sam_/ori_av": 1.4669597353568506}, "DDC": 0.9877460241671564, "LCC": 0.0, "GCC": 0}, "rate-10": {"ANB_G": 0.0009992039223119056, "SP": 5.502802186504657, "ACE": 0.01060820666529671, "ANB": 0.0028072332833570255, "ACC": 0.18896952000924927, "CC": 1, "QCS": 0.1962666246381754, "SCS": {"ori-": 24.125229651012262, "sam_": 16.685286885780595, "ori-av": 0.17232306893580188, "sam_av": 0.2383612412254371, "sam_/ori_av": 1.3832230513155346}, "DDC": 0.9924812932177323, "LCC": 0.0, "GCC": 0}, "rate-15": {"ANB_G": 0.0012452723383826708, "SP": 4.828411314712684, "ACE": 0.005206447899189366, "ANB": 0.0015905323285054737, "ACC": 0.21043277501486712, "CC": 1, "QCS": 0.3872812650632695, "SCS": {"ori-": 29.62746017639558, "sam_": 20.02384380556054, "ori-av": 0.16644640548536843, "sam_av": 0.2224871533951171, "sam_/ori_av": 1.3366894451480056}, "DDC": 0.11398643348061976, "LCC": 0.0, "GCC": 0}, "rate-20": {"ANB_G": 0.0010323663927238346, "SP": 4.712043128520307, "ACE": 0.007539595693908082, "ANB": 0.0011563997285109992, "ACC": 0.2168585761451824, "CC": 1, "QCS": 0.20057433373699646, "SCS": {"ori-": 16.990677643058568, "sam_": 10.900607769663155, "ori-av": 0.2123834705382321, "sam_av": 0.25953828023007514, "sam_/ori_av": 1.2220267404630931}, "DDC": 0.3415634101285405, "LCC": 0.0, "GCC": 0}, "rate-25": {"ANB_G": 0.0009213852477299958, "SP": 7.178863765115992, "ACE": 0.004243333395881566, "ANB": 0.0015397118776765536, "ACC": 0.14242471070949822, "CC": 1, "QCS": 0.23975308753810445, "SCS": {"ori-": 41.00335469449728, "sam_": 25.521751734548353, "ori-av": 0.23978569996782037, "sam_av": 0.29335346821319946, "sam_/ori_av": 1.223398510639158}, "DDC": 0.999984651599079, "LCC": 0.0, "GCC": 0}, "rate-30": {"ANB_G": 0.0015980657643032445, "SP": 7.115651956674477, "ACE": 0.004418741194265225, "ANB": 0.0012698612866848997, "ACC": 0.14345360057118375, "CC": 1, "QCS": 0.3721254978014, "SCS": {"ori-": 31.124941227585516, "sam_": 20.41240822204462, "ori-av": 0.16915728928035606, "sam_av": 0.21715327895792147, "sam_/ori_av": 1.283735864305666}, "DDC": 0.9980144222984132, "LCC": 0.0, "GCC": 0}, "rate-35": {"ANB_G": 0.0006832114547514268, "SP": 5.050066951524564, "ACE": 0.003773745561036683, "ANB": 0.0007207807352775526, "ACC": 0.2007732430486187, "CC": 1, "QCS": 0.2458489950214306, "SCS": {"ori-": 54.47422433916655, "sam_": 36.50737248489306, "ori-av": 0.1697016334553475, "sam_av": 0.22535415114131518, "sam_/ori_av": 1.3279433235426763}, "DDC": 5.36380928561897e-09, "LCC": 0.0, "GCC": 0}, "rate-40": {"ANB_G": 0.000905098648362314, "SP": 7.754165883851794, "ACE": 0.003313765948464848, "ANB": 0.0010517231211229765, "ACC": 0.13146020064446884, "CC": 1, "QCS": 0.4121295231540187, "SCS": {"ori-": 45.99973488620514, "sam_": 28.05341723458118, "ori-av": 0.24598788709200609, "sam_av": 0.2892104869544451, "sam_/ori_av": 1.1757102773368373}, "DDC": 0.8681637338886959, "LCC": 0.0, "GCC": 0}}