{"rate-5": {"ANB_G": 0.0025144976237698015, "SP": 4.2221966876085, "ANB": 0.004022717462682271, "ACC": 0.24050956421642072, "CC": 1, "QCS": 0.24932963917695167, "SCS": {"ori-": 9.950835083540383, "sam_": 6.218547652071031, "ori-av": 0.1554817981803185, "sam_av": 0.19432961412721972, "sam_/ori_av": 1.249854429274402}, "DDC": 0.9200619851674674, "LCC": 0.0, "GCC": 0}, "rate-10": {"ANB_G": 0.0023002780415506104, "SP": 6.984086156663292, "ANB": 0.003730727030338714, "ACC": 0.14456532546053674, "CC": 1, "QCS": 0.38968893474957633, "SCS": {"ori-": 27.846085456328897, "sam_": 19.67006386039949, "ori-av": 0.16674302668460417, "sam_av": 0.2314125160046999, "sam_/ori_av": 1.3878392434510536}, "DDC": 0.3983244569184976, "LCC": 0.0, "GCC": 0}, "rate-15": {"ANB_G": 0.0012531992204631982, "SP": 4.095029850684518, "ANB": 0.0012858453887347387, "ACC": 0.246666936486605, "CC": 1, "QCS": 0.18020833419890186, "SCS": {"ori-": 15.017726484092897, "sam_": 10.199541260445491, "ori-av": 0.19253495492426792, "sam_av": 0.24876929903525588, "sam_/ori_av": 1.2920734270465708}, "DDC": 0.9354655197936342, "LCC": 0.0, "GCC": 0}, "rate-20": {"ANB_G": 0.0016047404511860294, "SP": 5.9822613191810685, "ANB": 0.0015521063299629486, "ACC": 0.16943327152510512, "CC": 1, "QCS": 0.5450060032848161, "SCS": {"ori-": 29.488634673199456, "sam_": 19.359562917109447, "ori-av": 0.16292063355358816, "sam_av": 0.21043003170771138, "sam_/ori_av": 1.291610688700743}, "DDC": 2.2794237425460828e-05, "LCC": 0.0, "GCC": 0}, "rate-25": {"ANB_G": 0.0012872800369864658, "SP": 5.618320188183202, "ANB": 0.0011508398176384754, "ACC": 0.1815067262650331, "CC": 1, "QCS": 0.5202906249357994, "SCS": {"ori-": 35.41340870621781, "sam_": 23.992512717578823, "ori-av": 0.14817325818501176, "sam_av": 0.19828522907089935, "sam_/ori_av": 1.3381984812894976}, "DDC": 4.683697247820362e-07, "LCC": 0.0, "GCC": 0}, "rate-30": {"ANB_G": 0.0013665469640946378, "SP": 6.703424110316367, "ANB": 0.0011842658036371172, "ACC": 0.1543952668097781, "CC": 1, "QCS": 0.3634647848406072, "SCS": {"ori-": 36.67897894171958, "sam_": 23.438931358112217, "ori-av": 0.21703537835337028, "sam_av": 0.26941300411623237, "sam_/ori_av": 1.2413322019674713}, "DDC": 0.9048930999646905, "LCC": 0.0, "GCC": 0}, "rate-35": {"ANB_G": 0.0013764183555362752, "SP": 7.448492150369009, "ANB": 0.0011476227354278363, "ACC": 0.13757154893322254, "CC": 1, "QCS": 0.3789234929231454, "SCS": {"ori-": 35.15734763388018, "sam_": 23.471734418031385, "ori-av": 0.18406988289989623, "sam_av": 0.23708822644476146, "sam_/ori_av": 1.2880337766808843}, "DDC": 0.7109308144779619, "LCC": 0.0, "GCC": 0}, "rate-40": {"ANB_G": 0.000905098648362314, "SP": 6.8851039103129725, "ANB": 0.0009163973700269283, "ACC": 0.1482370296267723, "CC": 1, "QCS": 0.3757227067533155, "SCS": {"ori-": 47.70096514364013, "sam_": 29.45841403097229, "ori-av": 0.245881263627011, "sam_av": 0.2945841403097229, "sam_/ori_av": 1.1980747779000829}, "DDC": 0.8681637338886959, "LCC": 0.0, "GCC": 0}}