{"rate-5": {"ANB_G": 0.0007286983258750036, "SP": 28.653906951177472, "ACE": 0.016447041428013006, "ANB": 0.03452422840346753, "ACC": 0.035583283318552025, "CC": 1, "QCS": 0.19085802116834663, "SCS": {"ori-": 10.975611572325148, "sam_": 7.074390629848913, "ori-av": 0.1483190753016912, "sam_av": 0.19119974675267332, "sam_/ori_av": 1.2891109681189685}, "DDC": 0.9996122839494269, "LCC": 0.0, "GCC": 0}, "rate-10": {"ANB_G": 0.0010006449318321958, "SP": 32.43270368516816, "ACE": 0.008223520713950112, "ANB": 0.019596448681526206, "ACC": 0.03158746054164008, "CC": 1, "QCS": 0.2117077455670504, "SCS": {"ori-": 18.9222723780069, "sam_": 11.617724230686369, "ori-av": 0.22002642300008024, "sam_av": 0.26403918706105384, "sam_/ori_av": 1.2000339934670372}, "DDC": 1.0, "LCC": 0.0, "GCC": 0}, "rate-15": {"ANB_G": 0.0019006302374926162, "SP": 12.042543948564974, "ACE": 0.007526776185250701, "ANB": 0.004587679247430397, "ACC": 0.09611558259974845, "CC": 1, "QCS": 0.26604709941887855, "SCS": {"ori-": 18.489051911702557, "sam_": 11.39495715452288, "ori-av": 0.2077421563112647, "sam_av": 0.25322127010050843, "sam_/ori_av": 1.2189209672065855}, "DDC": 0.9997702057566852, "LCC": 0.0, "GCC": 0}, "rate-20": {"ANB_G": 0.0008640503563112009, "SP": 32.51127564687545, "ACE": 0.005288943632925807, "ANB": 0.009816596774727654, "ACC": 0.032676198798898326, "CC": 1, "QCS": 0.384125617943535, "SCS": {"ori-": 23.570917390227574, "sam_": 13.770785057517694, "ori-av": 0.22884385815754926, "sam_av": 0.2598261331607112, "sam_/ori_av": 1.1353860892427008}, "DDC": 0.9993312986828239, "LCC": 0.0, "GCC": 0}, "rate-25": {"ANB_G": 0.0011516392071608812, "SP": 78.63640173465102, "ACE": 0.002477027590501338, "ANB": 0.01934622520175714, "ACC": 0.01316856596570558, "CC": 1, "QCS": 0.6008042773857759, "SCS": {"ori-": 35.184506386433966, "sam_": 23.376220457905116, "ori-av": 0.17769952720421195, "sam_av": 0.22695359667869044, "sam_/ori_av": 1.2771761424996693}, "DDC": 2.1094237467877974e-15, "LCC": 0.0, "GCC": 0}, "rate-30": {"ANB_G": 0.0005559944037128426, "SP": 33.81781453588211, "ACE": 0.0038165849079118035, "ANB": 0.006814330260772888, "ACC": 0.030878107445539867, "CC": 1, "QCS": 0.6233636088708694, "SCS": {"ori-": 21.735042084368114, "sam_": 12.840912965264302, "ori-av": 0.19234550517139923, "sam_av": 0.21764259263159833, "sam_/ori_av": 1.131518994621979}, "DDC": 0.9997573413778579, "LCC": 0.0, "GCC": 0}, "rate-35": {"ANB_G": 0.0011352208932449651, "SP": 34.80808280589883, "ACE": 0.0032415580859954814, "ANB": 0.006016743692098087, "ACC": 0.030655768438285623, "CC": 1, "QCS": 0.49286158037472105, "SCS": {"ori-": 31.41485925146644, "sam_": 18.253679074740397, "ori-av": 0.20804542550640026, "sam_av": 0.23105922879418225, "sam_/ori_av": 1.1106191267208325}, "DDC": 0.9999999998110894, "LCC": 0.0, "GCC": 0}, "rate-40": {"ANB_G": 0.001134238350110624, "SP": 64.2070357752698, "ACE": 0.002836363322809524, "ANB": 0.009842266548624991, "ACC": 0.01816510008964255, "CC": 1, "QCS": 0.36671866712555945, "SCS": {"ori-": 39.28388305652075, "sam_": 23.768725174918433, "ori-av": 0.19641941528260376, "sam_av": 0.2285454343742157, "sam_/ori_av": 1.1635582666071467}, "DDC": 0.9684080000488274, "LCC": 0.0, "GCC": 0}}