{"rate-5": {"ANB_G": 0.0009899056309382525, "SP": 5.429291031450018, "ACE": 0.012322631329413863, "ANB": 0.005529701662234728, "ACC": 0.1939432644960218, "CC": 1, "QCS": 0.2574013087780343, "SCS": {"ori-": 6.256026417096747, "sam_": 3.883147721514834, "ori-av": 0.1895765580938408, "sam_av": 0.22842045420675494, "sam_/ori_av": 1.204898203150657}, "DDC": 0.37391266300619785, "LCC": 0.0, "GCC": 0}, "rate-10": {"ANB_G": 0.0009483205572212208, "SP": 25.807181015118537, "ACE": 0.010007976451924243, "ANB": 0.015465823575510131, "ACC": 0.0421546943788495, "CC": 1, "QCS": 0.1834942560957572, "SCS": {"ori-": 14.21632022893534, "sam_": 8.823239154569455, "ori-av": 0.20603362650630927, "sam_av": 0.252092547273413, "sam_/ori_av": 1.223550502644253}, "DDC": 0.9603299562227443, "LCC": 0.0, "GCC": 0}, "rate-15": {"ANB_G": 0.0003710963791010329, "SP": 31.37274533897662, "ACE": 0.007051924843900999, "ANB": 0.012618506580380802, "ACC": 0.03393853427029127, "CC": 1, "QCS": 0.23027691660600458, "SCS": {"ori-": 21.67073908128411, "sam_": 12.45158002355738, "ori-av": 0.2642773058693184, "sam_av": 0.30369707374530197, "sam_/ori_av": 1.1491606240888352}, "DDC": 0.8915023358900049, "LCC": 0.0, "GCC": 0}, "rate-20": {"ANB_G": 0.0006889700960350894, "SP": 32.785757473628365, "ACE": 0.005288943632925807, "ANB": 0.00990210513197155, "ACC": 0.03238720719821985, "CC": 1, "QCS": 0.26989840078003946, "SCS": {"ori-": 26.66138451337261, "sam_": 15.459706236722901, "ori-av": 0.269306914276491, "sam_av": 0.30313149483770396, "sam_/ori_av": 1.1255986340049409}, "DDC": 0.9981495636927437, "LCC": 0.0, "GCC": 0}, "rate-25": {"ANB_G": 0.0015154708811103356, "SP": 24.13341672763013, "ACE": 0.004538181320393352, "ANB": 0.005764619169606282, "ACC": 0.04828108459534082, "CC": 1, "QCS": 0.32807721202772977, "SCS": {"ori-": 25.296199892194075, "sam_": 14.92766978426427, "ori-av": 0.19310076253583264, "sam_av": 0.21952455565094514, "sam_/ori_av": 1.1368394032634086}, "DDC": 0.9999999998110894, "LCC": 0.0, "GCC": 0}, "rate-30": {"ANB_G": 0.000644073537649655, "SP": 35.04945341551426, "ACE": 0.0035259624219505384, "ANB": 0.007070069230796133, "ACC": 0.029552038040408863, "CC": 1, "QCS": 0.4404091094179629, "SCS": {"ori-": 29.064156984575185, "sam_": 17.067285110442537, "ori-av": 0.2218637937753831, "sam_av": 0.2473519581223556, "sam_/ori_av": 1.1148820360152003}, "DDC": 0.9999999974989165, "LCC": 0.0, "GCC": 0}, "rate-35": {"ANB_G": 0.0011352208932449651, "SP": 34.80808280589883, "ACE": 0.003241558085995479, "ANB": 0.006016743692098087, "ACC": 0.030655768438285623, "CC": 1, "QCS": 0.34083962430175146, "SCS": {"ori-": 29.52744456028008, "sam_": 17.250190539259073, "ori-av": 0.20224277096082247, "sam_av": 0.22402844856180615, "sam_/ori_av": 1.1077204267795753}, "DDC": 0.9999999998110894, "LCC": 0.0, "GCC": 0}, "rate-40": {"ANB_G": 0.0010670404442783147, "SP": 34.62400723078584, "ACE": 0.0028363633304219877, "ANB": 0.005235753228088705, "ACC": 0.030588816570318336, "CC": 1, "QCS": 0.4596738505147577, "SCS": {"ori-": 31.459879290033385, "sam_": 18.692137808001117, "ori-av": 0.200381396751805, "sam_av": 0.21990750362354256, "sam_/ori_av": 1.0974447088814479}, "DDC": 0.999999999975965, "LCC": 0.0, "GCC": 0}}