{"rate-5": {"ANB_G": 0.0006479925943497965, "SP": 22.531156542019794, "ACE": 0.015389429463508087, "ANB": 0.026880345245967305, "ACC": 0.046188960081266606, "CC": 1, "QCS": 0.19799757962980524, "SCS": {"ori-": 11.783891256417172, "sam_": 7.738945779090795, "ori-av": 0.14370599093191674, "sam_av": 0.18875477509977548, "sam_/ori_av": 1.3134788179373913}, "DDC": 1.0, "LCC": 0.0, "GCC": 0}, "rate-10": {"ANB_G": 0.0028597497447454415, "SP": 13.806832633077672, "ACE": 0.006382403794206007, "ANB": 0.007984309621619499, "ACC": 0.08134809209822558, "CC": 1, "QCS": 0.3949880020999827, "SCS": {"ori-": 16.11190532439534, "sam_": 9.744240323165304, "ori-av": 0.20394816866323218, "sam_av": 0.2436060080791326, "sam_/ori_av": 1.194450578673178}, "DDC": 0.0947791897710496, "LCC": 0.0, "GCC": 0}, "rate-15": {"ANB_G": 0.0012800874733589155, "SP": 12.250040338762862, "ACE": 0.0075267753329175974, "ANB": 0.00467388464427206, "ACC": 0.0945090883837107, "CC": 1, "QCS": 0.3029255649737171, "SCS": {"ori-": 17.71280700104874, "sam_": 10.649586520193603, "ori-av": 0.22708726924421463, "sam_av": 0.2662396630048401, "sam_/ori_av": 1.172411222746794}, "DDC": 0.997467759154009, "LCC": 0.0, "GCC": 0}, "rate-20": {"ANB_G": 0.001846954870554419, "SP": 12.967356142277112, "ACE": 0.005672726650492088, "ANB": 0.0037281483309274466, "ACC": 0.09116503767929338, "CC": 1, "QCS": 0.3287131126706732, "SCS": {"ori-": 22.481297791311896, "sam_": 13.257561119915545, "ori-av": 0.20437543446647177, "sam_av": 0.2325887915774657, "sam_/ori_av": 1.138046713807096}, "DDC": 0.9999225219361687, "LCC": 0.0, "GCC": 0}, "rate-25": {"ANB_G": 0.00112590193792244, "SP": 24.10974689458626, "ACE": 0.004538181320393667, "ANB": 0.00575872088078399, "ACC": 0.048722470822940366, "CC": 1, "QCS": 0.37923993686989715, "SCS": {"ori-": 29.83044055748378, "sam_": 17.335899973719926, "ori-av": 0.23488535872034472, "sam_av": 0.266706153441845, "sam_/ori_av": 1.1354737259693835}, "DDC": 0.9999999942632727, "LCC": 0.0, "GCC": 0}, "rate-30": {"ANB_G": 0.0011706859586607741, "SP": 29.881744320330835, "ACE": 0.0037818177669947254, "ANB": 0.005997039933623537, "ACC": 0.03763728165600655, "CC": 1, "QCS": 0.7108479771484378, "SCS": {"ori-": 32.016981475404755, "sam_": 18.688846733594826, "ori-av": 0.23541898143679968, "sam_av": 0.26698352476564036, "sam_/ori_av": 1.1340781577432593}, "DDC": 0.9999999998110894, "LCC": 0.0, "GCC": 0}, "rate-35": {"ANB_G": 0.0012014961959458123, "SP": 37.94217236962813, "ACE": 0.0032415580832108764, "ANB": 0.0065745101209518245, "ACC": 0.02939885694209492, "CC": 1, "QCS": 0.5152421424346991, "SCS": {"ori-": 37.25035115625232, "sam_": 22.059088293355632, "ori-av": 0.22439970576055615, "sam_av": 0.256501026666926, "sam_/ori_av": 1.1430542023108679}, "DDC": 0.999958404733474, "LCC": 0.0, "GCC": 0}, "rate-40": {"ANB_G": 0.0010871626473666798, "SP": 35.186333302893225, "ACE": 0.002836363330421964, "ANB": 0.0053233156809238645, "ACC": 0.030144117508042592, "CC": 1, "QCS": 0.4778213960040644, "SCS": {"ori-": 34.658835843978274, "sam_": 20.590223447594955, "ori-av": 0.2063025943093945, "sam_av": 0.22878026052883282, "sam_/ori_av": 1.1089548403144573}, "DDC": 0.9999999771300503, "LCC": 0.0, "GCC": 0}}