{"rate-5": {"ANB_G": 0.003621425138188831, "SP": 17.955627742598672, "ANB": 0.021168074585017096, "ACC": 0.05994172964525705, "CC": 1, "QCS": 0.3555237447794267, "SCS": {"ori-": 13.619609216877894, "sam_": 8.610027506438284, "ori-av": 0.23894051257680515, "sam_av": 0.2968975002220098, "sam_/ori_av": 1.2425582293273725}, "DDC": 0.08785712443194815, "LCC": 0.0, "GCC": 0}, "rate-10": {"ANB_G": 0.0028277466984089734, "SP": 13.814540488743535, "ANB": 0.007989115017919914, "ACC": 0.0812941855548573, "CC": 1, "QCS": 0.35623617711802197, "SCS": {"ori-": 13.224368629036043, "sam_": 8.320025673990818, "ori-av": 0.17870768417616273, "sam_av": 0.2133339916407902, "sam_/ori_av": 1.1937594772393463}, "DDC": 0.0947791897710496, "LCC": 0.0, "GCC": 0}, "rate-15": {"ANB_G": 0.0016519387549566323, "SP": 13.880783440834412, "ANB": 0.005351384894405648, "ACC": 0.08101020760474417, "CC": 1, "QCS": 0.23991910900997968, "SCS": {"ori-": 14.363596142353419, "sam_": 9.325679933540886, "ori-av": 0.1865402096409535, "sam_av": 0.22745560813514357, "sam_/ori_av": 1.2193382251094427}, "DDC": 0.997467759154009, "LCC": 0.0, "GCC": 0}, "rate-20": {"ANB_G": 0.0018428300466601993, "SP": 12.957341726544765, "ANB": 0.003725028575247588, "ACC": 0.09122810815127244, "CC": 1, "QCS": 0.5767268390723006, "SCS": {"ori-": 22.338072228452134, "sam_": 13.237412569312916, "ori-av": 0.20124389395001924, "sam_av": 0.22823125119505028, "sam_/ori_av": 1.1341027383008877}, "DDC": 0.9999225219361687, "LCC": 0.0, "GCC": 0}, "rate-25": {"ANB_G": 0.0015289832153708028, "SP": 24.663005508118843, "ANB": 0.005896587467759456, "ACC": 0.047119545613982725, "CC": 1, "QCS": 0.34676397008412974, "SCS": {"ori-": 22.990962502876506, "sam_": 13.879706581800155, "ori-av": 0.18246795637203578, "sam_av": 0.21029858457272962, "sam_/ori_av": 1.152523373166682}, "DDC": 0.9999999942632727, "LCC": 0.0, "GCC": 0}, "rate-30": {"ANB_G": 0.001320239009845377, "SP": 31.11870603567533, "ANB": 0.006253884143620314, "ACC": 0.03527267654163565, "CC": 1, "QCS": 0.30136466106954257, "SCS": {"ori-": 31.19816479507069, "sam_": 18.320597490433478, "ori-av": 0.2166539221879909, "sam_av": 0.24427463320577972, "sam_/ori_av": 1.1274877036097333}, "DDC": 0.9999999998110894, "LCC": 0.0, "GCC": 0}, "rate-35": {"ANB_G": 0.0005675911045189561, "SP": 33.562933230178395, "ANB": 0.005795147398145357, "ACC": 0.031209937490268645, "CC": 1, "QCS": 0.6664115128073738, "SCS": {"ori-": 26.728330872630234, "sam_": 15.845177627315302, "ori-av": 0.21212961010023995, "sam_av": 0.22964025546833772, "sam_/ori_av": 1.0825469172352848}, "DDC": 1.0, "LCC": 0.0, "GCC": 0}, "rate-40": {"ANB_G": 0.0008362643640910788, "SP": 34.782863780130135, "ANB": 0.005260489532876045, "ACC": 0.030446706763989112, "CC": 1, "QCS": 0.4171238178666584, "SCS": {"ori-": 33.802404103468966, "sam_": 20.017445317533205, "ori-av": 0.21126502564668104, "sam_av": 0.23008557836245064, "sam_/ori_av": 1.0890850374223562}, "DDC": 0.9999999771300503, "LCC": 0.0, "GCC": 0}}