{"rate-5": {"ANB_G": 0.005675828761951584, "SP": 20.42998978270389, "ACE": 0.006879242321252004, "ANB": 0.024257165771165948, "ACC": 0.052974803145227914, "CC": 1, "QCS": 0.4607877262798328, "SCS": {"ori-": 14.188156056317721, "sam_": 9.233604542858318, "ori-av": 0.19173183859888812, "sam_av": 0.2495568795367113, "sam_/ori_av": 1.3015933157496906}, "DDC": 2.1543538053503397e-07, "LCC": 0.0, "GCC": 0}, "rate-10": {"ANB_G": 0.002827165954016242, "SP": 13.814540488743535, "ACE": 0.006381585899054666, "ANB": 0.007989115017919914, "ACC": 0.0812941855548573, "CC": 1, "QCS": 0.3250489300757161, "SCS": {"ori-": 12.608628118229868, "sam_": 8.240044509334716, "ori-av": 0.18273374084391114, "sam_av": 0.22270390565769502, "sam_/ori_av": 1.2187344528120063}, "DDC": 0.0947791897710496, "LCC": 0.0, "GCC": 0}, "rate-15": {"ANB_G": 0.00038722822490184545, "SP": 6.508746271250254, "ACE": 0.0075636344826368485, "ANB": 0.0022886357587246567, "ACC": 0.16850322437848475, "CC": 1, "QCS": 0.30072203911974443, "SCS": {"ori-": 9.245863142468556, "sam_": 5.976546419402806, "ori-av": 0.14675973242013582, "sam_av": 0.18110746725463048, "sam_/ori_av": 1.2340405932069012}, "DDC": 0.9503792524800174, "LCC": 0.0, "GCC": 0}, "rate-20": {"ANB_G": 0.0018533774702759842, "SP": 12.80966210873038, "ACE": 0.005672726650492094, "ANB": 0.0036790224637789338, "ACC": 0.09188555298582156, "CC": 1, "QCS": 0.30865085912631013, "SCS": {"ori-": 19.254678741009, "sam_": 12.075766788047392, "ori-av": 0.17504253400917272, "sam_av": 0.20820287565598952, "sam_/ori_av": 1.1894416224863331}, "DDC": 0.9999225219361687, "LCC": 0.0, "GCC": 0}, "rate-25": {"ANB_G": 0.0013595566565694438, "SP": 24.04267008186168, "ACE": 0.0045381813203936704, "ANB": 0.005742006000962262, "ACC": 0.04848974197141295, "CC": 1, "QCS": 0.32373364955334805, "SCS": {"ori-": 24.165280912524803, "sam_": 14.624365245523073, "ori-av": 0.2047905162078373, "sam_av": 0.23587685879875925, "sam_/ori_av": 1.1517958114787556}, "DDC": 0.9999999998110894, "LCC": 0.0, "GCC": 0}, "rate-30": {"ANB_G": 0.0005978361558261546, "SP": 32.07987304200488, "ACE": 0.003781817346670289, "ANB": 0.00645346201038311, "ACC": 0.03259833627299276, "CC": 1, "QCS": 0.45250963880294687, "SCS": {"ori-": 20.406716575029805, "sam_": 12.518322028035884, "ori-av": 0.17148501323554458, "sam_av": 0.1955987816880607, "sam_/ori_av": 1.1406173519046499}, "DDC": 0.9999780935633744, "LCC": 0.0, "GCC": 0}, "rate-35": {"ANB_G": 0.0011511967139609313, "SP": 34.826518121862534, "ACE": 0.003241558085995479, "ANB": 0.0060200245812178105, "ACC": 0.03072256609466976, "CC": 1, "QCS": 0.4398874083823986, "SCS": {"ori-": 28.187623896427905, "sam_": 16.88507044070184, "ori-av": 0.19574738816963821, "sam_av": 0.2192866291000239, "sam_/ori_av": 1.1202531545911925}, "DDC": 0.9999999999973624, "LCC": 0.0, "GCC": 0}, "rate-40": {"ANB_G": 0.001041266864322932, "SP": 40.957837494030734, "ACE": 0.0028363633228095067, "ANB": 0.006222023901281625, "ACC": 0.02632946785955308, "CC": 1, "QCS": 0.44918941110179783, "SCS": {"ori-": 30.33066571286046, "sam_": 18.190252789558738, "ori-av": 0.19196623868899024, "sam_av": 0.21151456732045043, "sam_/ori_av": 1.1018321177982289}, "DDC": 0.9981957088930172, "LCC": 0.0, "GCC": 0}}