{"rate-5": {"ANB_G": 0.0010779951029164655, "SP": 5.378925041071046, "ACE": 0.012665839499047706, "ANB": 0.005466822772872716, "ACC": 0.18952101544392916, "CC": 1, "QCS": 0.29394673155105305, "SCS": {"ori-": 4.683845465169225, "sam_": 3.090503724977839, "ori-av": 0.14637017078653827, "sam_av": 0.19315648281111494, "sam_/ori_av": 1.3196437619302117}, "DDC": 0.9983070463968579, "LCC": 0.0, "GCC": 0}, "rate-10": {"ANB_G": 0.0018680543407482437, "SP": 14.825081955129324, "ACE": 0.006374556012692629, "ANB": 0.00861912840095343, "ACC": 0.07556086591270526, "CC": 1, "QCS": 0.32210916527128547, "SCS": {"ori-": 16.2439337635588, "sam_": 9.959799384905565, "ori-av": 0.21373597057314211, "sam_av": 0.26209998381330435, "sam_/ori_av": 1.2262792412080759}, "DDC": 0.06600173633592599, "LCC": 0.0, "GCC": 0}, "rate-15": {"ANB_G": 0.0007378388579321439, "SP": 34.176017674584095, "ACE": 0.007051924843900951, "ANB": 0.013783139873113432, "ACC": 0.031149719299178355, "CC": 1, "QCS": 0.2006397895085054, "SCS": {"ori-": 21.566384501906768, "sam_": 12.828694921584745, "ori-av": 0.24231892698771648, "sam_av": 0.2850821093685499, "sam_/ori_av": 1.1764747925901848}, "DDC": 0.9821693895878676, "LCC": 0.0, "GCC": 0}, "rate-20": {"ANB_G": 0.0008628070289276477, "SP": 34.54920915144974, "ACE": 0.005288943632925779, "ANB": 0.010451467025373834, "ACC": 0.030612258227674338, "CC": 1, "QCS": 0.6104483780674316, "SCS": {"ori-": 26.343589944937392, "sam_": 15.385082981254168, "ori-av": 0.23312911455696808, "sam_av": 0.26991373651323103, "sam_/ori_av": 1.1577864782190221}, "DDC": 0.999922275469452, "LCC": 0.0, "GCC": 0}, "rate-25": {"ANB_G": 0.0006553666477402023, "SP": 35.43747642901153, "ACE": 0.0042311549063406085, "ANB": 0.00858147929952936, "ACC": 0.029240719534503908, "CC": 1, "QCS": 0.35606885528063464, "SCS": {"ori-": 24.39958889260662, "sam_": 14.518695233118207, "ori-av": 0.2103412835569536, "sam_av": 0.24197825388530345, "sam_/ori_av": 1.1504078029446063}, "DDC": 0.999999965230699, "LCC": 0.0, "GCC": 0}, "rate-30": {"ANB_G": 0.0013210421640438398, "SP": 30.465230249894155, "ACE": 0.0037818177637460393, "ANB": 0.006118195649894997, "ACC": 0.036076136442953995, "CC": 1, "QCS": 0.3201059991657749, "SCS": {"ori-": 30.772683074775472, "sam_": 17.727107717815464, "ori-av": 0.22461812463339761, "sam_av": 0.25324439596879234, "sam_/ori_av": 1.1274441738934293}, "DDC": 0.9999999999973624, "LCC": 0.0, "GCC": 0}, "rate-35": {"ANB_G": 0.0011484834240576398, "SP": 34.82981308653809, "ACE": 0.003241558085995288, "ANB": 0.006020610978205803, "ACC": 0.03066269708760455, "CC": 1, "QCS": 0.5135878375534919, "SCS": {"ori-": 29.063540481480278, "sam_": 17.09190553409498, "ori-av": 0.19505731866765286, "sam_av": 0.21912699402685873, "sam_/ori_av": 1.1233979607820654}, "DDC": 0.9999999999973624, "LCC": 0.0, "GCC": 0}, "rate-40": {"ANB_G": 0.001041983943558321, "SP": 37.05744668764126, "ACE": 0.0028363633293426054, "ANB": 0.005614675597577251, "ACC": 0.028827293652466616, "CC": 1, "QCS": 0.4853779206585863, "SCS": {"ori-": 34.28845288558792, "sam_": 19.94517577472571, "ori-av": 0.2103586066600486, "sam_av": 0.22925489396236445, "sam_/ori_av": 1.0898289240565913}, "DDC": 0.999958404733474, "LCC": 0.0, "GCC": 0}}