{"rate-5": {"ANB_G": 0.0016441595274428735, "SP": 23.913199566463668, "ANB": 0.028605742280229315, "ACC": 0.0436063883305012, "CC": 1, "QCS": 0.32562055876614904, "SCS": {"ori-": 12.347289113976563, "sam_": 8.090527265182008, "ori-av": 0.1789462190431386, "sam_av": 0.23115792186234307, "sam_/ori_av": 1.291773154517547}, "DDC": 0.9999999419159813, "LCC": 0.0, "GCC": 0}, "rate-10": {"ANB_G": 0.0009542333277221668, "SP": 27.322635133824484, "ANB": 0.016410620407621066, "ACC": 0.03953731743084464, "CC": 1, "QCS": 0.19583686885891072, "SCS": {"ori-": 16.50187924612856, "sam_": 10.244788908686655, "ori-av": 0.2143101200795917, "sam_av": 0.2626868950945296, "sam_/ori_av": 1.2257325738839187}, "DDC": 0.9995888708082294, "LCC": 0.0, "GCC": 0}, "rate-15": {"ANB_G": 0.0007381149558174916, "SP": 7.0765519390877785, "ANB": 0.0025245334188150298, "ACC": 0.15711465081300482, "CC": 1, "QCS": 0.2440693826738601, "SCS": {"ori-": 12.271964825777662, "sam_": 7.974670906805469, "ori-av": 0.16810910720243372, "sam_av": 0.21553164612987752, "sam_/ori_av": 1.2820938122664496}, "DDC": 0.9358093820697632, "LCC": 0.0, "GCC": 0}, "rate-20": {"ANB_G": 0.0018368534769414072, "SP": 13.56692223532665, "ANB": 0.0039149290452731005, "ACC": 0.08809532240427377, "CC": 1, "QCS": 0.34210950163188547, "SCS": {"ori-": 21.034973333875858, "sam_": 12.830363797129763, "ori-av": 0.19122703030796234, "sam_av": 0.22509410170403094, "sam_/ori_av": 1.1771039969690855}, "DDC": 0.9999952299232403, "LCC": 0.0, "GCC": 0}, "rate-25": {"ANB_G": 0.0015332053628854196, "SP": 24.281625270457507, "ANB": 0.005801551275967456, "ACC": 0.04802011016497785, "CC": 1, "QCS": 0.26310989096393483, "SCS": {"ori-": 26.440091287932837, "sam_": 15.62875470165182, "ori-av": 0.20496194796847161, "sam_av": 0.2367993136613912, "sam_/ori_av": 1.1553330557622188}, "DDC": 0.9999999942632727, "LCC": 0.0, "GCC": 0}, "rate-30": {"ANB_G": 0.0009721864728059052, "SP": 30.694011014849597, "ANB": 0.006165699961555171, "ACC": 0.03580459918325723, "CC": 1, "QCS": 0.36807280865868985, "SCS": {"ori-": 30.754524426999776, "sam_": 17.825269758621673, "ori-av": 0.23476736203816623, "sam_av": 0.2660488023674876, "sam_/ori_av": 1.1332444171870704}, "DDC": 0.9999999998110894, "LCC": 0.0, "GCC": 0}, "rate-35": {"ANB_G": 0.0005637736073767537, "SP": 33.40819600620702, "ANB": 0.0057676091842333846, "ACC": 0.03138855263050485, "CC": 1, "QCS": 0.5083069361784733, "SCS": {"ori-": 27.79161567179138, "sam_": 16.42057046334902, "ori-av": 0.22233292537433105, "sam_av": 0.2450831412440152, "sam_/ori_av": 1.1023249967650124}, "DDC": 0.9999999999999873, "LCC": 0.0, "GCC": 0}, "rate-40": {"ANB_G": 0.0011517335077051672, "SP": 43.757963868949325, "ANB": 0.006658044825435872, "ACC": 0.0250842721449833, "CC": 1, "QCS": 0.4599948837224149, "SCS": {"ori-": 35.5589186616116, "sam_": 21.54519264107224, "ori-av": 0.1943110309377683, "sam_av": 0.21984890450073716, "sam_/ori_av": 1.1314278115849625}, "DDC": 0.9981957088930172, "LCC": 0.0, "GCC": 0}}