{"rate-5": {"ANB_G": 0.0009899041825413533, "SP": 5.416086185532433, "ANB": 0.005513216211650976, "ACC": 0.19439190529925532, "CC": 1, "QCS": 0.26930268998039175, "SCS": {"ori-": 4.372808139642599, "sam_": 2.940285157986227, "ori-av": 0.14105832708524513, "sam_av": 0.17295795046977805, "sam_/ori_av": 1.2261449149702106}, "DDC": 0.498548489890858, "LCC": 0.0, "GCC": 0}, "rate-10": {"ANB_G": 0.0029119857612163744, "SP": 16.43513227266908, "ANB": 0.009622900419369737, "ACC": 0.06927335781443665, "CC": 1, "QCS": 0.357590379405229, "SCS": {"ori-": 15.53299625115259, "sam_": 9.953193969733642, "ori-av": 0.17452804776575942, "sam_av": 0.2117700844624179, "sam_/ori_av": 1.2133871155577378}, "DDC": 0.06600173633592599, "LCC": 0.0, "GCC": 0}, "rate-15": {"ANB_G": 0.001972149257294465, "SP": 16.45560391610089, "ANB": 0.006421106737058931, "ACC": 0.0730883428520338, "CC": 1, "QCS": 0.22789855378827323, "SCS": {"ori-": 16.22403431047445, "sam_": 9.99441151607875, "ori-av": 0.1886515617497029, "sam_av": 0.21726981556692937, "sam_/ori_av": 1.1516990029226277}, "DDC": 0.9987215441518807, "LCC": 0.0, "GCC": 0}, "rate-20": {"ANB_G": 0.0018428300761971505, "SP": 12.973864746534039, "ANB": 0.0037301759334996986, "ACC": 0.0911456679416317, "CC": 1, "QCS": 0.5774229161805241, "SCS": {"ori-": 22.911685818320784, "sam_": 13.647879180346184, "ori-av": 0.19923205059409377, "sam_av": 0.22746465300576973, "sam_/ori_av": 1.141707131595989}, "DDC": 0.9999225219361687, "LCC": 0.0, "GCC": 0}, "rate-25": {"ANB_G": 0.0011419576836251436, "SP": 24.07091791432353, "ANB": 0.005749045082064144, "ACC": 0.04847213816556615, "CC": 1, "QCS": 0.3030546836584437, "SCS": {"ori-": 26.200178265360528, "sam_": 15.609969576235997, "ori-av": 0.21300957939317502, "sam_av": 0.24390577462868746, "sam_/ori_av": 1.1450460365375585}, "DDC": 0.9999999942632727, "LCC": 0.0, "GCC": 0}, "rate-30": {"ANB_G": 0.0005945051433985405, "SP": 35.2251066493177, "ANB": 0.007106542078346727, "ACC": 0.0295755840825884, "CC": 1, "QCS": 0.3515133984240205, "SCS": {"ori-": 22.837196323445735, "sam_": 13.719681950073742, "ori-av": 0.19353556206309944, "sam_av": 0.21777272936624986, "sam_/ori_av": 1.1252336627169752}, "DDC": 0.9997702057566852, "LCC": 0.0, "GCC": 0}, "rate-35": {"ANB_G": 0.0011416114252982984, "SP": 34.65196919786692, "ANB": 0.005988960526404567, "ACC": 0.030916415337976042, "CC": 1, "QCS": 0.3614592498870788, "SCS": {"ori-": 30.38654993181804, "sam_": 17.659797806072703, "ori-av": 0.20812705432752082, "sam_av": 0.22640766418041927, "sam_/ori_av": 1.0878338950789694}, "DDC": 0.9999999998110894, "LCC": 0.0, "GCC": 0}, "rate-40": {"ANB_G": 0.0010424858353559885, "SP": 37.26615288805854, "ANB": 0.005647174227352601, "ACC": 0.028680329105228997, "CC": 1, "QCS": 0.41689460069960615, "SCS": {"ori-": 33.1414350206211, "sam_": 19.732755146200628, "ori-av": 0.20457675938655, "sam_av": 0.22171634995731043, "sam_/ori_av": 1.0837807316048789}, "DDC": 0.9999980295870015, "LCC": 0.0, "GCC": 0}}