{"rate-5": {"ANB_G": 0.002063146082332267, "SP": 4.44938835973578, "ACE": 0.012964837722935111, "ANB": 0.004306352509033431, "ACC": 0.23140801942761668, "CC": 1.0, "QCS": 0.29351919721765213, "SCS": {"ori-": 10.55271087580364, "sam_": 7.4703272156183145, "ori-av": 0.13006704989360518, "sam_av": 0.1830254209805039, "sam_/ori_av": 1.4083116618810567}, "DDC": 0.5926043507472325, "LCC": 0.0, "GCC": 0.0}, "rate-10": {"ANB_G": 0.0015178077120431444, "SP": 5.226003111385264, "ACE": 0.011113035339828046, "ANB": 0.0026346652814122616, "ACC": 0.20464008336855305, "CC": 1.0, "QCS": 0.3003764742117068, "SCS": {"ori-": 18.574606299553903, "sam_": 12.55801082772677, "ori-av": 0.16078393695771184, "sam_av": 0.2130207538272594, "sam_/ori_av": 1.3377956597658986}, "DDC": 0.632862102486702, "LCC": 0.0, "GCC": 0.0}, "rate-15": {"ANB_G": 0.0013270913645369244, "SP": 5.5734700576051335, "ACE": 0.0070503045732254925, "ANB": 0.0019000706512692627, "ACC": 0.19211162531650022, "CC": 1.0, "QCS": 0.3644970030565148, "SCS": {"ori-": 21.894852818714888, "sam_": 14.327972087022738, "ori-av": 0.1784544995019067, "sam_av": 0.22738863188674946, "sam_/ori_av": 1.2804747441190938}, "DDC": 0.4479147040845769, "LCC": 0.0, "GCC": 0.0}, "rate-20": {"ANB_G": 0.0011672583135536117, "SP": 5.014252338532744, "ACE": 0.005928315644646361, "ANB": 0.0012505458998544369, "ACC": 0.21167406671974542, "CC": 1.0, "QCS": 0.27174947141861416, "SCS": {"ori-": 19.09021090388336, "sam_": 12.458936199908688, "ori-av": 0.1875823838155007, "sam_av": 0.2336998965317732, "sam_/ori_av": 1.2504664783790038}, "DDC": 0.4698434438188196, "LCC": 0.0, "GCC": 0.0}, "rate-25": {"ANB_G": 0.0011359430752514944, "SP": 5.923695360137402, "ACE": 0.005444563141860396, "ANB": 0.0012269362970688772, "ACC": 0.17864775063518784, "CC": 1.0, "QCS": 0.3232773655842351, "SCS": {"ori-": 29.654993020409222, "sam_": 19.26729163423682, "ori-av": 0.18283338141618824, "sam_av": 0.22993855171864439, "sam_/ori_av": 1.2631372174853222}, "DDC": 0.7931252323067451, "LCC": 0.0, "GCC": 0.0}, "rate-30": {"ANB_G": 0.001224528262320053, "SP": 6.2525867764756295, "ACE": 0.004419523855468815, "ANB": 0.0010906534004309844, "ACC": 0.16881788037816026, "CC": 1.0, "QCS": 0.3291862789789358, "SCS": {"ori-": 38.10493961858367, "sam_": 24.890875645973463, "ori-av": 0.1968101946658558, "sam_av": 0.24766201811450284, "sam_/ori_av": 1.2687588642280008}, "DDC": 0.7938781696328723, "LCC": 0.0, "GCC": 0.0}, "rate-35": {"ANB_G": 0.0010499474613577177, "SP": 6.392917358077013, "ACE": 0.004308340412977071, "ANB": 0.0009597646125782203, "ACC": 0.1660756289940084, "CC": 1.0, "QCS": 0.266598754365474, "SCS": {"ori-": 44.56721498182012, "sam_": 29.020475204918263, "ori-av": 0.1966970013979133, "sam_av": 0.24610339126924546, "sam_/ori_av": 1.256968803309017}, "DDC": 0.4361265499273406, "LCC": 0.0, "GCC": 0.0}, "rate-40": {"ANB_G": 0.001100104222405235, "SP": 7.835371560292063, "ACE": 0.0033146432825821603, "ANB": 0.001064368041154164, "ACC": 0.13185287178550031, "CC": 1.0, "QCS": 0.34003064857343396, "SCS": {"ori-": 43.838997583116345, "sam_": 27.58702125998952, "ori-av": 0.2196414118013291, "sam_av": 0.2660723478474533, "sam_/ori_av": 1.2157865098509295}, "DDC": 0.7390462606772207, "LCC": 0.0, "GCC": 0.0}}