{"rate-5": {"ANB_G": 0.0018240840832062205, "SP": 16.484653869684443, "ACE": 0.016447041428013006, "ANB": 0.019331652771141645, "ACC": 0.10364226529699952, "CC": 1.0, "QCS": 0.2801982734814144, "SCS": {"ori-": 9.577506153465203, "sam_": 6.20411847965814, "ori-av": 0.163940726742575, "sam_av": 0.21021766768140598, "sam_/ori_av": 1.2857450133773838}, "DDC": 0.6743664417575727, "LCC": 0.0, "GCC": 0.0}, "rate-10": {"ANB_G": 0.0019007871057126688, "SP": 20.13726795544745, "ACE": 0.008223520713950112, "ANB": 0.011930965059505836, "ACC": 0.06238905969725554, "CC": 1.0, "QCS": 0.2874696198219584, "SCS": {"ori-": 15.62061196262525, "sam_": 9.677009520532284, "ori-av": 0.20529558591733502, "sam_av": 0.24890832637691976, "sam_/ori_av": 1.2126097537609102}, "DDC": 0.44317801442015387, "LCC": 0.0, "GCC": 0.0}, "rate-15": {"ANB_G": 0.0009353762345573108, "SP": 19.27001871442776, "ACE": 0.007526776185250701, "ANB": 0.00759036922078427, "ACC": 0.0848432297862827, "CC": 1.0, "QCS": 0.26012228192537, "SCS": {"ori-": 17.736969127682148, "sam_": 10.660273007852282, "ori-av": 0.21763707816653, "sam_av": 0.25786951669476615, "sam_/ori_av": 1.19020163996786}, "DDC": 0.9642577885737168, "LCC": 0.0, "GCC": 0.0}, "rate-20": {"ANB_G": 0.0012232319644208682, "SP": 25.124652104592208, "ACE": 0.005288943632925807, "ANB": 0.0075154679453558835, "ACC": 0.055745250977981484, "CC": 1.0, "QCS": 0.3803672737175979, "SCS": {"ori-": 23.662373676171693, "sam_": 13.989780436691541, "ori-av": 0.22213957109333055, "sam_av": 0.25473260634902023, "sam_/ori_av": 1.1492519075520187}, "DDC": 0.9994496363434713, "LCC": 0.0, "GCC": 0.0}, "rate-25": {"ANB_G": 0.0011615870661006605, "SP": 37.27194237354813, "ACE": 0.002477027590501338, "ANB": 0.009038610110527808, "ACC": 0.03758051657798073, "CC": 1.0, "QCS": 0.39758478622347704, "SCS": {"ori-": 27.775203328248647, "sam_": 16.95657013890612, "ori-av": 0.20416348964503603, "sam_av": 0.2382078836911087, "sam_/ori_av": 1.1703385772311647}, "DDC": 0.7999999918232306, "LCC": 0.0, "GCC": 0.0}, "rate-30": {"ANB_G": 0.0008579264439786533, "SP": 32.25882311272524, "ACE": 0.0038165849079118035, "ANB": 0.006490619417094133, "ACC": 0.033348379971580404, "CC": 1.0, "QCS": 0.5094472666811984, "SCS": {"ori-": 26.799116038830665, "sam_": 15.7684949110306, "ori-av": 0.20914628365050483, "sam_av": 0.23616425063528945, "sam_/ori_av": 1.1297081428357036}, "DDC": 0.9999470864497202, "LCC": 0.0, "GCC": 0.0}, "rate-35": {"ANB_G": 0.0011543236240908626, "SP": 35.442933837965285, "ACE": 0.0032415580859954814, "ANB": 0.006129726612914323, "ACC": 0.0304191314001881, "CC": 1.0, "QCS": 0.4604837186094125, "SCS": {"ori-": 31.0887638691814, "sam_": 18.307986776430383, "ori-av": 0.205098521813014, "sam_av": 0.2300004654299594, "sam_/ori_av": 1.1210089742369067}, "DDC": 0.9999916808700755, "LCC": 0.0, "GCC": 0.0}, "rate-40": {"ANB_G": 0.0010743384499273742, "SP": 42.406532098124174, "ACE": 0.002836363322809524, "ANB": 0.006447606991299287, "ACC": 0.02681095913600463, "CC": 1.0, "QCS": 0.44775624908095313, "SCS": {"ori-": 34.00434335779615, "sam_": 20.23730299895979, "ori-av": 0.20108565033856843, "sam_av": 0.22360053196188118, "sam_/ori_av": 1.1123237715315741}, "DDC": 0.9933124181562668, "LCC": 0.0, "GCC": 0.0}}