{"rate-5": {"ANB_G": 0.0009712140364927768, "SP": 4.759864781819578, "ACE": 0.013120035381978874, "ANB": 0.003389019378674305, "ACC": 0.2522466693549398, "CC": 1.2, "QCS": 0.25161337945287376, "SCS": {"ori-": 9.15188235469294, "sam_": 5.802617809828538, "ori-av": 0.2022795133864724, "sam_av": 0.25537133302430454, "sam_/ori_av": 1.2785047677927275}, "DDC": 0.3194401579063061, "LCC": 0.2876617902408477, "GCC": 0.10617339949010848}, "rate-10": {"ANB_G": 0.0011247750400297711, "SP": 6.280831487220556, "ACE": 0.007439631700178828, "ANB": 0.0022483415070057603, "ACC": 0.19009461121763777, "CC": 1.4, "QCS": 0.35277935037985103, "SCS": {"ori-": 15.842735321690316, "sam_": 10.113939611950617, "ori-av": 0.19900292820108395, "sam_av": 0.2532810414629919, "sam_/ori_av": 1.2735954605437458}, "DDC": 0.0011685563090757301, "LCC": 0.24202034954712204, "GCC": 0.1734959693129491}, "rate-15": {"ANB_G": 0.001026607797572004, "SP": 7.789958838626862, "ACE": 0.007410480980509585, "ANB": 0.0010576956576618022, "ACC": 0.15301576865362682, "CC": 1.8, "QCS": 0.32189767303093814, "SCS": {"ori-": 21.33308051803244, "sam_": 12.839909215512957, "ori-av": 0.25838877069618954, "sam_av": 0.3084802525168029, "sam_/ori_av": 1.2028406031711119}, "DDC": 0.38261368684185404, "LCC": 0.2490752507922262, "GCC": 0.12942198217259776}, "rate-20": {"ANB_G": 0.000996247408358004, "SP": 7.041125642537028, "ACE": 0.007864990291566112, "ANB": 0.0010966452706508887, "ACC": 0.17486111035285484, "CC": 1.6, "QCS": 0.33231251030296527, "SCS": {"ori-": 24.18505467875253, "sam_": 14.502971280672657, "ori-av": 0.25402662789189356, "sam_av": 0.301074350726387, "sam_/ori_av": 1.1868023300000932}, "DDC": 0.38792459091373493, "LCC": 0.3131540899557456, "GCC": 0.08303249140747034}, "rate-25": {"ANB_G": 0.0011327675401952035, "SP": 8.316106560038072, "ACE": 0.007048347197855904, "ANB": 0.0010084798882989878, "ACC": 0.1477881034569072, "CC": 1.6, "QCS": 0.3514119404466453, "SCS": {"ori-": 27.655442276468555, "sam_": 15.543391632376252, "ori-av": 0.29193071921219155, "sam_av": 0.3216206018466681, "sam_/ori_av": 1.1047855112222498}, "DDC": 0.42142312966214074, "LCC": 0.3388233720371828, "GCC": 0.05479257992850604}, "rate-30": {"ANB_G": 0.0008102202309588494, "SP": 10.197709100652295, "ACE": 0.0011947175390216874, "ANB": 0.0006482614814956716, "ACC": 0.1432592733104184, "CC": 2.2, "QCS": 0.32493885203395595, "SCS": {"ori-": 32.659808547784316, "sam_": 18.255129859468212, "ori-av": 0.2818813436701495, "sam_av": 0.31354959816018074, "sam_/ori_av": 1.1124181759703422}, "DDC": 0.2486988441480679, "LCC": 0.2758063638431717, "GCC": 0.08048390260395044}, "rate-35": {"ANB_G": 0.000900305947175306, "SP": 11.99187302919099, "ACE": 0.0038142083812981674, "ANB": 0.000402765811228804, "ACC": 0.10880096102924282, "CC": 2.6, "QCS": 0.3637018910139331, "SCS": {"ori-": 38.50922878329558, "sam_": 21.648325968504906, "ori-av": 0.2841237581112205, "sam_av": 0.3174018585634531, "sam_/ori_av": 1.1172507241248537}, "DDC": 0.4045000353668849, "LCC": 0.28232893531801484, "GCC": 0.06004541512159126}, "rate-40": {"ANB_G": 0.0009231909869856064, "SP": 12.116164483549943, "ACE": 0.0009091245588448091, "ANB": 0.0006252108126090178, "ACC": 0.11205429704288875, "CC": 2.4, "QCS": 0.30725226873272987, "SCS": {"ori-": 40.487743663796714, "sam_": 21.94155667606424, "ori-av": 0.2967525934584689, "sam_av": 0.3189337191778316, "sam_/ori_av": 1.0746890288231774}, "DDC": 0.585142004687899, "LCC": 0.2905118701627179, "GCC": 0.04855279889364283}}