{"rate_5": {"ANB_G": 0.006674659636525834, "SP": 5.947529744581966, "ACE": 0.01729248467899473, "ANB": 0.006947039793030381, "ACC": 0.17962206097384084, "CC": 1.0, "QCS": 0.36203676977541477, "SCS": {"ori-": 12.902495755681581, "sam_": 9.014227612491618, "ori-av": 0.20298778860652383, "sam_av": 0.28361551614710523, "sam_/ori_av": 1.3972607738794542}, "DDC": 0.8973180263164331, "LCC": 0.3088174335643038, "GCC": 0.021935045722941714}, "rate_10": {"ANB_G": 0.004163322464872469, "SP": 8.051543481814992, "ACE": 0.007196342102394382, "ANB": 0.004094518980882243, "ACC": 0.1272418709976149, "CC": 1.0, "QCS": 0.45102444033363775, "SCS": {"ori-": 27.46178993677222, "sam_": 19.007492656986592, "ori-av": 0.2033004045490113, "sam_av": 0.2814083466401467, "sam_/ori_av": 1.3842554752482945}, "DDC": 0.10315971602433224, "LCC": 0.21121168233025403, "GCC": 0.02953308506570217}, "rate_15": {"ANB_G": 0.0030294296096595504, "SP": 8.317880285443895, "ACE": 0.006039285271756135, "ANB": 0.00302667421534625, "ACC": 0.12296899826418313, "CC": 1.0, "QCS": 0.41912035538030334, "SCS": {"ori-": 34.364629531288315, "sam_": 23.058095091095367, "ori-av": 0.24006566684616168, "sam_av": 0.3221505581825821, "sam_/ori_av": 1.3419526611350172}, "DDC": 0.41630950310183695, "LCC": 0.21246070791166724, "GCC": 0.02014782967892042}, "rate_20": {"ANB_G": 0.0023515084302235677, "SP": 8.40084825223448, "ACE": 0.005352207603874631, "ANB": 0.002359378861460845, "ACC": 0.12166884365763393, "CC": 1.0, "QCS": 0.43400555566178384, "SCS": {"ori-": 39.77177439888702, "sam_": 25.77016850559756, "ori-av": 0.26969879177122535, "sam_av": 0.34946231489394924, "sam_/ori_av": 1.2958660874764143}, "DDC": 0.8600535283731133, "LCC": 0.21942608424011106, "GCC": 0.016773816265428156}, "rate_25": {"ANB_G": 0.001919411265126641, "SP": 8.519883778101363, "ACE": 0.0046418799436601325, "ANB": 0.0019049285265632678, "ACC": 0.11991075858434419, "CC": 1.0, "QCS": 0.5183499393544989, "SCS": {"ori-": 48.06215010562061, "sam_": 29.92867792302703, "ori-av": 0.31572385513197043, "sam_av": 0.39312179547262505, "sam_/ori_av": 1.24533066578805}, "DDC": 0.9498394978620915, "LCC": 0.2183430459747202, "GCC": 0.015332841669601766}, "rate_30": {"ANB_G": 0.0015808766579955263, "SP": 10.287269303024853, "ACE": 0.0035926584719721717, "ANB": 0.001713405255502537, "ACC": 0.09955034220464509, "CC": 1.0, "QCS": 0.43052569745694924, "SCS": {"ori-": 64.31039782484909, "sam_": 38.78676614139137, "ori-av": 0.34283313470280957, "sam_av": 0.4135306444813921, "sam_/ori_av": 1.2062304731358757}, "DDC": 0.8787913505395482, "LCC": 0.18848093659064286, "GCC": 0.01419123972217835}, "rate_35": {"ANB_G": 0.0015355827470158814, "SP": 10.312782764469368, "ACE": 0.0035110237585498885, "ANB": 0.0016659181142105461, "ACC": 0.09931422975355586, "CC": 1.0, "QCS": 0.44662766435651646, "SCS": {"ori-": 65.90644196819355, "sam_": 39.42326175160953, "ori-av": 0.3506966424176515, "sam_av": 0.419526968092947, "sam_/ori_av": 1.1962899050405}, "DDC": 0.9024452436518123, "LCC": 0.19042958967947227, "GCC": 0.014332537108726968}, "rate_40": {"ANB_G": 0.0013762682238314008, "SP": 10.923590267175442, "ACE": 0.0026120167759866066, "ANB": 0.0015448155731192961, "ACC": 0.09319842176981812, "CC": 1.0, "QCS": 0.5359011383813328, "SCS": {"ori-": 63.249280380497865, "sam_": 34.41160047566429, "ori-av": 0.35678435444714857, "sam_av": 0.3876867422497182, "sam_/ori_av": 1.0868553206576883}, "DDC": 0.020928548579166772, "LCC": 0.2731794377815892, "GCC": 0.11911501039643949}}