{"rate_100": {"SP": 10.20919891928335, "ACE": 0.0018650325020368572, "ANB": 0.0005734245902417912, "ACC": 0.09977583363508934, "CC": 1, "LCC": 0.22431564262127449, "GCC": 0.024926316949265923}}