{"rate-5": {"ANB_G": 0.0007132701209137154, "SP": 30.604973128007185, "ACE": 0.0024145891749666375, "ANB": 1.5446386435951157e-06, "ACC": 0.0004368011280576472, "CC": 742.2, "QCS": 0.1785544817246553, "SCS": {"ori-": 28.463150105887223, "sam_": 23.460995948937075, "ori-av": 0.01910026465525649, "sam_av": 0.03148705199038759, "sam_/ori_av": 1.648796730919019}, "DDC": 0.0001429779847232471, "LCC": 0.003624125977799701, "GCC": 0.11374261494991009}, "rate-10": {"ANB_G": 0.0006180739840180819, "SP": 89.02632822638657, "ACE": 0.0036180079139422386, "ANB": 8.359860968768863e-07, "ACC": 0.0006963991342337479, "CC": 1368.6, "QCS": 0.11598679478296829, "SCS": {"ori-": 55.207528915229226, "sam_": 45.19819643820987, "ori-av": 0.020131036296529146, "sam_av": 0.0329611006416435, "sam_/ori_av": 1.6373548425182711}, "DDC": 0.08248747244693386, "LCC": 0.016482540786767582, "GCC": 0.06954636304098386}, "rate-15": {"ANB_G": 0.000785018292087868, "SP": 143.29103179337434, "ACE": 0.0031694935705529437, "ANB": 1.8305343526872056e-06, "ACC": 0.0010991392584525285, "CC": 1907.8, "QCS": 0.07894473179168761, "SCS": {"ori-": 79.48428077986509, "sam_": 64.71538395588118, "ori-av": 0.020719400755759496, "sam_av": 0.0337345680131256, "sam_/ori_av": 1.6282721138675273}, "DDC": 0.03646925148864133, "LCC": 0.02081919495232455, "GCC": 0.058571028412129356}, "rate-20": {"ANB_G": 0.0006238773681345018, "SP": 207.97372682006676, "ACE": 0.002002655436807607, "ANB": 2.617977808161693e-06, "ACC": 0.0013194496705036544, "CC": 2397.6, "QCS": 0.05954461808382962, "SCS": {"ori-": 103.6505638133882, "sam_": 83.89293944548847, "ori-av": 0.02149535571370308, "sam_av": 0.03479264683346927, "sam_/ori_av": 1.618748765769134}, "DDC": 0.03278949185653472, "LCC": 0.02735409802783067, "GCC": 0.04884229491485456}, "rate-25": {"ANB_G": 0.0005316097701053272, "SP": 278.88860501148037, "ACE": 0.0022085166552893924, "ANB": 1.672527033964085e-06, "ACC": 0.0014520407826455854, "CC": 2757.6, "QCS": 0.061385175972882566, "SCS": {"ori-": 119.63685851275572, "sam_": 95.84312504492615, "ori-av": 0.021604880034797158, "sam_av": 0.03461076761277433, "sam_/ori_av": 1.6021566668575062}, "DDC": 0.018232795824628823, "LCC": 0.033014971612459844, "GCC": 0.08372565369586712}, "rate-30": {"ANB_G": 0.0004830580204016414, "SP": 329.9954176168626, "ACE": 0.0020490365651926507, "ANB": 4.623913782421965e-06, "ACC": 0.0034797938169921624, "CC": 2887.4, "QCS": 0.049357877874284486, "SCS": {"ori-": 140.95774073714716, "sam_": 111.8069513481694, "ori-av": 0.024332632714896312, "sam_av": 0.038597460674397246, "sam_/ori_av": 1.586412532711716}, "DDC": 0.20988648320212633, "LCC": 0.04768858033323169, "GCC": 0.03969861901584977}, "rate-35": {"ANB_G": 0.0003799250420032761, "SP": 319.86527705062696, "ACE": 0.001978907687099537, "ANB": 5.332386205073327e-06, "ACC": 0.004509024260553629, "CC": 3091.0, "QCS": 0.02695702070055734, "SCS": {"ori-": 155.0342592848346, "sam_": 121.92251369262604, "ori-av": 0.02487929512871036, "sam_av": 0.03912323694448268, "sam_/ori_av": 1.5726203801806098}, "DDC": 0.21636428495877014, "LCC": 0.05452358958182141, "GCC": 0.04030571009986949}, "rate-40": {"ANB_G": 0.00047687565970204167, "SP": 364.5636712662404, "ACE": 0.00166941940964822, "ANB": 9.672774195346003e-06, "ACC": 0.0036172095060122158, "CC": 3439.2, "QCS": 0.06972684309730401, "SCS": {"ori-": 168.02382615629122, "sam_": 130.72976695888582, "ori-av": 0.024207593647905146, "sam_av": 0.03765796446620258, "sam_/ori_av": 1.5559241821162058}, "DDC": 0.0023411698719601136, "LCC": 0.06160531812915173, "GCC": 0.06503296024612028}}