{"rate-5": {"ANB_G": 0.0056589888940444845, "SP": 333.9448987812793, "ACE": 0.0058619013464340595, "ANB": 5.740427239281883e-06, "ACC": 0.003142490343965311, "CC": 292.0, "QCS": 0.3149105964993719, "SCS": {"ori-": 29.29356822620931, "sam_": 22.96695643117315, "ori-av": 0.04821840296740259, "sam_av": 0.07560932856263158, "sam_/ori_av": 1.568061099902124}, "DDC": 0.054657203669826, "LCC": 0.0, "GCC": 0.0}, "rate-10": {"ANB_G": 0.0034681192904958413, "SP": 565.2560666783519, "ACE": 0.004214188879315891, "ANB": 7.26091801373765e-06, "ACC": 0.003104733543021631, "CC": 458.6, "QCS": 0.3320372474463695, "SCS": {"ori-": 51.22001618847743, "sam_": 39.56193249553006, "ori-av": 0.05320631226144014, "sam_av": 0.08218893485695881, "sam_/ori_av": 1.5447873797279708}, "DDC": 0.08363327130067262, "LCC": 0.0014490819880933043, "GCC": 0.0011250231063118783}, "rate-15": {"ANB_G": 0.002787053382139368, "SP": 734.3725373712246, "ACE": 0.003570320338284284, "ANB": 1.0283885729202703e-05, "ACC": 0.0036851022632884457, "CC": 570.2, "QCS": 0.3175806856943454, "SCS": {"ori-": 70.94664167454486, "sam_": 54.207885059309845, "ori-av": 0.05905612162137343, "sam_av": 0.09024806312766458, "sam_/ori_av": 1.5281927282401755}, "DDC": 0.09084620243990535, "LCC": 0.003918208484455831, "GCC": 0.0018199654466864682}, "rate-20": {"ANB_G": 0.002200232298614905, "SP": 817.4135302844556, "ACE": 0.0033213476828031674, "ANB": 1.6458751560344467e-05, "ACC": 0.005176470556931355, "CC": 612.8, "QCS": 0.37503949609269105, "SCS": {"ori-": 85.93305083188267, "sam_": 65.14171836344003, "ori-av": 0.06504807082344059, "sam_av": 0.09860896510325719, "sam_/ori_av": 1.5160073079187222}, "DDC": 0.2316936180262937, "LCC": 0.006261133985799578, "GCC": 0.002083203618756404}, "rate-25": {"ANB_G": 0.001906455421800279, "SP": 857.7198804592397, "ACE": 0.0029685635980114555, "ANB": 3.137962754850224e-05, "ACC": 0.006418424097381505, "CC": 633.8, "QCS": 0.35158016344557597, "SCS": {"ori-": 99.81631155062215, "sam_": 74.29424317678938, "ori-av": 0.07260110224239102, "sam_av": 0.10806440371222562, "sam_/ori_av": 1.4884485440986353}, "DDC": 0.18415957508739939, "LCC": 0.010277271326176372, "GCC": 0.0030993276270153435}, "rate-30": {"ANB_G": 0.0016535889121197616, "SP": 851.0912357543435, "ACE": 0.002787121355245143, "ANB": 3.9028980039642e-05, "ACC": 0.008806956231220735, "CC": 618.2, "QCS": 0.3404410925004314, "SCS": {"ori-": 110.07376795079327, "sam_": 80.48572196479287, "ori-av": 0.08039884511844798, "sam_av": 0.11757369288676797, "sam_/ori_av": 1.462370823252191}, "DDC": 0.33850408902652773, "LCC": 0.015574166226226307, "GCC": 0.004448703483667606}, "rate-35": {"ANB_G": 0.0014176876907005431, "SP": 831.7356182394888, "ACE": 0.0026236828039378907, "ANB": 4.504232625323849e-05, "ACC": 0.01078433660678587, "CC": 591.6, "QCS": 0.33926389797878687, "SCS": {"ori-": 117.32917675042859, "sam_": 84.09011509733463, "ori-av": 0.08820033499614602, "sam_av": 0.12640340933030927, "sam_/ori_av": 1.4331260341138714}, "DDC": 0.40144734146936256, "LCC": 0.022955007424659713, "GCC": 0.005789514342106957}, "rate-40": {"ANB_G": 0.0013066479030375369, "SP": 774.5907164878452, "ACE": 0.0024840171893538376, "ANB": 6.167521010270298e-05, "ACC": 0.013764639939523834, "CC": 551.4, "QCS": 0.337857263837659, "SCS": {"ori-": 120.01621629310304, "sam_": 84.09133176822324, "ori-av": 0.09444233247722131, "sam_av": 0.13228463297545673, "sam_/ori_av": 1.4005844621531067}, "DDC": 0.5230290061876326, "LCC": 0.028951918906705676, "GCC": 0.006240716596547141}}