{"rate-5": {"ANB_G": 0.0006920924520391569, "SP": 29.414399782857004, "ACE": 0.0036205355665544694, "ANB": 4.103527962803891e-06, "ACC": 0.0016297999104830784, "CC": 735.6, "QCS": 0.2602974281709605, "SCS": {"ori-": 28.75945196997362, "sam_": 23.71136182903144, "ori-av": 0.019571796235532124, "sam_av": 0.03226321576832268, "sam_/ori_av": 1.649172181880889}, "DDC": 0.27546106344584337, "LCC": 0.004808734920814623, "GCC": 0.06555602517140979}, "rate-10": {"ANB_G": 0.0008161667778356252, "SP": 90.10195540921832, "ACE": 0.001999634309762173, "ANB": 3.63495771691452e-06, "ACC": 0.0025833902220954484, "CC": 1324.6, "QCS": 0.301142384117857, "SCS": {"ori-": 55.99189485094737, "sam_": 45.8608122866531, "ori-av": 0.021109441906745945, "sam_av": 0.034579384597896515, "sam_/ori_av": 1.6382846156137636}, "DDC": 0.4010780438306045, "LCC": 0.017945308403903546, "GCC": 0.03634789941783643}, "rate-15": {"ANB_G": 0.00044155125536397323, "SP": 146.1665940746222, "ACE": 0.0029993166890231655, "ANB": 2.571623168763848e-06, "ACC": 0.001340376938868113, "CC": 1889.0, "QCS": 0.19577440117437253, "SCS": {"ori-": 79.25504346139863, "sam_": 64.61187331086849, "ori-av": 0.02087175166842161, "sam_av": 0.03402801176629906, "sam_/ori_av": 1.6304946307408774}, "DDC": 0.005346691717941799, "LCC": 0.019876287725561964, "GCC": 0.0668112154693944}, "rate-20": {"ANB_G": 0.0005205199536201463, "SP": 207.0084101111285, "ACE": 0.0010415456030998464, "ANB": 2.989366650185477e-06, "ACC": 0.0034201945377417566, "CC": 2286.6, "QCS": 0.14882224484524903, "SCS": {"ori-": 102.23243835545412, "sam_": 82.64826560305809, "ori-av": 0.022393263432776582, "sam_av": 0.036199735524595676, "sam_/ori_av": 1.616899953661904}, "DDC": 0.4262883123540659, "LCC": 0.032848808794662045, "GCC": 0.06312921527140018}, "rate-25": {"ANB_G": 0.0005241964096016689, "SP": 273.44459837133735, "ACE": 0.0007471980074719803, "ANB": 3.7625302342173175e-06, "ACC": 0.0027515704065643864, "CC": 2715.6, "QCS": 0.21532950866100667, "SCS": {"ori-": 124.67490628020614, "sam_": 99.82961574489245, "ori-av": 0.022872287373008032, "sam_av": 0.03662658637498188, "sam_/ori_av": 1.6013343552845996}, "DDC": 0.20003998210391433, "LCC": 0.038105518493925614, "GCC": 0.0679177746471431}, "rate-30": {"ANB_G": 0.0005394471225292413, "SP": 316.93070177794414, "ACE": 0.0021644287731005184, "ANB": 1.1821943219272815e-05, "ACC": 0.003205735146656238, "CC": 3012.6, "QCS": 0.1408050557347098, "SCS": {"ori-": 142.64191410484113, "sam_": 113.51705403846404, "ori-av": 0.02348844754304176, "sam_av": 0.03738018553849689, "sam_/ori_av": 1.591456058587858}, "DDC": 0.01287022363611814, "LCC": 0.041710577751225185, "GCC": 0.04379033481106992}, "rate-35": {"ANB_G": 0.0005340076747033655, "SP": 332.51503927573174, "ACE": 0.0020651795603087303, "ANB": 1.0906181742750193e-05, "ACC": 0.004695410078533172, "CC": 3059.2, "QCS": 0.17252438460864888, "SCS": {"ori-": 151.87448861720162, "sam_": 118.91248008237808, "ori-av": 0.02474764042045461, "sam_av": 0.038733745874407574, "sam_/ori_av": 1.565782197430345}, "DDC": 0.20088865789989274, "LCC": 0.05860605942311888, "GCC": 0.06081666257083766}, "rate-40": {"ANB_G": 0.0005245854137544229, "SP": 343.8842236763949, "ACE": 0.0006649036615861163, "ANB": 1.21352340366607e-05, "ACC": 0.006212426738662705, "CC": 3188.2, "QCS": 0.14425419249801502, "SCS": {"ori-": 162.65177563602478, "sam_": 125.84369627878694, "ori-av": 0.025383273220917567, "sam_av": 0.039243643714095694, "sam_/ori_av": 1.5467690684052067}, "DDC": 0.20645247078726117, "LCC": 0.06400908730378271, "GCC": 0.05770411383043637}}