{"rate-5": {"ANB_G": 0.0017542766336740242, "SP": 6.362117123132394, "ACE": 0.011117932434481382, "ANB": 0.006694278555720837, "ACC": 0.16968738003254363, "CC": 1.0, "QCS": 0.3335603141497741, "SCS": {"ori-": 11.122472572260328, "sam_": 7.307472602316724, "ori-av": 0.17631922007174933, "sam_av": 0.23041878584281653, "sam_/ori_av": 1.3313395660006}, "DDC": 0.15802194249630291, "LCC": 0.09635554551341363, "GCC": 0.03945256628907876}, "rate-10": {"ANB_G": 0.0012315861134912132, "SP": 11.943811749711632, "ACE": 0.005799897968173316, "ANB": 0.0019337472939896232, "ACC": 0.13918569798226132, "CC": 2.2, "QCS": 0.3396133294817139, "SCS": {"ori-": 16.05007727047482, "sam_": 10.288253049032557, "ori-av": 0.18015859530157383, "sam_av": 0.22887570027876603, "sam_/ori_av": 1.2782916556165784}, "DDC": 0.198317573139889, "LCC": 0.17923115860064415, "GCC": 0.07245737312404998}, "rate-15": {"ANB_G": 0.001578037509918094, "SP": 11.488689439160728, "ACE": 0.002720513081706951, "ANB": 0.0015081034221806184, "ACC": 0.14711346702788947, "CC": 1.8, "QCS": 0.3048956894444551, "SCS": {"ori-": 20.366109137939695, "sam_": 12.293644809585032, "ori-av": 0.23128855321114053, "sam_av": 0.2761606978998731, "sam_/ori_av": 1.2027319508864047}, "DDC": 0.16861295520280858, "LCC": 0.2337407867619537, "GCC": 0.03811454358713548}, "rate-20": {"ANB_G": 0.0007558243986778292, "SP": 8.452684188482866, "ACE": 0.006514682281766824, "ANB": 0.001118597010464447, "ACC": 0.17208986393364378, "CC": 1.6, "QCS": 0.3700065536689391, "SCS": {"ori-": 24.297020413868164, "sam_": 14.758275761580808, "ori-av": 0.2404791508595912, "sam_av": 0.2876868612509202, "sam_/ori_av": 1.200816124488315}, "DDC": 0.22041572492139538, "LCC": 0.22669800674392096, "GCC": 0.05235686410040071}, "rate-25": {"ANB_G": 0.0008865116763715961, "SP": 6.906484640940057, "ACE": 0.004231131653953308, "ANB": 0.0013546322369087313, "ACC": 0.16311627833133652, "CC": 1.2, "QCS": 0.3210730453215242, "SCS": {"ori-": 28.041134368780252, "sam_": 16.087667473293855, "ori-av": 0.2607436067041597, "sam_av": 0.2915518412493048, "sam_/ori_av": 1.1266386353273583}, "DDC": 0.43595823540088563, "LCC": 0.21547018313520505, "GCC": 0.0587497090641562}, "rate-30": {"ANB_G": 0.0007841052967605666, "SP": 9.558448047777782, "ACE": 0.004927709011026894, "ANB": 0.0007026336910432467, "ACC": 0.16051769606387056, "CC": 1.8, "QCS": 0.4183589218569922, "SCS": {"ori-": 34.29555569084782, "sam_": 19.976552907048145, "ori-av": 0.2555494198591175, "sam_av": 0.29297678164527763, "sam_/ori_av": 1.1466630216005291}, "DDC": 5.458406127978322e-07, "LCC": 0.1690728107940793, "GCC": 0.08629981112175182}, "rate-35": {"ANB_G": 0.0008635371430961911, "SP": 13.657248503786864, "ACE": 0.0010266025368088334, "ANB": 0.0004017129625009866, "ACC": 0.09174923397083279, "CC": 2.6, "QCS": 0.35671441668474363, "SCS": {"ori-": 36.91888658863295, "sam_": 20.629518411629203, "ori-av": 0.2688030973855161, "sam_av": 0.2960551207160735, "sam_/ori_av": 1.101109406597992}, "DDC": 0.39178601776769606, "LCC": 0.21720974910651555, "GCC": 0.04106851961802375}, "rate-40": {"ANB_G": 0.0010350839531090388, "SP": 15.64566504744252, "ACE": 0.003659474124868653, "ANB": 0.0006584189484391406, "ACC": 0.10105771853502934, "CC": 2.4, "QCS": 0.4210627550074223, "SCS": {"ori-": 44.8223796953972, "sam_": 24.571596787115737, "ori-av": 0.27719658014158177, "sam_av": 0.30200669572526795, "sam_/ori_av": 1.0895390555872648}, "DDC": 0.4000046971460477, "LCC": 0.1784895655196989, "GCC": 0.060050131802367145}}