{"rate-5": {"ANB_G": 0.0060441918991278685, "SP": 99.41009998107099, "ACE": 0.005990440092673415, "ANB": 0.0006704413881152588, "ACC": 0.04351535244864483, "CC": 76.4, "QCS": 0.3694503435807045, "SCS": {"ori-": 22.58531723478272, "sam_": 16.604265435720947, "ori-av": 0.09541186706673474, "sam_av": 0.14026599577814114, "sam_/ori_av": 1.4705123009009957}, "DDC": 0.0007376293026285063, "LCC": 0.2860461579901798, "GCC": 0.4048463616168223}, "rate-10": {"ANB_G": 0.003690208983049864, "SP": 96.99525692708606, "ACE": 0.0033531536781658696, "ANB": 0.0005075449510865889, "ACC": 0.05111943780889715, "CC": 68.4, "QCS": 0.3358041435923275, "SCS": {"ori-": 36.182422203069194, "sam_": 25.38805444610858, "ori-av": 0.14339613734801274, "sam_av": 0.2011919890241868, "sam_/ori_av": 1.4033194971362932}, "DDC": 0.0014860549436958026, "LCC": 0.3149836447820943, "GCC": 0.42556247870198255}, "rate-15": {"ANB_G": 0.0027843526295519183, "SP": 91.70028638523198, "ACE": 0.0022068843831760366, "ANB": 0.0005412817430185268, "ACC": 0.05643917030489089, "CC": 63.0, "QCS": 0.333422217755493, "SCS": {"ori-": 46.51073886614507, "sam_": 31.550671314467944, "ori-av": 0.175053313363654, "sam_av": 0.2374937911317117, "sam_/ori_av": 1.356722902973433}, "DDC": 0.014451097450008055, "LCC": 0.3232901947385368, "GCC": 0.3303360067654121}, "rate-20": {"ANB_G": 0.0021812406631372813, "SP": 75.61273328554083, "ACE": 0.0017682113805509653, "ANB": 0.0004836987778878599, "ACC": 0.06055849149491897, "CC": 49.2, "QCS": 0.36266328936504955, "SCS": {"ori-": 54.60679058177756, "sam_": 35.550447276135806, "ori-av": 0.21521642678850667, "sam_av": 0.2801958109615625, "sam_/ori_av": 1.3020584661490902}, "DDC": 0.059944454518791754, "LCC": 0.320933253023592, "GCC": 0.26002850171150904}, "rate-25": {"ANB_G": 0.0018531974105899546, "SP": 67.05967726512827, "ACE": 0.0014141468604120652, "ANB": 0.00038765137939579384, "ACC": 0.06151275839899798, "CC": 40.2, "QCS": 0.3745741941545847, "SCS": {"ori-": 59.435291666466824, "sam_": 37.20348955218271, "ori-av": 0.2524677345994303, "sam_av": 0.31568110589271925, "sam_/ori_av": 1.250594611665388}, "DDC": 0.11808789223533431, "LCC": 0.32265179598802735, "GCC": 0.20779161076825542}, "rate-30": {"ANB_G": 0.0016588706497279813, "SP": 51.775334551924786, "ACE": 0.001197971397243395, "ANB": 0.00045366104354780887, "ACC": 0.06661078988552878, "CC": 29.2, "QCS": 0.36934556199282886, "SCS": {"ori-": 64.16331970928076, "sam_": 38.73250104882284, "ori-av": 0.2829123212452078, "sam_av": 0.3411808949876191, "sam_/ori_av": 1.2061485470210538}, "DDC": 0.21273151706685542, "LCC": 0.3174215990247131, "GCC": 0.16863709965681203}, "rate-35": {"ANB_G": 0.0013423238898628465, "SP": 49.23763588755938, "ACE": 0.0010237505004676106, "ANB": 0.0003269125372382364, "ACC": 0.06482103729351303, "CC": 25.0, "QCS": 0.3783946020979811, "SCS": {"ori-": 66.76903978434864, "sam_": 38.83246802044883, "ori-av": 0.3094321546678528, "sam_av": 0.3589401010150888, "sam_/ori_av": 1.1600332172442112}, "DDC": 0.5050752314302993, "LCC": 0.3164009856716956, "GCC": 0.13243638080775103}, "rate-40": {"ANB_G": 0.0012321873936549555, "SP": 35.76915990602349, "ACE": 0.000898649093210295, "ANB": 0.00033297106485204707, "ACC": 0.06749004467913675, "CC": 15.6, "QCS": 0.3684642513539565, "SCS": {"ori-": 69.73186611078853, "sam_": 39.32761939968569, "ori-av": 0.3361215657476021, "sam_av": 0.3783081694669551, "sam_/ori_av": 1.1256819421179731}, "DDC": 0.6576226079595069, "LCC": 0.3117548401946503, "GCC": 0.1107431407076824}}