{"rate-5": {"ANB_G": 0.0010546042905775711, "SP": 2.2745719760374903, "ANB": 0.0015912259376248269, "ACC": 0.44739596000072795, "CC": 1, "QCS": 0.15144098613317225, "SCS": {"ori-": 4.664489148339793, "sam_": 3.257901658214008, "ori-av": 0.11105926543666172, "sam_av": 0.15513817420066706, "sam_/ori_av": 1.3968953746515098}, "DDC": 0.5969820389306604, "LCC": 0.7717839034819325, "GCC": 0.007020028955015571}, "rate-10": {"ANB_G": 0.001359755231486433, "SP": 6.7681933801037895, "ANB": 0.0007248012036961427, "ACC": 0.1608831593048629, "CC": 2, "QCS": 0.3219690258692271, "SCS": {"ori-": 12.460332191820623, "sam_": 8.071256693602004, "ori-av": 0.18597510734060632, "sam_av": 0.23738990275300012, "sam_/ori_av": 1.2764606303908703}, "DDC": 0.9999999984844159, "LCC": 0.515758258580788, "GCC": 0.08739296103576842}, "rate-15": {"ANB_G": 0.0011406407006271935, "SP": 11.181976689299233, "ANB": 0.00042659975989983067, "ACC": 0.16413816457497304, "CC": 3, "QCS": 0.16439904245003245, "SCS": {"ori-": 19.609582761916933, "sam_": 11.612036508173329, "ori-av": 0.2649943616475261, "sam_av": 0.30557990810982444, "sam_/ori_av": 1.1531562641935829}, "DDC": 0.8289758804189845, "LCC": 0.44818660459970183, "GCC": 0.007953886349486768}, "rate-20": {"ANB_G": 0.0007674832549512268, "SP": 6.966339275604945, "ANB": 0.0009482282419803817, "ACC": 0.20369161579721892, "CC": 2, "QCS": 0.34436887921065645, "SCS": {"ori-": 24.838804263743537, "sam_": 14.512952746578552, "ori-av": 0.24115343945382076, "sam_av": 0.2790952451265106, "sam_/ori_av": 1.1573347067270647}, "DDC": 3.2380764736217316e-12, "LCC": 0.29041512342252235, "GCC": 0.08123380779664116}, "rate-25": {"ANB_G": 0.000773090109002162, "SP": 6.051359842047231, "ANB": 0.0012587490261767064, "ACC": 0.1726514074582311, "CC": 1, "QCS": 0.34315625648678005, "SCS": {"ori-": 31.58494147954571, "sam_": 17.572774935891097, "ori-av": 0.3290098070786011, "sam_av": 0.3660994778310645, "sam_/ori_av": 1.1127312011814974}, "DDC": 0.4285105264874085, "LCC": 0.4180362369804828, "GCC": 0.004717859758135038}, "rate-30": {"ANB_G": 0.0011950950884450679, "SP": 10.417401916147302, "ANB": 0.0005469988429245611, "ACC": 0.12062475552906157, "CC": 2, "QCS": 0.3559726568207136, "SCS": {"ori-": 40.10935583409018, "sam_": 23.225008692020655, "ori-av": 0.2728527607761237, "sam_av": 0.31385146881108994, "sam_/ori_av": 1.1502594583186416}, "DDC": 0.16092103074353103, "LCC": 0.28669535644705635, "GCC": 0.09284987868256472}, "rate-35": {"ANB_G": 0.000795761715471224, "SP": 12.247474958851981, "ANB": 0.00031308145770686307, "ACC": 0.11104029453341761, "CC": 3, "QCS": 0.25482749111696174, "SCS": {"ori-": 39.426445507432994, "sam_": 21.49157143438107, "ori-av": 0.2899003346134779, "sam_av": 0.31605252109383924, "sam_/ori_av": 1.0902109565179696}, "DDC": 0.9999999999117558, "LCC": 0.3707365380870172, "GCC": 0.01582578919323908}, "rate-40": {"ANB_G": 0.001132507283158096, "SP": 12.972917038515893, "ANB": 0.0004303739103161166, "ACC": 0.07904613577295778, "CC": 2, "QCS": 0.48947871963969836, "SCS": {"ori-": 54.370415697017094, "sam_": 29.142679345273432, "ori-av": 0.3020578649834283, "sam_av": 0.3202492235744333, "sam_/ori_av": 1.0602247473079471}, "DDC": 4.889993205248189e-06, "LCC": 0.1848768980250817, "GCC": 0.10623898298047416}}