{"rate-5": {"ANB_G": 0.0008164529936109083, "SP": 4.849461029866181, "ACE": 0.01094139242362829, "ANB": 0.004805819013565767, "ACC": 0.2098272937589428, "CC": 1, "QCS": 0.36868396881997373, "SCS": {"ori-": 10.4870496165104, "sam_": 6.321420563145885, "ori-av": 0.23834203673887275, "sam_av": 0.287337298324813, "sam_/ori_av": 1.2055670172845732}, "DDC": 0.02425254303056079, "LCC": 0.12789129583828926, "GCC": 0.03777085680206746}, "rate-10": {"ANB_G": 0.0008003423029694512, "SP": 11.289570005012983, "ACE": 0.0031532049817331056, "ANB": 0.0011952066428281458, "ACC": 0.12912032169653095, "CC": 3, "QCS": 0.30854860029745484, "SCS": {"ori-": 16.931301024925194, "sam_": 10.272722413318231, "ori-av": 0.18812556694361326, "sam_av": 0.2282827202959607, "sam_/ori_av": 1.2134593080821583}, "DDC": 0.005842734670360228, "LCC": 0.3014226860992257, "GCC": 0.27893351869321287}, "rate-15": {"ANB_G": 0.0008279307877254773, "SP": 8.22182792800303, "ACE": 0.007354033467197304, "ANB": 0.0007371639301805297, "ACC": 0.1325669569295742, "CC": 2, "QCS": 0.2582997189711271, "SCS": {"ori-": 17.94241669648166, "sam_": 11.319472983522477, "ori-av": 0.2086327522846705, "sam_av": 0.2632435577563367, "sam_/ori_av": 1.2617556681472144}, "DDC": 0.9996919903775038, "LCC": 0.3919274914817241, "GCC": 0.02958474762059555}, "rate-20": {"ANB_G": 0.001705581198839943, "SP": 6.473258952239597, "ACE": 0.00748503705530088, "ANB": 0.0017050650941556483, "ACC": 0.16499323066727126, "CC": 1, "QCS": 0.20286888052680194, "SCS": {"ori-": 28.003320704200906, "sam_": 16.281891005261244, "ori-av": 0.3077287989472627, "sam_av": 0.3539541522882879, "sam_/ori_av": 1.1502145834226818}, "DDC": 0.9905923791162782, "LCC": 0.43375881913896847, "GCC": 0.0278220804536594}, "rate-25": {"ANB_G": 0.001071568167559834, "SP": 6.37729639909135, "ACE": 0.00705691840319089, "ANB": 0.0013399691998732491, "ACC": 0.1694978168358066, "CC": 1, "QCS": 0.25220523994081223, "SCS": {"ori-": 27.899414007127394, "sam_": 15.483448837924408, "ori-av": 0.3032545000774717, "sam_av": 0.3365967138679219, "sam_/ori_av": 1.1099479604818143}, "DDC": 0.5198418715448062, "LCC": 0.46314617329502533, "GCC": 0.007773579439812036}, "rate-30": {"ANB_G": 0.0008335697475480254, "SP": 10.301502551443566, "ACE": 0.0060040810274580815, "ANB": 0.000858906145261897, "ACC": 0.14442186146361655, "CC": 2, "QCS": 0.20111663139139124, "SCS": {"ori-": 29.347514414423667, "sam_": 16.39046599173067, "ori-av": 0.27173624457799694, "sam_av": 0.30352714799501246, "sam_/ori_av": 1.116991767021681}, "DDC": 0.4354265749415609, "LCC": 0.3714116723400969, "GCC": 0.006126676611794748}, "rate-35": {"ANB_G": 0.0009330578754761857, "SP": 10.165348891593371, "ACE": 0.004409312971131345, "ANB": 0.00040771863484578407, "ACC": 0.1060526939043815, "CC": 2, "QCS": 0.28500591082316684, "SCS": {"ori-": 39.010323928228466, "sam_": 22.617992078709992, "ori-av": 0.2911218203599139, "sam_av": 0.33758197132402973, "sam_/ori_av": 1.1595900675074}, "DDC": 1.0, "LCC": 0.3057766821125385, "GCC": 0.016330052308190086}, "rate-40": {"ANB_G": 0.0012311392370694257, "SP": 8.459651152487684, "ACE": 0.0044413179613520355, "ANB": 0.0011615775696804075, "ACC": 0.12065723630906064, "CC": 1, "QCS": 0.2595895370671704, "SCS": {"ori-": 40.66066983298274, "sam_": 21.786520785306095, "ori-av": 0.3011901469109833, "sam_av": 0.32039001154861907, "sam_/ori_av": 1.0637466558403397}, "DDC": 0.928865848812781, "LCC": 0.35254062450908513, "GCC": 0.02103861084578821}}