{"rate-5": {"ANB_G": 0.0009341810509132263, "SP": 4.876603634127632, "ACE": 0.011389249919827246, "ANB": 0.004839704911520168, "ACC": 0.20798161470919535, "CC": 1, "QCS": 0.23891749920703023, "SCS": {"ori-": 11.534824965014584, "sam_": 7.214149863593509, "ori-av": 0.23069649930029168, "sam_av": 0.2885659945437403, "sam_/ori_av": 1.2508468720547052}, "DDC": 0.6264592951204906, "LCC": 0.1090026842597942, "GCC": 0.02093492517235581}, "rate-10": {"ANB_G": 0.0009521000185998171, "SP": 4.379635556693552, "ACE": 0.010604375479847187, "ANB": 0.002107004711155583, "ACC": 0.23258030818154074, "CC": 1, "QCS": 0.3833373803952574, "SCS": {"ori-": 15.00944032412048, "sam_": 10.050603982116312, "ori-av": 0.18304195517220098, "sam_av": 0.24513668249064177, "sam_/ori_av": 1.3392376751003545}, "DDC": 5.239356837272169e-09, "LCC": 0.2510663349750616, "GCC": 0.10316096890568631}, "rate-15": {"ANB_G": 0.0011643313403818666, "SP": 8.386028955134265, "ACE": 0.002393574488955855, "ANB": 0.0014459228934755805, "ACC": 0.17369184314492858, "CC": 2, "QCS": 0.3204077111873387, "SCS": {"ori-": 21.877578338953736, "sam_": 13.734075235673302, "ori-av": 0.23779976455384497, "sam_av": 0.2985668529494196, "sam_/ori_av": 1.2555388921834494}, "DDC": 5.787781365285127e-11, "LCC": 0.24359706656729113, "GCC": 0.3151928358985194}, "rate-20": {"ANB_G": 0.000862986577637175, "SP": 9.479793039237395, "ACE": 0.0054148890199542865, "ANB": 0.0013155830827835846, "ACC": 0.17050695178824093, "CC": 2, "QCS": 0.3381521772861343, "SCS": {"ori-": 25.290356169743216, "sam_": 15.293862908196063, "ori-av": 0.25039956603706154, "sam_av": 0.29987966486658946, "sam_/ori_av": 1.197604571016726}, "DDC": 2.3551161021373446e-12, "LCC": 0.19860507141162118, "GCC": 0.1150333480514048}, "rate-25": {"ANB_G": 0.0006706824363099311, "SP": 4.92251763907271, "ACE": 0.0053873402675083, "ANB": 0.000977452688530436, "ACC": 0.20810668170872657, "CC": 1, "QCS": 0.412466557563809, "SCS": {"ori-": 32.76180203011654, "sam_": 18.980874619930507, "ori-av": 0.2642080808880366, "sam_av": 0.3061431390311372, "sam_/ori_av": 1.1587198166011865}, "DDC": 6.338884972478809e-11, "LCC": 0.21343842534297508, "GCC": 0.09019331016507384}, "rate-30": {"ANB_G": 0.0006415062272519054, "SP": 7.468254403945357, "ACE": 0.0011359932847502822, "ANB": 0.0008181600144974908, "ACC": 0.19342085409448145, "CC": 2, "QCS": 0.35545568372840336, "SCS": {"ori-": 34.46630912745909, "sam_": 19.48269347272931, "ori-av": 0.2611084024807507, "sam_av": 0.2907864697422285, "sam_/ori_av": 1.1136618621978882}, "DDC": 1.708633234898116e-13, "LCC": 0.21094289322424095, "GCC": 0.1229753731145455}, "rate-35": {"ANB_G": 0.0007991421272759796, "SP": 10.404515624994518, "ACE": 0.00102834594730647, "ANB": 0.0005312392213082489, "ACC": 0.13340570245014513, "CC": 3, "QCS": 0.5250269958644416, "SCS": {"ori-": 36.07109186748785, "sam_": 20.350063476106463, "ori-av": 0.2862785068848242, "sam_av": 0.3179697418141635, "sam_/ori_av": 1.1107007133514544}, "DDC": 3.010042692197512e-05, "LCC": 0.2569598324787752, "GCC": 0.11859001765495873}, "rate-40": {"ANB_G": 0.0007609111147167439, "SP": 8.993190214484557, "ACE": 0.004415615219106555, "ANB": 0.000309479694395068, "ACC": 0.11615367211462294, "CC": 2, "QCS": 0.4069162749244697, "SCS": {"ori-": 35.80680176736561, "sam_": 19.692942981538007, "ori-av": 0.28876453038198074, "sam_av": 0.3176281126054517, "sam_/ori_av": 1.0999554279928005}, "DDC": 0.9996087095557264, "LCC": 0.3413167049261549, "GCC": 0.012363925759599806}}