{"rate-5": {"ANB_G": 0.00279272915127736, "SP": 10.820121299423384, "ANB": 0.0034819776242731213, "ACC": 0.12319768325136583, "CC": 2, "QCS": 0.3413866586140444, "SCS": {"ori-": 11.75758144592234, "sam_": 7.264226158408937, "ori-av": 0.2351516289184468, "sam_av": 0.2905690463363575, "sam_/ori_av": 1.2356667384053295}, "DDC": 0.0204036753106287, "LCC": 0.11062146259030556, "GCC": 0.047361174850849015}, "rate-10": {"ANB_G": 0.0013791249252356988, "SP": 7.097575939533782, "ANB": 0.001446533126183699, "ACC": 0.1442581740292879, "CC": 2, "QCS": 0.3093662478815425, "SCS": {"ori-": 16.986514216324448, "sam_": 9.933925358285027, "ori-av": 0.2654142846300695, "sam_av": 0.3104351674464071, "sam_/ori_av": 1.1696249426781495}, "DDC": 0.9999994501354454, "LCC": 0.27646342872388585, "GCC": 0.01259068804744068}, "rate-15": {"ANB_G": 0.001654045613323594, "SP": 9.665256536575189, "ANB": 0.0009999626931724583, "ACC": 0.1288645064822833, "CC": 2, "QCS": 0.1616462508091587, "SCS": {"ori-": 15.502687908252776, "sam_": 8.862047049800053, "ori-av": 0.27197698084653993, "sam_av": 0.3055878293034501, "sam_/ori_av": 1.1235797542582278}, "DDC": 0.991529520580676, "LCC": 0.5204035757167997, "GCC": 0.058852954016298024}, "rate-20": {"ANB_G": 0.0009289133014942651, "SP": 7.047947752856168, "ANB": 0.0003632794587054557, "ACC": 0.20126844970071564, "CC": 2, "QCS": 0.26472109137350136, "SCS": {"ori-": 17.515848443215305, "sam_": 11.091018867911655, "ori-av": 0.20133159130132533, "sam_av": 0.2520686106343558, "sam_/ori_av": 1.2520072433992453}, "DDC": 0.31793377053369354, "LCC": 0.507101853476167, "GCC": 0.016386989781926237}, "rate-25": {"ANB_G": 0.0010075050043204356, "SP": 13.677866883980151, "ANB": 0.00032045776673543443, "ACC": 0.07953376099753348, "CC": 3, "QCS": 0.22532061890312213, "SCS": {"ori-": 35.53047181362365, "sam_": 20.46846363689131, "ori-av": 0.2912333755215053, "sam_av": 0.335548584211333, "sam_/ori_av": 1.1521639084479016}, "DDC": 0.8878910257610012, "LCC": 0.29511894500508007, "GCC": 0.06541591515928157}, "rate-30": {"ANB_G": 0.0010976540688658785, "SP": 8.862371836912535, "ANB": 0.0003565575514558172, "ACC": 0.12172067595771542, "CC": 2, "QCS": 0.23840803993683643, "SCS": {"ori-": 30.96199049788266, "sam_": 17.509058032655606, "ori-av": 0.29771144709502556, "sam_av": 0.3367126544741463, "sam_/ori_av": 1.1310033851895256}, "DDC": 0.7705120213375374, "LCC": 0.41992062293874105, "GCC": 0.016559084609218972}, "rate-35": {"ANB_G": 0.0009968750435030485, "SP": 11.043556154871439, "ANB": 0.000472830198581441, "ACC": 0.10015797901783953, "CC": 2, "QCS": 0.3932731980855135, "SCS": {"ori-": 46.03999152174915, "sam_": 24.53455260706212, "ori-av": 0.31534240768321337, "sam_av": 0.336089761740577, "sam_/ori_av": 1.0657930983967308}, "DDC": 0.000453888488302967, "LCC": 0.1643218947492757, "GCC": 0.09253592525275474}, "rate-40": {"ANB_G": 0.0007513791159878, "SP": 10.708800858680476, "ANB": 0.00033137989510533135, "ACC": 0.10068020555146247, "CC": 2, "QCS": 0.3021816711784998, "SCS": {"ori-": 48.10940865636232, "sam_": 26.009898779307242, "ori-av": 0.30642935449912306, "sam_av": 0.3292392250545221, "sam_/ori_av": 1.0744376157848294}, "DDC": 0.9633604348561196, "LCC": 0.2933396281564695, "GCC": 0.04649704598296523}}