{"rate-5": {"ANB_G": 0.0010361105517837706, "SP": 3.952345164486045, "ACE": 0.013120035381978874, "ANB": 0.003685824175388322, "ACC": 0.25844896236605636, "CC": 1, "QCS": 0.24461113053672964, "SCS": {"ori-": 8.730516865416817, "sam_": 5.960175886440172, "ori-av": 0.15590208688244317, "sam_av": 0.21286342451572043, "sam_/ori_av": 1.365366101072326}, "DDC": 2.572686385038381e-07, "LCC": 0.28767278072716324, "GCC": 0.19699777031058632}, "rate-10": {"ANB_G": 0.0013172008598553795, "SP": 5.336736459460822, "ACE": 0.007439631700178828, "ANB": 0.002703701034576576, "ACC": 0.1909303783254598, "CC": 1, "QCS": 0.2963834400544192, "SCS": {"ori-": 13.304716429385106, "sam_": 8.409851633675453, "ori-av": 0.21811010539975584, "sam_av": 0.2712855365701759, "sam_/ori_av": 1.2438008595381642}, "DDC": 1.5376588891058418e-13, "LCC": 0.23378611868927685, "GCC": 0.1495735640265338}, "rate-15": {"ANB_G": 0.0010405635725269946, "SP": 4.508971065039876, "ACE": 0.007410480980509585, "ANB": 0.0014578193041295709, "ACC": 0.22656997706806262, "CC": 1, "QCS": 0.429615232400192, "SCS": {"ori-": 22.18651988756736, "sam_": 13.509100977057658, "ori-av": 0.25798278939031816, "sam_av": 0.3141651390013409, "sam_/ori_av": 1.2177755723309938}, "DDC": 1.8687718927878905e-08, "LCC": 0.2511735322790684, "GCC": 0.1069701483401008}, "rate-20": {"ANB_G": 0.0012131209523396178, "SP": 7.840186719991021, "ACE": 0.007864990291566112, "ANB": 0.00046035053918672814, "ACC": 0.13987333256909606, "CC": 2, "QCS": 0.30524990698790455, "SCS": {"ori-": 20.14035317427237, "sam_": 12.168552853948627, "ori-av": 0.258209656080415, "sam_av": 0.31201417574227247, "sam_/ori_av": 1.2083753198025289}, "DDC": 0.9475751801227253, "LCC": 0.46554632475052704, "GCC": 0.01650917743031951}, "rate-25": {"ANB_G": 0.0014965853262999473, "SP": 7.263114342640112, "ACE": 0.007048347197855904, "ANB": 0.0015607062902168348, "ACC": 0.14589010828857168, "CC": 1, "QCS": 0.2741583561533905, "SCS": {"ori-": 18.027978708290327, "sam_": 9.393320999973477, "ori-av": 0.3277814310598241, "sam_av": 0.3354757499990528, "sam_/ori_av": 1.0234739317427177}, "DDC": 0.6802659220652052, "LCC": 0.4457445805730945, "GCC": 0.017453959230200856}, "rate-30": {"ANB_G": 0.0011460902646362027, "SP": 15.502784743498141, "ACE": 0.0011947175390216874, "ANB": 0.0007775163788286397, "ACC": 0.1321328539323876, "CC": 3, "QCS": 0.5059205526424428, "SCS": {"ori-": 39.191231129983734, "sam_": 21.912847876126726, "ori-av": 0.27599458542242067, "sam_av": 0.308631660227137, "sam_/ori_av": 1.1182525909150138}, "DDC": 3.674838211509268e-14, "LCC": 0.22472143107629505, "GCC": 0.2028093928495875}, "rate-35": {"ANB_G": 0.0009377165114618227, "SP": 10.558397656984036, "ACE": 0.0038142083812981674, "ANB": 0.00042955866638992764, "ACC": 0.11704847206357968, "CC": 2, "QCS": 0.323495441543046, "SCS": {"ori-": 36.22264556352105, "sam_": 19.431810036172926, "ori-av": 0.27235071852271464, "sam_av": 0.29002701546526755, "sam_/ori_av": 1.06490269986594}, "DDC": 4.3833085427991136e-07, "LCC": 0.18662988078834447, "GCC": 0.07653856059038845}, "rate-40": {"ANB_G": 0.0008218987008745719, "SP": 18.99799119367825, "ACE": 0.0009091245588448091, "ANB": 0.00030227199155492324, "ACC": 0.09844955127806711, "CC": 4, "QCS": 0.31404484083240525, "SCS": {"ori-": 46.022394370509886, "sam_": 25.547595044866352, "ori-av": 0.29501534852890954, "sam_av": 0.32338727904894116, "sam_/ori_av": 1.0961710319870064}, "DDC": 0.0005952681339798094, "LCC": 0.1932897840726643, "GCC": 0.07881679625211684}}