{"rate-5": {"ANB_G": 0.0010540689356232813, "SP": 7.628254074344801, "ACE": 0.007106866303837801, "ANB": 0.0017502531546035977, "ACC": 0.1753991587373815, "CC": 2, "QCS": 0.288117315830619, "SCS": {"ori-": 9.971996752698447, "sam_": 6.151413823176953, "ori-av": 0.2769999097971791, "sam_av": 0.34174521239871963, "sam_/ori_av": 1.2337376306329755}, "DDC": 0.14755491106690788, "LCC": 0.2508685144277762, "GCC": 0.26722166642846934}, "rate-10": {"ANB_G": 0.0010184805693921656, "SP": 4.561156566303154, "ACE": 0.009946059197235822, "ANB": 0.0022201724228822885, "ACC": 0.2232613788585414, "CC": 1, "QCS": 0.3807749697952759, "SCS": {"ori-": 17.405488333593976, "sam_": 11.176571852055107, "ori-av": 0.19339431481771083, "sam_av": 0.24836826337900236, "sam_/ori_av": 1.2842583486133434}, "DDC": 4.1634444780669355e-08, "LCC": 0.24627107046522098, "GCC": 0.16176774282370757}, "rate-15": {"ANB_G": 0.0012977922268206875, "SP": 9.708881418881674, "ACE": 0.004649312412744721, "ANB": 0.0008310659765552751, "ACC": 0.1065448621830982, "CC": 2, "QCS": 0.3416459546331697, "SCS": {"ori-": 25.926468220015177, "sam_": 15.460850459307876, "ori-av": 0.2645557981634202, "sam_av": 0.3155275603940383, "sam_/ori_av": 1.1926692311583058}, "DDC": 1.5425472010832664e-10, "LCC": 0.1917521532780172, "GCC": 0.09764519415827012}, "rate-20": {"ANB_G": 0.0006152574089360382, "SP": 6.830919088761192, "ACE": 0.001799541894051709, "ANB": 0.0008865047672045087, "ACC": 0.1769988136266533, "CC": 2, "QCS": 0.37573576961931454, "SCS": {"ori-": 22.00023165885389, "sam_": 13.358627988632598, "ori-av": 0.23404501764738184, "sam_av": 0.27830474976317915, "sam_/ori_av": 1.1891077731997703}, "DDC": 0.001455395326693254, "LCC": 0.22559700491306905, "GCC": 0.1506217844177745}, "rate-25": {"ANB_G": 0.0008307118632514, "SP": 7.542484956209764, "ACE": 0.005216756128493337, "ANB": 0.0006057997576746633, "ACC": 0.13990477095356135, "CC": 2, "QCS": 0.423096962527731, "SCS": {"ori-": 24.45116608578338, "sam_": 13.7480439407593, "ori-av": 0.2810478860434871, "sam_av": 0.3055120875724289, "sam_/ori_av": 1.0870463815734106}, "DDC": 0.9066882657163331, "LCC": 0.376960302839711, "GCC": 0.05982029833540663}, "rate-30": {"ANB_G": 0.0005676273501425485, "SP": 7.050897040457028, "ACE": 0.0059804231962121805, "ANB": 0.00030723035521617, "ACC": 0.14751241558602854, "CC": 2, "QCS": 0.24243212227487784, "SCS": {"ori-": 26.018553161524327, "sam_": 14.479813228861149, "ori-av": 0.31729942879907713, "sam_av": 0.3531661763136866, "sam_/ori_av": 1.1130375420162553}, "DDC": 0.8049000975586738, "LCC": 0.41285606411515563, "GCC": 0.011804967464263579}, "rate-35": {"ANB_G": 0.0009291143737648582, "SP": 18.12931453798295, "ACE": 0.000986115168280085, "ANB": 0.0002505039731078124, "ACC": 0.0885237569396933, "CC": 4, "QCS": 0.45213204309022476, "SCS": {"ori-": 39.4505772308948, "sam_": 22.912869076508183, "ori-av": 0.27020943308832057, "sam_av": 0.3138749188562765, "sam_/ori_av": 1.1615986728105212}, "DDC": 0.02246966552933405, "LCC": 0.3188070529666284, "GCC": 0.07075039531995467}, "rate-40": {"ANB_G": 0.0009487413971862773, "SP": 7.8165120716354615, "ACE": 0.004486440805810738, "ANB": 0.001061431340958494, "ACC": 0.12932005728301835, "CC": 1, "QCS": 0.2350032651866663, "SCS": {"ori-": 34.313267704143996, "sam_": 17.91750724356028, "ori-av": 0.2883467874297815, "sam_av": 0.29862512072600467, "sam_/ori_av": 1.0356457354279565}, "DDC": 0.9966401967957305, "LCC": 0.3661972350673357, "GCC": 0.028648598734936977}}