{"rate-5": {"ANB_G": 0.001015256650532697, "SP": 2.4926600062732334, "ACE": 0.022675049224136504, "ANB": 0.0018634956382936713, "ACC": 0.4095763172031231, "CC": 1, "QCS": 0.11773698287001644, "SCS": {"ori-": 5.035023573824464, "sam_": 3.3659289127861736, "ori-av": 0.1094570342135753, "sam_av": 0.1463447353385293, "sam_/ori_av": 1.3370062179190583}, "DDC": 0.7989337830449327, "LCC": 0.6628736759512156, "GCC": 0.00794177873706348}, "rate-10": {"ANB_G": 0.0015357514493320424, "SP": 5.837058848632271, "ACE": 0.003908135442054259, "ANB": 0.003015622723586207, "ACC": 0.17458066902611594, "CC": 1, "QCS": 0.39485236135684804, "SCS": {"ori-": 16.56273049642682, "sam_": 10.659948178587975, "ori-av": 0.2123426986721387, "sam_av": 0.27333200457917883, "sam_/ori_av": 1.2872211113847094}, "DDC": 1.0630385460785874e-12, "LCC": 0.17755553750682526, "GCC": 0.17404405211560497}, "rate-15": {"ANB_G": 0.000802421060404994, "SP": 8.12408482607546, "ACE": 0.0024595377770527233, "ANB": 0.0008165061839680554, "ACC": 0.1257052039424705, "CC": 2, "QCS": 0.25951974796286326, "SCS": {"ori-": 18.732419447144252, "sam_": 10.176046422003486, "ori-av": 0.322972749088694, "sam_av": 0.3508981524828788, "sam_/ori_av": 1.0864636520355964}, "DDC": 0.9133764249319152, "LCC": 0.1669260103550304, "GCC": 0.09771698484550286}, "rate-20": {"ANB_G": 0.0005842909040372458, "SP": 4.581470412455937, "ACE": 0.006195181703038482, "ANB": 0.0011157228699239733, "ACC": 0.22193322311301272, "CC": 1, "QCS": 0.4395558170946711, "SCS": {"ori-": 25.49101168669224, "sam_": 15.411921647324752, "ori-av": 0.21975010074734688, "sam_av": 0.26121901097160594, "sam_/ori_av": 1.1887094025587595}, "DDC": 6.231681837221004e-13, "LCC": 0.24226322956454233, "GCC": 0.10517606668419344}, "rate-25": {"ANB_G": 0.0015942899075549047, "SP": 15.475119463176426, "ACE": 0.0014604377222663704, "ANB": 0.0005584715051997558, "ACC": 0.07554113949786977, "CC": 3, "QCS": 0.39513258604748397, "SCS": {"ori-": 35.136850551025155, "sam_": 20.111269763293574, "ori-av": 0.28336169799213834, "sam_av": 0.32437531876279957, "sam_/ori_av": 1.1447394657121202}, "DDC": 0.00031958892097050384, "LCC": 0.1948273781351082, "GCC": 0.09872175247203682}, "rate-30": {"ANB_G": 0.0008623075652155655, "SP": 10.665106763917386, "ACE": 0.0031484585325102653, "ANB": 0.0004794945136741605, "ACC": 0.09880838147557777, "CC": 2, "QCS": 0.31976927013266454, "SCS": {"ori-": 34.27543490553075, "sam_": 19.0098287278932, "ori-av": 0.28326805707050207, "sam_av": 0.31163653652283935, "sam_/ori_av": 1.1001471177008733}, "DDC": 0.0031675482398968446, "LCC": 0.1590997584600699, "GCC": 0.05870310297956086}, "rate-35": {"ANB_G": 0.0009024988478976833, "SP": 10.70178843440007, "ACE": 0.004656907233066725, "ANB": 0.0003948085604922466, "ACC": 0.09897417978841455, "CC": 2, "QCS": 0.23284906374878633, "SCS": {"ori-": 41.79150532634575, "sam_": 22.928895175026984, "ori-av": 0.30065831170032914, "sam_av": 0.32755564535752835, "sam_/ori_av": 1.089461467088953}, "DDC": 0.9999999725473143, "LCC": 0.34347122824378756, "GCC": 0.018018049734464362}, "rate-40": {"ANB_G": 0.0008532644850810135, "SP": 16.31347778546376, "ACE": 0.0009012649334159249, "ANB": 0.00029129346645619656, "ACC": 0.09569096822967467, "CC": 4, "QCS": 0.3207074256529378, "SCS": {"ori-": 45.63558464398134, "sam_": 24.76321732505046, "ori-av": 0.31044615404068937, "sam_av": 0.33463807196014134, "sam_/ori_av": 1.077926292867784}, "DDC": 1.4127765624039057e-10, "LCC": 0.19921500223834945, "GCC": 0.10189606287577233}}