{"rate-5": {"ANB_G": 0.00105519930007043, "SP": 2.3171989080847073, "ANB": 0.0016444430812543136, "ACC": 0.43982604851577595, "CC": 1, "QCS": 0.28927512531566396, "SCS": {"ori-": 5.517993901102002, "sam_": 3.64159495827395, "ori-av": 0.10611526732888464, "sam_av": 0.14006134454899807, "sam_/ori_av": 1.319898145428064}, "DDC": 0.746358889490319, "LCC": 0.7650950274164634, "GCC": 0.0075572873315999205}, "rate-10": {"ANB_G": 0.0012636805337086802, "SP": 7.7927392891210445, "ANB": 0.0009888812881650867, "ACC": 0.1310732717972766, "CC": 2, "QCS": 0.2848883350824576, "SCS": {"ori-": 13.231154875256859, "sam_": 8.468714574563316, "ori-av": 0.24056645227739742, "sam_av": 0.3024540919486899, "sam_/ori_av": 1.2572579804266713}, "DDC": 0.9999251397734938, "LCC": 0.05327233447982472, "GCC": 0.0123477252009613}, "rate-15": {"ANB_G": 0.0024675513153988925, "SP": 12.685028343800488, "ANB": 0.0024853242369968125, "ACC": 0.09970307057918942, "CC": 2, "QCS": 0.2681236046242699, "SCS": {"ori-": 30.517404434883648, "sam_": 17.37030687443762, "ori-av": 0.2991902395576828, "sam_av": 0.34059425243995334, "sam_/ori_av": 1.1383869104268958}, "DDC": 0.3918474819256471, "LCC": 0.31739578791824463, "GCC": 0.15219208148153934}, "rate-20": {"ANB_G": 0.0006030105470484786, "SP": 8.001312761182085, "ANB": 0.001094192913007549, "ACC": 0.20551617649039924, "CC": 3, "QCS": 0.420860194941925, "SCS": {"ori-": 28.244199089589433, "sam_": 16.73471828762173, "ori-av": 0.2591210925650407, "sam_av": 0.30426760522948604, "sam_/ori_av": 1.1742294006927025}, "DDC": 1.5853984791647235e-13, "LCC": 0.22225875476102144, "GCC": 0.11540530616775824}, "rate-25": {"ANB_G": 0.0010326134085034563, "SP": 6.332290284130078, "ANB": 0.0013287541201420408, "ACC": 0.16332709892183486, "CC": 1, "QCS": 0.5128652486325183, "SCS": {"ori-": 30.928592046987646, "sam_": 17.691279760526132, "ori-av": 0.30027759268920046, "sam_av": 0.3402169184716564, "sam_/ori_av": 1.1330080124353294}, "DDC": 1.0993260435299135e-07, "LCC": 0.2270402928990983, "GCC": 0.13286735080025822}, "rate-30": {"ANB_G": 0.0007121104967771588, "SP": 7.188150679091201, "ANB": 0.0005224963059701135, "ACC": 0.1562244851779314, "CC": 2, "QCS": 0.36945551989111264, "SCS": {"ori-": 33.620124618506516, "sam_": 19.077301403978197, "ori-av": 0.2733343464919229, "sam_av": 0.3076984097415838, "sam_/ori_av": 1.1257217166108189}, "DDC": 0.2707423869995612, "LCC": 0.3116256437192672, "GCC": 0.032869284752850746}, "rate-35": {"ANB_G": 0.000881017715334171, "SP": 14.845803550837989, "ANB": 0.00025121948244469515, "ACC": 0.08991134623427359, "CC": 4, "QCS": 0.36199011851490454, "SCS": {"ori-": 34.447214581797446, "sam_": 19.16945276053688, "ori-av": 0.29192554730336817, "sam_av": 0.3194908793422814, "sam_/ori_av": 1.0944258982934008}, "DDC": 0.005171201216826904, "LCC": 0.22930582619302534, "GCC": 0.04829752751684038}, "rate-40": {"ANB_G": 0.0007712181274924024, "SP": 22.094496476785327, "ANB": 0.00016980985600445944, "ACC": 0.05831165358242851, "CC": 5, "QCS": 0.3710964868431673, "SCS": {"ori-": 48.49293682969878, "sam_": 25.900062733859382, "ori-av": 0.3298839240115563, "sam_av": 0.3500008477548565, "sam_/ori_av": 1.060981825057336}, "DDC": 7.715721239698325e-07, "LCC": 0.23416814349995246, "GCC": 0.09347330668360294}}