{"rate-5": {"ANB_G": 0.001732277873005999, "SP": 5.047546140874464, "ANB": 0.005053116280742164, "ACC": 0.2009571461443778, "CC": 1, "QCS": 0.39669882358445097, "SCS": {"ori-": 11.968663946072045, "sam_": 7.308915885506184, "ori-av": 0.21372614189414366, "sam_av": 0.2610327101966494, "sam_/ori_av": 1.22134198410757}, "DDC": 0.015400066991263728, "LCC": 0.11158669691059281, "GCC": 0.04986018044636733}, "rate-10": {"ANB_G": 0.0013605295355176728, "SP": 6.150909168499746, "ANB": 0.003211290005299103, "ACC": 0.16448978897837874, "CC": 1, "QCS": 0.3959001760500591, "SCS": {"ori-": 20.38109385250558, "sam_": 12.727411622010102, "ori-av": 0.23977757473535974, "sam_av": 0.2959863167909326, "sam_/ori_av": 1.23442034609621}, "DDC": 0.2198822224139888, "LCC": 0.09424392031299993, "GCC": 0.0386122781714429}, "rate-15": {"ANB_G": 0.0012018256450857367, "SP": 8.611772297197518, "ANB": 0.0015368385544611866, "ACC": 0.15723629472124437, "CC": 2, "QCS": 0.4223289644956621, "SCS": {"ori-": 23.98065133845119, "sam_": 14.626104749151347, "ori-av": 0.2551133121111829, "sam_av": 0.31119371806704993, "sam_/ori_av": 1.2198254786932727}, "DDC": 3.425038030968608e-13, "LCC": 0.22828149430460587, "GCC": 0.24305500905012986}, "rate-20": {"ANB_G": 0.0005897127045851008, "SP": 4.690234727836636, "ANB": 0.001149605834217007, "ACC": 0.21676226735632245, "CC": 1, "QCS": 0.29008956832468386, "SCS": {"ori-": 28.041528097676004, "sam_": 16.62481938941064, "ori-av": 0.2832477585623839, "sam_av": 0.3324963877882128, "sam_/ori_av": 1.1738712054626272}, "DDC": 9.588707605701074e-11, "LCC": 0.24818141441477354, "GCC": 0.19398454008077673}, "rate-25": {"ANB_G": 0.000892099764210159, "SP": 15.328989720008584, "ANB": 0.0003287643982506498, "ACC": 0.10430259663080532, "CC": 4, "QCS": 0.301845484911742, "SCS": {"ori-": 27.609932729860947, "sam_": 14.871764637350994, "ori-av": 0.3210457294169878, "sam_av": 0.3458549915663022, "sam_/ori_av": 1.0772764122867091}, "DDC": 0.9793178875524156, "LCC": 0.3258369909981542, "GCC": 0.02384166343150419}, "rate-30": {"ANB_G": 0.0008285339417346457, "SP": 16.643293437884903, "ANB": 0.0004028722722555409, "ACC": 0.08468818834424746, "CC": 4, "QCS": 0.3862683718342499, "SCS": {"ori-": 40.83973565833935, "sam_": 22.35609507994655, "ori-av": 0.2876037722418264, "sam_av": 0.3148745785907965, "sam_/ori_av": 1.094820753345474}, "DDC": 0.19355657888909705, "LCC": 0.187533523946054, "GCC": 0.11196662078458362}, "rate-35": {"ANB_G": 0.0010436667865320868, "SP": 6.824950094998357, "ANB": 0.001036652446164504, "ACC": 0.15218995768058513, "CC": 1, "QCS": 0.3519826542846393, "SCS": {"ori-": 33.829333709457046, "sam_": 18.39944610711937, "ori-av": 0.32528205489862544, "sam_av": 0.3471593605116862, "sam_/ori_av": 1.0672564172649452}, "DDC": 0.8537433452151824, "LCC": 0.3095263559166732, "GCC": 0.05197577509109718}, "rate-40": {"ANB_G": 0.0007716922133045007, "SP": 10.96935531296832, "ANB": 0.0004075940294568299, "ACC": 0.09301736862438133, "CC": 2, "QCS": 0.3213376683615317, "SCS": {"ori-": 46.35870492385686, "sam_": 24.308637760321048, "ori-av": 0.33593264437577436, "sam_av": 0.3522990979756674, "sam_/ori_av": 1.0487194497882304}, "DDC": 1.0, "LCC": 0.2987667431115905, "GCC": 0.03322437864290193}}