{"rate_5": {"ANB_G": 0.006667018872238995, "SP": 5.963072221895751, "ACE": 0.017216422412179095, "ANB": 0.006960830605744394, "ACC": 0.1791087918561201, "CC": 1, "QCS": 0.38928137972870486, "SCS": {"ori-": 13.115429793257594, "sam_": 9.154161177310083, "ori-av": 0.19871863323117567, "sam_av": 0.277398823554851, "sam_/ori_av": 1.3959376584084302}, "DDC": 0.845271999326387, "LCC": 0.30480874313929845, "GCC": 0.022358026531524817}, "rate_10": {"ANB_G": 0.004151332125647962, "SP": 8.04255028597134, "ACE": 0.007329719318885413, "ANB": 0.004077909835536394, "ACC": 0.12734097423551874, "CC": 1, "QCS": 0.4823373516958857, "SCS": {"ori-": 27.40963521622843, "sam_": 18.96954719704782, "ori-av": 0.20764875163809418, "sam_av": 0.28741738177345183, "sam_/ori_av": 1.3841517442608295}, "DDC": 0.17903037144677958, "LCC": 0.21664032997237967, "GCC": 0.02883550688976378}, "rate_15": {"ANB_G": 0.0030337298545462603, "SP": 8.313544280366912, "ACE": 0.006131696427146985, "ANB": 0.0030296372329606004, "ACC": 0.12304023336281553, "CC": 1, "QCS": 0.457199247906289, "SCS": {"ori-": 34.14375280292184, "sam_": 22.845858786252307, "ori-av": 0.24741849857189738, "sam_av": 0.3310994026993088, "sam_/ori_av": 1.338216037242238}, "DDC": 0.49930724973000484, "LCC": 0.2165528885775954, "GCC": 0.020029307165437302}, "rate_20": {"ANB_G": 0.0023409449926884225, "SP": 8.395266332443036, "ACE": 0.0053896255505850935, "ANB": 0.002346958531400497, "ACC": 0.12173178476682311, "CC": 1, "QCS": 0.40980987550558007, "SCS": {"ori-": 39.68743297397346, "sam_": 25.6823547971037, "ori-av": 0.27183173269844835, "sam_av": 0.35181307941237944, "sam_/ori_av": 1.2942310889165283}, "DDC": 0.8602395079551816, "LCC": 0.2255474670449867, "GCC": 0.016442526581398963}, "rate_25": {"ANB_G": 0.0019160231965842578, "SP": 8.520634229493854, "ACE": 0.004627462094478814, "ANB": 0.0019015510061931383, "ACC": 0.11990215358250317, "CC": 1, "QCS": 0.46468010472711246, "SCS": {"ori-": 47.57778791255158, "sam_": 29.41513519086518, "ori-av": 0.33040130494827485, "sam_av": 0.40854354431757195, "sam_/ori_av": 1.23650705429729}, "DDC": 0.9532359957717038, "LCC": 0.2198225627035652, "GCC": 0.015719578974981146}, "rate_30": {"ANB_G": 0.0015853163716344515, "SP": 10.290567954268786, "ACE": 0.003568396448571674, "ANB": 0.0017192020640763941, "ACC": 0.09950885102682121, "CC": 1, "QCS": 0.3626245066486211, "SCS": {"ori-": 64.90440864225897, "sam_": 39.27300090896757, "ori-av": 0.3416021507487314, "sam_av": 0.41340000956807965, "sam_/ori_av": 1.2101797622233352}, "DDC": 0.831275796993324, "LCC": 0.18736462038784488, "GCC": 0.014162525577316573}, "rate_35": {"ANB_G": 0.0015312704561170197, "SP": 10.319418778613782, "ACE": 0.0034963564060613516, "ANB": 0.0016626973735261177, "ACC": 0.09924989509851456, "CC": 1, "QCS": 0.4064748563350109, "SCS": {"ori-": 66.95704642260348, "sam_": 40.166030612067544, "ori-av": 0.35240550748738675, "sam_av": 0.4228003222322899, "sam_/ori_av": 1.199755149250676}, "DDC": 0.8759638775499854, "LCC": 0.18921625570746717, "GCC": 0.01398204320442265}, "rate_40": {"ANB_G": 0.0013760796105881786, "SP": 10.92459027673462, "ACE": 0.0008641062490833081, "ANB": 0.0015451642965490576, "ACC": 0.09318564365535531, "CC": 1, "QCS": 0.5704370851440976, "SCS": {"ori-": 64.6632407305783, "sam_": 35.27440965784393, "ori-av": 0.35529253148669393, "sam_av": 0.38763087536092233, "sam_/ori_av": 1.0910189238679213}, "DDC": 0.014564904532278322, "LCC": 0.2732208124968925, "GCC": 0.11975330552844085}}