{"rate_5": {"ANB_G": 0.006649576212792241, "SP": 5.92447192289412, "ACE": 0.017352055253614097, "ANB": 0.0068873733187330395, "ACC": 0.18050214008093807, "CC": 1, "QCS": 0.36141415125673426, "SCS": {"ori-": 12.803024891706478, "sam_": 8.946656072381808, "ori-av": 0.20650040147913676, "sam_av": 0.28860180878650993, "sam_/ori_av": 1.3975847345539814}, "DDC": 0.8996163538430928, "LCC": 0.31673150315784376, "GCC": 0.021776678181308934}, "rate_10": {"ANB_G": 0.004168062536967295, "SP": 8.059845550725782, "ACE": 0.007259281806595036, "ANB": 0.0041045613667010355, "ACC": 0.12712898859064783, "CC": 1, "QCS": 0.45976915468968854, "SCS": {"ori-": 27.53031754854516, "sam_": 19.052592115601566, "ori-av": 0.20242880550400852, "sam_av": 0.2801851781706113, "sam_/ori_av": 1.384117134283357}, "DDC": 0.10454171398551415, "LCC": 0.21186018212567542, "GCC": 0.029263627669748167}, "rate_15": {"ANB_G": 0.0030321260147624326, "SP": 8.324703671838824, "ACE": 0.00609248510770814, "ANB": 0.0030330035908235327, "ACC": 0.1228833703613842, "CC": 1, "QCS": 0.43211269520485374, "SCS": {"ori-": 34.48625443734424, "sam_": 23.134737526480915, "ori-av": 0.23620722217359072, "sam_av": 0.31691421269151937, "sam_/ori_av": 1.3416787589103283}, "DDC": 0.47844203962094034, "LCC": 0.21088625847225656, "GCC": 0.020281522108350387}, "rate_20": {"ANB_G": 0.002355896889455621, "SP": 8.399567044509096, "ACE": 0.005349529879877123, "ANB": 0.0023633238724078787, "ACC": 0.12167714634695051, "CC": 1, "QCS": 0.48673967011365465, "SCS": {"ori-": 39.91022093462869, "sam_": 25.84142987343447, "ori-av": 0.2625672429909782, "sam_av": 0.34001881412413776, "sam_/ori_av": 1.294978041628067}, "DDC": 0.8355497506543135, "LCC": 0.21776607059615632, "GCC": 0.01712095154828358}, "rate_25": {"ANB_G": 0.0019189334598803261, "SP": 8.511546187633959, "ACE": 0.004639873223808545, "ANB": 0.0019021388168229858, "ACC": 0.12002154000684896, "CC": 1, "QCS": 0.48507444438025643, "SCS": {"ori-": 48.021698485360005, "sam_": 29.930959049061325, "ori-av": 0.31182921094389615, "sam_av": 0.3887137538839133, "sam_/ori_av": 1.2465597841436675}, "DDC": 0.9264265086033325, "LCC": 0.2172022541909027, "GCC": 0.01564524296490178}, "rate_30": {"ANB_G": 0.0015782587910116242, "SP": 10.288991423522878, "ACE": 0.0035765389047273718, "ANB": 0.0017113101369791613, "ACC": 0.0995360180112553, "CC": 1, "QCS": 0.4500752459196159, "SCS": {"ori-": 64.40608424046836, "sam_": 38.74682082407982, "ori-av": 0.35003306652428456, "sam_av": 0.4211610959139111, "sam_/ori_av": 1.2032037432803275}, "DDC": 0.8689085304202422, "LCC": 0.19154438374517754, "GCC": 0.014163907205771488}, "rate_35": {"ANB_G": 0.0015376383979665924, "SP": 10.312585787271606, "ACE": 0.003500779200767263, "ANB": 0.0016677266811016534, "ACC": 0.09930916635700507, "CC": 1, "QCS": 0.5166512009812549, "SCS": {"ori-": 66.64690990378064, "sam_": 39.96330768927458, "ori-av": 0.3471193224155242, "sam_av": 0.4162844550966102, "sam_/ori_av": 1.1992546315191608}, "DDC": 0.9134591086692757, "LCC": 0.1889391431117948, "GCC": 0.01430681146907802}, "rate_40": {"ANB_G": 0.0013766043656447606, "SP": 10.89201583555829, "ACE": 0.0008649845756311181, "ANB": 0.0015400927659284332, "ACC": 0.09347483732880733, "CC": 1, "QCS": 0.4682809322582308, "SCS": {"ori-": 63.136942600055576, "sam_": 34.55355414991354, "ori-av": 0.3431355576089977, "sam_av": 0.37558211032514716, "sam_/ori_av": 1.0945589927847763}, "DDC": 0.021036437299533528, "LCC": 0.276002729252975, "GCC": 0.11751715702928586}}