{"rate_5": {"ANB_G": 0.006741288314112412, "SP": 5.951440672193484, "ACE": 0.01729248467899473, "ANB": 0.007023320102402105, "ACC": 0.17940945518018372, "CC": 1, "QCS": 0.3581001376668597, "SCS": {"ori-": 12.71189180849152, "sam_": 8.874530451477888, "ori-av": 0.20503051304018582, "sam_av": 0.28627517585412543, "sam_/ori_av": 1.3962564479269275}, "DDC": 0.9542045390359863, "LCC": 0.3035947036301793, "GCC": 0.02245360352333189}, "rate_10": {"ANB_G": 0.004154701531270411, "SP": 8.05798765253383, "ACE": 0.007196342102394382, "ANB": 0.004089216484666192, "ACC": 0.12715793921158688, "CC": 1, "QCS": 0.36026456111357885, "SCS": {"ori-": 26.85136600284028, "sam_": 18.522013022878166, "ori-av": 0.20977629689718968, "sam_av": 0.28940645348247135, "sam_/ori_av": 1.3795955871234966}, "DDC": 0.06772931834723617, "LCC": 0.20716992117698918, "GCC": 0.03001765744555621}, "rate_15": {"ANB_G": 0.0030209188067997425, "SP": 8.32771673169832, "ACE": 0.006039285271756135, "ANB": 0.0030217388584323056, "ACC": 0.12281413907795631, "CC": 1, "QCS": 0.3995029543419177, "SCS": {"ori-": 34.34683182016073, "sam_": 23.053618624427084, "ori-av": 0.2352522727408269, "sam_av": 0.31580299485516555, "sam_/ori_av": 1.342401461953483}, "DDC": 0.38340516551859194, "LCC": 0.21049557285947973, "GCC": 0.020509383378016086}, "rate_20": {"ANB_G": 0.002356156897958345, "SP": 8.406797168851826, "ACE": 0.005352207603874631, "ANB": 0.0023656330785218173, "ACC": 0.12157294222909804, "CC": 1, "QCS": 0.41692933704377483, "SCS": {"ori-": 39.71556378415588, "sam_": 25.757501982121696, "ori-av": 0.27202440948051976, "sam_av": 0.35284249290577663, "sam_/ori_av": 1.2970986448590909}, "DDC": 0.8922586383221525, "LCC": 0.2139199547003895, "GCC": 0.016582113349760834}, "rate_25": {"ANB_G": 0.0019226151693296628, "SP": 8.523067872433316, "ACE": 0.0046418799436601325, "ANB": 0.0019089235910767, "ACC": 0.11988265806332825, "CC": 1, "QCS": 0.4806670236682882, "SCS": {"ori-": 48.11569133588029, "sam_": 29.89914870440471, "ori-av": 0.3124395541290928, "sam_av": 0.38830063252473646, "sam_/ori_av": 1.2428024153571144}, "DDC": 0.9562542131975172, "LCC": 0.21887881107393242, "GCC": 0.015044548911301912}, "rate_30": {"ANB_G": 0.0015794516731019754, "SP": 10.269545779760513, "ACE": 0.0035926584719721717, "ANB": 0.0017080423401069742, "ACC": 0.09972934581969504, "CC": 1, "QCS": 0.43255633348966394, "SCS": {"ori-": 62.614161758483014, "sam_": 37.76044591697042, "ori-av": 0.33663527827141404, "sam_av": 0.4060263001824776, "sam_/ori_av": 1.2061311644679042}, "DDC": 0.8434991854152543, "LCC": 0.1907324141620896, "GCC": 0.013815724083093131}, "rate_35": {"ANB_G": 0.0015358266135681365, "SP": 10.314454440440285, "ACE": 0.0035110237585498885, "ANB": 0.001666867294280651, "ACC": 0.09929058284420474, "CC": 1, "QCS": 0.35796734965529364, "SCS": {"ori-": 63.424923123761225, "sam_": 37.798771015537525, "ori-av": 0.3563197928301192, "sam_av": 0.4247052923094104, "sam_/ori_av": 1.1919216974620743}, "DDC": 0.8439501868313533, "LCC": 0.1911959282204556, "GCC": 0.014245760835679012}, "rate_40": {"ANB_G": 0.0013767270563553279, "SP": 10.928410677856869, "ACE": 0.0026120167759866066, "ANB": 0.001545759096661511, "ACC": 0.09314900220014928, "CC": 1, "QCS": 0.5966199813878901, "SCS": {"ori-": 62.529667928198855, "sam_": 34.4603133819835, "ori-av": 0.3552822041374935, "sam_av": 0.3915944702498125, "sam_/ori_av": 1.102206825136297}, "DDC": 0.023841356041759187, "LCC": 0.2719731906889328, "GCC": 0.11115955044423713}}