{"rate_5": {"ANB_G": 0.006656551447663023, "SP": 5.926909403445716, "ACE": 0.017309222735232735, "ANB": 0.006900433338159267, "ACC": 0.18032315710249003, "CC": 1, "QCS": 0.3480462383334937, "SCS": {"ori-": 12.824200956848989, "sam_": 8.922856054261448, "ori-av": 0.20684195091691918, "sam_av": 0.2878340662664983, "sam_/ori_av": 1.3915652264472729}, "DDC": 0.9347488904541864, "LCC": 0.3064739723256255, "GCC": 0.02151365659968716}, "rate_10": {"ANB_G": 0.0041763905432929006, "SP": 8.051462088105207, "ACE": 0.00720347650165069, "ANB": 0.004106850371639603, "ACC": 0.1273102056166575, "CC": 1, "QCS": 0.48625394035382014, "SCS": {"ori-": 27.696519037237927, "sam_": 19.207391616991902, "ori-av": 0.19504590871294314, "sam_av": 0.2705266424928437, "sam_/ori_av": 1.3869895773665706}, "DDC": 0.06319479723075627, "LCC": 0.20903626489098281, "GCC": 0.030015797788309637}, "rate_15": {"ANB_G": 0.003029708070743512, "SP": 8.313344425501967, "ACE": 0.006132055709254366, "ANB": 0.003024542773160454, "ACC": 0.12299223365473272, "CC": 1, "QCS": 0.413097448964554, "SCS": {"ori-": 34.260373454651564, "sam_": 22.943258768803368, "ori-av": 0.24127023559613778, "sam_av": 0.3231444897014559, "sam_/ori_av": 1.3393466827892}, "DDC": 0.3632252179001494, "LCC": 0.2127283273203116, "GCC": 0.019987099829358503}, "rate_20": {"ANB_G": 0.002357135592068412, "SP": 8.390397784496578, "ACE": 0.005360063825713185, "ANB": 0.002361904053849966, "ACC": 0.12181202791431055, "CC": 1, "QCS": 0.4301114552715477, "SCS": {"ori-": 40.21351384172957, "sam_": 26.234479847469018, "ori-av": 0.26112671325798426, "sam_av": 0.3407075304866106, "sam_/ori_av": 1.304759387638764}, "DDC": 0.8355497506543135, "LCC": 0.22077792303684426, "GCC": 0.01683886568476588}, "rate_25": {"ANB_G": 0.0019207403717390905, "SP": 8.519459856349695, "ACE": 0.004649217685627781, "ANB": 0.0019065567587093423, "ACC": 0.1199346358407726, "CC": 1, "QCS": 0.5054836738625793, "SCS": {"ori-": 49.19118844911572, "sam_": 30.94627239907454, "ori-av": 0.3036493114142946, "sam_av": 0.3820527456675869, "sam_/ori_av": 1.2582038928002701}, "DDC": 0.9771488890100544, "LCC": 0.21848824195511166, "GCC": 0.015299303851754334}, "rate_30": {"ANB_G": 0.00157544254414583, "SP": 10.296721095300377, "ACE": 0.0035293780072554546, "ANB": 0.0017086419950928836, "ACC": 0.09945934871365392, "CC": 1, "QCS": 0.4631942013724293, "SCS": {"ori-": 65.1184371320776, "sam_": 39.2628161581858, "ori-av": 0.3463746655961575, "sam_av": 0.41768953359772126, "sam_/ori_av": 1.2058893882403936}, "DDC": 0.9361345130575588, "LCC": 0.18434542087646208, "GCC": 0.014682129356751769}, "rate_35": {"ANB_G": 0.0015323179131347144, "SP": 10.317762640550493, "ACE": 0.0034953627840187897, "ANB": 0.0016629952954757196, "ACC": 0.09926956326778585, "CC": 1, "QCS": 0.4114979578436957, "SCS": {"ori-": 66.50690469068924, "sam_": 39.78541704202963, "ori-av": 0.34281909634375896, "sam_av": 0.41015893857762503, "sam_/ori_av": 1.19642967078573}, "DDC": 0.9415904028081861, "LCC": 0.1913797884601201, "GCC": 0.014637899223170093}, "rate_40": {"ANB_G": 0.0013764627032693036, "SP": 10.912361669032956, "ACE": 0.0008525472349955527, "ANB": 0.0015432604186568443, "ACC": 0.09330584090393296, "CC": 1, "QCS": 0.6003013814558756, "SCS": {"ori-": 62.17644794286169, "sam_": 33.14659377541106, "ori-av": 0.3700979044217958, "sam_av": 0.3946023068501317, "sam_/ori_av": 1.0662105949143894}, "DDC": 0.012715794670052127, "LCC": 0.27358359453603975, "GCC": 0.12444478301123911}}