{"rate_5": {"ANB_G": 0.006658863335822504, "SP": 5.97175450248076, "ACE": 0.017223997972401827, "ANB": 0.006963241600113102, "ACC": 0.17876676064947217, "CC": 1, "QCS": 0.35334194189128126, "SCS": {"ori-": 13.057931328103326, "sam_": 9.172934307026866, "ori-av": 0.1978474443652019, "sam_av": 0.2779677062735414, "sam_/ori_av": 1.4049598020606593}, "DDC": 0.8527483489225135, "LCC": 0.3124782455685721, "GCC": 0.021573263778855763}, "rate_10": {"ANB_G": 0.0041661255871837805, "SP": 8.045871831738797, "ACE": 0.0072744154349350075, "ANB": 0.004094056845867989, "ACC": 0.12727124733366346, "CC": 1, "QCS": 0.46649719381521554, "SCS": {"ori-": 27.821111879009297, "sam_": 19.28591933241351, "ori-av": 0.201602259992821, "sam_av": 0.27950607728135524, "sam_/ori_av": 1.3864233332072189}, "DDC": 0.10130237911137507, "LCC": 0.2113517134852429, "GCC": 0.029532835535133067}, "rate_15": {"ANB_G": 0.003030665301445804, "SP": 8.31009231781345, "ACE": 0.006101348369140404, "ANB": 0.003024448621354355, "ACC": 0.1231150148640269, "CC": 1, "QCS": 0.3936894304839022, "SCS": {"ori-": 34.58593514136321, "sam_": 23.31300174951317, "ori-av": 0.2401801051483556, "sam_av": 0.3237916909654607, "sam_/ori_av": 1.3481203647798365}, "DDC": 0.3571678427394981, "LCC": 0.21164049232869286, "GCC": 0.019931835913439822}, "rate_20": {"ANB_G": 0.0023474077789470364, "SP": 8.412212930871867, "ACE": 0.005324844201688492, "ANB": 0.002359074771124065, "ACC": 0.12155031703098738, "CC": 1, "QCS": 0.42643744037436204, "SCS": {"ori-": 39.332140459947496, "sam_": 25.335076027858918, "ori-av": 0.2809438604281964, "sam_av": 0.36192965754084166, "sam_/ori_av": 1.2882632743396205}, "DDC": 0.8766699942796061, "LCC": 0.21911900582217841, "GCC": 0.016884624162931523}, "rate_25": {"ANB_G": 0.0019187441280998669, "SP": 8.524710744595984, "ACE": 0.004651096201855097, "ANB": 0.0019054724600141724, "ACC": 0.119812805428268, "CC": 1, "QCS": 0.6558444501342581, "SCS": {"ori-": 47.40438434519544, "sam_": 29.45187427172941, "ori-av": 0.3202998942242935, "sam_av": 0.3979983009693163, "sam_/ori_av": 1.2425801823419076}, "DDC": 0.93613188272785, "LCC": 0.21732335995008895, "GCC": 0.014955533645069652}, "rate_30": {"ANB_G": 0.0015859139100837497, "SP": 10.290520262271707, "ACE": 0.0035642466474832685, "ANB": 0.0017198297412572715, "ACC": 0.09951814745180002, "CC": 1, "QCS": 0.44417819985441614, "SCS": {"ori-": 64.50889735095748, "sam_": 38.89074689875321, "ori-av": 0.3395205123734604, "sam_av": 0.4093762831447706, "sam_/ori_av": 1.2057483074674185}, "DDC": 0.9141387268113614, "LCC": 0.18841784378164003, "GCC": 0.014131912387958797}, "rate_35": {"ANB_G": 0.001540860354292944, "SP": 10.299692175470673, "ACE": 0.0035098883806803185, "ANB": 0.0016693039266685904, "ACC": 0.0994519412002691, "CC": 1, "QCS": 0.5405469569673269, "SCS": {"ori-": 65.99642570013314, "sam_": 39.40278239913835, "ori-av": 0.35481949301146853, "sam_av": 0.42368583224879947, "sam_/ori_av": 1.1940883761848593}, "DDC": 0.9372626424002611, "LCC": 0.19141683289752368, "GCC": 0.01449017081128506}, "rate_40": {"ANB_G": 0.0013754673832994334, "SP": 10.960572876694481, "ACE": 0.000863163406337926, "ANB": 0.0015498012878006353, "ACC": 0.09287678476084572, "CC": 1, "QCS": 0.44386631166057, "SCS": {"ori-": 63.74010270079485, "sam_": 34.62313141316941, "ori-av": 0.3601135745807619, "sam_av": 0.38902394846257765, "sam_/ori_av": 1.0802812665850565}, "DDC": 0.0324842503522107, "LCC": 0.2711168619331061, "GCC": 0.12270025596899449}}