{"rate-5": {"ANB_G": 0.006104532902070597, "SP": 331.88575036075036, "ACE": 0.0058619013464340595, "ANB": 4.788224710943698e-06, "ACC": 0.0031560407135884662, "CC": 291, "QCS": 0.4333358810319066, "SCS": {"ori-": 29.093916258859206, "sam_": 22.90601682375549, "ori-av": 0.04753907885434511, "sam_av": 0.0748562641299199, "sam_/ori_av": 1.5746258853536448}, "DDC": 0.004898628602535093, "LCC": 0.0, "GCC": 0}, "rate-10": {"ANB_G": 0.0036035459118117625, "SP": 557.6902715515843, "ACE": 0.004214188879315891, "ANB": 1.0089203808911689e-05, "ACC": 0.0032012039345830695, "CC": 454, "QCS": 0.27091320185713974, "SCS": {"ori-": 50.45031236783419, "sam_": 38.916898408885814, "ori-av": 0.05266212146955552, "sam_av": 0.08124613446531485, "sam_/ori_av": 1.5427812666507184}, "DDC": 0.055969094678052445, "LCC": 0.0038207524062199463, "GCC": 0.002560273095796885}, "rate-15": {"ANB_G": 0.0026684186938255128, "SP": 748.2151648454736, "ACE": 0.003570320338284284, "ANB": 9.572934353093296e-06, "ACC": 0.003708949110043658, "CC": 581, "QCS": 0.3657839247887452, "SCS": {"ori-": 71.53818868832342, "sam_": 54.58601554799654, "ori-av": 0.05883074727658175, "sam_av": 0.08977963083552062, "sam_/ori_av": 1.5260664701986273}, "DDC": 0.19537167590341142, "LCC": 0.0044575498829176165, "GCC": 0.002584788908905773}, "rate-20": {"ANB_G": 0.0020501140481494597, "SP": 812.6934851056919, "ACE": 0.0033213476828031674, "ANB": 1.776677390379023e-05, "ACC": 0.0052077910668036275, "CC": 614, "QCS": 0.2862465475840862, "SCS": {"ori-": 86.09681737318765, "sam_": 65.06463204852444, "ori-av": 0.0662283210562982, "sam_av": 0.10009943392080684, "sam_/ori_av": 1.5114294356898477}, "DDC": 0.2793180838209025, "LCC": 0.007097488180146959, "GCC": 0.0023139608974144}, "rate-25": {"ANB_G": 0.0017526920756192436, "SP": 834.3649865476671, "ACE": 0.0029685635980114555, "ANB": 3.359155485100604e-05, "ACC": 0.007228478421326803, "CC": 620, "QCS": 0.29953870901079876, "SCS": {"ori-": 96.25886125510384, "sam_": 71.44205929211506, "ori-av": 0.07172791449709676, "sam_av": 0.10647102726097625, "sam_/ori_av": 1.4843736641093301}, "DDC": 0.2106274431893297, "LCC": 0.014497528264144171, "GCC": 0.0043875043875043875}, "rate-30": {"ANB_G": 0.0015584470251833093, "SP": 882.7867492287802, "ACE": 0.002787121355245143, "ANB": 2.9188251987065677e-05, "ACC": 0.0077955794289298955, "CC": 636, "QCS": 0.29391817399941306, "SCS": {"ori-": 109.03827740661185, "sam_": 80.01561246609889, "ori-av": 0.07844480388964882, "sam_av": 0.11513037764906314, "sam_/ori_av": 1.467660978680261}, "DDC": 0.2948384021460819, "LCC": 0.013614314674470055, "GCC": 0.0030081258464423376}, "rate-35": {"ANB_G": 0.0014967087385109744, "SP": 829.2037889892442, "ACE": 0.0026236828039378907, "ANB": 3.8428292384887825e-05, "ACC": 0.01019386472261281, "CC": 598, "QCS": 0.36502493670037434, "SCS": {"ori-": 117.29892592259831, "sam_": 84.09661073895481, "ori-av": 0.08688809327599875, "sam_av": 0.12458757146511823, "sam_/ori_av": 1.4338854354804131}, "DDC": 0.32314876602911535, "LCC": 0.0173285053228465, "GCC": 0.00437555027880793}, "rate-40": {"ANB_G": 0.0012152286521170945, "SP": 753.4744062142516, "ACE": 0.0024840171893538376, "ANB": 8.484251583951359e-05, "ACC": 0.013384481514821196, "CC": 543, "QCS": 0.3832452647337563, "SCS": {"ori-": 117.2178204519763, "sam_": 81.69448356305044, "ori-av": 0.09317791768837544, "sam_av": 0.12987994207162232, "sam_/ori_av": 1.3938918715268274}, "DDC": 0.412120236960847, "LCC": 0.02437519247275485, "GCC": 0.005948065949181212}}