{"rate-5": {"ANB_G": 0.005422245997225413, "SP": 342.38845598845614, "ANB": 3.1249466534579954e-06, "ACC": 0.002457632576820995, "CC": 301, "QCS": 0.3611462944719244, "SCS": {"ori-": 29.50205727886534, "sam_": 23.14311904938213, "ori-av": 0.04804895322290772, "sam_av": 0.07538475260385058, "sam_/ori_av": 1.5689156068421966}, "DDC": 0.0018414658152650087, "LCC": 0.0, "GCC": 0}, "rate-10": {"ANB_G": 0.003306551639423831, "SP": 555.1788081647574, "ANB": 9.314748455885479e-06, "ACC": 0.00420078239519615, "CC": 455, "QCS": 0.2392678346447114, "SCS": {"ori-": 52.5261093301736, "sam_": 40.65199687236276, "ori-av": 0.053707678251711244, "sam_av": 0.08313291793939215, "sam_/ori_av": 1.5478777084679387}, "DDC": 0.3146102509164814, "LCC": 0.005358538898711528, "GCC": 0.0028585040495474035}, "rate-15": {"ANB_G": 0.003008373272817657, "SP": 708.0623122370334, "ANB": 1.587386518350716e-05, "ACC": 0.0045144021117278135, "CC": 551, "QCS": 0.26974731277846264, "SCS": {"ori-": 77.07100130099795, "sam_": 58.61388801183125, "ori-av": 0.06609862890308572, "sam_av": 0.10053840139250643, "sam_/ori_av": 1.5210361101425651}, "DDC": 0.1356213170238788, "LCC": 0.005443922268900697, "GCC": 0.0022926219258024177}, "rate-20": {"ANB_G": 0.002325090908478082, "SP": 829.3596251534776, "ANB": 1.4902519412725669e-05, "ACC": 0.004749705116912948, "CC": 628, "QCS": 0.33490737876308313, "SCS": {"ori-": 92.33101171290102, "sam_": 69.64223096242215, "ori-av": 0.06849481581075743, "sam_av": 0.10332675216976579, "sam_/ori_av": 1.508533907956547}, "DDC": 0.11871540599990327, "LCC": 0.004981674245539524, "GCC": 0.0017268671751331126}, "rate-25": {"ANB_G": 0.0016970781491360374, "SP": 842.0514399835189, "ANB": 3.0330169191634298e-05, "ACC": 0.006958729544896071, "CC": 626, "QCS": 0.2921201184604179, "SCS": {"ori-": 104.29510590170813, "sam_": 77.85459625629827, "ori-av": 0.07685711562395588, "sam_av": 0.11466067195331114, "sam_/ori_av": 1.4918680075676967}, "DDC": 0.5104510684209314, "LCC": 0.009057350445891977, "GCC": 0.0020833714066412034}, "rate-30": {"ANB_G": 0.0016544220500871354, "SP": 880.2661182956543, "ANB": 6.309574252660827e-05, "ACC": 0.007873487804350647, "CC": 642, "QCS": 0.3935666624116449, "SCS": {"ori-": 121.04948225438537, "sam_": 88.6327546652924, "ori-av": 0.08453176135082777, "sam_av": 0.12378876349901173, "sam_/ori_av": 1.4644053491948152}, "DDC": 0.3170786970291676, "LCC": 0.011456774335982588, "GCC": 0.00289098069886316}, "rate-35": {"ANB_G": 0.001492480639077528, "SP": 827.7580133874845, "ANB": 3.0091661591007283e-05, "ACC": 0.008790531093527718, "CC": 573, "QCS": 0.2893675956525238, "SCS": {"ori-": 124.28902427532765, "sam_": 88.89710613234816, "ori-av": 0.0959020249038022, "sam_av": 0.13718689217954963, "sam_/ori_av": 1.430490047703994}, "DDC": 0.496435907072041, "LCC": 0.019798456069431043, "GCC": 0.006264900892748377}, "rate-40": {"ANB_G": 0.0013138803186594457, "SP": 825.2059066621871, "ANB": 3.052414413423264e-05, "ACC": 0.010633387285992344, "CC": 582, "QCS": 0.35843425726585526, "SCS": {"ori-": 131.16174064860184, "sam_": 92.09726395548465, "ori-av": 0.09906475879803764, "sam_av": 0.1391197340717291, "sam_/ori_av": 1.4043312249449993}, "DDC": 0.5982989471294701, "LCC": 0.023469291227536694, "GCC": 0.006048313858448871}}