{"rate-5": {"ANB_G": 0.005678816840460177, "SP": 334.64499389499395, "ANB": 5.627863885511534e-06, "ACC": 0.002990787088178824, "CC": 295, "QCS": 0.3265359210601746, "SCS": {"ori-": 33.472398244498685, "sam_": 25.93501844427455, "ori-av": 0.05398773910403014, "sam_av": 0.08366134982024048, "sam_/ori_av": 1.549636106432085}, "DDC": 0.00964008113479009, "LCC": 0.006633499170812605, "GCC": 0.006741573033707865}, "rate-10": {"ANB_G": 0.004071373965560642, "SP": 577.2119255935008, "ANB": 6.512400462916403e-06, "ACC": 0.003149479976102025, "CC": 471, "QCS": 0.26959921257761293, "SCS": {"ori-": 57.10068817757222, "sam_": 43.997692084179484, "ori-av": 0.05814734030302671, "sam_av": 0.08960833418366494, "sam_/ori_av": 1.5410564561798301}, "DDC": 0.27125839345311165, "LCC": 0.0, "GCC": 0}, "rate-15": {"ANB_G": 0.0028467251318102377, "SP": 749.6733639864539, "ANB": 1.1235936625050061e-05, "ACC": 0.0038256565245498348, "CC": 591, "QCS": 0.5920476631793018, "SCS": {"ori-": 81.57673181913542, "sam_": 62.00770113937456, "ori-av": 0.06600059208667915, "sam_av": 0.10033608598604297, "sam_/ori_av": 1.5202300890614848}, "DDC": 0.051991784801838414, "LCC": 0.004012730040127301, "GCC": 0.001226291693917593}, "rate-20": {"ANB_G": 0.0023176695486523866, "SP": 819.505754594461, "ANB": 1.7373625365469073e-05, "ACC": 0.004738858409118747, "CC": 610, "QCS": 0.27195707722540347, "SCS": {"ori-": 91.39735510847834, "sam_": 69.11042343576528, "ori-av": 0.06955658684054668, "sam_av": 0.1051909032507843, "sam_/ori_av": 1.51230685732074}, "DDC": 0.1652660222060095, "LCC": 0.008380529205424977, "GCC": 0.0030727210652099694}, "rate-25": {"ANB_G": 0.0014808934064024764, "SP": 862.4168114307668, "ANB": 3.407044639998046e-05, "ACC": 0.006408908623689635, "CC": 637, "QCS": 0.22097748673062767, "SCS": {"ori-": 110.17624920661686, "sam_": 82.01876988640136, "ori-av": 0.07949224329481736, "sam_av": 0.11835320329928047, "sam_/ori_av": 1.4888648048380932}, "DDC": 0.1430481557408193, "LCC": 0.009250878008048982, "GCC": 0.003658459662328378}, "rate-30": {"ANB_G": 0.0016068774367608814, "SP": 884.000620095803, "ANB": 3.3577540037616724e-05, "ACC": 0.00898937749251546, "CC": 651, "QCS": 0.6615153961410287, "SCS": {"ori-": 120.12528102078532, "sam_": 87.79189773701789, "ori-av": 0.08376937309678195, "sam_av": 0.12244337201815605, "sam_/ori_av": 1.4616722973047984}, "DDC": 0.21450627067367045, "LCC": 0.015591649807874896, "GCC": 0.004314853556485356}, "rate-35": {"ANB_G": 0.0013979014457239961, "SP": 842.9157244891006, "ANB": 4.514338520075881e-05, "ACC": 0.010197359329131142, "CC": 606, "QCS": 0.3835932515215512, "SCS": {"ori-": 130.804744162138, "sam_": 93.92303110159538, "ori-av": 0.09533873481205395, "sam_av": 0.1369140395066988, "sam_/ori_av": 1.4360798869064537}, "DDC": 0.402490611084689, "LCC": 0.017846246670004763, "GCC": 0.004784011776028987}, "rate-40": {"ANB_G": 0.0013086341912974175, "SP": 728.7035019768662, "ANB": 4.0563890373799284e-05, "ACC": 0.012877519316960608, "CC": 517, "QCS": 0.4125509862467086, "SCS": {"ori-": 131.0604577704557, "sam_": 91.44049147712414, "ori-av": 0.10760300309561224, "sam_av": 0.15014859027442387, "sam_/ori_av": 1.3953940499319253}, "DDC": 0.7152586649245682, "LCC": 0.032843723179016154, "GCC": 0.006775357232236051}}