{"rate-5": {"ANB_G": 0.006105063791093122, "SP": 339.44620710259005, "ANB": 9.557063896741878e-06, "ACC": 0.003258248188556155, "CC": 303, "QCS": 0.3194720522615194, "SCS": {"ori-": 29.908560687427507, "sam_": 23.45087410311622, "ori-av": 0.04823961401197985, "sam_av": 0.07564798097779425, "sam_/ori_av": 1.5681713572378047}, "DDC": 0.16236493380676265, "LCC": 0.0, "GCC": 0}, "rate-10": {"ANB_G": 0.0033831133338900372, "SP": 567.4786362785528, "ANB": 7.955944529183026e-06, "ACC": 0.0031339075009969926, "CC": 466, "QCS": 0.2771234714211966, "SCS": {"ori-": 54.16889431506238, "sam_": 41.483633159448694, "ori-av": 0.055500916306416376, "sam_av": 0.08500744499887028, "sam_/ori_av": 1.5316403882334226}, "DDC": 0.055969094678052445, "LCC": 0.00518887505188875, "GCC": 0.00317931326833404}, "rate-15": {"ANB_G": 0.002678597270541711, "SP": 748.6870482377475, "ANB": 1.0746346464365473e-05, "ACC": 0.003507683769623068, "CC": 582, "QCS": 0.3124618993226713, "SCS": {"ori-": 72.56742396616947, "sam_": 55.33122816686173, "ori-av": 0.05928711108347179, "sam_av": 0.09041050354062374, "sam_/ori_av": 1.5249605165165252}, "DDC": 0.07779956331149618, "LCC": 0.00170195101701951, "GCC": 0.001050236303168213}, "rate-20": {"ANB_G": 0.0024895793753302313, "SP": 803.476824069014, "ANB": 1.4226987217947177e-05, "ACC": 0.004940428970195387, "CC": 599, "QCS": 0.31475484151168964, "SCS": {"ori-": 88.34885664393038, "sam_": 66.54959875997045, "ori-av": 0.0685938327980826, "sam_av": 0.10333788627324604, "sam_/ori_av": 1.5065186192093738}, "DDC": 0.21819124429499204, "LCC": 0.007013339684790996, "GCC": 0.0024593669803250643}, "rate-25": {"ANB_G": 0.0017422045966279144, "SP": 846.8895361809482, "ANB": 2.868416890251791e-05, "ACC": 0.006705515202698989, "CC": 627, "QCS": 0.3581201688489553, "SCS": {"ori-": 100.289852734989, "sam_": 74.70908016139148, "ori-av": 0.07320427206933504, "sam_av": 0.10906435060057151, "sam_/ori_av": 1.4898631940123903}, "DDC": 0.2434667195629262, "LCC": 0.009759715113102524, "GCC": 0.003712419361382724}, "rate-30": {"ANB_G": 0.001557045424562127, "SP": 850.055294564901, "ANB": 4.857362109039825e-05, "ACC": 0.008682079864946797, "CC": 628, "QCS": 0.335993327868186, "SCS": {"ori-": 111.90773929728618, "sam_": 82.15913002824291, "ori-av": 0.07999123609527246, "sam_av": 0.11737018575463273, "sam_/ori_av": 1.4672880615926547}, "DDC": 0.3593597482695473, "LCC": 0.013303532113047079, "GCC": 0.004293836224604742}, "rate-35": {"ANB_G": 0.0015787507924077341, "SP": 791.6484785627426, "ANB": 5.466738989727997e-05, "ACC": 0.012349549403130005, "CC": 584, "QCS": 0.24896580836130022, "SCS": {"ori-": 114.96733564870978, "sam_": 81.92908173895312, "ori-av": 0.08631181355008241, "sam_av": 0.12301663924767735, "sam_/ori_av": 1.4252584227800633}, "DDC": 0.5374584731769536, "LCC": 0.019604463517375482, "GCC": 0.004331739012724483}, "rate-40": {"ANB_G": 0.0012411149058824081, "SP": 795.1366340553652, "ANB": 5.896266233275752e-05, "ACC": 0.01391885242212335, "CC": 562, "QCS": 0.35671648658873617, "SCS": {"ori-": 123.96469055515419, "sam_": 86.58869517456297, "ori-av": 0.09624587776021289, "sam_av": 0.13445449561267542, "sam_/ori_av": 1.3969896554702896}, "DDC": 0.5337325409605643, "LCC": 0.028484450767350906, "GCC": 0.005948362375695648}}