{"rate-5": {"ANB_G": 0.005160227110456016, "SP": 335.6338680926917, "ACE": 0.00637980973144517, "ANB": 4.710682610361613e-06, "ACC": 0.0033069216272009626, "CC": 297, "QCS": 0.29199609202872157, "SCS": {"ori-": 29.25658370250312, "sam_": 22.96451821126184, "ori-av": 0.04780487533088745, "sam_av": 0.07504744513484261, "sam_/ori_av": 1.5698701150330858}, "DDC": 0.05698810303979385, "LCC": 0.0, "GCC": 0}, "rate-10": {"ANB_G": 0.003521968876866878, "SP": 569.306475435852, "ACE": 0.004253319513165946, "ANB": 5.319119963695303e-06, "ACC": 0.002993705087578177, "CC": 465, "QCS": 0.4251881014098113, "SCS": {"ori-": 52.358376610134876, "sam_": 40.40539065181777, "ori-av": 0.0540892320352633, "sam_av": 0.08348221209053258, "sam_/ori_av": 1.5434164795704}, "DDC": 0.012586538500959144, "LCC": 0.001556662515566625, "GCC": 0.0017678255745433118}, "rate-15": {"ANB_G": 0.0023922931228018873, "SP": 729.534672482083, "ACE": 0.0035269119529679014, "ANB": 8.978493403169063e-06, "ACC": 0.00334429207601719, "CC": 567, "QCS": 0.28142586631591004, "SCS": {"ori-": 72.9546402608641, "sam_": 55.67390162226762, "ori-av": 0.06120355726582558, "sam_av": 0.09341258661454299, "sam_/ori_av": 1.5262607401858006}, "DDC": 0.06233244648715219, "LCC": 0.0025183340251833403, "GCC": 0.0009745797124989848}, "rate-20": {"ANB_G": 0.002381197869245301, "SP": 860.8991523157553, "ACE": 0.003298225967803543, "ANB": 1.1293838150699863e-05, "ACC": 0.004721658636508931, "CC": 641, "QCS": 0.30802007950043997, "SCS": {"ori-": 89.66101393973868, "sam_": 68.19570545376783, "ori-av": 0.06554167685653413, "sam_av": 0.09970132376281847, "sam_/ori_av": 1.5211897001209975}, "DDC": 0.3239151945856087, "LCC": 0.0034765462847654626, "GCC": 0.001601993592025632}, "rate-25": {"ANB_G": 0.0017492074523048832, "SP": 834.1861733866513, "ACE": 0.0030505891488159815, "ANB": 3.194703892159196e-05, "ACC": 0.0067612168197410194, "CC": 623, "QCS": 0.29988009337625104, "SCS": {"ori-": 102.53989170878732, "sam_": 76.81315507037252, "ori-av": 0.07528626410336808, "sam_av": 0.11279464768042954, "sam_/ori_av": 1.4982101851349992}, "DDC": 0.34102762460637914, "LCC": 0.010062362476653534, "GCC": 0.0029712776493892373}, "rate-30": {"ANB_G": 0.001739257677215955, "SP": 884.2197387292065, "ACE": 0.002635468314712891, "ANB": 2.8997952521038163e-05, "ACC": 0.007550987939444627, "CC": 644, "QCS": 0.30467818474522185, "SCS": {"ori-": 116.81134187334736, "sam_": 85.43499757842055, "ori-av": 0.08249388550377638, "sam_av": 0.1206709005344923, "sam_/ori_av": 1.4627859967750974}, "DDC": 0.22578776328536188, "LCC": 0.01810590479073096, "GCC": 0.006351353338136054}, "rate-35": {"ANB_G": 0.0014838811895034698, "SP": 840.5442120664146, "ACE": 0.0026136896443041814, "ANB": 6.351084778581213e-05, "ACC": 0.011883554929686575, "CC": 616, "QCS": 0.3730733478856813, "SCS": {"ori-": 122.51877133326359, "sam_": 87.97790260310056, "ori-av": 0.08929939601549824, "sam_av": 0.12824767143309118, "sam_/ori_av": 1.4361538504788243}, "DDC": 0.31739534734028685, "LCC": 0.02330424167710615, "GCC": 0.004960369534407642}, "rate-40": {"ANB_G": 0.0013022931057963122, "SP": 798.4983176115954, "ACE": 0.002604855053164839, "ANB": 4.5260494303946065e-05, "ACC": 0.01325402271407014, "CC": 561, "QCS": 0.30375682109162766, "SCS": {"ori-": 125.45105908947151, "sam_": 88.31367115112552, "ori-av": 0.09885820259217613, "sam_av": 0.13907664748208742, "sam_/ori_av": 1.4068296189424576}, "DDC": 0.6992124143760952, "LCC": 0.03209999586829685, "GCC": 0.006314554530606612}}