{"rate-5": {"ANB_G": 0.005404297881920481, "SP": 333.9686708529566, "ACE": 0.006111801973935181, "ANB": 1.0371183618804709e-05, "ACC": 0.0033644103977458874, "CC": 292, "QCS": 0.2728002075082765, "SCS": {"ori-": 29.40617986994339, "sam_": 22.94814635229362, "ori-av": 0.04789280109111301, "sam_av": 0.07474966238532124, "sam_/ori_av": 1.5607703179255428}, "DDC": 0.05254544524665672, "LCC": 0.0, "GCC": 0}, "rate-10": {"ANB_G": 0.0033721246824174943, "SP": 577.9473794434151, "ACE": 0.0042209573465331425, "ANB": 3.5747814234001724e-06, "ACC": 0.0028213141993418487, "CC": 474, "QCS": 0.32624069643099796, "SCS": {"ori-": 50.68687824096553, "sam_": 39.366519067802685, "ori-av": 0.05140657022410297, "sam_av": 0.07985095145598922, "sam_/ori_av": 1.5533219023927325}, "DDC": 0.11959164203059558, "LCC": 0.0018679950186799503, "GCC": 0.0012970168612191958}, "rate-15": {"ANB_G": 0.0026944502854753753, "SP": 698.2205428944497, "ACE": 0.003517997752999482, "ANB": 1.0664557119207214e-05, "ACC": 0.0037709118252741702, "CC": 530, "QCS": 0.33795315215612004, "SCS": {"ori-": 69.37802392065507, "sam_": 53.07572561641838, "ori-av": 0.060539287888878766, "sam_av": 0.09262779339689071, "sam_/ori_av": 1.5300443171203322}, "DDC": 0.035436744753918115, "LCC": 0.003313961533139615, "GCC": 0.0016809413271432001}, "rate-20": {"ANB_G": 0.002322162563554176, "SP": 821.4125816243633, "ACE": 0.0031088488069498416, "ANB": 2.167699495302992e-05, "ACC": 0.0050758265486658535, "CC": 627, "QCS": 0.3120925648564969, "SCS": {"ori-": 86.23824705990423, "sam_": 65.80885021242479, "ori-av": 0.06350386381436246, "sam_av": 0.09692025068103798, "sam_/ori_av": 1.5262102942957911}, "DDC": 0.20206500516520653, "LCC": 0.009423513705154919, "GCC": 0.0025670945157526253}, "rate-25": {"ANB_G": 0.002042202225229719, "SP": 840.3016501069479, "ACE": 0.0028343479607358495, "ANB": 2.7832239205843762e-05, "ACC": 0.00573055166311561, "CC": 612, "QCS": 0.4113230993426763, "SCS": {"ori-": 97.33559399341927, "sam_": 72.01187417796827, "ori-av": 0.07318465713790923, "sam_av": 0.10828853259844852, "sam_/ori_av": 1.4796616781901366}, "DDC": 0.08768909364543986, "LCC": 0.009923642378746884, "GCC": 0.003261020398723345}, "rate-30": {"ANB_G": 0.001657949798183239, "SP": 870.4059564599324, "ACE": 0.002877779154286435, "ANB": 3.125447295003004e-05, "ACC": 0.008180116420762851, "CC": 633, "QCS": 0.3945376679943952, "SCS": {"ori-": 110.20841285306841, "sam_": 80.6330523383381, "ori-av": 0.07940087381344986, "sam_av": 0.1161859543780088, "sam_/ori_av": 1.4632830697932173}, "DDC": 0.34442128395199667, "LCC": 0.013620155467485877, "GCC": 0.004327249752643437}, "rate-35": {"ANB_G": 0.0013149794127343243, "SP": 835.4256949813166, "ACE": 0.00269602685668485, "ANB": 3.106004364331598e-05, "ACC": 0.009942558052434063, "CC": 582, "QCS": 0.22789957224242963, "SCS": {"ori-": 116.34411725896993, "sam_": 83.2647762734647, "ori-av": 0.08840738393538748, "sam_av": 0.1265422131815573, "sam_/ori_av": 1.4313534407266328}, "DDC": 0.447806387038023, "LCC": 0.029946033560193836, "GCC": 0.0067100966117839165}, "rate-40": {"ANB_G": 0.0012197868573855888, "SP": 759.7462703752038, "ACE": 0.0025142292283314134, "ANB": 8.025628988343278e-05, "ACC": 0.015411801604822925, "CC": 541, "QCS": 0.359236070307572, "SCS": {"ori-": 118.44277555942088, "sam_": 83.24163732796652, "ori-av": 0.09467847766540438, "sam_av": 0.1329738615462724, "sam_/ori_av": 1.404478238615165}, "DDC": 0.3530557173025126, "LCC": 0.023645779580571413, "GCC": 0.00587488471811333}}