{"rate-5": {"ANB_G": 0.006949389116811516, "SP": 333.48015873015873, "ACE": 0.006015208476717573, "ANB": 4.633140509779529e-06, "ACC": 0.003067133289942994, "CC": 288, "QCS": 0.3120036937826173, "SCS": {"ori-": 29.154270410493485, "sam_": 22.80265996473728, "ori-av": 0.04842902061543768, "sam_av": 0.07575634539779827, "sam_/ori_av": 1.564275808907221}, "DDC": 0.144096703969115, "LCC": 0.0, "GCC": 0}, "rate-10": {"ANB_G": 0.0033158726531369196, "SP": 573.1199364481313, "ACE": 0.004218589295962989, "ANB": 8.052690981778423e-06, "ACC": 0.0032788478868604654, "CC": 462, "QCS": 0.30176946946750194, "SCS": {"ori-": 52.64020419590933, "sam_": 40.6318357594782, "ori-av": 0.05449296500611731, "sam_av": 0.08412388355999627, "sam_/ori_av": 1.5437567684296978}, "DDC": 0.18832273214326256, "LCC": 0.0, "GCC": 0}, "rate-15": {"ANB_G": 0.0031149904041076785, "SP": 750.7924906003386, "ACE": 0.00345779706044683, "ANB": 1.395532492247457e-05, "ACC": 0.003665550356300113, "CC": 598, "QCS": 0.26939100726853427, "SCS": {"ori-": 71.53654730955962, "sam_": 54.49512906712489, "ori-av": 0.05741295931746358, "sam_av": 0.08747211728270449, "sam_/ori_av": 1.5235605048509955}, "DDC": 0.03862567061874245, "LCC": 0.0022287453794303112, "GCC": 0.0015430775825117874}, "rate-20": {"ANB_G": 0.0020892978817296476, "SP": 811.5672391107827, "ACE": 0.0033564473951909254, "ANB": 1.4225174916756421e-05, "ACC": 0.005662251505173478, "CC": 606, "QCS": 0.36463633322077754, "SCS": {"ori-": 82.02969032549696, "sam_": 61.9894933316897, "ori-av": 0.062427466001139235, "sam_av": 0.09435234905888844, "sam_/ori_av": 1.5113916213925231}, "DDC": 0.14945324546591776, "LCC": 0.006454721103323149, "GCC": 0.00243341895362985}, "rate-25": {"ANB_G": 0.00196147279755721, "SP": 863.5331693297625, "ACE": 0.0028850687071409436, "ANB": 3.162056002356438e-05, "ACC": 0.006448200794692544, "CC": 629, "QCS": 0.3631177914298028, "SCS": {"ori-": 99.88124327708208, "sam_": 74.14180939913982, "ori-av": 0.07269377239962306, "sam_av": 0.10792111994052375, "sam_/ori_av": 1.4845992493998477}, "DDC": 0.08084087545912466, "LCC": 0.007013931692627718, "GCC": 0.0017859505225558936}, "rate-30": {"ANB_G": 0.0015920930005315827, "SP": 822.2321577728392, "ACE": 0.0028463426509169826, "ANB": 3.066199475354327e-05, "ACC": 0.009105957280284504, "CC": 598, "QCS": 0.3997845376578095, "SCS": {"ori-": 107.33739406119506, "sam_": 77.883026909389, "ori-av": 0.0797454636413039, "sam_av": 0.11572515142554086, "sam_/ori_av": 1.451181623898684}, "DDC": 0.4477246079513897, "LCC": 0.017788101425996145, "GCC": 0.004709401498108823}, "rate-35": {"ANB_G": 0.0012974141123751836, "SP": 839.6494487465495, "ACE": 0.002569348987920879, "ANB": 3.153179553576132e-05, "ACC": 0.009002885488183173, "CC": 584, "QCS": 0.3320226156971915, "SCS": {"ori-": 113.78192950307799, "sam_": 81.18876332190217, "ori-av": 0.0877946986906466, "sam_av": 0.12529130142268854, "sam_/ori_av": 1.4270941559258035}, "DDC": 0.5781680553494523, "LCC": 0.016888567723510634, "GCC": 0.0061699313244061105}, "rate-40": {"ANB_G": 0.0013987305552851013, "SP": 783.0198851837979, "ACE": 0.0025103397253250907, "ANB": 5.6134151270036375e-05, "ACC": 0.014281308540396491, "CC": 564, "QCS": 0.32420043390393233, "SCS": {"ori-": 119.31497932701079, "sam_": 83.33435566507849, "ori-av": 0.09142910293257532, "sam_av": 0.12761769627117686, "sam_/ori_av": 1.3958104386662191}, "DDC": 0.5522723638495513, "LCC": 0.02734069270286911, "GCC": 0.0064712980736164865}}