{"rate-5": {"ANB_G": 0.005172245782891287, "SP": 332.7355244996549, "ANB": 7.957034731745896e-06, "ACC": 0.0034253337899463575, "CC": 296, "QCS": 0.3149741693692137, "SCS": {"ori-": 30.91493152660821, "sam_": 24.21829009879985, "ori-av": 0.050514593997725836, "sam_av": 0.07914473888496683, "sam_/ori_av": 1.5667697712967845}, "DDC": 0.09672004832542691, "LCC": 0.0, "GCC": 0}, "rate-10": {"ANB_G": 0.003432707928986212, "SP": 558.4967215852182, "ANB": 1.3669790019467592e-05, "ACC": 0.004116624714622848, "CC": 456, "QCS": 0.5835957167689739, "SCS": {"ori-": 51.83174949792834, "sam_": 39.73376482746438, "ori-av": 0.05433097431648673, "sam_av": 0.08329929733221043, "sam_/ori_av": 1.5331824687512234}, "DDC": 0.21989775574262815, "LCC": 0.0, "GCC": 0}, "rate-15": {"ANB_G": 0.0029505561332303382, "SP": 744.7601465851695, "ANB": 8.546055516947079e-06, "ACC": 0.003763901892801742, "CC": 580, "QCS": 0.3232141341731613, "SCS": {"ori-": 73.56755165003473, "sam_": 56.21497811629987, "ori-av": 0.06049963129114698, "sam_av": 0.09245884558601952, "sam_/ori_av": 1.528254695323229}, "DDC": 0.05662648492945421, "LCC": 0.004498013402122991, "GCC": 0.0016268980477223427}, "rate-20": {"ANB_G": 0.0025249014014869504, "SP": 812.3165980809761, "ANB": 1.8674555570254865e-05, "ACC": 0.004866667478414705, "CC": 618, "QCS": 0.30296855673109296, "SCS": {"ori-": 88.39407284423045, "sam_": 66.75272429813552, "ori-av": 0.0661632281768192, "sam_av": 0.09992922799122084, "sam_/ori_av": 1.5103438986405415}, "DDC": 0.073582906354554, "LCC": 0.005625728913400146, "GCC": 0.00228789323164919}, "rate-25": {"ANB_G": 0.0018972474783468854, "SP": 831.4473811350601, "ANB": 2.4666656595595345e-05, "ACC": 0.006482914983554746, "CC": 614, "QCS": 0.27302649026220605, "SCS": {"ori-": 101.65056450872619, "sam_": 75.43241970595041, "ori-av": 0.07574557713019836, "sam_av": 0.11241791312362207, "sam_/ori_av": 1.4841515159411613}, "DDC": 0.23691802851068, "LCC": 0.013696170529594952, "GCC": 0.005209410013643693}, "rate-30": {"ANB_G": 0.0016304382484558454, "SP": 875.949751027698, "ANB": 2.5051032444077316e-05, "ACC": 0.007509773040235632, "CC": 623, "QCS": 0.4169801880062874, "SCS": {"ori-": 110.80801105241947, "sam_": 80.84672237629641, "ori-av": 0.08135683630867803, "sam_av": 0.11871765400337211, "sam_/ori_av": 1.4592216141854688}, "DDC": 0.17255761239507672, "LCC": 0.020677024528342056, "GCC": 0.005685461462830762}, "rate-35": {"ANB_G": 0.0014817294653056688, "SP": 828.4836290808239, "ANB": 5.2761453210984954e-05, "ACC": 0.011959889103460406, "CC": 598, "QCS": 0.32067471034787515, "SCS": {"ori-": 119.7811639356175, "sam_": 85.94331937218017, "ori-av": 0.08859553545533838, "sam_av": 0.1271350878286689, "sam_/ori_av": 1.435005580983915}, "DDC": 0.3958859714466785, "LCC": 0.01672313405172343, "GCC": 0.0058363353090042785}, "rate-40": {"ANB_G": 0.0013120809356033081, "SP": 803.0695237475254, "ANB": 7.375970378320533e-05, "ACC": 0.015322423528864978, "CC": 568, "QCS": 0.24965110882384575, "SCS": {"ori-": 122.86109155992308, "sam_": 86.7282057369724, "ori-av": 0.09421862849687353, "sam_av": 0.13301872045547913, "sam_/ori_av": 1.4118091355988387}, "DDC": 0.5788627141746615, "LCC": 0.02578770290385835, "GCC": 0.006742137161847154}}