{"rate-5": {"ANB_G": 0.004676497458963814, "SP": 334.75604586983894, "ACE": 0.005497146664345087, "ANB": 4.1989047465198595e-06, "ACC": 0.002817945691348246, "CC": 292, "QCS": 0.26441710814533737, "SCS": {"ori-": 29.55689088924735, "sam_": 23.21344080381751, "ori-av": 0.049426238945229684, "sam_av": 0.07763692576527595, "sam_/ori_av": 1.5707633722911256}, "DDC": 0.01475713749102936, "LCC": 0.0, "GCC": 0}, "rate-10": {"ANB_G": 0.003527084328246152, "SP": 548.2162705127769, "ACE": 0.004152891371188397, "ANB": 9.26879389090266e-06, "ACC": 0.0032285966067445953, "CC": 438, "QCS": 0.3360747680663963, "SCS": {"ori-": 49.96430952754323, "sam_": 38.489018589665804, "ori-av": 0.05338067257216157, "sam_av": 0.08224149271296112, "sam_/ori_av": 1.540660481596305}, "DDC": 0.04169634915049336, "LCC": 0.0, "GCC": 0}, "rate-15": {"ANB_G": 0.0030651144044863883, "SP": 745.0998160337778, "ACE": 0.0037725707032820128, "ANB": 8.24811884806937e-06, "ACC": 0.0039358079488070975, "CC": 575, "QCS": 0.3333494779424174, "SCS": {"ori-": 69.32580819332209, "sam_": 53.20865344274177, "ori-av": 0.05729405635811743, "sam_av": 0.08794818750866408, "sam_/ori_av": 1.535031608845122}, "DDC": 0.1224644744363026, "LCC": 0.00707245160160827, "GCC": 0.002316439702372596}, "rate-20": {"ANB_G": 0.0021583891303959403, "SP": 780.4951932656852, "ACE": 0.0033618827151119047, "ANB": 1.73309758774459e-05, "ACC": 0.0052148250275048805, "CC": 576, "QCS": 0.6042019553016545, "SCS": {"ori-": 85.63948546108583, "sam_": 64.64991077079347, "ori-av": 0.06753902638886895, "sam_av": 0.10197146809273418, "sam_/ori_av": 1.509815488094451}, "DDC": 0.20371656109383296, "LCC": 0.0048534006556074, "GCC": 0.0014995501349595122}, "rate-25": {"ANB_G": 0.0020267025582903398, "SP": 916.21342292517, "ACE": 0.0029361388884653053, "ANB": 3.190674474050503e-05, "ACC": 0.005923672788031549, "CC": 685, "QCS": 0.3840411240683509, "SCS": {"ori-": 103.0659675187183, "sam_": 77.06231794435124, "ori-av": 0.07011290307395802, "sam_av": 0.10484669108074998, "sam_/ori_av": 1.4953979436588627}, "DDC": 0.20061283853672351, "LCC": 0.00988889181870955, "GCC": 0.003090885176903854}, "rate-30": {"ANB_G": 0.0017201970594847205, "SP": 795.8115765809597, "ACE": 0.002809910622589599, "ANB": 7.50422279865329e-05, "ACC": 0.011402140086681797, "CC": 580, "QCS": 0.30928689810531745, "SCS": {"ori-": 106.97341355974356, "sam_": 78.4619205317178, "ori-av": 0.08190919874406093, "sam_av": 0.12015608044673476, "sam_/ori_av": 1.4669424471136954}, "DDC": 0.37974838779780873, "LCC": 0.014742354772448505, "GCC": 0.0038473869830073742}, "rate-35": {"ANB_G": 0.0014954550003787644, "SP": 813.8549464139194, "ACE": 0.0026541148483692194, "ANB": 6.068065191641521e-05, "ACC": 0.012898819841012727, "CC": 578, "QCS": 0.39829901736825746, "SCS": {"ori-": 116.7021397342331, "sam_": 83.92252254925097, "ori-av": 0.08861210306319901, "sam_av": 0.127348289149091, "sam_/ori_av": 1.437143287957684}, "DDC": 0.34071815158993535, "LCC": 0.027307688839641443, "GCC": 0.006731623961129187}, "rate-40": {"ANB_G": 0.001397200344603588, "SP": 778.2147030543761, "ACE": 0.0025958070815129417, "ANB": 4.188259921658613e-05, "ACC": 0.012491585323508414, "CC": 548, "QCS": 0.3188477291514064, "SCS": {"ori-": 119.65444703763575, "sam_": 83.87251113389532, "ori-av": 0.09406796150757528, "sam_av": 0.1318750175061247, "sam_/ori_av": 1.401912143014865}, "DDC": 0.5984842984491572, "LCC": 0.03729793390903618, "GCC": 0.006594779711218067}}