{"rate-5": {"ANB_G": 0.0007944961273392259, "SP": 27.458585858585863, "ACE": 0.0036627270154601112, "ANB": 6.901246951805486e-07, "ACC": 0.00031594740392096304, "CC": 748, "QCS": 0.19297321937326878, "SCS": {"ori-": 28.974708058339075, "sam_": 23.72934510760289, "ori-av": 0.019316472038892717, "sam_av": 0.03163912681013718, "sam_/ori_av": 1.6379350611454015}, "DDC": 4.294850275665674e-05, "LCC": 0.0, "GCC": 0}, "rate-10": {"ANB_G": 0.00024652854917936435, "SP": 96.39739552110106, "ACE": 0.002770089768344017, "ANB": 4.6583416924687063e-07, "ACC": 0.0004920078840567973, "CC": 1385, "QCS": 0.11213413805131425, "SCS": {"ori-": 53.32270574319425, "sam_": 43.64276494776942, "ori-av": 0.019208467486741446, "sam_av": 0.031442914227499584, "sam_/ori_av": 1.6369298721619987}, "DDC": 0.0013892318202275433, "LCC": 0.011747613117476132, "GCC": 0.03914590747330961}, "rate-15": {"ANB_G": 0.001035111245623024, "SP": 104.50199856346373, "ACE": 0.0012333993340050652, "ANB": 3.367400552233522e-06, "ACC": 0.0008621191942509869, "CC": 1995, "QCS": 0.07705196464962785, "SCS": {"ori-": 80.38147136621691, "sam_": 65.64299322180867, "ori-av": 0.019925996868174742, "sam_av": 0.03254486525622641, "sam_/ori_av": 1.6332866792830916}, "DDC": 4.563299159654477e-07, "LCC": 0.019769969219232752, "GCC": 0.07436001625355547}, "rate-20": {"ANB_G": 0.000761835202845298, "SP": 221.25563340619098, "ACE": 0.0015772122430657651, "ANB": 9.286835401983927e-07, "ACC": 0.000610345259019425, "CC": 2526, "QCS": 0.06396957791377697, "SCS": {"ori-": 105.09992085208765, "sam_": 85.38910569706586, "ori-av": 0.020737948076576095, "sam_av": 0.03369735820720831, "sam_/ori_av": 1.624912844934264}, "DDC": 1.221819209806796e-06, "LCC": 0.02302828785504048, "GCC": 0.05988593155893536}, "rate-25": {"ANB_G": 0.00017136101728838898, "SP": 295.8903136502803, "ACE": 0.0008260584782952429, "ANB": 6.39357017631709e-07, "ACC": 0.0005239639154089751, "CC": 2962, "QCS": 0.06266614756796281, "SCS": {"ori-": 121.66773034706576, "sam_": 97.92022281084502, "ori-av": 0.020482782886711407, "sam_av": 0.032969771990183507, "sam_/ori_av": 1.6096334259136862}, "DDC": 3.438505036257311e-11, "LCC": 0.03065846567392242, "GCC": 0.17981398553220806}, "rate-30": {"ANB_G": 0.00045654753428854534, "SP": 286.72317829590577, "ACE": 0.0008038570664606155, "ANB": 3.484940611620354e-06, "ACC": 0.002711758159741518, "CC": 2801, "QCS": 0.06766348822191526, "SCS": {"ori-": 137.07448037221437, "sam_": 108.81752532355853, "ori-av": 0.024209551461005716, "sam_av": 0.03843784010016197, "sam_/ori_av": 1.5877138476552832}, "DDC": 0.0018201380285435276, "LCC": 0.04343615313894126, "GCC": 0.04929837518463811}, "rate-35": {"ANB_G": 0.0002940918432279525, "SP": 326.5152179126754, "ACE": 0.0019660535872576303, "ANB": 5.117610590097671e-06, "ACC": 0.0038925631796719496, "CC": 3011, "QCS": 0.02991761361418411, "SCS": {"ori-": 153.1884678552415, "sam_": 119.99313109651227, "ori-av": 0.02517063224699992, "sam_av": 0.03943251104058898, "sam_/ori_av": 1.5666078886551977}, "DDC": 0.011458260739431458, "LCC": 0.049756948425154456, "GCC": 0.03712173290871084}, "rate-40": {"ANB_G": 0.00046935416764560503, "SP": 318.9096066367015, "ACE": 0.0017163266473227174, "ANB": 1.9889448236176155e-05, "ACC": 0.005463096727297374, "CC": 3381, "QCS": 0.1309030049209464, "SCS": {"ori-": 165.3551052421662, "sam_": 128.49913866243597, "ori-av": 0.024118305898799035, "sam_av": 0.03748516297037222, "sam_/ori_av": 1.554220397056942}, "DDC": 0.00030650219228312015, "LCC": 0.06688014252141969, "GCC": 0.06845232752275461}}