{"rate-5": {"ANB_G": 0.00042767304311856503, "SP": 36.37067669172932, "ACE": 0.004055562313801913, "ANB": 1.915289884377478e-06, "ACC": 0.0005454091157913143, "CC": 727, "QCS": 0.17206040568115744, "SCS": {"ori-": 28.46440593948515, "sam_": 23.342486339943523, "ori-av": 0.019496168451702156, "sam_av": 0.03197600868485414, "sam_/ori_av": 1.6401175833122432}, "DDC": 6.701026348088224e-05, "LCC": 0.0, "GCC": 0}, "rate-10": {"ANB_G": 0.001280905143681974, "SP": 77.02603049124787, "ACE": 0.002438011049336697, "ANB": 6.148237062437928e-07, "ACC": 0.00031090687185512765, "CC": 1433, "QCS": 0.13115420486960758, "SCS": {"ori-": 57.199588670303584, "sam_": 46.920971960007265, "ori-av": 0.019902431687649123, "sam_av": 0.032652033375092045, "sam_/ori_av": 1.6406052228962031}, "DDC": 2.8665292362006767e-11, "LCC": 0.015347209867757814, "GCC": 0.09549071618037135}, "rate-15": {"ANB_G": 0.0007126398405751115, "SP": 128.43946257870516, "ACE": 0.003081446641705474, "ANB": 1.5630216013429838e-06, "ACC": 0.0013819420873253637, "CC": 1890, "QCS": 0.13282362489141758, "SCS": {"ori-": 77.77411171761673, "sam_": 63.18732599914629, "ori-av": 0.020434606336735873, "sam_av": 0.0332040599049639, "sam_/ori_av": 1.6248935437171605}, "DDC": 0.09092829587142415, "LCC": 0.022140170256059202, "GCC": 0.03521930539703245}, "rate-20": {"ANB_G": 0.000662671186068864, "SP": 193.73633679897253, "ACE": 0.0018682755645727186, "ANB": 6.237578238446941e-06, "ACC": 0.0019798965469206803, "CC": 2329, "QCS": 0.09871036692458389, "SCS": {"ori-": 102.09319010634172, "sam_": 81.95459787675655, "ori-av": 0.02169426054108409, "sam_av": 0.03482983335178774, "sam_/ori_av": 1.6054860817140002}, "DDC": 3.0608444818724934e-06, "LCC": 0.032614522666165886, "GCC": 0.0680289060553202}, "rate-25": {"ANB_G": 0.0009024092696029287, "SP": 250.59116528282908, "ACE": 0.0022651807454164776, "ANB": 3.0385461590547256e-06, "ACC": 0.002300764979529927, "CC": 2739, "QCS": 0.05466190103317592, "SCS": {"ori-": 120.92289428428971, "sam_": 96.95406068363152, "ori-av": 0.0218983872300416, "sam_av": 0.03511555982746524, "sam_/ori_av": 1.603568311153594}, "DDC": 0.0037359686302977924, "LCC": 0.03294326583787524, "GCC": 0.04621089664352952}, "rate-30": {"ANB_G": 0.00047816852964324366, "SP": 327.36070061436544, "ACE": 0.0021103260160644697, "ANB": 4.8274331116841545e-06, "ACC": 0.00250936557590533, "CC": 2938, "QCS": 0.039634771219999636, "SCS": {"ori-": 144.91296772196992, "sam_": 114.43763922057424, "ori-av": 0.02447027486017729, "sam_av": 0.0386483077408221, "sam_/ori_av": 1.5793981866430937}, "DDC": 0.02102183695995896, "LCC": 0.037588883657796134, "GCC": 0.025488161038835656}, "rate-35": {"ANB_G": 0.00025977296500173175, "SP": 349.079357820083, "ACE": 0.003264236152463899, "ANB": 6.2555096411844476e-06, "ACC": 0.00840250465464877, "CC": 2887, "QCS": 0.008115195801351985, "SCS": {"ori-": 158.1145709462977, "sam_": 124.4763696882242, "ori-av": 0.0271115519455243, "sam_av": 0.04268736957758031, "sam_/ori_av": 1.5745085218047556}, "DDC": 0.9999999999999994, "LCC": 0.0692914892049193, "GCC": 0.0107884815914013}, "rate-40": {"ANB_G": 0.0005374318990852144, "SP": 351.37180671338945, "ACE": 0.0018574220021027974, "ANB": 1.677304418488825e-05, "ACC": 0.004993337953975353, "CC": 3158, "QCS": 0.03621293304375829, "SCS": {"ori-": 167.9661284035517, "sam_": 129.74122189330132, "ori-av": 0.026318728988334643, "sam_av": 0.040658483827421286, "sam_/ori_av": 1.544849823311852}, "DDC": 0.005016588323247806, "LCC": 0.06265921419791598, "GCC": 0.036465437585251025}}