{"rate-5": {"ANB_G": 0.0008245339757701587, "SP": 26.339393939393943, "ACE": 0.003717050936428457, "ANB": 5.699344392783184e-07, "ACC": 0.00029783066158020193, "CC": 750, "QCS": 0.18844231794181737, "SCS": {"ori-": 30.611619409648817, "sam_": 25.219354575821622, "ori-av": 0.02032644051105499, "sam_av": 0.03349183874611105, "sam_/ori_av": 1.6476981657411076}, "DDC": 0.00021326857300840718, "LCC": 0.0, "GCC": 0}, "rate-10": {"ANB_G": 0.0003841374034064805, "SP": 93.64570074185211, "ACE": 0.003705573488192594, "ANB": 1.2804393001001723e-06, "ACC": 0.0011663147143675292, "CC": 1311, "QCS": 0.07318232945152116, "SCS": {"ori-": 54.14545387634639, "sam_": 44.26673604519901, "ori-av": 0.020634700410192983, "sam_av": 0.033739890278352905, "sam_/ori_av": 1.6351044409487192}, "DDC": 0.045012596840082186, "LCC": 0.014882758033442965, "GCC": 0.025382755842062853}, "rate-15": {"ANB_G": 0.0003731552294106057, "SP": 164.62535462441122, "ACE": 0.0023435707039887736, "ANB": 1.4468549482373045e-06, "ACC": 0.0005889424575232197, "CC": 1964, "QCS": 0.054596265001632664, "SCS": {"ori-": 81.12423737194311, "sam_": 66.54385689704974, "ori-av": 0.020558600449047924, "sam_av": 0.033727246273213246, "sam_/ori_av": 1.6405419404303452}, "DDC": 5.1530856248760415e-09, "LCC": 0.022085065204616887, "GCC": 0.1161849710982659}, "rate-20": {"ANB_G": 0.0006443061464275131, "SP": 202.79612261864673, "ACE": 0.0024924300357069933, "ANB": 2.2841036007871733e-06, "ACC": 0.0016965105087107361, "CC": 2358, "QCS": 0.039893634204378726, "SCS": {"ori-": 102.85388385693913, "sam_": 83.55814637574028, "ori-av": 0.0217266336833416, "sam_av": 0.035301287019746636, "sam_/ori_av": 1.624793216208781}, "DDC": 0.15137758065050655, "LCC": 0.02501007108592792, "GCC": 0.02622074544929211}, "rate-25": {"ANB_G": 0.0003565701828748627, "SP": 286.6847165231135, "ACE": 0.0009319196480134351, "ANB": 1.7173732514716789e-06, "ACC": 0.001665573119006385, "CC": 2713, "QCS": 0.04748156845406969, "SCS": {"ori-": 117.66546254965212, "sam_": 94.49076438136768, "ori-av": 0.02154255996881218, "sam_av": 0.0345993278584283, "sam_/ori_av": 1.6060917508652084}, "DDC": 0.0376882555281457, "LCC": 0.03129276095714413, "GCC": 0.0921517918403969}, "rate-30": {"ANB_G": 0.0006401636794282288, "SP": 355.5485183701222, "ACE": 0.0018523699184084341, "ANB": 3.2386159807473462e-06, "ACC": 0.0017728346363695031, "CC": 2969, "QCS": 0.052503415951074626, "SCS": {"ori-": 142.92563394193715, "sam_": 113.57283179416127, "ori-av": 0.023884631340564365, "sam_av": 0.03795883415580256, "sam_/ori_av": 1.5892576952333082}, "DDC": 2.5956376064173448e-05, "LCC": 0.04084817822771088, "GCC": 0.0507597121090955}, "rate-35": {"ANB_G": 0.00048608839835980714, "SP": 275.7303455456724, "ACE": 0.0018708663297119252, "ANB": 6.358628256858569e-06, "ACC": 0.0035537515908424266, "CC": 3287, "QCS": 0.030143978418048428, "SCS": {"ori-": 158.16548977090005, "sam_": 124.71973302957542, "ori-av": 0.02376998643987076, "sam_av": 0.037487145485294686, "sam_/ori_av": 1.5770789596419519}, "DDC": 0.0017812872076250486, "LCC": 0.048770341985545376, "GCC": 0.06035822913146333}, "rate-40": {"ANB_G": 0.0005309996609947383, "SP": 381.71103640693286, "ACE": 0.0006604359724656488, "ANB": 4.2516427221931225e-06, "ACC": 0.0028868547179227337, "CC": 3413, "QCS": 0.02718483124217537, "SCS": {"ori-": 163.35024706727333, "sam_": 126.19725051112165, "ori-av": 0.023667088824583214, "sam_av": 0.03656831368041775, "sam_/ori_av": 1.5451124534773335}, "DDC": 1.4432899320127035e-15, "LCC": 0.06509274812279232, "GCC": 0.10940600608546104}}