{"rate-5": {"ANB_G": 0.0012953009131915962, "SP": 34.03333333333333, "ANB": 1.6904177926894345e-06, "ACC": 0.0008951167012664309, "CC": 727, "QCS": 0.11975339290960979, "SCS": {"ori-": 30.179699009798473, "sam_": 24.873006972188776, "ori-av": 0.020727815253982467, "sam_av": 0.03416621836839118, "sam_/ori_av": 1.6483270402473684}, "DDC": 0.6199312976596527, "LCC": 0.0026151930261519305, "GCC": 0.00683371298405467}, "rate-10": {"ANB_G": 0.0003572520731848008, "SP": 79.94313005834745, "ANB": 2.858857674194189e-07, "ACC": 0.00034541248849506836, "CC": 1424, "QCS": 0.17223480117637877, "SCS": {"ori-": 57.322116961125495, "sam_": 47.133061282155516, "ori-av": 0.020070769244091558, "sam_av": 0.033006345435683135, "sam_/ori_av": 1.644498276786255}, "DDC": 0.0005333256500745787, "LCC": 0.006763701221982666, "GCC": 0.026929982046678635}, "rate-15": {"ANB_G": 0.0009265215955616148, "SP": 141.9942899232553, "ANB": 4.8971907558939915e-06, "ACC": 0.002410866270565515, "CC": 1789, "QCS": 0.04663793445078653, "SCS": {"ori-": 83.75274672185333, "sam_": 67.64170266772877, "ori-av": 0.023110581325014715, "sam_av": 0.03732985798439777, "sam_/ori_av": 1.6152712672784315}, "DDC": 0.01700781094625725, "LCC": 0.016734220560879972, "GCC": 0.017376077586206896}, "rate-20": {"ANB_G": 0.0005171327535664683, "SP": 214.6620614904265, "ANB": 8.91652185866667e-07, "ACC": 0.000734008178587428, "CC": 2377, "QCS": 0.09416378281692907, "SCS": {"ori-": 105.77868651978285, "sam_": 85.08615368556634, "ori-av": 0.02216653112317327, "sam_av": 0.03566058410962546, "sam_/ori_av": 1.6087579924648323}, "DDC": 6.551426068313049e-12, "LCC": 0.02439677226093973, "GCC": 0.04181389870435807}, "rate-25": {"ANB_G": 0.0007209549060915074, "SP": 270.5149441805994, "ANB": 3.2285442009569896e-06, "ACC": 0.002458145630662058, "CC": 2659, "QCS": 0.2931324725495828, "SCS": {"ori-": 129.78246885701955, "sam_": 103.7629611114899, "ori-av": 0.024294733967993178, "sam_av": 0.03884798244533504, "sam_/ori_av": 1.5990289293356692}, "DDC": 0.008941412435148677, "LCC": 0.035757215485324075, "GCC": 0.0494171843372653}, "rate-30": {"ANB_G": 0.0006576824253941826, "SP": 268.8580622238368, "ANB": 1.0654927046763799e-05, "ACC": 0.00549525022676034, "CC": 3041, "QCS": 0.035432009977868995, "SCS": {"ori-": 147.39055554830017, "sam_": 117.46193159331396, "ori-av": 0.023958152722415502, "sam_av": 0.03818658374294992, "sam_/ori_av": 1.5938868152894838}, "DDC": 0.02854352370559554, "LCC": 0.045815584325135675, "GCC": 0.04224761993435907}, "rate-35": {"ANB_G": 0.0006931848160343574, "SP": 329.7836345034479, "ANB": 1.2385861766753893e-05, "ACC": 0.01180719233419397, "CC": 2607, "QCS": 0.05939897338269445, "SCS": {"ori-": 153.8549226360625, "sam_": 119.10062489009674, "ori-av": 0.029084106358423914, "sam_av": 0.04502859164086833, "sam_/ori_av": 1.5482198794746966}, "DDC": 1.0, "LCC": 0.06598813914916, "GCC": 0.00797574941057595}, "rate-40": {"ANB_G": 0.0006632579624560913, "SP": 399.68874678485304, "ANB": 6.8554050886776826e-06, "ACC": 0.003139833982314886, "CC": 3359, "QCS": 0.013455467743204047, "SCS": {"ori-": 175.6512682829729, "sam_": 135.09037496224596, "ori-av": 0.02587673368930066, "sam_av": 0.03980270328881731, "sam_/ori_av": 1.5381656652158795}, "DDC": 0.0007169328294557298, "LCC": 0.05757980190749999, "GCC": 0.06607812844846613}}