{"rate-5": {"ANB_G": 0.00045328586970557166, "SP": 27.586868686868687, "ANB": 4.613754984634005e-07, "ACC": 0.0002842916708119694, "CC": 750, "QCS": 0.15616467899522196, "SCS": {"ori-": 31.071966411103848, "sam_": 25.551654862551032, "ori-av": 0.02065955213504245, "sam_av": 0.033978264444881695, "sam_/ori_av": 1.6446757520579658}, "DDC": 9.755199981142937e-10, "LCC": 0.00560398505603985, "GCC": 0.11392405063291139}, "rate-10": {"ANB_G": 0.0008854781465150952, "SP": 92.15368426685558, "ANB": 4.929231759735837e-07, "ACC": 0.000417630421126406, "CC": 1391, "QCS": 0.10847310940160702, "SCS": {"ori-": 60.19192843447554, "sam_": 49.16193394738827, "ori-av": 0.02155871362266316, "sam_av": 0.03521628506259905, "sam_/ori_av": 1.6335058612021565}, "DDC": 4.986404655848986e-08, "LCC": 0.011864864252052004, "GCC": 0.03633217993079585}, "rate-15": {"ANB_G": 0.0003507113380451604, "SP": 148.88356150139833, "ANB": 4.834308930106828e-07, "ACC": 0.0005275045972260685, "CC": 1971, "QCS": 0.16362478969273647, "SCS": {"ori-": 83.6430409178548, "sam_": 68.01647583011997, "ori-av": 0.021207667575520995, "sam_av": 0.03449111350411763, "sam_/ori_av": 1.6263511006712068}, "DDC": 5.2786111259806034e-08, "LCC": 0.016861715623711082, "GCC": 0.07621951219512195}, "rate-20": {"ANB_G": 0.000761331044101919, "SP": 195.56036548096753, "ANB": 2.0186618863767305e-06, "ACC": 0.0011970442004631844, "CC": 2325, "QCS": 0.05584688144001075, "SCS": {"ori-": 106.83866094185205, "sam_": 86.2798836683171, "ori-av": 0.022702647883946464, "sam_av": 0.036668033858188315, "sam_/ori_av": 1.6151434865937853}, "DDC": 4.9013936465058805e-08, "LCC": 0.03456790404327324, "GCC": 0.07835218093699516}, "rate-25": {"ANB_G": 0.0005723082539552018, "SP": 246.04107029561774, "ANB": 1.1188763270635147e-05, "ACC": 0.004416319640154322, "CC": 2615, "QCS": 0.030935501042017737, "SCS": {"ori-": 131.30579627689204, "sam_": 104.80397742215578, "ori-av": 0.024812130815739235, "sam_av": 0.039608457075644664, "sam_/ori_av": 1.5963343644198258}, "DDC": 0.021015173891928418, "LCC": 0.041531555813145785, "GCC": 0.031055426104893234}, "rate-30": {"ANB_G": 0.0005178903745241213, "SP": 338.67903794509294, "ANB": 4.356005774405335e-06, "ACC": 0.006893106360120668, "CC": 2945, "QCS": 0.034253872540422683, "SCS": {"ori-": 151.35940595951757, "sam_": 119.48075688470948, "ori-av": 0.025550203571829435, "sam_av": 0.04033786525479726, "sam_/ori_av": 1.5787688399975048}, "DDC": 0.9999999999999908, "LCC": 0.06365260492102798, "GCC": 0.016840490098521045}, "rate-35": {"ANB_G": 0.0005719421545230898, "SP": 260.5071089520196, "ANB": 1.897590974032259e-05, "ACC": 0.008100431836007504, "CC": 2772, "QCS": 0.036286892729593186, "SCS": {"ori-": 161.43041734011672, "sam_": 125.37592393847244, "ori-av": 0.02860212922397532, "sam_av": 0.04442803824892716, "sam_/ori_av": 1.5533122692028816}, "DDC": 0.0020636620866836264, "LCC": 0.05444938923611674, "GCC": 0.025279397164023318}, "rate-40": {"ANB_G": 0.0005199543534998876, "SP": 334.260668338289, "ANB": 1.0217170681331567e-05, "ACC": 0.003357549012285385, "CC": 3595, "QCS": 0.10288195167883855, "SCS": {"ori-": 172.92569520284482, "sam_": 133.27485120522965, "ori-av": 0.02368196318855722, "sam_av": 0.036503656862566326, "sam_/ori_av": 1.5414117728298964}, "DDC": 2.7755575615628914e-15, "LCC": 0.06299356687960751, "GCC": 0.12150688319182261}}