{"rate-5": {"ANB_G": 0.0005701678894180303, "SP": 30.522875816993462, "ACE": 0.005582744369970853, "ANB": 4.516827358906401e-06, "ACC": 0.0008830495934882924, "CC": 723, "QCS": 0.1643530539648224, "SCS": {"ori-": 26.23895251391314, "sam_": 21.79899274237081, "ori-av": 0.017996538075386242, "sam_av": 0.02990259635441812, "sam_/ori_av": 1.6615749223077367}, "DDC": 0.0003502522015431664, "LCC": 0.007742879785221006, "GCC": 0.039301310043668124}, "rate-10": {"ANB_G": 0.0008535205781507893, "SP": 96.05159566681304, "ACE": 0.001784767331687702, "ANB": 7.522036689292665e-07, "ACC": 0.0006534554546152932, "CC": 1336, "QCS": 0.18991817729938248, "SCS": {"ori-": 55.42996634416283, "sam_": 45.31701213651635, "ori-av": 0.020729231991085575, "sam_av": 0.03389454909238321, "sam_/ori_av": 1.6351087732994287}, "DDC": 8.894212611965102e-07, "LCC": 0.02683286341443253, "GCC": 0.14528462192013594}, "rate-15": {"ANB_G": 0.0011193749602177252, "SP": 161.43310741298984, "ACE": 0.002885888243912388, "ANB": 1.35188763503254e-06, "ACC": 0.0012498744873400871, "CC": 1837, "QCS": 0.07520135116361522, "SCS": {"ori-": 81.31706287080458, "sam_": 65.98834625701778, "ori-av": 0.022037144409432136, "sam_av": 0.03576604133171696, "sam_/ori_av": 1.6229889257524994}, "DDC": 0.008696878537970965, "LCC": 0.02119585165024289, "GCC": 0.04132231404958678}, "rate-20": {"ANB_G": 0.000504263640529369, "SP": 202.6661764009213, "ACE": 0.002497346264119072, "ANB": 1.8016086137602723e-06, "ACC": 0.0013966723988485994, "CC": 2330, "QCS": 0.0532600861136366, "SCS": {"ori-": 105.72798587447292, "sam_": 85.3254162619697, "ori-av": 0.022514477400867317, "sam_av": 0.03633961510305354, "sam_/ori_av": 1.6140554566748966}, "DDC": 0.012541818285117912, "LCC": 0.027595868847606515, "GCC": 0.017429630371631775}, "rate-25": {"ANB_G": 0.0006869747841460475, "SP": 248.05670668082558, "ACE": 0.0015545833419079165, "ANB": 1.8888786454153538e-06, "ACC": 0.001457768789342542, "CC": 2609, "QCS": 0.10383554055447244, "SCS": {"ori-": 117.119768731151, "sam_": 92.9953121706032, "ori-av": 0.022325537310551088, "sam_av": 0.03545379800632985, "sam_/ori_av": 1.5880378381565008}, "DDC": 1.0749883538885285e-08, "LCC": 0.03601015941278572, "GCC": 0.058777244472421115}, "rate-30": {"ANB_G": 0.0005081976673022934, "SP": 353.14352603695875, "ACE": 0.0035283389285418105, "ANB": 8.471985499229778e-06, "ACC": 0.008758912451932818, "CC": 2539, "QCS": 0.02364546637631817, "SCS": {"ori-": 138.12205996146017, "sam_": 109.39199991625195, "ori-av": 0.026998057068307303, "sam_av": 0.04276465985779982, "sam_/ori_av": 1.5839902756558266}, "DDC": 0.9999999999999529, "LCC": 0.0673577477081236, "GCC": 0.010939429036897505}, "rate-35": {"ANB_G": 0.0004903883153998944, "SP": 297.88672704292185, "ACE": 0.0020418851441835213, "ANB": 5.437140837246131e-06, "ACC": 0.004125135238676731, "CC": 2935, "QCS": 0.044374107585535526, "SCS": {"ori-": 146.22868373421662, "sam_": 114.1775758353182, "ori-av": 0.024634212219376114, "sam_av": 0.03846953363723659, "sam_/ori_av": 1.5616303575958586}, "DDC": 0.03938788358162704, "LCC": 0.05205349333115764, "GCC": 0.028088338513987766}, "rate-40": {"ANB_G": 0.000456501804644946, "SP": 402.33821907414074, "ACE": 0.001711061444029159, "ANB": 3.4464586483838388e-06, "ACC": 0.0021890074312415878, "CC": 3615, "QCS": 0.03158786893774004, "SCS": {"ori-": 173.5732935045065, "sam_": 135.8928538649445, "ori-av": 0.023790199219367668, "sam_av": 0.03725133055508347, "sam_/ori_av": 1.5658267596497073}, "DDC": 0.0063011195597810765, "LCC": 0.05720358830916872, "GCC": 0.06009888298846365}}