{"rate-5": {"ANB_G": 0.0005916083908009594, "SP": 40.67575757575758, "ANB": 9.343823120141138e-07, "ACC": 0.0006150715906563495, "CC": 726, "QCS": 0.15642735118853876, "SCS": {"ori-": 29.844884031050846, "sam_": 24.39058938607363, "ori-av": 0.02055432784507634, "sam_av": 0.033595853148861744, "sam_/ori_av": 1.634490478213785}, "DDC": 0.10539626301876259, "LCC": 0.0062266500622665, "GCC": 0.11070110701107011}, "rate-10": {"ANB_G": 0.0010583071460627228, "SP": 94.01609550293759, "ANB": 2.2914397297221445e-06, "ACC": 0.0009039975443357722, "CC": 1330, "QCS": 0.08945964850160652, "SCS": {"ori-": 55.89389907616452, "sam_": 45.44753193782247, "ori-av": 0.020778401143555586, "sam_av": 0.033789986570871726, "sam_/ori_av": 1.6262072494134938}, "DDC": 1.7779097538639377e-07, "LCC": 0.019775885688360646, "GCC": 0.05676442762535478}, "rate-15": {"ANB_G": 0.00043056162554229053, "SP": 149.59654017116773, "ANB": 2.4575478018916397e-06, "ACC": 0.0009765148601888222, "CC": 1947, "QCS": 0.08160911283144824, "SCS": {"ori-": 81.60124873118609, "sam_": 66.27918878237017, "ori-av": 0.02083790825617622, "sam_av": 0.03385045392358027, "sam_/ori_av": 1.6244650618205507}, "DDC": 4.920567656663266e-07, "LCC": 0.020315033487240144, "GCC": 0.19682151589242053}, "rate-20": {"ANB_G": 0.0004833640037124519, "SP": 208.18770004529188, "ANB": 3.3797604906966412e-06, "ACC": 0.0012394485581016757, "CC": 2439, "QCS": 0.1015164032447887, "SCS": {"ori-": 105.82587191141042, "sam_": 85.60199887258725, "ori-av": 0.021491850510034608, "sam_av": 0.034769292799588646, "sam_/ori_av": 1.6177896260424276}, "DDC": 2.538180798872247e-08, "LCC": 0.02717196662326268, "GCC": 0.06380090497737556}, "rate-25": {"ANB_G": 0.0007341943763703804, "SP": 281.7234237864947, "ANB": 5.264714622671246e-06, "ACC": 0.007046921022281254, "CC": 2328, "QCS": 0.04898769022831154, "SCS": {"ori-": 127.40366469165946, "sam_": 101.82972257665966, "ori-av": 0.027130252276758828, "sam_av": 0.043368706378475154, "sam_/ori_av": 1.5985367897086245}, "DDC": 1.0, "LCC": 0.040101385539125345, "GCC": 0.006064375680298554}, "rate-30": {"ANB_G": 0.00068416672720684, "SP": 323.055848364584, "ANB": 5.362830415211062e-06, "ACC": 0.003206289849499063, "CC": 2868, "QCS": 0.12893283811909945, "SCS": {"ori-": 140.00760632978475, "sam_": 109.62097807994844, "ori-av": 0.02412260619052115, "sam_av": 0.03777428603719795, "sam_/ori_av": 1.565928894202201}, "DDC": 0.008554278107532176, "LCC": 0.05210280843714834, "GCC": 0.08142035218225141}, "rate-35": {"ANB_G": 0.0005214813036597451, "SP": 349.8203405138666, "ANB": 6.937115578311946e-06, "ACC": 0.007521279912736654, "CC": 2970, "QCS": 0.00981214621953806, "SCS": {"ori-": 159.0029877022591, "sam_": 125.26274799760452, "ori-av": 0.026491667394578325, "sam_av": 0.04174033588723909, "sam_/ori_av": 1.5756024438001774}, "DDC": 1.0, "LCC": 0.12002433234637414, "GCC": 0.017123812976726674}, "rate-40": {"ANB_G": 0.0007033845407823947, "SP": 321.0699799518505, "ANB": 9.817405268557663e-06, "ACC": 0.005329550037677998, "CC": 3436, "QCS": 0.013955212971550685, "SCS": {"ori-": 166.94028420410572, "sam_": 129.25876052083962, "ori-av": 0.023937522828234258, "sam_av": 0.03706875839427577, "sam_/ori_av": 1.5485628425408016}, "DDC": 2.7295984741049217e-05, "LCC": 0.06524877669400857, "GCC": 0.05955997113464346}}