{"rate-5": {"ANB_G": 0.0008545123403361073, "SP": 17.433333333333334, "ANB": 6.978789052387572e-08, "ACC": 9.99620973658483e-05, "CC": 777, "QCS": 0.1813008373129483, "SCS": {"ori-": 28.240128324042537, "sam_": 23.368034232102815, "ori-av": 0.018172540749062122, "sam_av": 0.030074690131406453, "sam_/ori_av": 1.6549524112614025}, "DDC": 2.8508038019126047e-06, "LCC": 0.0, "GCC": 0}, "rate-10": {"ANB_G": 0.0005666641583836296, "SP": 90.85289340289339, "ANB": 5.224308440151817e-07, "ACC": 0.0005196261430813404, "CC": 1373, "QCS": 0.08134299265307908, "SCS": {"ori-": 57.69745223759523, "sam_": 47.01695091329262, "ori-av": 0.02092003344365309, "sam_av": 0.03409496077831227, "sam_/ori_av": 1.6297756344484386}, "DDC": 0.0002475961396989357, "LCC": 0.01637905473521912, "GCC": 0.09933774834437085}, "rate-15": {"ANB_G": 0.0006122875056419691, "SP": 135.60650347189005, "ANB": 5.867060556360756e-06, "ACC": 0.0064029700976048045, "CC": 1705, "QCS": 0.028038929832186314, "SCS": {"ori-": 79.49669612349625, "sam_": 64.43058897960658, "ori-av": 0.023190401436259115, "sam_av": 0.03759077536733173, "sam_/ori_av": 1.6209626845250318}, "DDC": 1.0, "LCC": 0.029217747531535707, "GCC": 0.004800977653631285}, "rate-20": {"ANB_G": 0.0008830508538482535, "SP": 222.70568183639023, "ANB": 1.428818258815612e-06, "ACC": 0.0007828167894971928, "CC": 2448, "QCS": 0.05279633037381114, "SCS": {"ori-": 101.68237683310201, "sam_": 82.17477198200497, "ori-av": 0.020650360851564176, "sam_av": 0.03337724288464865, "sam_/ori_av": 1.6163031302245}, "DDC": 2.8092673742818874e-09, "LCC": 0.030826573203454496, "GCC": 0.14978134110787172}, "rate-25": {"ANB_G": 0.0006072266455552969, "SP": 277.80941678549175, "ANB": 7.225244547886006e-06, "ACC": 0.008251641754091522, "CC": 2098, "QCS": 0.039111359765682446, "SCS": {"ori-": 111.00960477476289, "sam_": 86.9037461580552, "ori-av": 0.026231003018611268, "sam_av": 0.041069823326113045, "sam_/ori_av": 1.5656977850589024}, "DDC": 1.0, "LCC": 0.047956825625219524, "GCC": 0.007406035919274209}, "rate-30": {"ANB_G": 0.0007055349656628759, "SP": 252.832737047728, "ANB": 7.3630773178799246e-06, "ACC": 0.003450761742087231, "CC": 2788, "QCS": 0.10552137614543368, "SCS": {"ori-": 139.25749707226785, "sam_": 110.44416965224458, "ori-av": 0.024603798069305273, "sam_av": 0.0390262083576836, "sam_/ori_av": 1.5861863378878547}, "DDC": 0.0008228302321998671, "LCC": 0.0467755106789006, "GCC": 0.032715095311695}, "rate-35": {"ANB_G": 0.0005464976054986205, "SP": 397.4209598402916, "ANB": 7.92869706568098e-06, "ACC": 0.004111570686834589, "CC": 2753, "QCS": 0.16216576292042184, "SCS": {"ori-": 144.38339766514244, "sam_": 111.14841691595475, "ori-av": 0.02598693262511563, "sam_av": 0.040010229271402, "sam_/ori_av": 1.5396287760692946}, "DDC": 5.955413078162497e-05, "LCC": 0.04624848516560577, "GCC": 0.020841411399767352}, "rate-40": {"ANB_G": 0.000454120241168336, "SP": 343.76824290333684, "ANB": 8.17831046822474e-06, "ACC": 0.004473211479643834, "CC": 3326, "QCS": 0.0325985801482189, "SCS": {"ori-": 163.71251806704367, "sam_": 125.56606448386323, "ori-av": 0.024260894793574937, "sam_av": 0.03721578674684743, "sam_/ori_av": 1.5339824463813003}, "DDC": 0.006520277146853215, "LCC": 0.06256688448146966, "GCC": 0.0651517173604455}}