{"rate-5": {"ANB_G": 0.0009494795689225968, "SP": 32.33333333333333, "ACE": 0.0024145891749666375, "ANB": 3.1016840232833655e-08, "ACC": 0.00014176886550746432, "CC": 763, "QCS": 0.1749434116622106, "SCS": {"ori-": 28.026064608049932, "sam_": 23.214800978946517, "ori-av": 0.018365704199246352, "sam_av": 0.030425689356417453, "sam_/ori_av": 1.6566579220886064}, "DDC": 4.141038282712284e-05, "LCC": 0.0103777501037775, "GCC": 0.5294117647058824}, "rate-10": {"ANB_G": 0.00032527824567180096, "SP": 82.0109187109187, "ACE": 0.0036180079139422386, "ANB": 1.066629639864329e-06, "ACC": 0.0008593107462739921, "CC": 1378, "QCS": 0.07354512424301597, "SCS": {"ori-": 55.939929942139116, "sam_": 45.84349710155726, "ori-av": 0.020180349906976595, "sam_av": 0.0330761162348898, "sam_/ori_av": 1.6390259032850059}, "DDC": 0.3660346441244331, "LCC": 0.013602259500728478, "GCC": 0.04242781378903948}, "rate-15": {"ANB_G": 0.000684810184612873, "SP": 157.45523578730177, "ACE": 0.0031694935705529437, "ANB": 1.4235070265896784e-06, "ACC": 0.0014128180658229857, "CC": 1853, "QCS": 0.055050453252144735, "SCS": {"ori-": 76.82452057274415, "sam_": 62.21439740438341, "ori-av": 0.02064065571540681, "sam_av": 0.03343062729950748, "sam_/ori_av": 1.61964948015454}, "DDC": 0.08272062155080995, "LCC": 0.018904918431471025, "GCC": 0.025768535262206148}, "rate-20": {"ANB_G": 0.0005463106648014647, "SP": 219.4143648756023, "ACE": 0.002002655436807607, "ANB": 1.8379150476156848e-06, "ACC": 0.0009138236390188318, "CC": 2445, "QCS": 0.04188942526277189, "SCS": {"ori-": 102.47783837709964, "sam_": 83.23743101590998, "ori-av": 0.020803458866646293, "sam_av": 0.03379514048555013, "sam_/ori_av": 1.6244962293137273}, "DDC": 2.3777683357484314e-05, "LCC": 0.028521739684412552, "GCC": 0.07264626113909338}, "rate-25": {"ANB_G": 0.0005407335966144083, "SP": 313.22012292035345, "ACE": 0.0022085166552893924, "ANB": 1.0784800962469577e-06, "ACC": 0.0013121331099400974, "CC": 2765, "QCS": 0.03828072225473197, "SCS": {"ori-": 120.80843665162008, "sam_": 96.85526517818332, "ori-av": 0.021775132777869518, "sam_av": 0.034915380381464786, "sam_/ori_av": 1.6034520081985426}, "DDC": 0.04973974418043203, "LCC": 0.03417020618057171, "GCC": 0.04167434999078001}, "rate-30": {"ANB_G": 0.0003322126913458957, "SP": 327.201164766961, "ACE": 0.0020490365651926507, "ANB": 3.0965937088281905e-06, "ACC": 0.0016460982610116406, "CC": 3190, "QCS": 0.06334224760211475, "SCS": {"ori-": 141.75356168815415, "sam_": 112.8147604863011, "ori-av": 0.0221006488444269, "sam_av": 0.03517766151739978, "sam_/ori_av": 1.5917026583710685}, "DDC": 0.026564484646112385, "LCC": 0.04921193893358658, "GCC": 0.0620074177097821}, "rate-35": {"ANB_G": 0.00036928368802699484, "SP": 350.114736931782, "ACE": 0.001978907687099537, "ANB": 3.4930416999798143e-06, "ACC": 0.0025711666389282685, "CC": 3335, "QCS": 0.022234208083666634, "SCS": {"ori-": 159.4740841175171, "sam_": 126.24575881350012, "ori-av": 0.023710092791780716, "sam_av": 0.03753962498171279, "sam_/ori_av": 1.5832761732052851}, "DDC": 0.029193993265167695, "LCC": 0.05274567496233029, "GCC": 0.0651717683537842}, "rate-40": {"ANB_G": 0.00039009076613970436, "SP": 368.48768750003734, "ACE": 0.00166941940964822, "ANB": 4.0032771850886445e-06, "ACC": 0.00255375069962403, "CC": 3629, "QCS": 0.12274557734189995, "SCS": {"ori-": 169.87435656395826, "sam_": 133.31836986262573, "ori-av": 0.02314364530844118, "sam_av": 0.036326531297718186, "sam_/ori_av": 1.5696114770851943}, "DDC": 8.163928448712277e-05, "LCC": 0.05619089749446193, "GCC": 0.05074214704867104}}