{"rate-5": {"ANB_G": 0.00014599939312474788, "SP": 28.0, "ANB": 8.529631064029254e-08, "ACC": 0.0001694256126668248, "CC": 763, "QCS": 0.2916771225836854, "SCS": {"ori-": 28.020342239856824, "sam_": 23.220812535701814, "ori-av": 0.01836195428562046, "sam_av": 0.030433568198822824, "sam_/ori_av": 1.6574253331332949}, "DDC": 0.00017590220935082002, "LCC": 0.012453300124533, "GCC": 0.45}, "rate-10": {"ANB_G": 0.0003066167692310796, "SP": 98.86613200355104, "ANB": 2.3054679653484786e-06, "ACC": 0.0006736400636344795, "CC": 1355, "QCS": 0.2659926404421024, "SCS": {"ori-": 57.022191216239406, "sam_": 46.40599607006483, "ori-av": 0.021010387330965146, "sam_av": 0.03419749157705588, "sam_/ori_av": 1.6276468890535662}, "DDC": 0.0006648564034985593, "LCC": 0.02625757043565263, "GCC": 0.16606170598911071}, "rate-15": {"ANB_G": 0.00019687668774038804, "SP": 150.40159417790997, "ANB": 3.480702429676914e-07, "ACC": 0.0005187332172964785, "CC": 2001, "QCS": 0.5157856889756695, "SCS": {"ori-": 79.42459901464643, "sam_": 64.72409489321079, "ori-av": 0.019816516720221167, "sam_av": 0.03229745254152235, "sam_/ori_av": 1.629824908055884}, "DDC": 0.0008390701429319414, "LCC": 0.015585540783810433, "GCC": 0.07735281478298238}, "rate-20": {"ANB_G": 0.00037749568483832384, "SP": 227.67499914022457, "ANB": 1.7365470010110605e-06, "ACC": 0.0016500825023624817, "CC": 2267, "QCS": 0.10748625369681769, "SCS": {"ori-": 106.67990596928689, "sam_": 86.08146338873522, "ori-av": 0.023415255919509853, "sam_av": 0.03778817532429114, "sam_/ori_av": 1.6138271327970246}, "DDC": 0.06637886468941445, "LCC": 0.02643269943775483, "GCC": 0.03870967741935484}, "rate-25": {"ANB_G": 0.0006880177106325462, "SP": 274.87448561237665, "ANB": 2.820036041202942e-06, "ACC": 0.001971104488612169, "CC": 2624, "QCS": 0.26930831736821775, "SCS": {"ori-": 122.78767669854672, "sam_": 97.95743264871085, "ori-av": 0.023246436330660113, "sam_av": 0.0370910384887205, "sam_/ori_av": 1.5955580443012038}, "DDC": 0.011232888378609918, "LCC": 0.03396260572401587, "GCC": 0.04727560144247394}, "rate-30": {"ANB_G": 0.0005154031467982362, "SP": 321.2094590780941, "ANB": 1.4098622687138893e-06, "ACC": 0.001247123043015501, "CC": 3106, "QCS": 0.3483255551071769, "SCS": {"ori-": 134.56254493213655, "sam_": 104.92083676442687, "ori-av": 0.02152311979080879, "sam_av": 0.03356392730787808, "sam_/ori_av": 1.5594359755508669}, "DDC": 1.0927370119873103e-11, "LCC": 0.05140723223193201, "GCC": 0.07284728109482863}, "rate-35": {"ANB_G": 0.000454877556858367, "SP": 318.83505043500077, "ANB": 5.825108854456276e-06, "ACC": 0.002938894491227074, "CC": 3127, "QCS": 0.21337906735591453, "SCS": {"ori-": 155.16900691451767, "sam_": 122.07245405231619, "ori-av": 0.02458317600039887, "sam_av": 0.038679484807451266, "sam_/ori_av": 1.5734128416451836}, "DDC": 0.0009281454590563953, "LCC": 0.05451209930294141, "GCC": 0.060498912029841465}, "rate-40": {"ANB_G": 0.0005603558867607207, "SP": 348.53080394854965, "ANB": 5.546387528624724e-06, "ACC": 0.003607320508449167, "CC": 3658, "QCS": 0.14878252698518982, "SCS": {"ori-": 174.01956761803478, "sam_": 135.98251660490453, "ori-av": 0.023547979379977643, "sam_av": 0.03680176362784967, "sam_/ori_av": 1.5628416788551056}, "DDC": 8.019827905991761e-06, "LCC": 0.06488988313176769, "GCC": 0.08263230117534753}}