{"rate-5": {"ANB_G": 0.0017956864356504345, "SP": 24.644688644688642, "ACE": 0.004005594576875512, "ANB": 3.644478727357953e-07, "ACC": 0.00023391221978657497, "CC": 764, "QCS": 0.2510122839524864, "SCS": {"ori-": 28.43929755399398, "sam_": 23.578993727049504, "ori-av": 0.018563510152737585, "sam_av": 0.03078197614497324, "sam_/ori_av": 1.6581980396866798}, "DDC": 0.3771724754493443, "LCC": 0.0, "GCC": 0}, "rate-10": {"ANB_G": 0.0009728019604264231, "SP": 82.42950178476494, "ACE": 0.0024157652849018554, "ANB": 4.372939657312263e-07, "ACC": 0.00038773006115845745, "CC": 1402, "QCS": 0.36736427687541295, "SCS": {"ori-": 55.94205510079556, "sam_": 45.82275216434305, "ori-av": 0.01987990586382216, "sam_av": 0.032567698766412974, "sam_/ori_av": 1.6382219810044627}, "DDC": 1.7699929442116513e-06, "LCC": 0.012461564019865127, "GCC": 0.06747404844290658}, "rate-15": {"ANB_G": 0.0004637364552160875, "SP": 141.63636028574098, "ACE": 0.0029819091806545595, "ANB": 4.739628094468289e-06, "ACC": 0.0014739524963119349, "CC": 1919, "QCS": 0.24180396482567657, "SCS": {"ori-": 78.36750708956983, "sam_": 64.23208109401968, "ori-av": 0.020218655079868378, "sam_av": 0.03314348869660458, "sam_/ori_av": 1.639252886291403}, "DDC": 7.479635661777895e-05, "LCC": 0.017214579523201604, "GCC": 0.04923664122137405}, "rate-20": {"ANB_G": 0.0005213793281696311, "SP": 200.25274125338362, "ACE": 0.004258684086388234, "ANB": 5.204566559698961e-06, "ACC": 0.006734215878907854, "CC": 2131, "QCS": 0.0746962068419582, "SCS": {"ori-": 102.12553687844854, "sam_": 82.6968017014232, "ori-av": 0.023816589757100874, "sam_av": 0.03857126945029067, "sam_/ori_av": 1.6195126944566325}, "DDC": 0.9999999999999988, "LCC": 0.03575708299413956, "GCC": 0.00985880059121356}, "rate-25": {"ANB_G": 0.0004478223819040813, "SP": 282.72314109304324, "ACE": 0.0008627899415037969, "ANB": 2.41180619889309e-06, "ACC": 0.0015672465810562205, "CC": 2664, "QCS": 0.38093618242089544, "SCS": {"ori-": 122.986038202869, "sam_": 98.07300663482383, "ori-av": 0.022953721202476483, "sam_av": 0.036608065186571045, "sam_/ori_av": 1.5948640686034554}, "DDC": 0.00015554825431496333, "LCC": 0.03563918596189618, "GCC": 0.07174426348610523}, "rate-30": {"ANB_G": 0.0006055249652562315, "SP": 336.7206531010615, "ACE": 0.0023377123300097717, "ANB": 1.1741593362925844e-05, "ACC": 0.005131889485087436, "CC": 2874, "QCS": 0.1534740783075555, "SCS": {"ori-": 141.21333735171362, "sam_": 112.5634745996988, "ori-av": 0.024380755758237848, "sam_av": 0.0388686031076308, "sam_/ori_av": 1.5942329061927358}, "DDC": 0.006424901152799367, "LCC": 0.04233282970225333, "GCC": 0.03522209265345065}, "rate-35": {"ANB_G": 0.0003209953199480193, "SP": 345.5349911960006, "ACE": 0.0007144926956253035, "ANB": 3.874891556316813e-06, "ACC": 0.0015394223913564027, "CC": 3532, "QCS": 0.1519696156883711, "SCS": {"ori-": 157.8524653393503, "sam_": 124.82325418827132, "ori-av": 0.022182752296142538, "sam_av": 0.03508242107596159, "sam_/ori_av": 1.5815179562755264}, "DDC": 1.4432899320127035e-15, "LCC": 0.052346085529855195, "GCC": 0.1479372738238842}, "rate-40": {"ANB_G": 0.000303900915810228, "SP": 377.6383294840528, "ACE": 0.0005688306054869471, "ANB": 5.744183288223563e-06, "ACC": 0.0017462698578510933, "CC": 3876, "QCS": 0.1536305109669007, "SCS": {"ori-": 171.67430915840416, "sam_": 134.77792613198014, "ori-av": 0.021947623262388666, "sam_av": 0.034461244216819266, "sam_/ori_av": 1.570158363155204}, "DDC": 1.4432899320127035e-15, "LCC": 0.0600281150859315, "GCC": 0.14607225331715526}}