{"rate-5": {"ANB_G": 0.001448316946039297, "SP": 30.857246376811595, "ANB": 1.7950996284752485e-06, "ACC": 0.00057094587286101, "CC": 732, "QCS": 0.30040855275208606, "SCS": {"ori-": 28.899413839007618, "sam_": 23.778051905667624, "ori-av": 0.019632753966717133, "sam_av": 0.03230713574139623, "sam_/ori_av": 1.6455733004226318}, "DDC": 0.0031645379428102416, "LCC": 0.00643420506434205, "GCC": 0.03428571428571429}, "rate-10": {"ANB_G": 0.0002935002823695583, "SP": 89.17396222887061, "ANB": 1.0088236344385749e-05, "ACC": 0.007053857748614929, "CC": 1240, "QCS": 0.12178916905777819, "SCS": {"ori-": 54.52090900200481, "sam_": 44.699578000910016, "ori-av": 0.021948836152175848, "sam_av": 0.03598999839042674, "sam_/ori_av": 1.6397224044546415}, "DDC": 1.0, "LCC": 0.0068573374799455675, "GCC": 0.0012977382276603633}, "rate-15": {"ANB_G": 0.0005044869843509527, "SP": 157.42412856409396, "ANB": 1.1345944010481835e-06, "ACC": 0.0007309948428229594, "CC": 1916, "QCS": 0.3417043999727266, "SCS": {"ori-": 81.94983949497578, "sam_": 66.3572422437592, "ori-av": 0.021285672596097604, "sam_av": 0.0344712946720827, "sam_/ori_av": 1.6194599685049405}, "DDC": 0.0003018575784277111, "LCC": 0.02551160020518348, "GCC": 0.08256880733944955}, "rate-20": {"ANB_G": 0.00068795853312328, "SP": 197.18504325163985, "ANB": 6.3774878903756085e-06, "ACC": 0.002767614473649731, "CC": 2326, "QCS": 0.21565495278897379, "SCS": {"ori-": 106.55233402327376, "sam_": 86.00698051409621, "ori-av": 0.02272874019267785, "sam_av": 0.036692397830245825, "sam_/ori_av": 1.6143612676811019}, "DDC": 0.024237284720099117, "LCC": 0.032302800689948494, "GCC": 0.033855482566953005}, "rate-25": {"ANB_G": 0.0006595687097709473, "SP": 222.41760742336564, "ANB": 3.162366497560043e-06, "ACC": 0.002258329300200342, "CC": 2630, "QCS": 0.3085586769093637, "SCS": {"ori-": 124.87828910329239, "sam_": 99.59563708094731, "ori-av": 0.023473362613400824, "sam_av": 0.0374419688274238, "sam_/ori_av": 1.5950833054505948}, "DDC": 0.000911293928003376, "LCC": 0.03310083633165916, "GCC": 0.043651378852676594}, "rate-30": {"ANB_G": 0.0006399723877904981, "SP": 280.3126183644596, "ANB": 9.42035143241806e-06, "ACC": 0.00809738079272883, "CC": 2593, "QCS": 0.10846082955181081, "SCS": {"ori-": 142.6090050631508, "sam_": 113.37321491775897, "ori-av": 0.0271222908069895, "sam_av": 0.04312408327035336, "sam_/ori_av": 1.5899867594974737}, "DDC": 1.0, "LCC": 0.06280172683653862, "GCC": 0.015199956648964993}, "rate-35": {"ANB_G": 0.000583662941185989, "SP": 321.33736231774253, "ANB": 1.8291757386330794e-05, "ACC": 0.012752344063410699, "CC": 2630, "QCS": 0.10997678413253416, "SCS": {"ori-": 152.91780745359893, "sam_": 119.30730724800162, "ori-av": 0.02858276774833625, "sam_av": 0.04460086252261743, "sam_/ori_av": 1.560410906155635}, "DDC": 1.0, "LCC": 0.0732415739020379, "GCC": 0.010880957634598412}, "rate-40": {"ANB_G": 0.0006217972326939335, "SP": 323.66551222390916, "ANB": 1.1189710527772504e-05, "ACC": 0.005370019271380743, "CC": 3350, "QCS": 0.1606887371651475, "SCS": {"ori-": 167.4205350904934, "sam_": 129.39491747614014, "ori-av": 0.02458451322914734, "sam_av": 0.03800144419269901, "sam_/ori_av": 1.5457472693681238}, "DDC": 2.770732334056447e-05, "LCC": 0.0640385538307279, "GCC": 0.05949340317883811}}