{"rate-5": {"ANB_G": 0.0008025213830537807, "SP": 20.43174603174603, "ACE": 0.0051045932604354294, "ANB": 2.9155829818863633e-06, "ACC": 0.000588814799784056, "CC": 745, "QCS": 0.33145397488470024, "SCS": {"ori-": 28.119985647331713, "sam_": 23.306532039809714, "ori-av": 0.01872169483843656, "sam_av": 0.031033997389893094, "sam_/ori_av": 1.657648928567021}, "DDC": 4.719888259563376e-06, "LCC": 0.005031636413952727, "GCC": 0.03550295857988166}, "rate-10": {"ANB_G": 0.00045026849836315335, "SP": 92.67950370632677, "ACE": 0.0060259438991425145, "ANB": 7.514780705348009e-06, "ACC": 0.005618613718587045, "CC": 1243, "QCS": 0.20816539945873977, "SCS": {"ori-": 56.50724229338955, "sam_": 46.39052670433177, "ori-av": 0.02258482905411253, "sam_av": 0.03708275515933795, "sam_/ori_av": 1.6419320717676829}, "DDC": 0.9999997369247686, "LCC": 0.011000513013307015, "GCC": 0.0022696323195642307}, "rate-15": {"ANB_G": 0.0007946349518267732, "SP": 142.68593611448023, "ACE": 0.0032580054834908286, "ANB": 2.594054362199545e-06, "ACC": 0.00224372117712476, "CC": 1749, "QCS": 0.20260731519226854, "SCS": {"ori-": 77.36887737418772, "sam_": 62.889452652531325, "ori-av": 0.02189272138488617, "sam_av": 0.03559108808858592, "sam_/ori_av": 1.62570415358031}, "DDC": 0.026125643166617585, "LCC": 0.02038339013556628, "GCC": 0.049175613496932516}, "rate-20": {"ANB_G": 0.0004366979923209719, "SP": 223.6182589897941, "ACE": 0.004223771962910742, "ANB": 5.335595935792792e-06, "ACC": 0.007020520025767946, "CC": 2039, "QCS": 0.08685234876281359, "SCS": {"ori-": 101.90176624856454, "sam_": 81.89929755707362, "ori-av": 0.02485408932891818, "sam_av": 0.03995087685710908, "sam_/ori_av": 1.6074166439333393}, "DDC": 1.0, "LCC": 0.0414435206761482, "GCC": 0.012907735321528425}, "rate-25": {"ANB_G": 0.0006117488181102148, "SP": 230.57395653820714, "ACE": 0.0008260584782952375, "ANB": 5.272229193664451e-06, "ACC": 0.002209823380019161, "CC": 2791, "QCS": 0.35796294989024935, "SCS": {"ori-": 123.45017057672318, "sam_": 98.8815900431911, "ori-av": 0.02189609268831557, "sam_av": 0.03507683222532497, "sam_/ori_av": 1.6019676535276564}, "DDC": 9.101530886290732e-06, "LCC": 0.04234969415554149, "GCC": 0.06509351256575102}, "rate-30": {"ANB_G": 0.0005212171175355326, "SP": 303.15218919326327, "ACE": 0.0019529809540068765, "ANB": 5.249813825889987e-06, "ACC": 0.002875094093103362, "CC": 3100, "QCS": 0.11416857892619749, "SCS": {"ori-": 143.14352202815127, "sam_": 113.80859831245854, "ori-av": 0.02282990781948186, "sam_av": 0.03630258319376668, "sam_/ori_av": 1.5901327101631106}, "DDC": 0.0011157021147067958, "LCC": 0.042052731275521, "GCC": 0.03237030376480707}, "rate-35": {"ANB_G": 0.0005002345991764254, "SP": 321.58566304419026, "ACE": 0.0007242591145571812, "ANB": 7.089427362258917e-06, "ACC": 0.0034677796892839184, "CC": 3039, "QCS": 0.2442061469829233, "SCS": {"ori-": 150.0383143761192, "sam_": 116.92722206533718, "ori-av": 0.024420298563821483, "sam_av": 0.03806224676606028, "sam_/ori_av": 1.5586315075790784}, "DDC": 0.00023934365423050608, "LCC": 0.04970764757700005, "GCC": 0.057616372837995665}, "rate-40": {"ANB_G": 0.0005097754511571675, "SP": 305.7376718127669, "ACE": 0.001825935651262578, "ANB": 1.2588327166746267e-05, "ACC": 0.004900363122239052, "CC": 3215, "QCS": 0.174220703829444, "SCS": {"ori-": 161.37388164525814, "sam_": 124.48709342779796, "ori-av": 0.0247581898811381, "sam_av": 0.03819794213801717, "sam_/ori_av": 1.5428406649032964}, "DDC": 0.00699185496659982, "LCC": 0.05459475956627182, "GCC": 0.034920962909391465}}