{"rate-5": {"ANB_G": 0.00015874261532839598, "SP": 39.56269841269841, "ACE": 0.0036205355665544694, "ANB": 4.226044481723584e-07, "ACC": 0.0002733943663784981, "CC": 741, "QCS": 0.26862479713321075, "SCS": {"ori-": 27.787976519178542, "sam_": 22.87682193472663, "ori-av": 0.018750321537907247, "sam_av": 0.030872904095447545, "sam_/ori_av": 1.6465266493181065}, "DDC": 0.0001279254304487054, "LCC": 0.0026151930261519305, "GCC": 0.05357142857142857}, "rate-10": {"ANB_G": 0.000855574438537509, "SP": 77.60864899806076, "ACE": 0.001999634309762173, "ANB": 5.558083701605962e-07, "ACC": 0.0003472665370461505, "CC": 1433, "QCS": 0.3048420127371391, "SCS": {"ori-": 54.64269839896027, "sam_": 44.968937452338935, "ori-av": 0.018959992504843953, "sam_av": 0.031206757427022162, "sam_/ori_av": 1.6459266752900545}, "DDC": 8.561426567688102e-08, "LCC": 0.004421211830925405, "GCC": 0.0625}, "rate-15": {"ANB_G": 0.0003507902486770532, "SP": 138.43740078048492, "ACE": 0.0029993166890231655, "ANB": 4.030166401703277e-06, "ACC": 0.0018973907661854457, "CC": 1819, "QCS": 0.17890438826172075, "SCS": {"ori-": 80.33802331873846, "sam_": 65.30159577121144, "ori-av": 0.021866636722574433, "sam_av": 0.03554795632619022, "sam_/ori_av": 1.6256709606142412}, "DDC": 0.00045992053188737003, "LCC": 0.019934526205060716, "GCC": 0.03982532751091703}, "rate-20": {"ANB_G": 0.000853819612815704, "SP": 213.199066681213, "ACE": 0.0010415456030998464, "ANB": 1.486207796523833e-06, "ACC": 0.0009497326317520074, "CC": 2409, "QCS": 0.1849635728282635, "SCS": {"ori-": 100.72878293957936, "sam_": 81.28352667021208, "ori-av": 0.020828946017282746, "sam_av": 0.03361601599264354, "sam_/ori_av": 1.6139086425568903}, "DDC": 2.0255087385123716e-08, "LCC": 0.029813111818209902, "GCC": 0.1381864161849711}, "rate-25": {"ANB_G": 0.0004385177691706327, "SP": 281.268649746085, "ACE": 0.0007471980074719803, "ANB": 1.2380796884112752e-06, "ACC": 0.0008242714364163967, "CC": 2865, "QCS": 0.16594868915349967, "SCS": {"ori-": 126.16358682407882, "sam_": 101.66277824110604, "ori-av": 0.021895797782728016, "sam_av": 0.03528732323537176, "sam_/ori_av": 1.6116025360449453}, "DDC": 3.3306690738754696e-15, "LCC": 0.03210684629938708, "GCC": 0.0885523613963039}, "rate-30": {"ANB_G": 0.0008418772534180746, "SP": 292.7084882283367, "ACE": 0.0021644287731005184, "ANB": 3.640316949500616e-05, "ACC": 0.00447277398161581, "CC": 2786, "QCS": 0.13806018102662607, "SCS": {"ori-": 135.25486357108795, "sam_": 106.86806222841776, "ori-av": 0.023972857775804317, "sam_av": 0.03788304226459332, "sam_/ori_av": 1.5802472370577563}, "DDC": 0.010012539133122611, "LCC": 0.0372150071681508, "GCC": 0.01841947629642307}, "rate-35": {"ANB_G": 0.0005378999273617807, "SP": 333.49488103254794, "ACE": 0.0020651795603087303, "ANB": 1.5992545769802925e-05, "ACC": 0.005913812601534531, "CC": 2703, "QCS": 0.10988745023968302, "SCS": {"ori-": 145.02221440927195, "sam_": 113.02038457912113, "ori-av": 0.026415703899685238, "sam_av": 0.04117318199603684, "sam_/ori_av": 1.5586630646828021}, "DDC": 0.004203945845231316, "LCC": 0.055922972346090394, "GCC": 0.027838495483977398}, "rate-40": {"ANB_G": 0.0008267907565415704, "SP": 331.29139655457635, "ACE": 0.0006649036615861163, "ANB": 2.2044105692042938e-05, "ACC": 0.00838225081108602, "CC": 2851, "QCS": 0.214448674077148, "SCS": {"ori-": 149.41481367466764, "sam_": 113.99176910870618, "ori-av": 0.025725691059687954, "sam_av": 0.03925336401814951, "sam_/ori_av": 1.525842937593982}, "DDC": 0.0003198451618114939, "LCC": 0.07127934875083816, "GCC": 0.0584792520786237}}