{"rate-5": {"ANB_G": 0.00041555982012773235, "SP": 31.099532491818607, "ACE": 0.009290513939562045, "ANB": 1.6737462410642857e-05, "ACC": 0.006893676258212326, "CC": 666, "QCS": 0.1553846463839053, "SCS": {"ori-": 30.38040250139045, "sam_": 24.790813383267523, "ori-av": 0.022773914918583545, "sam_av": 0.0371676362567729, "sam_/ori_av": 1.6320266581150726}, "DDC": 0.9999999986295838, "LCC": 0.009962640099626401, "GCC": 0.007936507936507936}, "rate-10": {"ANB_G": 0.0011231368684890683, "SP": 91.27478381579344, "ACE": 0.0031964750903658943, "ANB": 1.6350150488623274e-06, "ACC": 0.0008669416965322806, "CC": 1335, "QCS": 0.34089030250638924, "SCS": {"ori-": 58.812846005508526, "sam_": 47.81456211325537, "ori-av": 0.02189607073920645, "sam_av": 0.03560280127569276, "sam_/ori_av": 1.6259904208266667}, "DDC": 0.005389072949907647, "LCC": 0.01636462613497263, "GCC": 0.03612167300380228}, "rate-15": {"ANB_G": 0.0002056952055747496, "SP": 146.94200944039653, "ACE": 0.0020546896921153296, "ANB": 8.144557207877751e-07, "ACC": 0.0005421173913990991, "CC": 1993, "QCS": 0.17462036637557124, "SCS": {"ori-": 81.39132238639272, "sam_": 66.32981330223882, "ori-av": 0.02035800960139888, "sam_av": 0.03318149739981932, "sam_/ori_av": 1.62989889726446}, "DDC": 7.30966088929863e-05, "LCC": 0.023363118981523656, "GCC": 0.12}, "rate-20": {"ANB_G": 0.0003118782096244083, "SP": 221.19726318679318, "ACE": 0.002621647288747604, "ANB": 1.2091673544923586e-06, "ACC": 0.0016414967978564737, "CC": 2334, "QCS": 0.1669271756931789, "SCS": {"ori-": 107.47537745056452, "sam_": 86.94971190200913, "ori-av": 0.022984469086947075, "sam_av": 0.037189782678361476, "sam_/ori_av": 1.6180396657272205}, "DDC": 0.13144154151524157, "LCC": 0.028571917331625635, "GCC": 0.030636125097510816}, "rate-25": {"ANB_G": 0.0005440874252428121, "SP": 293.2666656848258, "ACE": 0.00380571607927384, "ANB": 5.260199695243227e-06, "ACC": 0.007153713668812618, "CC": 2527, "QCS": 0.06205765721667972, "SCS": {"ori-": 129.73028176377417, "sam_": 104.046864814305, "ori-av": 0.025567655057897945, "sam_av": 0.041011771704495464, "sam_/ori_av": 1.6040490069044002}, "DDC": 1.0, "LCC": 0.040286293225265786, "GCC": 0.008188719093064494}, "rate-30": {"ANB_G": 0.00032863718329008656, "SP": 335.65942750905043, "ACE": 0.0020546896921153322, "ANB": 3.5229826111289943e-06, "ACC": 0.0016493081422074246, "CC": 3110, "QCS": 0.1796251012424065, "SCS": {"ori-": 150.7033151563956, "sam_": 120.38410345233898, "ori-av": 0.024035616452375695, "sam_av": 0.038400032999151186, "sam_/ori_av": 1.5976304612464267}, "DDC": 0.04272569350980948, "LCC": 0.044976018949779956, "GCC": 0.04741348555119515}, "rate-35": {"ANB_G": 0.0006326836517019458, "SP": 254.6904861232318, "ACE": 0.003170721208869149, "ANB": 2.36058138969134e-05, "ACC": 0.010683890181227361, "CC": 2741, "QCS": 0.1598725602017175, "SCS": {"ori-": 157.45805760432154, "sam_": 122.83268684985403, "ori-av": 0.028198076218538957, "sam_av": 0.04399451534736892, "sam_/ori_av": 1.5601956320142338}, "DDC": 1.0, "LCC": 0.07789141860127681, "GCC": 0.011782506519009755}, "rate-40": {"ANB_G": 0.000529503025342175, "SP": 350.03800244723635, "ACE": 0.0019414297905577826, "ANB": 1.0059974150568967e-05, "ACC": 0.006692714323244294, "CC": 2899, "QCS": 0.14073439668370863, "SCS": {"ori-": 164.2855551116528, "sam_": 126.51749034134338, "ori-av": 0.027911239400552634, "sam_av": 0.04298929335417716, "sam_/ori_av": 1.5402144181861728}, "DDC": 0.024950653807893186, "LCC": 0.0562759315284508, "GCC": 0.03415317755243434}}