{"rate-5": {"ANB_G": 0.00010865210241255179, "SP": 26.36666666666667, "ANB": 6.20336804656673e-08, "ACC": 0.00014097029264589818, "CC": 767, "QCS": 0.2544501604470986, "SCS": {"ori-": 32.022295399091846, "sam_": 26.37581193071949, "ori-av": 0.020875029595235885, "sam_av": 0.03438828152636179, "sam_/ori_av": 1.6473404921164714}, "DDC": 3.283765328543353e-07, "LCC": 0.007887090078870902, "GCC": 0.34615384615384615}, "rate-10": {"ANB_G": 0.00016692945675922388, "SP": 86.47131387131384, "ANB": 6.230471547144019e-07, "ACC": 0.0005353309465616399, "CC": 1380, "QCS": 0.3198733527578381, "SCS": {"ori-": 59.17221890340962, "sam_": 48.21510307043564, "ori-av": 0.021408183394866, "sam_av": 0.03488791828540929, "sam_/ori_av": 1.6296533732878957}, "DDC": 2.1277116331042123e-06, "LCC": 0.01581366242505392, "GCC": 0.0715909090909091}, "rate-15": {"ANB_G": 0.0009034398622406153, "SP": 155.49152840404034, "ANB": 1.317037639100836e-05, "ACC": 0.008421778367005577, "CC": 1556, "QCS": 0.08856342759544232, "SCS": {"ori-": 83.64350843244871, "sam_": 67.41923508674108, "ori-av": 0.026436001400900352, "sam_av": 0.04261645707126491, "sam_/ori_av": 1.612061386477816}, "DDC": 0.9999999112993081, "LCC": 0.030099579200091025, "GCC": 0.005205691556101338}, "rate-20": {"ANB_G": 0.000757322471029124, "SP": 243.0114113996597, "ANB": 8.421159533185192e-07, "ACC": 0.0006414840283665537, "CC": 2415, "QCS": 0.15112086752851617, "SCS": {"ori-": 108.49788002272572, "sam_": 86.9938487637501, "ori-av": 0.022324666671342742, "sam_av": 0.03579993776286012, "sam_/ori_av": 1.603604581868854}, "DDC": 1.9877433032888803e-12, "LCC": 0.030161089807739353, "GCC": 0.08940139932625032}, "rate-25": {"ANB_G": 0.0007901934321986171, "SP": 288.448418320981, "ANB": 4.515051124657806e-06, "ACC": 0.0017707879359968222, "CC": 2691, "QCS": 0.14157908565530142, "SCS": {"ori-": 124.40772877743044, "sam_": 99.64262593044384, "ori-av": 0.022970407824488632, "sam_av": 0.036795652116116635, "sam_/ori_av": 1.601871956182205}, "DDC": 0.0013502736996933162, "LCC": 0.034159143184581714, "GCC": 0.031056966369251888}, "rate-30": {"ANB_G": 0.0009253300664540032, "SP": 279.1048079935685, "ANB": 7.1563156507480404e-06, "ACC": 0.00798433448603862, "CC": 2843, "QCS": 0.05965090630088409, "SCS": {"ori-": 152.3424351878954, "sam_": 121.02173875297872, "ori-av": 0.02648512433725581, "sam_av": 0.04207988134665463, "sam_/ori_av": 1.5888119236601868}, "DDC": 1.0, "LCC": 0.07284485820109587, "GCC": 0.011511780245269646}, "rate-35": {"ANB_G": 0.0005154374312234701, "SP": 300.7134725227294, "ANB": 6.856216139878782e-06, "ACC": 0.003873183148347671, "CC": 3247, "QCS": 0.22245562110080971, "SCS": {"ori-": 165.97249057748974, "sam_": 130.08015497786724, "ori-av": 0.025223782762536433, "sam_av": 0.03953804102670737, "sam_/ori_av": 1.5674905464786653}, "DDC": 8.730452782934606e-08, "LCC": 0.05304147985333659, "GCC": 0.07565270497226322}, "rate-40": {"ANB_G": 0.0005829922151910151, "SP": 359.97659944972696, "ANB": 4.762178590888304e-06, "ACC": 0.003308869855852543, "CC": 3174, "QCS": 0.15047268032071126, "SCS": {"ori-": 175.1290932948159, "sam_": 135.53354849246446, "ori-av": 0.027202406538492683, "sam_av": 0.042104239979019714, "sam_/ori_av": 1.547813055416264}, "DDC": 0.006193438061684597, "LCC": 0.06782865708312515, "GCC": 0.07461620431631087}}