{"rate-5": {"ANB_G": 0.0015323311214114333, "SP": 25.407376283846872, "ANB": 9.38259417043218e-07, "ACC": 0.00043256002382887113, "CC": 746, "QCS": 0.26601972281842123, "SCS": {"ori-": 30.648195233364135, "sam_": 25.200831352608073, "ori-av": 0.02043213015557609, "sam_av": 0.033601108470144095, "sam_/ori_av": 1.644523023996795}, "DDC": 0.0068566461687687985, "LCC": 0.014943960149439602, "GCC": 0.08}, "rate-10": {"ANB_G": 0.00041588415343879313, "SP": 102.49648353595721, "ANB": 1.3249426682940579e-06, "ACC": 0.0010036297169337557, "CC": 1306, "QCS": 0.27090417712908293, "SCS": {"ori-": 60.81869615288086, "sam_": 49.54817899380315, "ori-av": 0.023195536290191023, "sam_av": 0.03779418687551728, "sam_/ori_av": 1.62937327262831}, "DDC": 0.1270524142828735, "LCC": 0.013305758168771869, "GCC": 0.024922118380062305}, "rate-15": {"ANB_G": 0.0005207270595416885, "SP": 167.02097129850384, "ANB": 1.3057647468697435e-06, "ACC": 0.0008675030682559977, "CC": 1850, "QCS": 0.4205418820827573, "SCS": {"ori-": 82.60103323870274, "sam_": 67.00580056284122, "ori-av": 0.022204578827608262, "sam_av": 0.036024623958516785, "sam_/ori_av": 1.6223961840575534}, "DDC": 5.245295992251098e-05, "LCC": 0.024451598132531477, "GCC": 0.07552962849247774}, "rate-20": {"ANB_G": 0.00067560459337011, "SP": 209.01335671520974, "ANB": 9.057881351547973e-07, "ACC": 0.0011978260022044536, "CC": 2372, "QCS": 0.21390452965959253, "SCS": {"ori-": 106.74700716945404, "sam_": 85.88712016710281, "ori-av": 0.02235071339393929, "sam_av": 0.03596613072324238, "sam_/ori_av": 1.6091714876982453}, "DDC": 0.07779956331149618, "LCC": 0.026846923067941206, "GCC": 0.0466653704063776}, "rate-25": {"ANB_G": 0.0007008225898814686, "SP": 265.36133196730987, "ANB": 7.196948941059741e-06, "ACC": 0.0017283523744645428, "CC": 2756, "QCS": 0.15407646565605895, "SCS": {"ori-": 131.66436931509986, "sam_": 105.18476870712615, "ori-av": 0.02372330978650448, "sam_av": 0.03790442115572114, "sam_/ori_av": 1.5977712004285292}, "DDC": 1.7807550145576556e-07, "LCC": 0.038408517344793565, "GCC": 0.11904335363668936}, "rate-30": {"ANB_G": 0.0007426115909611919, "SP": 271.99089929878886, "ANB": 1.2582203453667736e-05, "ACC": 0.0043253248712219385, "CC": 2814, "QCS": 0.18152826371956424, "SCS": {"ori-": 150.3154492445142, "sam_": 119.07977859932457, "ori-av": 0.026297314423462947, "sam_av": 0.04166542288289873, "sam_/ori_av": 1.5843983994701782}, "DDC": 0.0002578279011394846, "LCC": 0.04012941009102706, "GCC": 0.027536165537447355}, "rate-35": {"ANB_G": 0.0006114040154259446, "SP": 373.3467520795298, "ANB": 9.917842993317197e-06, "ACC": 0.005263847796276179, "CC": 3145, "QCS": 0.0854112943514202, "SCS": {"ori-": 164.3497589531083, "sam_": 128.6833142429605, "ori-av": 0.025784398957186743, "sam_av": 0.04037756957733307, "sam_/ori_av": 1.5659690049156199}, "DDC": 0.009471894516325352, "LCC": 0.048966309571340426, "GCC": 0.05188500715825503}, "rate-40": {"ANB_G": 0.00042931392331402524, "SP": 340.9907616964121, "ANB": 1.0515962589109946e-05, "ACC": 0.005465959932362053, "CC": 3222, "QCS": 0.1783637369396358, "SCS": {"ori-": 176.1400253407689, "sam_": 136.29545723601385, "ori-av": 0.02691626304107104, "sam_av": 0.04165509084230252, "sam_/ori_av": 1.547580761071541}, "DDC": 0.00306789203190172, "LCC": 0.05945437376338265, "GCC": 0.03576403267703196}}