{"rate-5": {"ANB_G": 0.000287952006035441, "SP": 31.333333333333336, "ACE": 0.002647093398354772, "ANB": 7.754210058208414e-08, "ACC": 0.00015920190825393583, "CC": 762, "QCS": 0.2950114385004999, "SCS": {"ori-": 29.069597627973412, "sam_": 24.003648060303814, "ori-av": 0.019049539729995683, "sam_av": 0.03145956495452663, "sam_/ori_av": 1.6514606337175664}, "DDC": 1.978315807837916e-07, "LCC": 0.006434205064342051, "GCC": 0.23076923076923078}, "rate-10": {"ANB_G": 0.0006790521233619721, "SP": 106.51733874114572, "ACE": 0.005949144294973796, "ANB": 8.031890494470441e-06, "ACC": 0.0056963990971533075, "CC": 1210, "QCS": 0.2844499290116042, "SCS": {"ori-": 54.05463245608296, "sam_": 44.30728299899638, "ori-av": 0.02222641137174464, "sam_av": 0.03643691036101676, "sam_/ori_av": 1.6393519291799503}, "DDC": 0.9999995536711365, "LCC": 0.04547862702044753, "GCC": 0.013374143322909043}, "rate-15": {"ANB_G": 0.00039289941552520256, "SP": 161.1312637520084, "ACE": 0.0017641424811667152, "ANB": 6.798112646603558e-07, "ACC": 0.0005447028633193254, "CC": 1965, "QCS": 0.1809359712166255, "SCS": {"ori-": 78.80948713810444, "sam_": 64.30642373434112, "ori-av": 0.020022735553380196, "sam_av": 0.032676028320295286, "sam_/ori_av": 1.6319462559539717}, "DDC": 1.9256932715094877e-09, "LCC": 0.018485823782457566, "GCC": 0.07581849511774842}, "rate-20": {"ANB_G": 0.0004788246251700161, "SP": 176.7747204444587, "ACE": 0.0008805812966208566, "ANB": 1.7112956044194407e-06, "ACC": 0.0007550073544245033, "CC": 2520, "QCS": 0.23067192010003096, "SCS": {"ori-": 98.93072826011368, "sam_": 80.41199018457243, "ori-av": 0.019482222973634045, "sam_av": 0.031670732644573624, "sam_/ori_av": 1.6256221216354367}, "DDC": 1.9984014443252818e-15, "LCC": 0.028658411153186947, "GCC": 0.12405699916177704}, "rate-25": {"ANB_G": 0.0005788056535806034, "SP": 279.3905787945256, "ACE": 0.0008766076039365431, "ANB": 4.6303363948745455e-06, "ACC": 0.0020027969665175347, "CC": 2731, "QCS": 0.109742064623709, "SCS": {"ori-": 121.04445403358561, "sam_": 96.48383899103624, "ori-av": 0.02204817013362215, "sam_av": 0.03514893952314617, "sam_/ori_av": 1.594188511342541}, "DDC": 3.526073436699306e-05, "LCC": 0.04014557282753755, "GCC": 0.10601001669449082}, "rate-30": {"ANB_G": 0.00039997909314628107, "SP": 316.41275085800856, "ACE": 0.0020157274399134227, "ANB": 2.1921568014130847e-06, "ACC": 0.0018996100312671557, "CC": 3193, "QCS": 0.11869733917076344, "SCS": {"ori-": 142.8945324168574, "sam_": 113.9610315994061, "ori-av": 0.022223099909309083, "sam_av": 0.035446666127342485, "sam_/ori_av": 1.5950369782792613}, "DDC": 0.004072282270152439, "LCC": 0.041976301660420844, "GCC": 0.08552631578947369}, "rate-35": {"ANB_G": 0.0006782248753286567, "SP": 407.2691749826882, "ACE": 0.0011522713440663402, "ANB": 3.968230128458907e-06, "ACC": 0.0018721455292636442, "CC": 3281, "QCS": 0.1966861499305496, "SCS": {"ori-": 149.00139135694522, "sam_": 116.95885272930676, "ori-av": 0.022521371124084828, "sam_av": 0.03535636418661026, "sam_/ori_av": 1.5699028266000832}, "DDC": 3.3484289575368043e-16, "LCC": 0.05716217306137196, "GCC": 0.058908664189321336}, "rate-40": {"ANB_G": 0.0004529569199209731, "SP": 354.71571808334227, "ACE": 0.003005014259426885, "ANB": 1.0239579885721764e-05, "ACC": 0.009340535578893062, "CC": 3100, "QCS": 0.038236676932873685, "SCS": {"ori-": 166.5103185901412, "sam_": 129.44420238410703, "ori-av": 0.02657362250082049, "sam_av": 0.041316374843315365, "sam_/ori_av": 1.5547889581873784}, "DDC": 1.0, "LCC": 0.07786728158742134, "GCC": 0.014894923294577042}}