{"rate-5": {"ANB_G": 0.0017330575312231034, "SP": 8.612270693130188, "ACE": 0.011117932434481382, "ANB": 0.009503459042609458, "ACC": 0.11962302915552207, "CC": 1, "QCS": 0.42315119164160275, "SCS": {"ori-": 9.901123909967088, "sam_": 7.189849068814487, "ori-av": 0.137515609860654, "sam_av": 0.1997180296892913, "sam_/ori_av": 1.4523298837976844}, "DDC": 2.8092673742818874e-09, "LCC": 0.05977316941284146, "GCC": 0.04764065335753176}, "rate-10": {"ANB_G": 0.0014563294401020242, "SP": 14.318735402362055, "ACE": 0.005799897968173316, "ANB": 0.002309628062810077, "ACC": 0.07415410977800656, "CC": 2, "QCS": 0.41349396803616134, "SCS": {"ori-": 16.150238975235812, "sam_": 10.401408608065942, "ori-av": 0.1774751535740199, "sam_av": 0.22611757843621613, "sam_/ori_av": 1.2740801959182912}, "DDC": 0.0004204123604194532, "LCC": 0.1476369734069897, "GCC": 0.042590202570001685}, "rate-15": {"ANB_G": 0.0020700658670484108, "SP": 14.423621738980133, "ACE": 0.002720513081706951, "ANB": 0.001532444991266705, "ACC": 0.10865903103535011, "CC": 2, "QCS": 0.367785390909778, "SCS": {"ori-": 25.36420204241549, "sam_": 15.672022097016614, "ori-av": 0.20621302473508527, "sam_av": 0.25277454995188087, "sam_/ori_av": 1.22579332841178}, "DDC": 4.8237969174635964e-11, "LCC": 0.16676041738542782, "GCC": 0.10598776670826258}, "rate-20": {"ANB_G": 0.0005753131141260867, "SP": 5.295010186419426, "ACE": 0.006514682281766824, "ANB": 0.001338009403868987, "ACC": 0.19281405232238039, "CC": 1, "QCS": 0.40987500934791793, "SCS": {"ori-": 24.821629096190975, "sam_": 15.21511838311564, "ori-av": 0.22565117360173614, "sam_av": 0.27663851605664797, "sam_/ori_av": 1.225956469186826}, "DDC": 2.268312204734002e-10, "LCC": 0.16481009830691584, "GCC": 0.056341000211014985}, "rate-25": {"ANB_G": 0.0008141385880103184, "SP": 7.994848912988848, "ACE": 0.004231131653953308, "ANB": 0.0017430473244427658, "ACC": 0.1278880128549018, "CC": 1, "QCS": 0.3420174392809987, "SCS": {"ori-": 26.94290781364554, "sam_": 13.94482786538555, "ori-av": 0.3169753860428887, "sam_av": 0.32429832245082674, "sam_/ori_av": 1.0231025395989175}, "DDC": 0.9374870093092258, "LCC": 0.15243787532935463, "GCC": 0.01151594014313598}, "rate-30": {"ANB_G": 0.00041005595748544655, "SP": 4.919491064966137, "ACE": 0.004927709011026894, "ANB": 0.0008138478124929734, "ACC": 0.20700170568720838, "CC": 1, "QCS": 0.33064182747374166, "SCS": {"ori-": 29.431325979849063, "sam_": 16.81644599038755, "ori-av": 0.26277969624865233, "sam_av": 0.29502536825241316, "sam_/ori_av": 1.1227099066788202}, "DDC": 2.299271883998699e-13, "LCC": 0.1834322366982808, "GCC": 0.06931734925185254}, "rate-35": {"ANB_G": 0.0009410937625234727, "SP": 12.563216848199747, "ACE": 0.0010266025368088334, "ANB": 0.00046922970034325256, "ACC": 0.09892238943913105, "CC": 2, "QCS": 0.39734545397790244, "SCS": {"ori-": 45.7731268151314, "sam_": 25.770376877907715, "ori-av": 0.28788130072409684, "sam_av": 0.31815280096182363, "sam_/ori_av": 1.105152714544453}, "DDC": 3.5482727867020003e-13, "LCC": 0.1511966637430664, "GCC": 0.11393013647176663}, "rate-40": {"ANB_G": 0.0010494025206131256, "SP": 19.511872051171085, "ACE": 0.003659474124868653, "ANB": 0.0003574510608733475, "ACC": 0.11602885892139471, "CC": 3, "QCS": 0.5512564624639178, "SCS": {"ori-": 47.11677266667916, "sam_": 25.905354507170703, "ori-av": 0.27553668226128164, "sam_av": 0.30122505240896164, "sam_/ori_av": 1.093230309434156}, "DDC": 2.885469641000782e-13, "LCC": 0.15901640854258342, "GCC": 0.0560097896646956}}