{"rate-5": {"ANB_G": 0.0014965164394953835, "SP": 6.113026897264932, "ANB": 0.006383304490967467, "ACC": 0.1676701284450861, "CC": 1, "QCS": 0.43548080253098403, "SCS": {"ori-": 8.816925334271621, "sam_": 6.115001108454384, "ori-av": 0.13159590051151673, "sam_av": 0.1798529737780701, "sam_/ori_av": 1.3667065089336132}, "DDC": 2.2178925362936752e-12, "LCC": 0.1253840133126944, "GCC": 0.12463537523203394}, "rate-10": {"ANB_G": 0.001077522294716626, "SP": 6.2914118783533715, "ANB": 0.003298885210943508, "ACC": 0.1639062155061403, "CC": 1, "QCS": 0.42279178366425324, "SCS": {"ori-": 18.87776467743517, "sam_": 11.87183241773572, "ori-av": 0.19461613069520795, "sam_av": 0.24228229423950448, "sam_/ori_av": 1.2449240120745564}, "DDC": 1.89637194836223e-12, "LCC": 0.14165996943988854, "GCC": 0.44980777445536096}, "rate-15": {"ANB_G": 0.001100956508381092, "SP": 5.750235481837903, "ANB": 0.001973508717007853, "ACC": 0.17838601433503742, "CC": 1, "QCS": 0.3028634373126437, "SCS": {"ori-": 20.881766524980492, "sam_": 12.753927486671719, "ori-av": 0.19887396690457612, "sam_av": 0.24064014125795696, "sam_/ori_av": 1.2100132812929765}, "DDC": 2.1094237467877974e-15, "LCC": 0.14387695659910676, "GCC": 0.05683139738541944}, "rate-20": {"ANB_G": 0.001796388179217872, "SP": 6.0961960229333085, "ANB": 0.0015876000071443264, "ACC": 0.1733057727583286, "CC": 1, "QCS": 0.38944270407513615, "SCS": {"ori-": 31.984518577986226, "sam_": 19.72258745721457, "ori-av": 0.2284608469856159, "sam_av": 0.28175124938877955, "sam_/ori_av": 1.2332583596108215}, "DDC": 6.381573269820251e-09, "LCC": 0.15264686206795602, "GCC": 0.04789227166276347}, "rate-25": {"ANB_G": 0.0010408687576804162, "SP": 11.109161642837151, "ANB": 0.0006261816244444282, "ACC": 0.10135478064723857, "CC": 2, "QCS": 0.40772009653057273, "SCS": {"ori-": 35.60338611176824, "sam_": 20.98223916693814, "ori-av": 0.2697226220588503, "sam_av": 0.31316774876027076, "sam_/ori_av": 1.161073351466757}, "DDC": 0.0035395731216035786, "LCC": 0.13129765961057838, "GCC": 0.08289890528911166}, "rate-30": {"ANB_G": 0.0007661415643730754, "SP": 16.896044685801908, "ANB": 0.00043270988650139224, "ACC": 0.08589803828277322, "CC": 3, "QCS": 0.3320608053239533, "SCS": {"ori-": 38.68060255401127, "sam_": 21.860609262429026, "ori-av": 0.24795258047443122, "sam_av": 0.2767165729421396, "sam_/ori_av": 1.1160060218476915}, "DDC": 0.8416366991174851, "LCC": 0.09764805057665836, "GCC": 0.025848457350272233}, "rate-35": {"ANB_G": 0.0012032758314262032, "SP": 15.293140993729864, "ANB": 0.0006188267222295901, "ACC": 0.06932930827007656, "CC": 2, "QCS": 0.3860011966553363, "SCS": {"ori-": 41.00983401299579, "sam_": 21.82427054288719, "ori-av": 0.31068056070451355, "sam_av": 0.32573538123712226, "sam_/ori_av": 1.0484575555627609}, "DDC": 0.06708372990403422, "LCC": 0.1597762064576443, "GCC": 0.03123524908022016}, "rate-40": {"ANB_G": 0.0009597092001760341, "SP": 12.773112093358101, "ANB": 0.0005189748248539465, "ACC": 0.09439087005949973, "CC": 2, "QCS": 0.22114721103550494, "SCS": {"ori-": 36.73209263938427, "sam_": 19.954479199889942, "ori-av": 0.2533247768233398, "sam_av": 0.2733490301354787, "sam_/ori_av": 1.0790457750056683}, "DDC": 0.5993066101845217, "LCC": 0.2577025743899118, "GCC": 0.004780795442986471}}