{"rate-5": {"ANB_G": 0.001595757627784952, "SP": 4.943826610311084, "ACE": 0.016371720450807536, "ANB": 0.004923628726980122, "ACC": 0.20821821507336707, "CC": 1, "QCS": 0.30659913058353466, "SCS": {"ori-": 9.3474774009321, "sam_": 6.448231982681332, "ori-av": 0.12982607501294582, "sam_av": 0.17911755507448143, "sam_/ori_av": 1.3796731901247143}, "DDC": 1.7807550145576556e-07, "LCC": 0.11651721104689775, "GCC": 0.06509046349023283}, "rate-10": {"ANB_G": 0.0010648987952531302, "SP": 9.207208150791537, "ACE": 0.01335196071981902, "ANB": 0.0016858282206944786, "ACC": 0.25843674310880854, "CC": 2, "QCS": 0.13660501267476732, "SCS": {"ori-": 11.713567182174492, "sam_": 7.574462337867817, "ori-av": 0.16268843308575684, "sam_av": 0.21040173160743936, "sam_/ori_av": 1.2932802143132802}, "DDC": 0.8907220942806581, "LCC": 0.3115109051259627, "GCC": 0.00416416154751013}, "rate-15": {"ANB_G": 0.0017057034864775525, "SP": 5.729800967854488, "ACE": 0.011142691205537434, "ANB": 0.001965019097571449, "ACC": 0.1977643604626837, "CC": 1, "QCS": 0.2246394920191614, "SCS": {"ori-": 15.965148747458832, "sam_": 9.614082027186296, "ori-av": 0.21006774667708988, "sam_av": 0.2530021586101657, "sam_/ori_av": 1.2043836458105743}, "DDC": 0.30409587925794834, "LCC": 0.4521967575568698, "GCC": 0.004973916198289558}, "rate-20": {"ANB_G": 0.0012764563748756505, "SP": 10.689415634514225, "ACE": 0.007574291038224624, "ANB": 0.0012332039051857519, "ACC": 0.10292699554181763, "CC": 2, "QCS": 0.2946628048336476, "SCS": {"ori-": 23.168102081463296, "sam_": 13.4126363611634, "ori-av": 0.2758107390650392, "sam_av": 0.31192177584100933, "sam_/ori_av": 1.1309268699920154}, "DDC": 0.9325911963433127, "LCC": 0.22222864956189436, "GCC": 0.0066755732714251295}, "rate-25": {"ANB_G": 0.00150296669083943, "SP": 7.9306912729481684, "ACE": 0.006402203886323246, "ANB": 0.0017270598736476826, "ACC": 0.13377481358490287, "CC": 1, "QCS": 0.20391533803750025, "SCS": {"ori-": 26.64592196412511, "sam_": 14.94286335721722, "ori-av": 0.2804833890960538, "sam_av": 0.31130965327535876, "sam_/ori_av": 1.1099040634051531}, "DDC": 0.887678852528251, "LCC": 0.21501880869753692, "GCC": 0.004457221020556819}, "rate-30": {"ANB_G": 0.000829859308104286, "SP": 11.6081977964284, "ACE": 0.004626884424387623, "ANB": 0.0005407363174316028, "ACC": 0.13123038546777585, "CC": 2, "QCS": 0.4226536350290124, "SCS": {"ori-": 39.68794289250836, "sam_": 22.56032122756122, "ori-av": 0.26458628595005573, "sam_av": 0.30080428303414963, "sam_/ori_av": 1.1368853905411052}, "DDC": 4.4442227675745016e-13, "LCC": 0.1575679465421356, "GCC": 0.04893020615264521}, "rate-35": {"ANB_G": 0.0006322139897838824, "SP": 14.77642842994508, "ACE": 0.0028173051414878366, "ANB": 0.0004246216035159087, "ACC": 0.08892340040574845, "CC": 3, "QCS": 0.5578689509093668, "SCS": {"ori-": 41.5939350303022, "sam_": 23.16780815300867, "ori-av": 0.2567526853722358, "sam_av": 0.28602232287665025, "sam_/ori_av": 1.113999343227822}, "DDC": 0.01016942074180116, "LCC": 0.1328950955616561, "GCC": 0.02777590698828492}, "rate-40": {"ANB_G": 0.0009532380586931357, "SP": 15.087266873592629, "ACE": 0.0008994263511328742, "ANB": 0.0009491308926449407, "ACC": 0.12000786206622341, "CC": 2, "QCS": 0.4552256290669799, "SCS": {"ori-": 42.624945463892075, "sam_": 23.049145592623603, "ori-av": 0.2822844070456429, "sam_av": 0.30327823148188954, "sam_/ori_av": 1.0743711799598343}, "DDC": 2.348572994870235e-05, "LCC": 0.1649867717261179, "GCC": 0.11356568537406744}}