{"rate-5": {"ANB_G": 0.0018955631454735966, "SP": 7.19698574236886, "ANB": 0.007736561476115918, "ACC": 0.14648807583688134, "CC": 1, "QCS": 0.3644911592569045, "SCS": {"ori-": 10.476986886175702, "sam_": 7.033226411971945, "ori-av": 0.14967124123108144, "sam_av": 0.2009493260563413, "sam_/ori_av": 1.3426047943712196}, "DDC": 8.111589178128042e-11, "LCC": 0.09997090994887507, "GCC": 0.2253381424706943}, "rate-10": {"ANB_G": 0.001172343969026577, "SP": 2.7281495016740185, "ANB": 0.0010773999386995109, "ACC": 0.3775490581365627, "CC": 1, "QCS": 0.22444820702676657, "SCS": {"ori-": 7.9634020704022745, "sam_": 4.876705312823401, "ori-av": 0.2095632123790072, "sam_av": 0.2566687006749159, "sam_/ori_av": 1.2247793768818338}, "DDC": 0.1897651130950906, "LCC": 0.4244175609515902, "GCC": 0.0029186651699152975}, "rate-15": {"ANB_G": 0.0012059483546833709, "SP": 6.60900843873128, "ANB": 0.0023302901698094244, "ACC": 0.15496433301376247, "CC": 1, "QCS": 0.3017861635303572, "SCS": {"ori-": 22.43482374747555, "sam_": 12.435836326073895, "ori-av": 0.2670812350889947, "sam_av": 0.28920549595520684, "sam_/ori_av": 1.0828371969256474}, "DDC": 0.009734464866459569, "LCC": 0.09683681651523875, "GCC": 0.02621264465754698}, "rate-20": {"ANB_G": 0.001278624200768935, "SP": 7.928573021959036, "ANB": 0.00114641159295822, "ACC": 0.22136952275015334, "CC": 2, "QCS": 0.18763159287594286, "SCS": {"ori-": 19.377109635596632, "sam_": 11.28453930716114, "ori-av": 0.2422138704449579, "sam_av": 0.28211348267902847, "sam_/ori_av": 1.1647288495938453}, "DDC": 0.15319166746921176, "LCC": 0.4687841028495988, "GCC": 0.0035066506985212444}, "rate-25": {"ANB_G": 0.0015389814393683482, "SP": 13.194441819583265, "ANB": 0.0006962273218324443, "ACC": 0.07826688191279102, "CC": 2, "QCS": 0.4337588465604314, "SCS": {"ori-": 44.47116834004878, "sam_": 26.1781723658828, "ori-av": 0.2631430079292827, "sam_av": 0.3079784984221506, "sam_/ori_av": 1.1703845025018373}, "DDC": 5.6795038222201555e-05, "LCC": 0.1163141923143217, "GCC": 0.03472994211676314}, "rate-30": {"ANB_G": 0.0014627737848818265, "SP": 17.462007620207515, "ANB": 0.0008559921209420453, "ACC": 0.0636649867516113, "CC": 2, "QCS": 0.3742676459432271, "SCS": {"ori-": 37.88399532634405, "sam_": 21.192071661647013, "ori-av": 0.24599996965158474, "sam_av": 0.27169322643137195, "sam_/ori_av": 1.1044441461361851}, "DDC": 0.3211126729214048, "LCC": 0.10064559697493644, "GCC": 0.08323147216822202}, "rate-35": {"ANB_G": 0.0011917898451626573, "SP": 15.290320693253866, "ANB": 0.0008787423196719631, "ACC": 0.07541477153108374, "CC": 2, "QCS": 0.3714881805004335, "SCS": {"ori-": 42.385667621935426, "sam_": 23.98704720096511, "ori-av": 0.25844919281667944, "sam_av": 0.2890005686863266, "sam_/ori_av": 1.1182103744905776}, "DDC": 0.9881281984506463, "LCC": 0.15040904912504596, "GCC": 0.03965825446898002}, "rate-40": {"ANB_G": 0.0008503093686433159, "SP": 15.340447010396481, "ANB": 0.00021855149831461067, "ACC": 0.07112961836754075, "CC": 3, "QCS": 0.30681011079896714, "SCS": {"ori-": 48.35244411003341, "sam_": 26.239278354053752, "ori-av": 0.2671405751935548, "sam_av": 0.28834371817641485, "sam_/ori_av": 1.0793707319357888}, "DDC": 0.6473930207508138, "LCC": 0.15808498905267881, "GCC": 0.02208660877228719}}