{"rate-5": {"ANB_G": 0.002332633834495476, "SP": 7.406586274040925, "ACE": 0.010911365401433518, "ANB": 0.007998235048740239, "ACC": 0.1420960274740129, "CC": 1, "QCS": 0.28096603618489563, "SCS": {"ori-": 13.162421525834716, "sam_": 7.865584562435837, "ori-av": 0.20566283634116744, "sam_av": 0.2457995175761199, "sam_/ori_av": 1.1951576762676317}, "DDC": 0.08073752978144999, "LCC": 0.12307778050961558, "GCC": 0.028989687747890677}, "rate-10": {"ANB_G": 0.0012452102624495973, "SP": 17.890589376901538, "ACE": 0.0067801750122741585, "ANB": 0.0013251932416062796, "ACC": 0.07058371720584024, "CC": 3, "QCS": 0.2957742845896322, "SCS": {"ori-": 19.88565411030085, "sam_": 11.911327900289338, "ori-av": 0.22857073690000979, "sam_av": 0.2707119977338486, "sam_/ori_av": 1.184368574058865}, "DDC": 0.1004337993685459, "LCC": 0.15630350179596578, "GCC": 0.09093822610367759}, "rate-15": {"ANB_G": 0.0008285638366168364, "SP": 9.878622746435445, "ACE": 0.010694792468662125, "ANB": 0.0008852479083724273, "ACC": 0.22902268447670315, "CC": 2, "QCS": 0.27303025429117506, "SCS": {"ori-": 15.437558825132523, "sam_": 9.74614231166886, "ori-av": 0.20861565979908817, "sam_av": 0.26340925166672596, "sam_/ori_av": 1.262653301868172}, "DDC": 0.5052855626224995, "LCC": 0.39620787353741244, "GCC": 0.0061112298707222245}, "rate-20": {"ANB_G": 0.000681886039392709, "SP": 9.954475361453026, "ACE": 0.008860497744019081, "ANB": 0.0006053636312686507, "ACC": 0.15857182261076452, "CC": 2, "QCS": 0.45010462130085827, "SCS": {"ori-": 18.613298632360728, "sam_": 10.812337576471778, "ori-av": 0.25851803656056566, "sam_av": 0.3003427104575494, "sam_/ori_av": 1.1617862894730173}, "DDC": 0.1694874278359717, "LCC": 0.4087123938090924, "GCC": 0.0029679445081752355}, "rate-25": {"ANB_G": 0.0009411841084668055, "SP": 6.604457375524395, "ACE": 0.0070524215209864126, "ANB": 0.001396575473591923, "ACC": 0.16299824584132502, "CC": 1, "QCS": 0.16484868260834193, "SCS": {"ori-": 29.001420200447793, "sam_": 16.670134712374978, "ori-av": 0.26127405585989005, "sam_av": 0.29768097700669605, "sam_/ori_av": 1.139343805212445}, "DDC": 0.35462531515807516, "LCC": 0.3465999446238703, "GCC": 0.004315414302132664}, "rate-30": {"ANB_G": 0.0009194450558357651, "SP": 12.039217540213393, "ACE": 0.0011982846713079853, "ANB": 0.0007258707320751916, "ACC": 0.17108333836186668, "CC": 2, "QCS": 0.572388398606649, "SCS": {"ori-": 35.92008438571929, "sam_": 21.43310950780667, "ori-av": 0.2460279752446527, "sam_av": 0.2896366149703604, "sam_/ori_av": 1.1772507361504025}, "DDC": 2.2100099528188366e-12, "LCC": 0.16566977787892534, "GCC": 0.0894471987573675}, "rate-35": {"ANB_G": 0.0007322267621804208, "SP": 17.236382923492965, "ACE": 0.005137766871209595, "ANB": 0.00019522815858992554, "ACC": 0.09504224241690215, "CC": 4, "QCS": 0.26062009435919253, "SCS": {"ori-": 25.990990468587626, "sam_": 13.552590259005306, "ori-av": 0.2573365392929468, "sam_av": 0.2657370639020648, "sam_/ori_av": 1.032644118989861}, "DDC": 0.4976115415517621, "LCC": 0.30271192182891643, "GCC": 0.011431704698115842}, "rate-40": {"ANB_G": 0.001120372836225754, "SP": 13.945479458206137, "ACE": 0.003902593187697757, "ANB": 0.0005231489675051769, "ACC": 0.0784254452757679, "CC": 2, "QCS": 0.32826333385359335, "SCS": {"ori-": 41.21858670166704, "sam_": 22.605947540847403, "ori-av": 0.2747905780111136, "sam_av": 0.30141263387796535, "sam_/ori_av": 1.0968812542975002}, "DDC": 1.0, "LCC": 0.20032342396252634, "GCC": 0.00947380191079853}}