{"rate-5": {"ANB_G": 0.0012898707938235436, "SP": 5.294997251578401, "ACE": 0.017373356568447063, "ANB": 0.005362044009461172, "ACC": 0.1946327998103781, "CC": 1, "QCS": 0.4289206206417978, "SCS": {"ori-": 8.814809318644583, "sam_": 6.140395308378513, "ori-av": 0.14217434384910618, "sam_av": 0.1980772680122101, "sam_/ori_av": 1.393199804195582}, "DDC": 5.516309631303784e-11, "LCC": 0.09276875739966933, "GCC": 0.03214285714285714}, "rate-10": {"ANB_G": 0.0013402626412773704, "SP": 11.172898073717747, "ACE": 0.0035671289714936487, "ANB": 0.002115856527835791, "ACC": 0.10339323109346682, "CC": 2, "QCS": 0.39194724521276386, "SCS": {"ori-": 15.995049854387178, "sam_": 10.330208314229179, "ori-av": 0.18598895179519975, "sam_av": 0.24023740265649252, "sam_/ori_av": 1.291675663192231}, "DDC": 1.1546107294591046e-05, "LCC": 0.14613682418334267, "GCC": 0.178005657708628}, "rate-15": {"ANB_G": 0.0017838729319648618, "SP": 17.637822942404426, "ACE": 0.004788364980837342, "ANB": 0.0016842524616256674, "ACC": 0.06055262463290214, "CC": 2, "QCS": 0.34357096009653837, "SCS": {"ori-": 25.66691479275074, "sam_": 16.0781120900327, "ori-av": 0.23765661845139577, "sam_av": 0.29774281648208706, "sam_/ori_av": 1.2528277917199255}, "DDC": 0.0037778647623814, "LCC": 0.06884629434171849, "GCC": 0.047976217699519784}, "rate-20": {"ANB_G": 0.0006541286810386309, "SP": 11.314833450552086, "ACE": 0.006178193077556878, "ANB": 0.0011672846511030278, "ACC": 0.20216569873651916, "CC": 2, "QCS": 0.30672291095595866, "SCS": {"ori-": 26.300734976935477, "sam_": 16.647244902296183, "ori-av": 0.21557979489291373, "sam_av": 0.272905654136003, "sam_/ori_av": 1.2659148055668439}, "DDC": 2.00083505319526e-10, "LCC": 0.16176729982155555, "GCC": 0.061851863248915284}, "rate-25": {"ANB_G": 0.0006734741429268257, "SP": 5.028425045342546, "ACE": 0.0014390337769425155, "ANB": 0.0010038437690860994, "ACC": 0.20372544447132973, "CC": 1, "QCS": 0.5569258965110256, "SCS": {"ori-": 27.602996245394475, "sam_": 17.09370655888611, "ori-av": 0.21233074034918828, "sam_av": 0.25899555392251683, "sam_/ori_av": 1.2197741763467032}, "DDC": 9.068301665138279e-13, "LCC": 0.1753845799134891, "GCC": 0.1588406006092615}, "rate-30": {"ANB_G": 0.000727398857957767, "SP": 8.0722179636676, "ACE": 0.0011975406013134638, "ANB": 0.0007911163936529767, "ACC": 0.18425694054850159, "CC": 2, "QCS": 0.38879010178097556, "SCS": {"ori-": 27.966260841858244, "sam_": 16.302932983950598, "ori-av": 0.23902787044323284, "sam_av": 0.27171554973250994, "sam_/ori_av": 1.1367525854983516}, "DDC": 8.237854842718662e-14, "LCC": 0.1842152710622947, "GCC": 0.11855374849759616}, "rate-35": {"ANB_G": 0.0010356899472797043, "SP": 11.387628534280553, "ACE": 0.005101158269249627, "ANB": 0.00043022589521236985, "ACC": 0.09247356105664764, "CC": 2, "QCS": 0.28612772126300334, "SCS": {"ori-": 31.59251913257638, "sam_": 17.694802789445934, "ori-av": 0.2846172894826701, "sam_av": 0.31597862124010595, "sam_/ori_av": 1.1101877254696622}, "DDC": 0.9364487420622365, "LCC": 0.29937838367744757, "GCC": 0.016427799482924364}, "rate-40": {"ANB_G": 0.00109948783014575, "SP": 15.26865266065436, "ACE": 0.003875421338936004, "ANB": 0.001073857708978124, "ACC": 0.09444451884126484, "CC": 2, "QCS": 0.24648829560900024, "SCS": {"ori-": 45.96279201182327, "sam_": 25.48572382717583, "ori-av": 0.28372093834458806, "sam_av": 0.3108015100875101, "sam_/ori_av": 1.0954479140698168}, "DDC": 1.0, "LCC": 0.23310377509116192, "GCC": 0.022421142907591216}}