{"rate-5": {"ANB_G": 0.0011575055404282352, "SP": 6.984270332885098, "ANB": 0.007470999167147428, "ACC": 0.14677883564376903, "CC": 1, "QCS": 0.3812271396903931, "SCS": {"ori-": 11.285181949533284, "sam_": 7.760226546346505, "ori-av": 0.16121688499333262, "sam_av": 0.221720758467043, "sam_/ori_av": 1.3752948921957686}, "DDC": 7.13527371076772e-07, "LCC": 0.09414429452558529, "GCC": 0.05596382136800452}, "rate-10": {"ANB_G": 0.0010648589261801752, "SP": 8.851734345115474, "ANB": 0.004895096225134341, "ACC": 0.11514554933669818, "CC": 1, "QCS": 0.5165381003933053, "SCS": {"ori-": 19.229904866418483, "sam_": 12.86428875343695, "ori-av": 0.17169557916445075, "sam_av": 0.22971944202565983, "sam_/ori_av": 1.3379461669518793}, "DDC": 5.551115123125783e-16, "LCC": 0.13287269169699503, "GCC": 0.12696422273600064}, "rate-15": {"ANB_G": 0.0007625910529611364, "SP": 5.944230798404102, "ANB": 0.002054105026341542, "ACC": 0.1717286026604614, "CC": 1, "QCS": 0.4144040924643184, "SCS": {"ori-": 26.71083948019894, "sam_": 17.20220116514647, "ori-av": 0.22636304644236388, "sam_av": 0.291562731612652, "sam_/ori_av": 1.2880314883325674}, "DDC": 3.793726222056648e-09, "LCC": 0.12922791756497792, "GCC": 0.06251648641519388}, "rate-20": {"ANB_G": 0.0011205222345403146, "SP": 10.780871871849904, "ANB": 0.001628969466836449, "ACC": 0.13490178428706032, "CC": 2, "QCS": 0.5250230210547784, "SCS": {"ori-": 31.008813765620175, "sam_": 16.476111279492834, "ori-av": 0.3370523235393497, "sam_av": 0.3581763321628877, "sam_/ori_av": 1.0626727874227866}, "DDC": 0.8441312352359799, "LCC": 0.09278817232270213, "GCC": 0.01352258064516129}, "rate-25": {"ANB_G": 0.0009579891796817625, "SP": 14.726160338900357, "ANB": 0.00033564366329124593, "ACC": 0.14699624031465314, "CC": 3, "QCS": 0.1409897912177775, "SCS": {"ori-": 23.813393016738626, "sam_": 12.989002794624799, "ori-av": 0.25884122844281116, "sam_av": 0.28236962597010434, "sam_/ori_av": 1.0908989563557554}, "DDC": 0.1664321286714343, "LCC": 0.37811566037871536, "GCC": 0.0034737213205633575}, "rate-30": {"ANB_G": 0.0012792827082357251, "SP": 12.311153472205898, "ANB": 0.000534185220289502, "ACC": 0.08709951335302288, "CC": 2, "QCS": 0.4213872307640916, "SCS": {"ori-": 32.49211727304756, "sam_": 18.04310557390778, "ori-av": 0.2620332038148997, "sam_av": 0.28639850117313936, "sam_/ori_av": 1.0929855339075705}, "DDC": 0.9999999999766332, "LCC": 0.2203003209091522, "GCC": 0.03285968405456236}, "rate-35": {"ANB_G": 0.0007834208780331552, "SP": 16.600201495150642, "ANB": 0.0002814101726101285, "ACC": 0.06514053666661317, "CC": 3, "QCS": 0.41304855247777256, "SCS": {"ori-": 38.85568144601426, "sam_": 22.26619440609116, "ori-av": 0.24907488106419398, "sam_av": 0.2854640308473226, "sam_/ori_av": 1.1460972283822954}, "DDC": 0.02401730769991972, "LCC": 0.09378172631246584, "GCC": 0.011608841783294507}, "rate-40": {"ANB_G": 0.0007374906794509718, "SP": 14.605729722489913, "ANB": 0.00023393354151806398, "ACC": 0.08832281747963708, "CC": 3, "QCS": 0.5399641388393348, "SCS": {"ori-": 44.479524712234046, "sam_": 24.916611329825866, "ori-av": 0.2679489440496027, "sam_av": 0.29662632535506983, "sam_/ori_av": 1.1070255432697595}, "DDC": 0.9858440293332307, "LCC": 0.27420436588047237, "GCC": 0.020410205102551277}}