{"rate-5": {"ANB_G": 0.002234503344772839, "SP": 4.480846451741133, "ANB": 0.004345626032136254, "ACC": 0.23252478113895908, "CC": 1, "QCS": 0.38815421606792344, "SCS": {"ori-": 6.489428013087194, "sam_": 4.332694558190366, "ori-av": 0.15451019078779032, "sam_av": 0.20631878848525553, "sam_/ori_av": 1.3353086125472522}, "DDC": 0.9996589834393979, "LCC": 0.03663867415443834, "GCC": 0.0012408759124087592}, "rate-10": {"ANB_G": 0.0014010748761807273, "SP": 11.906825189675633, "ANB": 0.0016581887266525082, "ACC": 0.09077919503936896, "CC": 2, "QCS": 0.5624947643359243, "SCS": {"ori-": 18.001648363243678, "sam_": 10.328970988602526, "ori-av": 0.2857404502102171, "sam_av": 0.32278034339382894, "sam_/ori_av": 1.1296277553855671}, "DDC": 0.0022258984093522782, "LCC": 0.2067881612897127, "GCC": 0.061349021325864846}, "rate-15": {"ANB_G": 0.0008677099931772907, "SP": 3.6656037230264693, "ANB": 0.001107438189873893, "ACC": 0.2923577886560463, "CC": 1, "QCS": 0.4127069174746166, "SCS": {"ori-": 11.207083689523653, "sam_": 6.6345783854029365, "ori-av": 0.21552084018314718, "sam_av": 0.25517609174626676, "sam_/ori_av": 1.183997294783284}, "DDC": 0.16891759823214414, "LCC": 0.2917876133677694, "GCC": 0.0019898081834431773}, "rate-20": {"ANB_G": 0.0009640178965275772, "SP": 13.386591770699422, "ANB": 0.0006174403835337702, "ACC": 0.10857956606660604, "CC": 3, "QCS": 0.15490686846401128, "SCS": {"ori-": 21.7992593290393, "sam_": 12.028817914392185, "ori-av": 0.2945845855275581, "sam_av": 0.32510318687546447, "sam_/ori_av": 1.1035987721260159}, "DDC": 0.9732597689171516, "LCC": 0.14269477355070456, "GCC": 0.004259062889637251}, "rate-25": {"ANB_G": 0.0015432552468134131, "SP": 7.257494162709471, "ANB": 0.0015593057968376544, "ACC": 0.14453376400207224, "CC": 1, "QCS": 0.4565714950170301, "SCS": {"ori-": 33.94224228028819, "sam_": 20.071705323522618, "ori-av": 0.2514240168910236, "sam_av": 0.29517213711062673, "sam_/ori_av": 1.1740013573904722}, "DDC": 2.098476481471323e-08, "LCC": 0.13388149125738005, "GCC": 0.04937691622984868}, "rate-30": {"ANB_G": 0.0011160475540034343, "SP": 7.247433052632105, "ANB": 0.0012972244710614791, "ACC": 0.14342325084314916, "CC": 1, "QCS": 0.37638613274927285, "SCS": {"ori-": 31.588784355545695, "sam_": 17.078206088103723, "ori-av": 0.3066872267528708, "sam_av": 0.32842704015584084, "sam_/ori_av": 1.0708859434191174}, "DDC": 0.5364660723312522, "LCC": 0.25227106378014086, "GCC": 0.004587413206031564}, "rate-35": {"ANB_G": 0.0007227949177656995, "SP": 10.452466178069347, "ANB": 0.0006053272875799302, "ACC": 0.14049325206285382, "CC": 2, "QCS": 0.34512711555209313, "SCS": {"ori-": 36.74263031393363, "sam_": 20.543817220134503, "ori-av": 0.26625094430386687, "sam_av": 0.2893495383117536, "sam_/ori_av": 1.0867549749664915}, "DDC": 3.7277624207623295e-16, "LCC": 0.16307078218369853, "GCC": 0.047841547782562166}, "rate-40": {"ANB_G": 0.0008647897764736098, "SP": 15.813084771736081, "ANB": 0.0003448714815233428, "ACC": 0.10782957791355234, "CC": 3, "QCS": 0.391241096790138, "SCS": {"ori-": 37.53400506218388, "sam_": 20.921185656147244, "ori-av": 0.25190607424284484, "sam_av": 0.27894914208196325, "sam_/ori_av": 1.1073537743002104}, "DDC": 0.999987094607804, "LCC": 0.24637018604509403, "GCC": 0.01761763746134065}}