{"rate-5": {"ANB_G": 0.0018200633810430457, "SP": 5.552904786601367, "ACE": 0.010713585997381073, "ANB": 0.005684025950813191, "ACC": 0.18386682864943804, "CC": 1, "QCS": 0.22816459169703962, "SCS": {"ori-": 14.386530705923152, "sam_": 8.893302089273456, "ori-av": 0.26641723529487316, "sam_av": 0.3293815588619799, "sam_/ori_av": 1.2363372756173872}, "DDC": 0.7093720017601327, "LCC": 0.0896408091980441, "GCC": 0.02339916970688137}, "rate-10": {"ANB_G": 0.0010512294283739432, "SP": 7.129627744785276, "ACE": 0.010028841851346467, "ANB": 0.0022322304170014893, "ACC": 0.18936068872518447, "CC": 2, "QCS": 0.4602461368952449, "SCS": {"ori-": 16.505876230275767, "sam_": 11.22385808471051, "ori-av": 0.1460697011528829, "sam_av": 0.19690979095983352, "sam_/ori_av": 1.348053630600224}, "DDC": 1.358252688099526e-08, "LCC": 0.13456758849095982, "GCC": 0.04658861769043248}, "rate-15": {"ANB_G": 0.001501981427482808, "SP": 9.773578800129147, "ACE": 0.00458775863479044, "ANB": 0.0014735526520668432, "ACC": 0.13956863453180826, "CC": 2, "QCS": 0.3154523499056228, "SCS": {"ori-": 19.39672128194088, "sam_": 10.357865522020692, "ori-av": 0.2938897163930436, "sam_av": 0.3138747127885058, "sam_/ori_av": 1.0680016866215711}, "DDC": 0.029905469322975775, "LCC": 0.08469259098833991, "GCC": 0.02552358745888329}, "rate-20": {"ANB_G": 0.0005913377839560695, "SP": 5.009686309475561, "ACE": 0.0017960025917782073, "ANB": 0.0012491234608958176, "ACC": 0.20397075045673713, "CC": 1, "QCS": 0.3886674219063134, "SCS": {"ori-": 28.581337282390358, "sam_": 17.70404158485705, "ori-av": 0.22683601017770125, "sam_av": 0.2766256497633914, "sam_/ori_av": 1.2194961882228725}, "DDC": 7.777112287499222e-13, "LCC": 0.17597159222014663, "GCC": 0.1339479392624729}, "rate-25": {"ANB_G": 0.0005007948516146011, "SP": 6.9740005978963335, "ACE": 0.001438362445009409, "ANB": 0.0009026347437751857, "ACC": 0.18719487490422324, "CC": 2, "QCS": 0.3376578701697545, "SCS": {"ori-": 30.012425620288322, "sam_": 17.786804872605416, "ori-av": 0.2326544621727777, "sam_av": 0.26547469959112563, "sam_/ori_av": 1.1410685920735724}, "DDC": 7.969624959969224e-12, "LCC": 0.1879097071117743, "GCC": 0.11461936924569399}, "rate-30": {"ANB_G": 0.0010337673044195687, "SP": 11.153115873613379, "ACE": 0.001196968139217741, "ANB": 0.0006415971995634894, "ACC": 0.1090161102540004, "CC": 2, "QCS": 0.37732064639458224, "SCS": {"ori-": 38.472164354304134, "sam_": 22.769954825534686, "ori-av": 0.26532527140899403, "sam_av": 0.3077020922369552, "sam_/ori_av": 1.159716489133966}, "DDC": 2.7292000972511943e-06, "LCC": 0.15447882178876005, "GCC": 0.10525055294929772}, "rate-35": {"ANB_G": 0.0009764612537134757, "SP": 12.32258578301597, "ACE": 0.003601158224947467, "ANB": 0.0004892594548434766, "ACC": 0.08338457653573467, "CC": 2, "QCS": 0.28160986291425294, "SCS": {"ori-": 39.64386149656716, "sam_": 22.962013978778373, "ori-av": 0.25742767205563094, "sam_av": 0.2943847945997227, "sam_/ori_av": 1.143563130758162}, "DDC": 0.5147003844823257, "LCC": 0.19986668072149127, "GCC": 0.03577705044902697}, "rate-40": {"ANB_G": 0.0009529185198674285, "SP": 14.415054193588384, "ACE": 0.0008981772000313047, "ANB": 0.0003885061121941134, "ACC": 0.09638190757049579, "CC": 3, "QCS": 0.5240800540436202, "SCS": {"ori-": 47.18880163292447, "sam_": 25.81181246776115, "ori-av": 0.2696502950452827, "sam_av": 0.29331605077001305, "sam_/ori_av": 1.0877646201750164}, "DDC": 8.881784197001252e-16, "LCC": 0.13501744827610493, "GCC": 0.09878023915468295}}