{"rate-5": {"ANB_G": 0.006123902384658403, "SP": 80.68299839544682, "ANB": 0.0008175457519620595, "ACC": 0.047589185225831124, "CC": 59, "QCS": 0.25680617761717867, "SCS": {"ori-": 23.90565844838594, "sam_": 17.35244460094819, "ori-av": 0.1138364688018378, "sam_av": 0.16526137715188752, "sam_/ori_av": 1.451743706488017}, "DDC": 1.031710269217001e-06, "LCC": 0.2968766780121348, "GCC": 0.37395251396648044}, "rate-10": {"ANB_G": 0.0032242146023988335, "SP": 100.4975952782725, "ANB": 0.00048113655565388375, "ACC": 0.05015104841835299, "CC": 72, "QCS": 0.2959778967634221, "SCS": {"ori-": 38.09487611087056, "sam_": 26.73480033297844, "ori-av": 0.139032394565221, "sam_av": 0.19514452797794482, "sam_/ori_av": 1.4035903545227457}, "DDC": 0.0019768973690091896, "LCC": 0.3014695471967142, "GCC": 0.4211635750421585}, "rate-15": {"ANB_G": 0.0026317552435779473, "SP": 97.8842178718276, "ANB": 0.0006020866064505387, "ACC": 0.05897238443249038, "CC": 72, "QCS": 0.5512502274273224, "SCS": {"ori-": 52.65509820861721, "sam_": 35.58745525370177, "ori-av": 0.1720754843418863, "sam_av": 0.23259774675622072, "sam_/ori_av": 1.3517192623098269}, "DDC": 0.004360327286053067, "LCC": 0.3251466858845, "GCC": 0.3245194752364487}, "rate-20": {"ANB_G": 0.002164876957534066, "SP": 72.63571621996554, "ANB": 0.00048092341984429194, "ACC": 0.0638306366203976, "CC": 46, "QCS": 0.3554120570270769, "SCS": {"ori-": 56.524771330653635, "sam_": 36.900953670633285, "ori-av": 0.213301023889259, "sam_av": 0.27745077947844576, "sam_/ori_av": 1.3007475276934997}, "DDC": 0.04384964301186456, "LCC": 0.3201855686166433, "GCC": 0.2733342138281714}, "rate-25": {"ANB_G": 0.0017363819467169617, "SP": 65.74965672488781, "ANB": 0.00038604580824061805, "ACC": 0.0634972209088408, "CC": 37, "QCS": 0.335647502238022, "SCS": {"ori-": 63.33695223823436, "sam_": 39.30536311287139, "ori-av": 0.26612164805980826, "sam_av": 0.330297169015726, "sam_/ori_av": 1.2411510729164539}, "DDC": 0.1277668765202471, "LCC": 0.32693989464510426, "GCC": 0.21265558760987635}, "rate-30": {"ANB_G": 0.0015002649351330357, "SP": 57.74898918413145, "ANB": 0.00035276437402221493, "ACC": 0.06319593597141533, "CC": 33, "QCS": 0.2956303808591187, "SCS": {"ori-": 69.85289250179852, "sam_": 41.69789800053718, "ori-av": 0.2816648891201553, "sam_av": 0.33627337097207405, "sam_/ori_av": 1.193877490455061}, "DDC": 0.2849865467611248, "LCC": 0.3211014527967074, "GCC": 0.17241093534719418}, "rate-35": {"ANB_G": 0.0013982403006440084, "SP": 44.388061672771514, "ANB": 0.00034198046101687065, "ACC": 0.06614541629389602, "CC": 22, "QCS": 0.4016866281089858, "SCS": {"ori-": 71.7509118778055, "sam_": 41.54528235240188, "ori-av": 0.3119604864252413, "sam_av": 0.3612633248034946, "sam_/ori_av": 1.158041933269226}, "DDC": 0.4747766604521345, "LCC": 0.3061515881228759, "GCC": 0.1312974054957781}, "rate-40": {"ANB_G": 0.001385825166893472, "SP": 35.87898788056297, "ANB": 0.0011868797955644093, "ACC": 0.0894579742957287, "CC": 17, "QCS": 0.31389797615056475, "SCS": {"ori-": 73.45000340258483, "sam_": 40.624611188742506, "ori-av": 0.35143542297887476, "sam_av": 0.38690105894040483, "sam_/ori_av": 1.1009165088166482}, "DDC": 0.8585942759172921, "LCC": 0.30951299319419096, "GCC": 0.103195545499621}}