{"rate-5": {"ANB_G": 0.006181191689814878, "SP": 99.4879804336569, "ACE": 0.005990440092673415, "ANB": 0.0008165881070198701, "ACC": 0.04485479854603749, "CC": 75, "QCS": 0.46343453493213643, "SCS": {"ori-": 22.89729337992834, "sam_": 16.649012913328608, "ori-av": 0.0995534494779493, "sam_av": 0.14477402533329226, "sam_/ori_av": 1.454234143492528}, "DDC": 0.00043916553070177944, "LCC": 0.2895364529200472, "GCC": 0.4851316907391674}, "rate-10": {"ANB_G": 0.0037506100493343688, "SP": 89.4975478903592, "ACE": 0.0033531536781658696, "ANB": 0.0006400184174286864, "ACC": 0.05447162072455575, "CC": 65, "QCS": 0.47448675790199785, "SCS": {"ori-": 34.55317919651998, "sam_": 24.268260415216538, "ori-av": 0.14161139014967203, "sam_av": 0.1989201673378405, "sam_/ori_av": 1.404690449882581}, "DDC": 0.0008840687416703519, "LCC": 0.32083211178112003, "GCC": 0.5005585344057194}, "rate-15": {"ANB_G": 0.0028014307417735624, "SP": 92.28117823471169, "ACE": 0.0022068843831760366, "ANB": 0.0003748650626921805, "ACC": 0.05062820581898954, "CC": 63, "QCS": 0.5150003771642828, "SCS": {"ori-": 47.18322576574084, "sam_": 31.98389336446007, "ori-av": 0.17475268802126237, "sam_av": 0.23691772862563015, "sam_/ori_av": 1.3557315272701504}, "DDC": 0.03645999710403869, "LCC": 0.3261999290512219, "GCC": 0.2906362545018007}, "rate-20": {"ANB_G": 0.002360673833399421, "SP": 67.01911137078525, "ACE": 0.0017682113805509653, "ANB": 0.0004967440239093356, "ACC": 0.06388082781593125, "CC": 42, "QCS": 0.49034751537176896, "SCS": {"ori-": 54.01698756738937, "sam_": 34.9473580172405, "ori-av": 0.22507078153078905, "sam_av": 0.2912279834770041, "sam_/ori_av": 1.2939395398027929}, "DDC": 0.049836111032314334, "LCC": 0.31735066349221996, "GCC": 0.25182496775432917}, "rate-25": {"ANB_G": 0.0019026596608698282, "SP": 66.15223337679336, "ACE": 0.0014141468604120652, "ANB": 0.0004390490242371129, "ACC": 0.06342529085616178, "CC": 39, "QCS": 0.45201468579876536, "SCS": {"ori-": 58.546853070278054, "sam_": 36.42832168039231, "ori-av": 0.2649178871958283, "sam_av": 0.3281830782017325, "sam_/ori_av": 1.238810567589716}, "DDC": 0.05951801060108364, "LCC": 0.3219336545749054, "GCC": 0.20894894753006213}, "rate-30": {"ANB_G": 0.0017027402689611208, "SP": 53.321735998571036, "ACE": 0.001197971397243395, "ANB": 0.0003730873549469252, "ACC": 0.06524003067801595, "CC": 29, "QCS": 0.38115689297762734, "SCS": {"ori-": 63.867249311584814, "sam_": 38.08196482048565, "ori-av": 0.29844509024105054, "sam_av": 0.3559062132755668, "sam_/ori_av": 1.1925349919079105}, "DDC": 0.18065926571044766, "LCC": 0.3155053273834944, "GCC": 0.17331047852550854}, "rate-35": {"ANB_G": 0.0012892393747764316, "SP": 62.07796808655841, "ACE": 0.0010237505004676106, "ANB": 0.00031423202123828555, "ACC": 0.06350965755285962, "CC": 34, "QCS": 0.42602023310734194, "SCS": {"ori-": 66.9340829672441, "sam_": 38.886213879414875, "ori-av": 0.2872707423486871, "sam_av": 0.33236080238816135, "sam_/ori_av": 1.1569601542810242}, "DDC": 0.6531988594615825, "LCC": 0.3148285219607784, "GCC": 0.13103977044127807}, "rate-40": {"ANB_G": 0.0012276208351071182, "SP": 39.937591474568855, "ACE": 0.000898649093210295, "ANB": 0.000283239067038315, "ACC": 0.06541358421917992, "CC": 17, "QCS": 0.38021277459507186, "SCS": {"ori-": 68.27337877714682, "sam_": 38.02503442346569, "ori-av": 0.3501198911648555, "sam_av": 0.38801055534148665, "sam_/ori_av": 1.1082219694818487}, "DDC": 0.6355622686873582, "LCC": 0.31478149799659155, "GCC": 0.10757356583379875}}