{"rate-5": {"ANB_G": 0.006082629127740103, "SP": 99.72299262648198, "ACE": 0.0048802943690780575, "ANB": 0.000550858561729972, "ACC": 0.04264438178174654, "CC": 75, "QCS": 0.368085868419415, "SCS": {"ori-": 21.883529852533332, "sam_": 15.969078225760498, "ori-av": 0.09769432969880952, "sam_av": 0.14258105558714732, "sam_/ori_av": 1.4594609126929172}, "DDC": 1.4875954988502471e-05, "LCC": 0.28667548584622016, "GCC": 0.38263456354002046}, "rate-10": {"ANB_G": 0.003827563188922713, "SP": 90.39953757878514, "ACE": 0.0031749810171810586, "ANB": 0.0005038705208170172, "ACC": 0.05147914747976847, "CC": 62, "QCS": 0.2728590079781932, "SCS": {"ori-": 36.55089523382633, "sam_": 25.423472554508297, "ori-av": 0.15357519005809384, "sam_av": 0.2136426265084731, "sam_/ori_av": 1.3911272154549}, "DDC": 0.0011157021147067958, "LCC": 0.32433146255392353, "GCC": 0.41898100528012067}, "rate-15": {"ANB_G": 0.002721532765867792, "SP": 94.48946667439638, "ACE": 0.0023518580563484403, "ANB": 0.0005875586128731696, "ACC": 0.051941686273051325, "CC": 62, "QCS": 0.2212490109003648, "SCS": {"ori-": 45.722826091257694, "sam_": 31.059106700671343, "ori-av": 0.17451460340174693, "sam_av": 0.23709241756237667, "sam_/ori_av": 1.3585821068313146}, "DDC": 0.004899208388478127, "LCC": 0.3228141777414799, "GCC": 0.3524545671667716}, "rate-20": {"ANB_G": 0.0020061561564137286, "SP": 82.37930853553146, "ACE": 0.001794794336900293, "ANB": 0.000518010834692849, "ACC": 0.06232665558319836, "CC": 56, "QCS": 0.3388982357054762, "SCS": {"ori-": 54.07530231245949, "sam_": 35.28536229313914, "ori-av": 0.20329061019721614, "sam_av": 0.2653034758882642, "sam_/ori_av": 1.3050454009208206}, "DDC": 0.014036284134256172, "LCC": 0.3309045727206998, "GCC": 0.27759834700796404}, "rate-25": {"ANB_G": 0.001801008530435883, "SP": 69.8069869742597, "ACE": 0.0014146607839296756, "ANB": 0.0002761573297359024, "ACC": 0.05731209890609369, "CC": 44, "QCS": 0.23885843363505183, "SCS": {"ori-": 58.21141969074704, "sam_": 35.96558130898925, "ori-av": 0.2509112917704614, "sam_av": 0.31004811473266597, "sam_/ori_av": 1.235688169093259}, "DDC": 0.179314148782602, "LCC": 0.32647600248938397, "GCC": 0.1909779996302459}, "rate-30": {"ANB_G": 0.001530349318078941, "SP": 59.6076908542479, "ACE": 0.0011967201940983375, "ANB": 0.0003932947604836656, "ACC": 0.06186851797699301, "CC": 32, "QCS": 0.3045764395013397, "SCS": {"ori-": 62.364013250806835, "sam_": 37.53776194728354, "ori-av": 0.27965925224577054, "sam_av": 0.33515858881503163, "sam_/ori_av": 1.1984534254582326}, "DDC": 0.11519762580521498, "LCC": 0.32036816746645985, "GCC": 0.17067221164095125}, "rate-35": {"ANB_G": 0.0014309972533880439, "SP": 57.084880148431616, "ACE": 0.0010258952866082456, "ANB": 0.00024524348149002864, "ACC": 0.05873237462484621, "CC": 32, "QCS": 0.3637128033895594, "SCS": {"ori-": 66.26697266817249, "sam_": 38.75363840595784, "ori-av": 0.28440760801790765, "sam_av": 0.3312276786834003, "sam_/ori_av": 1.164623130132808}, "DDC": 0.5544459080923623, "LCC": 0.31464148032395095, "GCC": 0.1343477991192342}, "rate-40": {"ANB_G": 0.0012249609669235583, "SP": 38.673465337848796, "ACE": 0.0008987286817120943, "ANB": 0.00030836183814171694, "ACC": 0.06671505889759985, "CC": 17, "QCS": 0.37503237035966847, "SCS": {"ori-": 68.46971638266345, "sam_": 38.880861351289795, "ori-av": 0.3260462684888736, "sam_av": 0.3702939176313314, "sam_/ori_av": 1.1357097241061287}, "DDC": 0.6677032738946211, "LCC": 0.31747756406921124, "GCC": 0.11108480687633165}}