{"rate-5": {"ANB_G": 0.00565020679804638, "SP": 88.18421040935111, "ANB": 0.0005857491506920347, "ACC": 0.04594957322608402, "CC": 68, "QCS": 0.35961157986264064, "SCS": {"ori-": 22.82802860387093, "sam_": 16.831832094128902, "ori-av": 0.0992522982776997, "sam_av": 0.14636375734025134, "sam_/ori_av": 1.4746636589788347}, "DDC": 0.0037006786292635985, "LCC": 0.307955912618013, "GCC": 0.3515608180839612}, "rate-10": {"ANB_G": 0.0035692963724552884, "SP": 101.9331275272904, "ANB": 0.0005020067004077634, "ACC": 0.05139382076951766, "CC": 72, "QCS": 0.5518205520947006, "SCS": {"ori-": 39.35196186772883, "sam_": 27.524193488013132, "ori-av": 0.14683567861092847, "sam_av": 0.20540442901502337, "sam_/ori_av": 1.3988727464479864}, "DDC": 0.0021559395729351394, "LCC": 0.3091335899436281, "GCC": 0.32191468420673597}, "rate-15": {"ANB_G": 0.0030114025285621353, "SP": 83.07155233505188, "ANB": 0.0006014027858075245, "ACC": 0.061381324869471836, "CC": 56, "QCS": 0.3898388641127879, "SCS": {"ori-": 49.45410195789503, "sam_": 33.37087607476658, "ori-av": 0.1887561143431108, "sam_av": 0.25473951202111894, "sam_/ori_av": 1.3495695909382148}, "DDC": 0.022091446992428487, "LCC": 0.3243674914273644, "GCC": 0.3256498234554848}, "rate-20": {"ANB_G": 0.001814996637852075, "SP": 84.0060181467967, "ANB": 0.00029746266005004394, "ACC": 0.05481544555876435, "CC": 56, "QCS": 0.42081597410127813, "SCS": {"ori-": 58.71190656926414, "sam_": 38.22274182050501, "ori-av": 0.21119390852253286, "sam_av": 0.27498375410435255, "sam_/ori_av": 1.3020439653211577}, "DDC": 0.0975373950762981, "LCC": 0.33173842448938495, "GCC": 0.26899805421542233}, "rate-25": {"ANB_G": 0.0018915199790435534, "SP": 66.73549695862332, "ANB": 0.0004906443998560402, "ACC": 0.0638133294826253, "CC": 44, "QCS": 0.30974807687837935, "SCS": {"ori-": 62.962788651944585, "sam_": 38.99664219714224, "ori-av": 0.24985233592041503, "sam_av": 0.3094971602947797, "sam_/ori_av": 1.2387202991504678}, "DDC": 0.13603648005470403, "LCC": 0.32581206016872355, "GCC": 0.20370461621161556}, "rate-30": {"ANB_G": 0.0017079995485550009, "SP": 48.93188474786932, "ANB": 0.00046420497599299374, "ACC": 0.06648926962563387, "CC": 30, "QCS": 0.3708946281037965, "SCS": {"ori-": 69.28535417150242, "sam_": 41.23304904394947, "ori-av": 0.28395636955533776, "sam_av": 0.3379758118356514, "sam_/ori_av": 1.1902385298308522}, "DDC": 0.08579381571127476, "LCC": 0.31640768096207306, "GCC": 0.1691056449985306}, "rate-35": {"ANB_G": 0.0013318632621332153, "SP": 46.10000226059075, "ANB": 0.0002045225914120635, "ACC": 0.05873177398008925, "CC": 22, "QCS": 0.3461475014676378, "SCS": {"ori-": 70.70529620458575, "sam_": 40.94110755242262, "ori-av": 0.3156486437704721, "sam_av": 0.36554560314663054, "sam_/ori_av": 1.1580775345020702}, "DDC": 0.4394485750276327, "LCC": 0.3096101761326553, "GCC": 0.14389548129471966}, "rate-40": {"ANB_G": 0.0012361129249364195, "SP": 34.870479721332345, "ANB": 0.0002992739509739095, "ACC": 0.06735683753730186, "CC": 13, "QCS": 0.3591902248880795, "SCS": {"ori-": 75.41119802055466, "sam_": 42.04741279473992, "ori-av": 0.34912591676182714, "sam_av": 0.38932789624759184, "sam_/ori_av": 1.1151503728472567}, "DDC": 0.7625310828471686, "LCC": 0.309909401562385, "GCC": 0.11431765320268539}}