{"rate-5": {"ANB_G": 0.005694184602938733, "SP": 105.60221495693611, "ANB": 0.0007684771107137146, "ACC": 0.043612841636648345, "CC": 77, "QCS": 0.28397209434891213, "SCS": {"ori-": 22.216147379203804, "sam_": 16.25127680598704, "ori-av": 0.09917922937144555, "sam_av": 0.14510068576774143, "sam_/ori_av": 1.4630148538895285}, "DDC": 0.0002636216170860406, "LCC": 0.2817292474341345, "GCC": 0.5231962150085425}, "rate-10": {"ANB_G": 0.00405154677634149, "SP": 96.77564043063192, "ANB": 0.0005507770708933732, "ACC": 0.05452121291610784, "CC": 70, "QCS": 0.39480944555500874, "SCS": {"ori-": 37.845633026422185, "sam_": 26.640701256316834, "ori-av": 0.14783450400946166, "sam_av": 0.20813047856497527, "sam_/ori_av": 1.4078613105885929}, "DDC": 0.0013002799593936354, "LCC": 0.3313935813542244, "GCC": 0.34799257102240155}, "rate-15": {"ANB_G": 0.0025417644366916904, "SP": 79.48091559415974, "ANB": 0.0005560427860960201, "ACC": 0.05805834708986194, "CC": 50, "QCS": 0.2757116160244335, "SCS": {"ori-": 46.60712621645443, "sam_": 31.05025262189646, "ori-av": 0.2026396792019758, "sam_av": 0.2700021967121431, "sam_/ori_av": 1.3324251093144768}, "DDC": 0.0006337904347856194, "LCC": 0.314520423174942, "GCC": 0.3581711923597748}, "rate-20": {"ANB_G": 0.0023454050422283034, "SP": 78.03431136506768, "ANB": 0.0005425085556292591, "ACC": 0.0637915971804024, "CC": 50, "QCS": 0.3601949127185526, "SCS": {"ori-": 55.921050985159546, "sam_": 36.63438685152902, "ori-av": 0.2102295149818028, "sam_av": 0.27544651768066936, "sam_/ori_av": 1.310218109500522}, "DDC": 0.16975085768787346, "LCC": 0.3237414457159924, "GCC": 0.26700053047717687}, "rate-25": {"ANB_G": 0.0016961101181462784, "SP": 63.280348668147326, "ANB": 0.0002737121563678655, "ACC": 0.058160627695428686, "CC": 37, "QCS": 0.411373698612765, "SCS": {"ori-": 60.96494411931171, "sam_": 38.29299248919622, "ori-av": 0.2594252941247307, "sam_av": 0.3245168855016629, "sam_/ori_av": 1.2509068809059012}, "DDC": 0.0597012662783416, "LCC": 0.31724605312308973, "GCC": 0.21780629674956173}, "rate-30": {"ANB_G": 0.0016256916834809728, "SP": 59.0417474320301, "ANB": 0.00044848380655635595, "ACC": 0.06675061830876937, "CC": 39, "QCS": 0.3919857869692029, "SCS": {"ori-": 66.5345665634823, "sam_": 40.32444348976179, "ori-av": 0.2715696594427849, "sam_av": 0.32784100398180316, "sam_/ori_av": 1.207207773705198}, "DDC": 0.38248117161870576, "LCC": 0.31852085040607314, "GCC": 0.1561896588714868}, "rate-35": {"ANB_G": 0.0014862888099698263, "SP": 45.37847666765099, "ANB": 0.00042858892099053106, "ACC": 0.06922576571676657, "CC": 25, "QCS": 0.3836043874515853, "SCS": {"ori-": 70.50186951783238, "sam_": 41.418704208035585, "ori-av": 0.2913300393298858, "sam_av": 0.34230334056227757, "sam_/ori_av": 1.17496754316733}, "DDC": 0.44577400951769686, "LCC": 0.30796115383805606, "GCC": 0.13217553109009147}, "rate-40": {"ANB_G": 0.0011533498986909406, "SP": 42.00737161852299, "ANB": 0.0003045757090907811, "ACC": 0.0661665707714202, "CC": 20, "QCS": 0.4547730205258908, "SCS": {"ori-": 71.65976214294884, "sam_": 40.80903298733442, "ori-av": 0.31990965242387875, "sam_av": 0.36436636595834304, "sam_/ori_av": 1.1389664650554505}, "DDC": 0.6766810153987164, "LCC": 0.3085150392879904, "GCC": 0.10619144246919814}}