{"rate-5": {"ANB_G": 0.006387052615553763, "SP": 94.81840787381503, "ACE": 0.004857181644294678, "ANB": 0.0008268856979771709, "ACC": 0.04614289386465849, "CC": 73, "QCS": 0.37320461046081577, "SCS": {"ori-": 21.487544285574515, "sam_": 15.964112317747585, "ori-av": 0.09261872536885567, "sam_av": 0.13762165791161712, "sam_/ori_av": 1.4858945355114368}, "DDC": 0.00013605959346163488, "LCC": 0.279776543881453, "GCC": 0.3297432445427445}, "rate-10": {"ANB_G": 0.003932543132287619, "SP": 94.97640295186982, "ACE": 0.003299115999687665, "ANB": 0.0004316072092476673, "ACC": 0.04909318208353026, "CC": 64, "QCS": 0.29401252025073604, "SCS": {"ori-": 34.41406788198986, "sam_": 24.179538841338296, "ori-av": 0.14339194950829107, "sam_av": 0.20149615701115248, "sam_/ori_av": 1.4052124802132058}, "DDC": 0.002282954316107144, "LCC": 0.32064422453375346, "GCC": 0.407799310426822}, "rate-15": {"ANB_G": 0.0025768498026554534, "SP": 98.79949471634804, "ACE": 0.002278187949751901, "ANB": 0.0005507322082120584, "ACC": 0.05708944285457629, "CC": 72, "QCS": 0.30869220387402124, "SCS": {"ori-": 45.662540772032834, "sam_": 30.99458158240631, "ori-av": 0.16787698813247365, "sam_av": 0.22790133516475228, "sam_/ori_av": 1.3575495825843191}, "DDC": 0.004360327286053067, "LCC": 0.3184513316243072, "GCC": 0.3307195261492899}, "rate-20": {"ANB_G": 0.002295134360389992, "SP": 84.67873350637035, "ACE": 0.0017884690680379921, "ANB": 0.0006003668148354557, "ACC": 0.06095942487990309, "CC": 55, "QCS": 0.4032765102192407, "SCS": {"ori-": 55.77116970677893, "sam_": 36.371368947511336, "ori-av": 0.21450449887222664, "sam_av": 0.2797797611347026, "sam_/ori_av": 1.3043071945141733}, "DDC": 0.05140950098205499, "LCC": 0.31719691136627615, "GCC": 0.2511340291469619}, "rate-25": {"ANB_G": 0.0019266479940371604, "SP": 67.67292616802533, "ACE": 0.0014332252191444662, "ANB": 0.0004042652721656447, "ACC": 0.06078664936087409, "CC": 42, "QCS": 0.3807467285881582, "SCS": {"ori-": 60.68234677192125, "sam_": 38.34737897563614, "ori-av": 0.2370404170778174, "sam_av": 0.29958889824715734, "sam_/ori_av": 1.2638726422287978}, "DDC": 0.11469214758973889, "LCC": 0.31899065052529824, "GCC": 0.2144625340725769}, "rate-30": {"ANB_G": 0.0016113199296270322, "SP": 48.28682345744787, "ACE": 0.0011980841846638282, "ANB": 0.00039739189814570546, "ACC": 0.06612710066454106, "CC": 26, "QCS": 0.38808567884235196, "SCS": {"ori-": 64.17408821586804, "sam_": 38.823885997583986, "ori-av": 0.2790177748516002, "sam_av": 0.3375990086746434, "sam_/ori_av": 1.2099552039442667}, "DDC": 0.1411654401509823, "LCC": 0.3118740302981146, "GCC": 0.16564027904582965}, "rate-35": {"ANB_G": 0.001299432443417968, "SP": 41.59263067888344, "ACE": 0.0010258287759237262, "ANB": 0.00032418443240390184, "ACC": 0.06660852293257055, "CC": 19, "QCS": 0.3876725623934981, "SCS": {"ori-": 64.58778953994263, "sam_": 37.33967005210449, "ori-av": 0.32293894769971315, "sam_av": 0.3733967005210449, "sam_/ori_av": 1.1562454859679863}, "DDC": 0.4009567861979374, "LCC": 0.3156877791164944, "GCC": 0.13312041472841307}, "rate-40": {"ANB_G": 0.001157115627997548, "SP": 36.01578104521355, "ACE": 0.0008996548667576312, "ANB": 0.000303150448972018, "ACC": 0.06639178599710374, "CC": 15, "QCS": 0.293858672270613, "SCS": {"ori-": 69.26368042842252, "sam_": 39.035506147458555, "ori-av": 0.33140516951398336, "sam_av": 0.371766725213891, "sam_/ori_av": 1.121789155428985}, "DDC": 0.8000169054799369, "LCC": 0.3011147646087383, "GCC": 0.11408238266434144}}