{"rate-5": {"ANB_G": 0.00662457356795972, "SP": 99.97325985326904, "ANB": 0.000993721404484553, "ACC": 0.04662316757583441, "CC": 80, "QCS": 0.4024947849329721, "SCS": {"ori-": 24.61771744991247, "sam_": 18.137375780039125, "ori-av": 0.09847086979964988, "sam_av": 0.145099006240313, "sam_/ori_av": 1.473522134368604}, "DDC": 0.004699181499329574, "LCC": 0.3021364369469989, "GCC": 0.3645351618561633}, "rate-10": {"ANB_G": 0.004268395456235576, "SP": 105.36964500628883, "ANB": 0.0006169134296198519, "ACC": 0.05146688428169655, "CC": 77, "QCS": 0.4374500671782962, "SCS": {"ori-": 36.91905123532346, "sam_": 26.037091892224907, "ori-av": 0.1357318060122186, "sam_av": 0.19144920508988902, "sam_/ori_av": 1.4104962625536328}, "DDC": 0.005308767056220409, "LCC": 0.3212557347325038, "GCC": 0.28492132558741207}, "rate-15": {"ANB_G": 0.0023175985852629715, "SP": 102.69065788408085, "ANB": 0.00038401701826170064, "ACC": 0.05143366758022227, "CC": 73, "QCS": 0.3658624586037786, "SCS": {"ori-": 49.318866549521125, "sam_": 33.17801966199188, "ori-av": 0.1748895976933373, "sam_av": 0.23530510398575805, "sam_/ori_av": 1.3454493983018772}, "DDC": 0.011377606678079744, "LCC": 0.32317281867270675, "GCC": 0.3390842298609289}, "rate-20": {"ANB_G": 0.0021636216496405034, "SP": 85.16372250112647, "ANB": 0.0004705498267239996, "ACC": 0.05789698595113263, "CC": 54, "QCS": 0.37914761850604833, "SCS": {"ori-": 55.66090170459329, "sam_": 36.23045163616438, "ori-av": 0.21742539728356755, "sam_av": 0.28305040340753423, "sam_/ori_av": 1.3018276932863466}, "DDC": 0.029502720376297753, "LCC": 0.3303017793102688, "GCC": 0.2494828466270854}, "rate-25": {"ANB_G": 0.002055760450286143, "SP": 44.61733754444064, "ANB": 0.000662713912334937, "ACC": 0.07093957785199327, "CC": 27, "QCS": 0.4065712081047098, "SCS": {"ori-": 61.37607029308288, "sam_": 38.046369002033884, "ori-av": 0.2740003138084057, "sam_av": 0.3396997232324454, "sam_/ori_av": 1.2397785918959927}, "DDC": 0.11721062065603993, "LCC": 0.3309288159766647, "GCC": 0.20750698849463495}, "rate-30": {"ANB_G": 0.0014158080913938666, "SP": 48.55492594160036, "ANB": 0.00036942134801685355, "ACC": 0.061275003827103096, "CC": 23, "QCS": 0.28384557103280256, "SCS": {"ori-": 65.19600812632459, "sam_": 39.12423424654674, "ori-av": 0.308985820503908, "sam_av": 0.36909654949572396, "sam_/ori_av": 1.1945420307436265}, "DDC": 0.1043400128412193, "LCC": 0.31426891684760566, "GCC": 0.16961319225338609}, "rate-35": {"ANB_G": 0.001483273387873959, "SP": 29.082100238935745, "ANB": 0.0005548338016758997, "ACC": 0.0721843056965749, "CC": 13, "QCS": 0.40546671050283284, "SCS": {"ori-": 68.04821188355291, "sam_": 39.572600646740476, "ori-av": 0.3419508134851905, "sam_av": 0.39572600646740475, "sam_/ori_av": 1.1572600235517299}, "DDC": 0.3786342081236119, "LCC": 0.3134940362525083, "GCC": 0.12952863861272385}, "rate-40": {"ANB_G": 0.0013174695261223745, "SP": 33.46077314569849, "ANB": 0.00040703256906741, "ACC": 0.07078557718290096, "CC": 14, "QCS": 0.389901991436657, "SCS": {"ori-": 69.99820998525507, "sam_": 39.40907663095848, "ori-av": 0.348249800921667, "sam_av": 0.39018887753424236, "sam_/ori_av": 1.120428142389689}, "DDC": 0.6301175779639361, "LCC": 0.3077317839425572, "GCC": 0.11108846102883468}}