{"rate-5": {"ANB_G": 0.005721648862420036, "SP": 100.83108263359341, "ACE": 0.005481557133095707, "ANB": 0.00047579832917166734, "ACC": 0.04137742944161568, "CC": 78, "QCS": 0.3170556100290647, "SCS": {"ori-": 21.68575288866647, "sam_": 16.04880148260164, "ori-av": 0.08887603642896094, "sam_av": 0.13154755313607902, "sam_/ori_av": 1.4801239841655813}, "DDC": 2.8172218101696345e-06, "LCC": 0.28832738935260405, "GCC": 0.4484490398818316}, "rate-10": {"ANB_G": 0.0037286691957132295, "SP": 91.11903357229471, "ACE": 0.0031749810171810607, "ANB": 0.0005157243799212665, "ACC": 0.052260470667522874, "CC": 67, "QCS": 0.29735417463601777, "SCS": {"ori-": 37.748812193665565, "sam_": 26.49876962496847, "ori-av": 0.14298792497600593, "sam_av": 0.20074825473460964, "sam_/ori_av": 1.4039524999631694}, "DDC": 0.0014343366003202185, "LCC": 0.30652611452142414, "GCC": 0.4037874688886484}, "rate-15": {"ANB_G": 0.003012515583087417, "SP": 96.16005040499068, "ACE": 0.0022779867772870933, "ANB": 0.0006065265790107293, "ACC": 0.061689408576738915, "CC": 67, "QCS": 0.27170049891992065, "SCS": {"ori-": 46.55864433378301, "sam_": 31.578913021015072, "ori-av": 0.16992205961234674, "sam_av": 0.23050301475193483, "sam_/ori_av": 1.3565220153156983}, "DDC": 0.015158347793390647, "LCC": 0.3141327993074046, "GCC": 0.34221891288160833}, "rate-20": {"ANB_G": 0.002248127793757054, "SP": 72.75212819960298, "ACE": 0.0017909441071204482, "ANB": 0.00048408056933872115, "ACC": 0.05901842747755901, "CC": 48, "QCS": 0.304790474534486, "SCS": {"ori-": 53.920173392981056, "sam_": 35.29356667164108, "ori-av": 0.2139689420356391, "sam_av": 0.2801076719971514, "sam_/ori_av": 1.3091043463237582}, "DDC": 0.1391062446140756, "LCC": 0.3182721190879516, "GCC": 0.26048221457632886}, "rate-25": {"ANB_G": 0.0018758283877266554, "SP": 65.15231817883974, "ACE": 0.00143763915914101, "ANB": 0.00038915115058627545, "ACC": 0.06299579032206168, "CC": 38, "QCS": 0.38397611798148373, "SCS": {"ori-": 58.3670132990933, "sam_": 36.61116280203882, "ori-av": 0.249431680765356, "sam_av": 0.31291592138494717, "sam_/ori_av": 1.2545155468014175}, "DDC": 0.1702150453416592, "LCC": 0.3313641744771692, "GCC": 0.20269078458159684}, "rate-30": {"ANB_G": 0.0017086027486475446, "SP": 53.13125850104609, "ACE": 0.0011981571954040593, "ANB": 0.0005013518433165911, "ACC": 0.0677016671542914, "CC": 31, "QCS": 0.3543419432341097, "SCS": {"ori-": 64.0318944267843, "sam_": 38.87955064788571, "ori-av": 0.27132158655417077, "sam_av": 0.3294877173549636, "sam_/ori_av": 1.214380770581185}, "DDC": 0.2671795917181471, "LCC": 0.3127074643553324, "GCC": 0.17007471009198047}, "rate-35": {"ANB_G": 0.0012910757955137907, "SP": 42.40751176249167, "ACE": 0.001026940543042932, "ANB": 0.00032464228040957705, "ACC": 0.06509639424805856, "CC": 19, "QCS": 0.3099499775964191, "SCS": {"ori-": 67.64837781808261, "sam_": 39.238284896819216, "ori-av": 0.3252325856638587, "sam_av": 0.37729120093095403, "sam_/ori_av": 1.1600658038641307}, "DDC": 0.46540853539119775, "LCC": 0.31350098998444303, "GCC": 0.1322009165151942}, "rate-40": {"ANB_G": 0.0013099139001966215, "SP": 33.45571463739435, "ACE": 0.0008987007908635873, "ANB": 0.0003967293844779478, "ACC": 0.06936022880174458, "CC": 14, "QCS": 0.4378197575479827, "SCS": {"ori-": 70.34661799318376, "sam_": 39.7174324882063, "ori-av": 0.32872251398684, "sam_av": 0.3711909578337037, "sam_/ori_av": 1.1291923797119776}, "DDC": 0.660838752689193, "LCC": 0.3151505445133197, "GCC": 0.1108716071385564}}