{"rate-5": {"ANB_G": 0.005848437200110557, "SP": 102.19003633780757, "ACE": 0.00542151609893119, "ANB": 0.000682076244677613, "ACC": 0.042557258609165954, "CC": 81, "QCS": 0.3254710940620907, "SCS": {"ori-": 24.972465767210952, "sam_": 18.390322239166395, "ori-av": 0.09831679435909824, "sam_av": 0.14480568692257004, "sam_/ori_av": 1.472847928642516}, "DDC": 0.0030952282121804453, "LCC": 0.28591491795057467, "GCC": 0.37827326938034744}, "rate-10": {"ANB_G": 0.0032116593489913883, "SP": 118.98376264212138, "ACE": 0.0031831385759130723, "ANB": 0.0004465042280183067, "ACC": 0.048292768089108415, "CC": 84, "QCS": 0.340308257194693, "SCS": {"ori-": 37.645156509344226, "sam_": 26.570230794511296, "ori-av": 0.13541423204800082, "sam_av": 0.19115273952885825, "sam_/ori_av": 1.4116148401676094}, "DDC": 0.0017132129456745027, "LCC": 0.30258431052025037, "GCC": 0.3966860745086022}, "rate-15": {"ANB_G": 0.002809434254375368, "SP": 76.7712418957131, "ACE": 0.0023232315148554723, "ANB": 0.0005867262523044961, "ACC": 0.06084710800109837, "CC": 51, "QCS": 0.35046899791887576, "SCS": {"ori-": 47.42645736791097, "sam_": 32.13686190378693, "ori-av": 0.18820022765044037, "sam_av": 0.2550544595538645, "sam_/ori_av": 1.3552292828656827}, "DDC": 0.011377606678079744, "LCC": 0.33485273596827064, "GCC": 0.3356507731275899}, "rate-20": {"ANB_G": 0.0019961111717262106, "SP": 71.23438481541406, "ACE": 0.001764456797910591, "ANB": 0.00031929164666293796, "ACC": 0.05660712171800313, "CC": 45, "QCS": 0.27600371099427595, "SCS": {"ori-": 55.250319929278916, "sam_": 35.854580451146965, "ori-av": 0.21924730130666237, "sam_av": 0.2845601623106902, "sam_/ori_av": 1.2978958491839057}, "DDC": 0.045334131831257674, "LCC": 0.3209419984508125, "GCC": 0.25910295007196144}, "rate-25": {"ANB_G": 0.0017598424798802453, "SP": 66.5139216277232, "ACE": 0.0014355505300773822, "ANB": 0.0004296341202540336, "ACC": 0.06304396254979866, "CC": 38, "QCS": 0.4172750047694641, "SCS": {"ori-": 61.36882550029443, "sam_": 38.665002993857044, "ori-av": 0.26003739618768823, "sam_av": 0.3276695168970936, "sam_/ori_av": 1.2600861326137502}, "DDC": 0.06670010886158784, "LCC": 0.3144944978733799, "GCC": 0.2218777880267953}, "rate-30": {"ANB_G": 0.001741340983325269, "SP": 44.52916394831107, "ACE": 0.0011969267623151278, "ANB": 0.0006031793608461567, "ACC": 0.07211663295380251, "CC": 28, "QCS": 0.4185668554087158, "SCS": {"ori-": 66.37935334135976, "sam_": 40.33934183087527, "ori-av": 0.28611790233344725, "sam_av": 0.34775294681789026, "sam_/ori_av": 1.215418343213674}, "DDC": 0.3594556619494851, "LCC": 0.32665300562016425, "GCC": 0.16348781897979028}, "rate-35": {"ANB_G": 0.001400874582217999, "SP": 43.02518876143177, "ACE": 0.0010282525183842577, "ANB": 0.00042626047064938885, "ACC": 0.07015823710923019, "CC": 21, "QCS": 0.404617434003087, "SCS": {"ori-": 68.40797592830138, "sam_": 39.94453286794775, "ori-av": 0.32731088960909754, "sam_av": 0.38042412255188335, "sam_/ori_av": 1.1622715119751077}, "DDC": 0.4513660680084164, "LCC": 0.32334615697281105, "GCC": 0.13147300323463548}, "rate-40": {"ANB_G": 0.0012413256380499305, "SP": 30.763247035091894, "ACE": 0.0008987302957755963, "ANB": 0.0003733745856302376, "ACC": 0.06956956548005566, "CC": 15, "QCS": 0.35539768199644617, "SCS": {"ori-": 72.30593697252613, "sam_": 40.97926258800811, "ori-av": 0.34431398558345777, "sam_av": 0.390278691314363, "sam_/ori_av": 1.133496481860926}, "DDC": 0.5239918390464249, "LCC": 0.31024982978539045, "GCC": 0.11010334102538377}}