{"rate-5": {"ANB": [{"max": 0.052097069597069605, "min": 0.0, "sm": 0.0024808128379556955, "value": [63, 10, 5, 6, 5, 4, 1, 1, 1, 2, 1, 0, 2, 1, 1, 0, 1, 1, 0, 0, 0, 1]}, 0.005988665422627685], "ACC": [{"max": 0.11588571428571429, "min": 0.009523809523809525, "sm": 0.0050648526077097505, "value": [34, 2, 4, 1, 0, 0, 0, 1, 3, 4, 7, 8, 2, 8, 9, 5, 3, 5, 5, 1, 3, 1]}, 0.05396755452369677], "LCC": [{"max": 1.0, "min": 0, "sm": 0.047619047619047616, "value": [76, 0, 4, 2, 1, 0, 3, 10, 0, 0, 2, 0, 0, 0, 5, 0, 0, 0, 0, 0, 0, 3]}, 0.11850853548966754]}, "rate-10": {"ANB": [{"max": 0.27812868597318213, "min": 0.0, "sm": 0.013244223141580101, "value": [133, 21, 18, 9, 6, 2, 4, 7, 3, 0, 3, 2, 1, 1, 1, 0, 0, 0, 0, 1, 0, 1]}, 0.025574742682450198], "ACC": [{"max": 0.15718841349986715, "min": 0.0047169811320754715, "sm": 0.00726054439846627, "value": [30, 0, 0, 0, 0, 0, 0, 5, 6, 19, 10, 8, 13, 16, 21, 20, 19, 15, 18, 7, 5, 1]}, 0.09463613157968147], "LCC": [{"max": 1.0, "min": 0, "sm": 0.047619047619047616, "value": [143, 5, 6, 9, 4, 1, 6, 19, 2, 2, 4, 0, 0, 0, 3, 0, 0, 0, 0, 0, 0, 9]}, 0.12376481108875476]}, "rate-15": {"ANB": [{"max": 0.13551502100658674, "min": 0.0, "sm": 0.006453096238408893, "value": [180, 41, 28, 20, 13, 14, 2, 7, 2, 2, 1, 0, 2, 1, 3, 0, 1, 0, 1, 1, 0, 1]}, 0.013106380986179306], "ACC": [{"max": 0.21729296456489822, "min": 0.003134796238244514, "sm": 0.010198008015554939, "value": [23, 0, 0, 0, 0, 0, 1, 1, 2, 3, 9, 7, 23, 14, 36, 58, 32, 55, 31, 18, 6, 1]}, 0.15244490466083638], "LCC": [{"max": 1.0, "min": 0, "sm": 0.047619047619047616, "value": [165, 7, 23, 27, 13, 7, 5, 31, 2, 1, 8, 0, 1, 0, 11, 0, 0, 0, 0, 0, 0, 19]}, 0.17478989760239766]}, "rate-20": {"ANB": [{"max": 0.1064719190383772, "min": 0.0, "sm": 0.0050700913827798665, "value": [258, 56, 43, 20, 16, 7, 6, 5, 5, 0, 4, 0, 1, 1, 0, 3, 1, 0, 0, 0, 0, 1]}, 0.008328104273341758], "ACC": [{"max": 0.2594838629356975, "min": 0.002347417840375587, "sm": 0.012244592623586757, "value": [28, 0, 0, 0, 0, 0, 0, 0, 1, 9, 3, 22, 34, 47, 59, 67, 58, 49, 34, 12, 3, 1]}, 0.17706548318004786], "LCC": [{"max": 1.0, "min": 0, "sm": 0.047619047619047616, "value": [164, 9, 38, 44, 31, 8, 19, 54, 9, 2, 6, 2, 3, 0, 9, 0, 0, 3, 0, 0, 0, 26]}, 0.20852010527930073]}, "rate-25": {"ANB": [{"max": 0.08172576699864056, "min": 0.0, "sm": 0.0038917031904114555, "value": [313, 72, 47, 36, 21, 15, 8, 7, 2, 3, 1, 3, 2, 2, 1, 1, 0, 0, 0, 0, 0, 1]}, 0.006596977253385487], "ACC": [{"max": 0.2721091878395249, "min": 0.0018726591760299626, "sm": 0.012868406126833093, "value": [26, 0, 0, 0, 0, 0, 0, 0, 1, 7, 9, 25, 25, 62, 79, 102, 93, 61, 28, 13, 3, 1]}, 0.18931270305523917], "LCC": [{"max": 1.0, "min": 0, "sm": 0.047619047619047616, "value": [215, 37, 61, 44, 31, 21, 22, 50, 9, 3, 5, 1, 2, 0, 14, 0, 0, 1, 0, 0, 0, 19]}, 0.16849044878586858]}, "rate-30": {"ANB": [{"max": 0.05186460000306331, "min": 0.0, "sm": 0.002469742857288729, "value": [319, 120, 59, 41, 24, 17, 15, 14, 7, 6, 5, 2, 1, 1, 1, 1, 1, 0, 3, 2, 1, 1]}, 0.005233212849640741], "ACC": [{"max": 0.29882121807465617, "min": 0.0015625, "sm": 0.014155177051174103, "value": [16, 0, 0, 0, 0, 0, 0, 1, 5, 5, 22, 16, 36, 66, 71, 114, 109, 100, 57, 18, 4, 1]}, 0.21594206454415335], "LCC": [{"max": 1.0, "min": 0, "sm": 0.047619047619047616, "value": [195, 34, 80, 82, 75, 41, 19, 60, 15, 7, 9, 2, 1, 0, 10, 1, 0, 1, 0, 0, 0, 9]}, 0.1707793127851466]}, "rate-35": {"ANB": [{"max": 0.04924461331309919, "min": 0.0, "sm": 0.0023449815863380566, "value": [384, 154, 63, 43, 29, 20, 7, 7, 12, 6, 7, 3, 4, 2, 1, 0, 1, 1, 1, 1, 0, 1]}, 0.004450710941239331], "ACC": [{"max": 0.28532957042158696, "min": 0.0013404825737265416, "sm": 0.013523289897517162, "value": [24, 0, 0, 0, 0, 0, 0, 2, 3, 2, 8, 19, 23, 53, 92, 153, 125, 136, 70, 30, 6, 1]}, 0.21041535315587936], "LCC": [{"max": 1.0, "min": 0, "sm": 0.047619047619047616, "value": [201, 67, 105, 97, 72, 26, 26, 89, 14, 5, 5, 3, 5, 0, 9, 0, 1, 2, 0, 0, 0, 20]}, 0.18022396444095942]}, "rate-40": {"ANB": [{"max": 0.06056629876411487, "min": 0.0, "sm": 0.002884109464957851, "value": [539, 131, 85, 35, 17, 17, 8, 5, 6, 6, 2, 3, 0, 0, 0, 0, 0, 0, 0, 0, 0, 1]}, 0.0038090023231031867], "ACC": [{"max": 0.30115507540497516, "min": 0.00117096018735363, "sm": 0.014284957867505787, "value": [21, 0, 0, 0, 0, 0, 0, 0, 0, 3, 9, 19, 46, 72, 133, 191, 162, 121, 58, 16, 3, 1]}, 0.21893728391879716], "LCC": [{"max": 1.0, "min": 0, "sm": 0.047619047619047616, "value": [207, 63, 112, 125, 88, 55, 30, 84, 20, 10, 11, 1, 5, 0, 18, 0, 2, 0, 0, 0, 0, 24]}, 0.1947082619568761]}}