{"rate-5": {"ANB": [{"max": 0.32905061395627433, "min": 0.0, "sm": 0.015669076855060683, "value": [69, 5, 5, 3, 6, 4, 2, 1, 2, 2, 1, 4, 1, 1, 0, 0, 0, 0, 0, 0, 0, 1]}, 0.03739493328631047], "ACC": [{"max": 0.140854924618579, "min": 0.009433962264150943, "sm": 0.006258141064496575, "value": [26, 1, 0, 0, 0, 0, 0, 1, 4, 6, 7, 7, 7, 9, 7, 8, 4, 8, 4, 4, 3, 1]}, 0.07536421950220529], "LCC": [{"max": 1.0, "min": 0, "sm": 0.047619047619047616, "value": [98, 0, 2, 1, 0, 0, 0, 4, 0, 0, 0, 0, 0, 0, 0, 0, 0, 0, 0, 0, 0, 2]}, 0.03457943925233645]}, "rate-10": {"ANB": [{"max": 0.14798393717367342, "min": 0.0, "sm": 0.007046854151127306, "value": [111, 37, 17, 12, 9, 4, 3, 4, 3, 1, 3, 2, 2, 0, 1, 1, 0, 1, 1, 0, 1, 1]}, 0.015650004180730055], "ACC": [{"max": 0.19452663694585817, "min": 0.004694835680751174, "sm": 0.009039609584052713, "value": [41, 0, 0, 0, 0, 0, 0, 1, 7, 4, 7, 11, 13, 20, 26, 22, 23, 19, 12, 6, 1, 1]}, 0.11247177198160235], "LCC": [{"max": 1.0, "min": 0, "sm": 0.047619047619047616, "value": [165, 4, 5, 11, 6, 0, 2, 8, 2, 0, 2, 0, 0, 0, 4, 0, 0, 0, 0, 0, 0, 5]}, 0.07732397405294598]}, "rate-15": {"ANB": [{"max": 0.08607379782673745, "min": 0.0, "sm": 0.004098752277463688, "value": [136, 58, 33, 22, 15, 10, 8, 5, 7, 4, 6, 2, 3, 0, 4, 2, 1, 1, 1, 1, 0, 1]}, 0.011422352181542167], "ACC": [{"max": 0.25290799107853185, "min": 0.003134796238244514, "sm": 0.011893961659061302, "value": [18, 0, 0, 0, 0, 0, 0, 0, 1, 3, 4, 18, 19, 30, 42, 42, 44, 31, 30, 26, 11, 1]}, 0.18053125077184445], "LCC": [{"max": 1.0, "min": 0, "sm": 0.047619047619047616, "value": [180, 13, 21, 34, 14, 5, 10, 23, 1, 0, 3, 2, 0, 0, 4, 0, 0, 0, 0, 0, 0, 10]}, 0.12358153998779002]}, "rate-20": {"ANB": [{"max": 0.1142866895875218, "min": 0.0, "sm": 0.005442223313691515, "value": [257, 64, 34, 24, 10, 10, 9, 6, 1, 3, 2, 1, 2, 0, 1, 2, 0, 1, 0, 0, 0, 1]}, 0.009023627490904266], "ACC": [{"max": 0.23546007207775663, "min": 0.00234192037470726, "sm": 0.011100864366811874, "value": [33, 0, 0, 0, 0, 0, 0, 1, 4, 8, 10, 18, 34, 36, 63, 53, 55, 51, 33, 17, 11, 1]}, 0.1599135888676319], "LCC": [{"max": 1.0, "min": 0, "sm": 0.047619047619047616, "value": [209, 21, 37, 34, 25, 12, 9, 35, 1, 3, 9, 1, 1, 0, 11, 0, 1, 0, 0, 0, 0, 19]}, 0.15966636450201746]}, "rate-25": {"ANB": [{"max": 0.08695488316426081, "min": 0.0, "sm": 0.004140708722107657, "value": [306, 89, 57, 29, 13, 8, 9, 8, 7, 1, 2, 2, 0, 0, 0, 0, 0, 0, 2, 0, 0, 1]}, 0.006706811191817903], "ACC": [{"max": 0.28105417707259095, "min": 0.001876172607879925, "sm": 0.013294190688795763, "value": [12, 0, 0, 0, 0, 0, 0, 0, 0, 2, 7, 17, 24, 53, 81, 104, 96, 77, 46, 11, 3, 1]}, 0.20538528293588007], "LCC": [{"max": 1.0, "min": 0, "sm": 0.047619047619047616, "value": [190, 28, 68, 52, 48, 23, 18, 49, 15, 6, 8, 3, 3, 0, 10, 0, 0, 1, 1, 0, 0, 11]}, 0.17034390958296586]}, "rate-30": {"ANB": [{"max": 0.07829498218650406, "min": 0.0, "sm": 0.0037283324850716218, "value": [387, 115, 41, 28, 21, 19, 9, 5, 5, 2, 2, 1, 3, 1, 0, 1, 0, 0, 0, 0, 0, 1]}, 0.005634931970048755], "ACC": [{"max": 0.2776962307866184, "min": 0.0015625, "sm": 0.013149225275553258, "value": [13, 0, 0, 0, 0, 0, 1, 1, 2, 4, 4, 18, 28, 49, 76, 117, 133, 97, 62, 29, 6, 1]}, 0.20638414914439845], "LCC": [{"max": 1.0, "min": 0, "sm": 0.047619047619047616, "value": [185, 50, 73, 75, 65, 17, 24, 61, 21, 6, 18, 3, 0, 1, 9, 0, 1, 0, 0, 0, 0, 32]}, 0.20330490641145954]}, "rate-35": {"ANB": [{"max": 0.05241717752803697, "min": 0.0, "sm": 0.0024960560727636653, "value": [409, 148, 60, 34, 23, 14, 12, 10, 10, 1, 9, 3, 3, 1, 2, 3, 3, 0, 1, 0, 0, 1]}, 0.004554613003717916], "ACC": [{"max": 0.29348527672098357, "min": 0.0013404825737265416, "sm": 0.013911656864155096, "value": [16, 0, 0, 0, 0, 0, 0, 0, 0, 3, 5, 29, 35, 78, 109, 154, 131, 92, 64, 20, 10, 1]}, 0.21454441673244667], "LCC": [{"max": 1.0, "min": 0, "sm": 0.047619047619047616, "value": [227, 62, 101, 80, 70, 34, 26, 71, 14, 5, 15, 3, 2, 0, 20, 0, 2, 0, 0, 0, 0, 15]}, 0.17627296483677343]}, "rate-40": {"ANB": [{"max": 0.03704518813388601, "min": 0.0, "sm": 0.0017640565778040958, "value": [414, 162, 88, 61, 30, 26, 16, 8, 10, 9, 5, 1, 8, 5, 0, 4, 2, 1, 1, 0, 3, 1]}, 0.0038172292209456902], "ACC": [{"max": 0.2944571164406874, "min": 0.00117096018735363, "sm": 0.01396600744063494, "value": [20, 0, 0, 0, 0, 0, 0, 0, 0, 2, 10, 23, 38, 57, 85, 167, 187, 129, 85, 43, 8, 1]}, 0.22002940843877922], "LCC": [{"max": 1.0, "min": 0, "sm": 0.047619047619047616, "value": [204, 83, 96, 135, 90, 49, 38, 79, 19, 7, 15, 1, 3, 0, 14, 0, 5, 0, 1, 0, 0, 16]}, 0.18589455348316603]}}