{
    "rate_5": {
        "ANB": [
            {
                "max": 0.03341476064008014,
                "min": 0.0,
                "sm": 0.0015911790780990544,
                "value": [
                    1512,
                    331,
                    124,
                    73,
                    25,
                    24,
                    13,
                    6,
                    11,
                    7,
                    2,
                    1,
                    2,
                    0,
                    1,
                    1,
                    2,
                    0,
                    0,
                    0,
                    1,
                    1
                ]
            },
            0.0016055647373076183
        ],
        "ACC": [
            {
                "max": 0.29449579226080214,
                "min": 0.0,
                "sm": 0.014023609155276293,
                "value": [
                    24,
                    0,
                    0,
                    0,
                    0,
                    0,
                    0,
                    0,
                    4,
                    6,
                    30,
                    45,
                    91,
                    156,
                    240,
                    418,
                    513,
                    359,
                    189,
                    51,
                    10,
                    1
                ]
            },
            0.2205751268656853
        ],
        "LCC": [
            {
                "max": 1.0,
                "min": 0,
                "sm": 0.047619047619047616,
                "value": [
                    556,
                    232,
                    355,
                    273,
                    207,
                    99,
                    66,
                    149,
                    40,
                    19,
                    40,
                    9,
                    12,
                    3,
                    27,
                    1,
                    3,
                    2,
                    2,
                    0,
                    0,
                    42
                ]
            },
            0.17171391093692415
        ]
    }
}