{"rate-5": {"ANB": [{"max": 0.49282661782661785, "min": 0.0, "sm": 0.023467934182219898, "value": [35, 13, 17, 12, 6, 4, 4, 6, 1, 1, 0, 0, 3, 0, 2, 0, 0, 0, 1, 0, 0, 1]}, 0.07960812772133527], "ACC": [{"max": 0.1643192488262911, "min": 0.07162346521145975, "sm": 0.004414084934039587, "value": [2, 2, 3, 7, 6, 14, 6, 10, 6, 9, 6, 7, 4, 7, 5, 2, 2, 3, 0, 4, 0, 1]}, 0.11149744064709169], "LCC": [{"max": 1.0, "min": 0, "sm": 0.047619047619047616, "value": [101, 0, 0, 1, 1, 0, 0, 1, 0, 0, 0, 0, 0, 0, 0, 0, 0, 0, 0, 0, 0, 2]}, 0.02547169811320755]}, "rate-10": {"ANB": [{"max": 0.6045450932466939, "min": 0.0, "sm": 0.0287878615831759, "value": [90, 47, 26, 25, 12, 1, 4, 4, 1, 1, 0, 1, 0, 0, 0, 0, 0, 0, 0, 0, 0, 1]}, 0.055978033391562224], "ACC": [{"max": 0.12871888281724347, "min": 0.04507761003614714, "sm": 0.0039829177514807785, "value": [5, 12, 10, 11, 11, 8, 12, 11, 12, 17, 13, 15, 16, 18, 15, 11, 3, 7, 3, 2, 0, 1]}, 0.08307493681122888], "LCC": [{"max": 1.0, "min": 0, "sm": 0.047619047619047616, "value": [199, 1, 1, 3, 0, 0, 0, 3, 0, 0, 0, 0, 0, 0, 0, 0, 0, 0, 0, 0, 0, 6]}, 0.03599374021909233]}, "rate-15": {"ANB": [{"max": 0.23538853285407926, "min": 0.0, "sm": 0.011208977754956155, "value": [122, 73, 34, 21, 25, 11, 4, 12, 4, 5, 1, 3, 0, 2, 1, 0, 0, 1, 0, 0, 0, 1]}, 0.028283033654699242], "ACC": [{"max": 0.1422202407489969, "min": 0.06226820222525864, "sm": 0.0038072399297018216, "value": [7, 3, 4, 12, 12, 4, 17, 12, 22, 26, 45, 37, 28, 36, 22, 13, 7, 4, 7, 0, 1, 1]}, 0.10258696070279465], "LCC": [{"max": 1.0, "min": 0, "sm": 0.047619047619047616, "value": [303, 1, 2, 5, 0, 0, 1, 3, 0, 0, 0, 0, 0, 0, 0, 0, 0, 0, 0, 0, 0, 5]}, 0.023124999999999996]}, "rate-20": {"ANB": [{"max": 0.24210634857722255, "min": 0.0, "sm": 0.011528873741772503, "value": [202, 95, 41, 24, 16, 12, 8, 13, 4, 3, 4, 1, 1, 1, 0, 0, 0, 1, 0, 0, 0, 1]}, 0.023102291020310223], "ACC": [{"max": 0.13160333642261354, "min": 0.059142024156601414, "sm": 0.0034505386793339107, "value": [3, 2, 8, 18, 10, 26, 26, 32, 23, 47, 46, 40, 42, 29, 25, 19, 12, 8, 8, 1, 1, 1]}, 0.09449692225503518], "LCC": [{"max": 1.0, "min": 0, "sm": 0.047619047619047616, "value": [371, 5, 8, 15, 1, 0, 0, 8, 0, 0, 0, 0, 0, 0, 1, 0, 0, 0, 0, 0, 0, 18]}, 0.058888145422103286]}, "rate-25": {"ANB": [{"max": 0.19459214823166868, "min": 0.0, "sm": 0.009266292772936604, "value": [297, 92, 52, 18, 23, 12, 11, 7, 6, 2, 7, 1, 1, 2, 0, 0, 0, 1, 1, 0, 0, 1]}, 0.01643940045953576], "ACC": [{"max": 0.14776822844469087, "min": 0.06473160068010687, "sm": 0.003954125131646857, "value": [3, 13, 16, 20, 22, 20, 25, 38, 36, 53, 48, 42, 44, 33, 48, 29, 21, 9, 8, 4, 1, 1]}, 0.10549330107381413], "LCC": [{"max": 1.0, "min": 0, "sm": 0.047619047619047616, "value": [448, 6, 11, 13, 5, 1, 1, 19, 1, 1, 4, 0, 1, 0, 5, 0, 0, 1, 0, 0, 0, 17]}, 0.06787940523895579]}, "rate-30": {"ANB": [{"max": 0.14125994749688303, "min": 0.0, "sm": 0.0067266641665182396, "value": [310, 140, 71, 31, 28, 18, 11, 9, 7, 4, 3, 3, 1, 0, 3, 1, 0, 0, 0, 0, 0, 1]}, 0.012672180596144023], "ACC": [{"max": 0.15296367112810708, "min": 0.07022934269724569, "sm": 0.003939729925279113, "value": [1, 5, 7, 9, 18, 30, 47, 37, 65, 66, 62, 68, 61, 51, 38, 29, 23, 10, 7, 5, 1, 1]}, 0.11186926823919749], "LCC": [{"max": 1.0, "min": 0, "sm": 0.047619047619047616, "value": [571, 9, 12, 16, 2, 0, 0, 11, 0, 0, 1, 0, 0, 0, 0, 0, 0, 0, 0, 0, 0, 19]}, 0.043757274100487825]}, "rate-35": {"ANB": [{"max": 0.173340853270128, "min": 0.0, "sm": 0.00825432634619657, "value": [501, 118, 50, 33, 17, 8, 4, 5, 3, 1, 1, 0, 0, 1, 0, 0, 0, 1, 2, 1, 0, 1]}, 0.009996324551253351], "ACC": [{"max": 0.17980236201494337, "min": 0.06812785388127854, "sm": 0.005317833720650707, "value": [5, 13, 16, 23, 33, 19, 48, 32, 71, 67, 93, 84, 66, 69, 50, 27, 11, 11, 4, 3, 1, 1]}, 0.12207762713329044], "LCC": [{"max": 1.0, "min": 0, "sm": 0.047619047619047616, "value": [644, 14, 24, 12, 3, 0, 1, 16, 1, 0, 1, 0, 1, 0, 2, 0, 0, 0, 0, 0, 0, 28]}, 0.05701696043061506]}, "rate-40": {"ANB": [{"max": 0.09027425678968991, "min": 0.0, "sm": 0.004298774132842377, "value": [461, 141, 82, 53, 20, 20, 18, 18, 12, 6, 4, 6, 2, 3, 2, 3, 1, 0, 0, 0, 1, 1]}, 0.008326304891147404], "ACC": [{"max": 0.18234288157332193, "min": 0.052690098214837236, "sm": 0.006173942064689747, "value": [3, 9, 10, 16, 14, 10, 18, 21, 38, 53, 71, 86, 82, 114, 93, 91, 60, 34, 18, 12, 0, 1]}, 0.12894209836782147], "LCC": [{"max": 1.0, "min": 0, "sm": 0.047619047619047616, "value": [725, 16, 15, 36, 4, 0, 0, 21, 1, 0, 0, 0, 0, 0, 3, 0, 0, 0, 0, 0, 0, 33]}, 0.06102026388911635]}}