{"rate-5": {"ANB": [{"max": 0.00018315018315018315, "min": 0.0, "sm": 8.721437292865864e-06, "value": [104, 0, 0, 0, 0, 0, 0, 0, 0, 0, 0, 0, 0, 0, 0, 0, 0, 0, 0, 0, 0, 2]}, 3.4556638330223238e-06], "ACC": [{"max": 0.01904761904761905, "min": 0.009523809523809525, "sm": 0.00045351473922902497, "value": [100, 0, 0, 0, 0, 0, 4, 0, 0, 0, 0, 0, 0, 0, 0, 0, 0, 0, 0, 0, 0, 2]}, 0.009823300389338114], "LCC": [{"max": 0, "min": 0, "sm": 0.0, "value": [106, 0, 0, 0, 0, 0, 0, 0, 0, 0, 0, 0, 0, 0, 0, 0, 0, 0, 0, 0, 0, 0]}, 0.0]}, "rate-10": {"ANB": [{"max": 4.4290902648595976e-05, "min": 0.0, "sm": 2.109090602314094e-06, "value": [200, 0, 0, 0, 0, 0, 0, 0, 0, 0, 0, 0, 0, 0, 0, 0, 0, 0, 0, 0, 0, 14]}, 2.897535687291325e-06], "ACC": [{"max": 0.009389671361502348, "min": 0.004694835680751174, "sm": 0.000223563603845294, "value": [172, 0, 0, 0, 0, 0, 0, 28, 0, 0, 0, 0, 0, 0, 0, 0, 0, 0, 0, 0, 0, 14]}, 0.0052067336521726335], "LCC": [{"max": 0, "min": 0, "sm": 0.0, "value": [214, 0, 0, 0, 0, 0, 0, 0, 0, 0, 0, 0, 0, 0, 0, 0, 0, 0, 0, 0, 0, 0]}, 0.0]}, "rate-15": {"ANB": [{"max": 0.0002168726957276079, "min": 0.0, "sm": 1.0327271225124186e-05, "value": [288, 20, 0, 4, 0, 3, 0, 0, 0, 3, 0, 0, 0, 0, 0, 1, 0, 0, 0, 0, 0, 1]}, 4.37442085132391e-06], "ACC": [{"max": 0.011285266457680252, "min": 0.003134796238244514, "sm": 0.00038811762949693987, "value": [232, 0, 40, 0, 4, 0, 7, 1, 23, 0, 4, 1, 1, 1, 1, 0, 2, 1, 1, 0, 0, 1]}, 0.0037939449572224676], "LCC": [{"max": 0, "min": 0, "sm": 0.0, "value": [320, 0, 0, 0, 0, 0, 0, 0, 0, 0, 0, 0, 0, 0, 0, 0, 0, 0, 0, 0, 0, 0]}, 0.0]}, "rate-20": {"ANB": [{"max": 0.00028586821475299885, "min": 0.0, "sm": 1.3612772131095184e-05, "value": [400, 14, 5, 2, 1, 0, 1, 2, 1, 0, 0, 0, 0, 0, 0, 0, 0, 0, 0, 0, 1, 1]}, 4.572658359636391e-06], "ACC": [{"max": 0.013549682167949148, "min": 0.00234192037470726, "sm": 0.000533702942535328, "value": [258, 68, 16, 9, 36, 16, 6, 1, 5, 1, 0, 7, 0, 3, 0, 0, 0, 0, 0, 0, 0, 2]}, 0.0031866205888737395], "LCC": [{"max": 0, "min": 0, "sm": 0.0, "value": [428, 0, 0, 0, 0, 0, 0, 0, 0, 0, 0, 0, 0, 0, 0, 0, 0, 0, 0, 0, 0, 0]}, 0.0]}, "rate-25": {"ANB": [{"max": 0.00010579920721127397, "min": 0.0, "sm": 5.038057486251141e-06, "value": [437, 47, 20, 0, 9, 7, 0, 4, 5, 0, 0, 1, 0, 0, 0, 1, 1, 0, 1, 0, 0, 1]}, 3.315305993761521e-06], "ACC": [{"max": 0.008442776735459663, "min": 0.001876172607879925, "sm": 0.00031269543464665416, "value": [280, 0, 94, 22, 21, 2, 51, 33, 2, 0, 14, 0, 5, 4, 0, 2, 0, 0, 3, 0, 0, 1]}, 0.0026390615487733933], "LCC": [{"max": 0, "min": 0, "sm": 0.0, "value": [534, 0, 0, 0, 0, 0, 0, 0, 0, 0, 0, 0, 0, 0, 0, 0, 0, 0, 0, 0, 0, 0]}, 0.0]}, "rate-30": {"ANB": [{"max": 0.0007629107981220656, "min": 0.0, "sm": 3.632908562486027e-05, "value": [582, 24, 17, 8, 2, 2, 0, 1, 0, 0, 0, 0, 0, 0, 0, 2, 2, 0, 0, 0, 0, 1]}, 1.409152610235864e-05], "ACC": [{"max": 0.012197580645161292, "min": 0.0015625, "sm": 0.0005064324116743473, "value": [320, 80, 23, 77, 24, 27, 32, 12, 9, 5, 12, 3, 8, 2, 1, 1, 0, 2, 0, 2, 1, 0]}, 0.002751532281514483], "LCC": [{"max": 0, "min": 0, "sm": 0.0, "value": [641, 0, 0, 0, 0, 0, 0, 0, 0, 0, 0, 0, 0, 0, 0, 0, 0, 0, 0, 0, 0, 0]}, 0.0]}, "rate-35": {"ANB": [{"max": 0.00023390971085161127, "min": 0.0, "sm": 1.1138557659600537e-05, "value": [637, 27, 24, 12, 10, 12, 2, 7, 3, 1, 3, 1, 2, 2, 0, 0, 0, 1, 1, 0, 1, 1]}, 8.729160664465441e-06], "ACC": [{"max": 0.00938337801608579, "min": 0.0013404825737265416, "sm": 0.0003829950210647261, "value": [270, 124, 43, 67, 68, 38, 25, 34, 13, 19, 12, 8, 13, 6, 1, 0, 1, 2, 2, 0, 0, 1]}, 0.0025255092965766244], "LCC": [{"max": 0, "min": 0, "sm": 0.0, "value": [747, 0, 0, 0, 0, 0, 0, 0, 0, 0, 0, 0, 0, 0, 0, 0, 0, 0, 0, 0, 0, 0]}, 0.0]}, "rate-40": {"ANB": [{"max": 0.0025395971238033007, "min": 0.0, "sm": 0.00012093319637158574, "value": [773, 26, 18, 8, 7, 3, 0, 2, 2, 5, 0, 3, 2, 1, 0, 3, 1, 0, 0, 0, 0, 1]}, 6.035627316454171e-05], "ACC": [{"max": 0.015467923872247734, "min": 0.00117096018735363, "sm": 0.0006808077945187668, "value": [404, 103, 83, 62, 33, 25, 24, 11, 14, 21, 14, 11, 13, 7, 9, 5, 6, 5, 2, 2, 0, 1]}, 0.0031759265131301945], "LCC": [{"max": 1.0, "min": 0, "sm": 0.047619047619047616, "value": [852, 1, 1, 0, 0, 0, 0, 0, 0, 0, 0, 0, 0, 0, 0, 0, 0, 0, 0, 0, 0, 1]}, 0.0013645224171539962]}}