{"rate-5": {"ANB": [{"max": 0.001282051282051282, "min": 0.0, "sm": 6.105006105006105e-05, "value": [101, 1, 0, 1, 0, 0, 0, 0, 0, 0, 1, 0, 0, 0, 0, 0, 0, 0, 0, 0, 0, 2]}, 3.282880641371207e-05], "ACC": [{"max": 0.0380952380952381, "min": 0.0, "sm": 0.0018140589569160999, "value": [78, 0, 0, 0, 0, 14, 0, 2, 0, 0, 1, 4, 1, 0, 2, 0, 1, 0, 2, 0, 0, 1]}, 0.004467159076323498], "LCC": [{"max": 1.0, "min": 0, "sm": 0.047619047619047616, "value": [102, 0, 0, 0, 0, 0, 0, 1, 0, 0, 0, 0, 0, 0, 1, 0, 0, 0, 0, 0, 0, 2]}, 0.02830188679245283]}, "rate-10": {"ANB": [{"max": 0.03277295895555754, "min": 0.0, "sm": 0.0015606170931217877, "value": [188, 9, 2, 4, 1, 0, 0, 0, 2, 0, 1, 2, 0, 3, 0, 0, 0, 0, 0, 0, 0, 1]}, 0.0010999257340220043], "ACC": [{"max": 0.05585898709036743, "min": 0.0, "sm": 0.0026599517662079727, "value": [104, 20, 10, 12, 8, 4, 2, 3, 2, 2, 8, 6, 3, 8, 5, 3, 5, 4, 1, 2, 0, 1]}, 0.01100144371983764], "LCC": [{"max": 1.0, "min": 0, "sm": 0.047619047619047616, "value": [199, 0, 1, 1, 1, 0, 1, 5, 0, 0, 0, 0, 0, 0, 0, 0, 0, 0, 0, 0, 0, 5]}, 0.03518518518518519]}, "rate-15": {"ANB": [{"max": 0.06212384088116033, "min": 0.0, "sm": 0.002958278137198111, "value": [280, 9, 9, 5, 5, 2, 2, 0, 1, 3, 0, 0, 0, 0, 0, 2, 0, 0, 0, 0, 1, 1]}, 0.0020661437077344686], "ACC": [{"max": 0.08621415302449786, "min": 0.0, "sm": 0.004105435858309422, "value": [157, 28, 12, 10, 3, 0, 0, 1, 5, 8, 10, 15, 18, 9, 13, 3, 14, 9, 2, 1, 1, 1]}, 0.02081905738350228], "LCC": [{"max": 1.0, "min": 0, "sm": 0.047619047619047616, "value": [292, 0, 4, 2, 1, 0, 0, 10, 0, 0, 0, 0, 0, 0, 0, 0, 0, 0, 0, 0, 0, 11]}, 0.047813644688644685]}, "rate-20": {"ANB": [{"max": 0.18002293229799443, "min": 0.0, "sm": 0.008572520585618783, "value": [351, 26, 13, 10, 6, 6, 3, 1, 4, 4, 0, 0, 0, 0, 0, 0, 0, 0, 0, 1, 1, 1]}, 0.007221186327220795], "ACC": [{"max": 0.0831224915319889, "min": 0.0, "sm": 0.003958213882475662, "value": [159, 19, 2, 0, 0, 0, 0, 1, 3, 9, 5, 10, 19, 39, 57, 33, 24, 17, 20, 7, 2, 1]}, 0.03449729995598817], "LCC": [{"max": 1.0, "min": 0, "sm": 0.047619047619047616, "value": [367, 3, 5, 12, 6, 0, 0, 15, 0, 0, 0, 0, 0, 0, 2, 0, 0, 0, 0, 0, 0, 17]}, 0.06416861826697891]}, "rate-25": {"ANB": [{"max": 0.10915313618854702, "min": 0.0, "sm": 0.005197768389930811, "value": [407, 51, 28, 14, 12, 5, 0, 6, 4, 2, 1, 2, 0, 0, 0, 0, 0, 1, 0, 0, 0, 1]}, 0.00488809508223623], "ACC": [{"max": 0.1433201546280852, "min": 0.0, "sm": 0.006824769268004057, "value": [177, 4, 0, 0, 0, 0, 0, 1, 7, 7, 22, 24, 36, 52, 55, 52, 52, 28, 10, 4, 2, 1]}, 0.0652689908982409], "LCC": [{"max": 1.0, "min": 0, "sm": 0.047619047619047616, "value": [412, 10, 11, 18, 9, 2, 4, 28, 2, 0, 8, 0, 0, 0, 9, 0, 0, 0, 0, 0, 0, 21]}, 0.09310453383487091]}, "rate-30": {"ANB": [{"max": 0.14060758679725033, "min": 0.0, "sm": 0.006695599371297635, "value": [511, 67, 27, 8, 15, 4, 2, 1, 1, 0, 2, 1, 0, 0, 1, 0, 0, 0, 0, 0, 0, 1]}, 0.004701122317193156], "ACC": [{"max": 0.16126722908745247, "min": 0.0, "sm": 0.007679391861307261, "value": [174, 0, 0, 0, 0, 0, 0, 0, 0, 5, 13, 38, 58, 82, 76, 81, 45, 43, 16, 9, 0, 1]}, 0.08159371016032528], "LCC": [{"max": 1.0, "min": 0, "sm": 0.047619047619047616, "value": [454, 14, 21, 27, 16, 8, 6, 49, 1, 1, 6, 0, 0, 0, 6, 0, 0, 0, 0, 0, 0, 32]}, 0.11049298391594442]}, "rate-35": {"ANB": [{"max": 0.07967975720794303, "min": 0.0, "sm": 0.003794274152759192, "value": [506, 97, 55, 29, 12, 6, 10, 10, 4, 9, 3, 1, 3, 0, 0, 1, 0, 0, 0, 0, 0, 1]}, 0.0047053499999602484], "ACC": [{"max": 0.17900054561369766, "min": 0.0, "sm": 0.008523835505414174, "value": [142, 0, 0, 0, 0, 0, 0, 0, 2, 8, 14, 27, 55, 64, 80, 112, 80, 79, 54, 19, 10, 1]}, 0.10616031220437044], "LCC": [{"max": 1.0, "min": 0, "sm": 0.047619047619047616, "value": [526, 21, 43, 33, 21, 4, 11, 43, 5, 0, 9, 0, 0, 0, 7, 0, 0, 0, 0, 0, 0, 24]}, 0.09337623545940195]}, "rate-40": {"ANB": [{"max": 0.06403287368023564, "min": 0.0, "sm": 0.003049184460963602, "value": [546, 123, 62, 32, 22, 20, 13, 11, 3, 7, 4, 0, 1, 0, 2, 2, 2, 1, 0, 2, 0, 1]}, 0.004425363190101609], "ACC": [{"max": 0.18724020143750603, "min": 0.0, "sm": 0.008916200068452668, "value": [128, 0, 0, 0, 0, 0, 0, 0, 0, 4, 15, 23, 37, 81, 104, 145, 104, 119, 60, 22, 11, 1]}, 0.11866043947521278], "LCC": [{"max": 1.0, "min": 0, "sm": 0.047619047619047616, "value": [534, 26, 50, 61, 28, 13, 16, 65, 3, 1, 8, 1, 1, 0, 18, 0, 0, 0, 1, 0, 0, 28]}, 0.1176363282802839]}}