{"rate-5": {"ANB": [{"max": 0.5212454212454213, "min": 0.0, "sm": 0.02482121053549625, "value": [23, 2, 4, 2, 2, 4, 1, 2, 2, 4, 2, 4, 4, 3, 3, 7, 6, 5, 9, 5, 11, 1]}, 0.26621397470454067], "ACC": [{"max": 0.04727600180099054, "min": 0.022063458709812987, "sm": 0.001200597290056074, "value": [3, 4, 4, 4, 4, 6, 6, 3, 4, 4, 4, 5, 3, 3, 4, 5, 4, 9, 6, 8, 11, 2]}, 0.036644737326261126], "LCC": [{"max": 1.0, "min": 0, "sm": 0.047619047619047616, "value": [94, 0, 0, 4, 0, 0, 0, 0, 0, 0, 0, 0, 0, 0, 0, 0, 0, 0, 0, 0, 0, 8]}, 0.08176100628930819]}, "rate-10": {"ANB": [{"max": 0.2595226385287192, "min": 0.0, "sm": 0.012358220882319962, "value": [42, 16, 28, 33, 21, 14, 7, 8, 7, 6, 8, 9, 7, 1, 0, 1, 1, 1, 1, 0, 1, 1]}, 0.05820412354600946], "ACC": [{"max": 0.10783316378433368, "min": 0.039332096474953615, "sm": 0.0032619555861609553, "value": [3, 2, 2, 1, 1, 6, 8, 14, 18, 15, 16, 16, 21, 31, 15, 11, 10, 9, 7, 5, 1, 1]}, 0.07793251461500322], "LCC": [{"max": 1.0, "min": 0, "sm": 0.047619047619047616, "value": [207, 1, 0, 2, 0, 0, 0, 0, 0, 0, 0, 0, 0, 0, 0, 0, 0, 0, 0, 0, 0, 3]}, 0.01596244131455399]}, "rate-15": {"ANB": [{"max": 0.2879800890210783, "min": 0.0, "sm": 0.0137133375724323, "value": [129, 58, 35, 35, 17, 7, 7, 10, 6, 3, 2, 3, 1, 2, 2, 0, 0, 1, 0, 0, 1, 1]}, 0.03554980925060625], "ACC": [{"max": 0.11978971085242208, "min": 0.04060073819523991, "sm": 0.0037709034598658172, "value": [5, 1, 2, 1, 4, 11, 19, 16, 23, 28, 26, 22, 33, 38, 33, 22, 14, 10, 7, 2, 2, 1]}, 0.08420167059635228], "LCC": [{"max": 1.0, "min": 0, "sm": 0.047619047619047616, "value": [284, 2, 2, 12, 0, 0, 0, 5, 0, 0, 0, 0, 0, 0, 0, 0, 0, 0, 0, 0, 0, 15]}, 0.05931547619047618]}, "rate-20": {"ANB": [{"max": 0.23477368349530747, "min": 0.0, "sm": 0.01117969921406226, "value": [191, 102, 44, 29, 17, 17, 5, 6, 4, 1, 4, 0, 4, 1, 0, 0, 0, 1, 0, 0, 0, 1]}, 0.02253024414568413], "ACC": [{"max": 0.13135985198889916, "min": 0.06504809894640404, "sm": 0.003157702525833101, "value": [9, 6, 12, 13, 23, 17, 33, 37, 29, 32, 35, 43, 30, 19, 27, 20, 13, 15, 7, 6, 0, 1]}, 0.09666945760664357], "LCC": [{"max": 1.0, "min": 0, "sm": 0.047619047619047616, "value": [394, 0, 5, 6, 0, 0, 0, 9, 0, 0, 0, 0, 0, 0, 0, 0, 0, 0, 0, 0, 0, 13]}, 0.040979889223448945]}, "rate-25": {"ANB": [{"max": 0.1916421624757844, "min": 0.0, "sm": 0.009125817260751637, "value": [289, 115, 45, 29, 13, 15, 6, 6, 5, 4, 2, 2, 0, 1, 0, 0, 1, 0, 0, 0, 0, 1]}, 0.01529832761172278], "ACC": [{"max": 0.16185848770118433, "min": 0.07148605150214592, "sm": 0.004303449342811353, "value": [4, 3, 5, 19, 25, 44, 53, 51, 51, 56, 47, 53, 42, 27, 23, 10, 10, 5, 1, 3, 1, 1]}, 0.11153459513405203], "LCC": [{"max": 1.0, "min": 0, "sm": 0.047619047619047616, "value": [470, 10, 8, 18, 3, 0, 0, 13, 0, 0, 1, 0, 0, 0, 0, 0, 0, 0, 0, 0, 0, 11]}, 0.03915195291599787]}, "rate-30": {"ANB": [{"max": 0.11962012245116825, "min": 0.0, "sm": 0.005696196307198488, "value": [334, 120, 59, 38, 29, 18, 9, 12, 4, 5, 3, 1, 1, 4, 0, 0, 1, 1, 1, 0, 0, 1]}, 0.01077560003808602], "ACC": [{"max": 0.1802309208673613, "min": 0.07636320248180407, "sm": 0.004946081827883678, "value": [3, 7, 8, 12, 18, 21, 38, 50, 57, 47, 53, 57, 78, 61, 46, 27, 28, 13, 10, 4, 2, 1]}, 0.1298643591167544], "LCC": [{"max": 1.0, "min": 0, "sm": 0.047619047619047616, "value": [564, 12, 10, 19, 1, 0, 0, 13, 0, 0, 0, 0, 0, 0, 1, 0, 0, 0, 0, 0, 0, 21]}, 0.048910995400854994]}, "rate-35": {"ANB": [{"max": 0.14536211287052878, "min": 0.0, "sm": 0.006922005374787084, "value": [454, 126, 50, 45, 18, 13, 11, 9, 7, 5, 3, 0, 3, 1, 1, 0, 0, 0, 0, 0, 0, 1]}, 0.010327632810843463], "ACC": [{"max": 0.16420867268324896, "min": 0.06795408999817817, "sm": 0.004583551556431942, "value": [4, 6, 4, 11, 14, 25, 35, 47, 71, 87, 98, 73, 65, 71, 56, 32, 22, 16, 7, 2, 0, 1]}, 0.1173553179453056], "LCC": [{"max": 1.0, "min": 0, "sm": 0.047619047619047616, "value": [643, 11, 15, 27, 4, 0, 0, 20, 0, 0, 1, 0, 0, 0, 0, 0, 0, 0, 0, 0, 0, 26]}, 0.05463669901420904]}, "rate-40": {"ANB": [{"max": 0.11565089977322038, "min": 0.0, "sm": 0.005507185703486685, "value": [509, 171, 62, 34, 22, 19, 9, 10, 5, 2, 2, 0, 3, 1, 1, 0, 2, 0, 0, 1, 0, 1]}, 0.008005009280405206], "ACC": [{"max": 0.18917720115324907, "min": 0.07834313005143277, "sm": 0.0052778129096103, "value": [10, 11, 23, 37, 35, 44, 31, 47, 55, 94, 91, 91, 89, 66, 46, 27, 28, 17, 4, 5, 2, 1]}, 0.1315592547816159], "LCC": [{"max": 1.0, "min": 0, "sm": 0.047619047619047616, "value": [763, 16, 12, 20, 1, 0, 0, 21, 0, 0, 0, 0, 0, 0, 3, 0, 0, 0, 0, 0, 0, 18]}, 0.03891285659435543]}}