{"rate-5": {"ANB": [{"max": 0.0005494505494505495, "min": 0.0, "sm": 2.6164311878597592e-05, "value": [101, 0, 0, 0, 0, 0, 0, 2, 0, 0, 0, 0, 0, 0, 2, 0, 0, 0, 0, 0, 0, 1]}, 1.5550487248600457e-05], "ACC": [{"max": 0.02857142857142857, "min": 0.009523809523809525, "sm": 0.0009070294784580498, "value": [92, 0, 0, 4, 0, 2, 0, 0, 3, 0, 2, 0, 0, 2, 0, 0, 0, 0, 0, 0, 0, 1]}, 0.010533093740640894], "LCC": [{"max": 0, "min": 0, "sm": 0.0, "value": [106, 0, 0, 0, 0, 0, 0, 0, 0, 0, 0, 0, 0, 0, 0, 0, 0, 0, 0, 0, 0, 0]}, 0.0]}, "rate-10": {"ANB": [{"max": 0.00013413216489314137, "min": 0.0, "sm": 6.387245947292446e-06, "value": [199, 0, 0, 0, 0, 0, 0, 11, 0, 0, 0, 0, 0, 0, 2, 0, 0, 0, 0, 0, 0, 1]}, 3.77837084206032e-06], "ACC": [{"max": 0.014150943396226415, "min": 0.0047169811320754715, "sm": 0.00044923629829290214, "value": [172, 0, 0, 22, 0, 2, 0, 0, 3, 0, 11, 0, 0, 2, 0, 0, 0, 0, 0, 0, 0, 1]}, 0.005297930138482916], "LCC": [{"max": 0, "min": 0, "sm": 0.0, "value": [213, 0, 0, 0, 0, 0, 0, 0, 0, 0, 0, 0, 0, 0, 0, 0, 0, 0, 0, 0, 0, 0]}, 0.0]}, "rate-15": {"ANB": [{"max": 0.0001371473354231975, "min": 0.0, "sm": 6.530825496342738e-06, "value": [283, 0, 0, 24, 0, 0, 8, 0, 0, 2, 0, 0, 1, 0, 0, 1, 0, 0, 1, 0, 0, 1]}, 4.150431156554263e-06], "ACC": [{"max": 0.010000000000000002, "min": 0.003125, "sm": 0.0003273809523809525, "value": [218, 0, 0, 48, 8, 0, 0, 5, 0, 26, 2, 8, 0, 0, 1, 1, 0, 0, 0, 1, 2, 1]}, 0.003842940278395902], "LCC": [{"max": 0, "min": 0, "sm": 0.0, "value": [321, 0, 0, 0, 0, 0, 0, 0, 0, 0, 0, 0, 0, 0, 0, 0, 0, 0, 0, 0, 0, 0]}, 0.0]}, "rate-20": {"ANB": [{"max": 0.00015465341066003867, "min": 0.0, "sm": 7.3644481266685085e-06, "value": [374, 24, 8, 0, 7, 4, 0, 4, 0, 2, 2, 0, 0, 1, 0, 0, 0, 0, 0, 0, 0, 1]}, 3.7770822944740112e-06], "ACC": [{"max": 0.012072434607645875, "min": 0.002347417840375587, "sm": 0.0004630960365366804, "value": [286, 48, 8, 7, 6, 31, 16, 4, 4, 2, 7, 3, 0, 3, 0, 0, 1, 0, 0, 0, 0, 1]}, 0.0030777968102736323], "LCC": [{"max": 0, "min": 0, "sm": 0.0, "value": [427, 0, 0, 0, 0, 0, 0, 0, 0, 0, 0, 0, 0, 0, 0, 0, 0, 0, 0, 0, 0, 0]}, 0.0]}, "rate-25": {"ANB": [{"max": 0.000648901804229147, "min": 0.0, "sm": 3.090008591567367e-05, "value": [479, 15, 7, 2, 3, 5, 3, 2, 1, 2, 2, 3, 1, 2, 1, 1, 0, 0, 3, 1, 0, 1]}, 2.282409863434223e-05], "ACC": [{"max": 0.012639478621506862, "min": 0.001876172607879925, "sm": 0.0005125383816012827, "value": [276, 78, 16, 41, 22, 9, 13, 8, 15, 13, 11, 6, 8, 4, 3, 3, 1, 5, 0, 0, 1, 1]}, 0.003234007981560106], "LCC": [{"max": 0, "min": 0, "sm": 0.0, "value": [534, 0, 0, 0, 0, 0, 0, 0, 0, 0, 0, 0, 0, 0, 0, 0, 0, 0, 0, 0, 0, 0]}, 0.0]}, "rate-30": {"ANB": [{"max": 0.0003570031298904538, "min": 0.0, "sm": 1.700014904240256e-05, "value": [549, 31, 9, 14, 9, 4, 6, 0, 3, 2, 4, 1, 1, 1, 1, 3, 2, 0, 0, 0, 0, 1]}, 1.2794525865541657e-05], "ACC": [{"max": 0.011002604166666666, "min": 0.0015625, "sm": 0.0004495287698412698, "value": [274, 90, 31, 59, 41, 25, 28, 26, 14, 6, 10, 14, 9, 2, 2, 4, 1, 3, 1, 0, 0, 1]}, 0.002879226290070965], "LCC": [{"max": 0, "min": 0, "sm": 0.0, "value": [641, 0, 0, 0, 0, 0, 0, 0, 0, 0, 0, 0, 0, 0, 0, 0, 0, 0, 0, 0, 0, 0]}, 0.0]}, "rate-35": {"ANB": [{"max": 0.0029436637457941235, "min": 0.0, "sm": 0.00014017446408543446, "value": [709, 12, 6, 0, 5, 2, 1, 1, 0, 0, 1, 0, 0, 0, 0, 0, 0, 1, 2, 3, 3, 1]}, 5.7804193605364695e-05], "ACC": [{"max": 0.012996665979239706, "min": 0.0013404825737265416, "sm": 0.000555056352643484, "value": [390, 63, 68, 62, 48, 20, 17, 9, 5, 5, 6, 9, 5, 8, 8, 6, 3, 6, 2, 2, 3, 2]}, 0.0028186455134697652], "LCC": [{"max": 0, "min": 0, "sm": 0.0, "value": [747, 0, 0, 0, 0, 0, 0, 0, 0, 0, 0, 0, 0, 0, 0, 0, 0, 0, 0, 0, 0, 0]}, 0.0]}, "rate-40": {"ANB": [{"max": 0.0011448133899135335, "min": 0.0, "sm": 5.451492332921588e-05, "value": [760, 39, 19, 10, 7, 2, 8, 1, 1, 1, 2, 2, 0, 0, 1, 0, 0, 0, 0, 0, 0, 1]}, 2.3978102015252294e-05], "ACC": [{"max": 0.012433182399948376, "min": 0.0011723329425556857, "sm": 0.000536230926542509, "value": [364, 67, 128, 40, 53, 33, 34, 35, 17, 25, 16, 9, 7, 7, 7, 5, 2, 2, 0, 2, 0, 1]}, 0.002841786246209137], "LCC": [{"max": 1.0, "min": 0, "sm": 0.047619047619047616, "value": [842, 0, 0, 1, 0, 0, 0, 4, 0, 0, 0, 0, 0, 0, 0, 0, 0, 0, 0, 0, 0, 7]}, 0.009953161592505855]}}