{"rate_5": {"ANB": [{"max": 0.2832365585980469, "min": 0.0, "sm": 0.013487455171335568, "value": [48, 14, 9, 3, 9, 10, 4, 1, 2, 2, 1, 0, 2, 0, 0, 1, 1, 0, 0, 0, 0, 1]}, 0.03875631053377481], "ACC": [{"max": 0.2891891891891892, "min": 0.13561470215462612, "sm": 0.007313070811169669, "value": [2, 6, 5, 5, 8, 5, 10, 7, 7, 6, 6, 7, 9, 5, 6, 7, 2, 2, 0, 2, 0, 1]}, 0.20199718327511731], "LCC": [{"max": 1.0, "min": 0, "sm": 0.047619047619047616, "value": [81, 3, 5, 4, 2, 1, 1, 8, 0, 0, 0, 0, 0, 0, 1, 0, 0, 0, 0, 0, 0, 2]}, 0.07080327080327078]}, "rate_10": {"ANB": [{"max": 0.1386485374599843, "min": 0.0, "sm": 0.006602311307618299, "value": [92, 40, 22, 20, 8, 8, 6, 6, 3, 6, 2, 4, 0, 2, 1, 1, 0, 0, 0, 0, 0, 1]}, 0.01763834999129116], "ACC": [{"max": 0.2776381909547739, "min": 0.1071255453223461, "sm": 0.00811964979202037, "value": [2, 3, 0, 1, 2, 5, 3, 8, 9, 17, 11, 23, 26, 31, 16, 19, 16, 11, 9, 5, 4, 1]}, 0.21064848072356263], "LCC": [{"max": 1.0, "min": 0, "sm": 0.047619047619047616, "value": [162, 9, 13, 9, 9, 3, 0, 10, 1, 0, 0, 0, 0, 0, 1, 0, 0, 0, 0, 0, 0, 5]}, 0.07041194173547113]}, "rate_15": {"ANB": [{"max": 0.09462286659794318, "min": 0.0, "sm": 0.004505850790378247, "value": [142, 61, 35, 25, 18, 11, 8, 8, 4, 6, 3, 4, 0, 1, 0, 1, 1, 0, 0, 0, 1, 1]}, 0.01105165376052766], "ACC": [{"max": 0.28809106830122594, "min": 0.1431679721496954, "sm": 0.006901099816739549, "value": [1, 2, 4, 7, 9, 24, 17, 19, 22, 23, 23, 41, 25, 31, 15, 22, 18, 9, 8, 6, 3, 1]}, 0.22017187338435154], "LCC": [{"max": 1.0, "min": 0, "sm": 0.047619047619047616, "value": [192, 17, 34, 26, 13, 3, 5, 23, 1, 0, 3, 0, 0, 0, 5, 0, 0, 0, 0, 0, 0, 8]}, 0.1067386906023269]}, "rate_20": {"ANB": [{"max": 0.0673870794116548, "min": 0.0, "sm": 0.0032089085434121333, "value": [177, 87, 46, 24, 26, 24, 10, 9, 7, 6, 3, 1, 2, 2, 2, 0, 0, 2, 4, 0, 0, 1]}, 0.008291448535282358], "ACC": [{"max": 0.2975206611570248, "min": 0.13382899628252787, "sm": 0.007794841184499854, "value": [2, 1, 6, 3, 7, 11, 24, 25, 35, 30, 48, 48, 55, 38, 30, 27, 22, 6, 8, 4, 2, 1]}, 0.2224712644708193], "LCC": [{"max": 1.0, "min": 0, "sm": 0.047619047619047616, "value": [234, 40, 40, 38, 25, 2, 7, 32, 2, 1, 2, 0, 0, 0, 5, 0, 0, 1, 0, 0, 0, 4]}, 0.09781536340552925]}, "rate_25": {"ANB": [{"max": 0.06646849178680443, "min": 0.0, "sm": 0.0031651662755621157, "value": [262, 90, 55, 48, 25, 14, 10, 8, 9, 2, 2, 4, 2, 3, 0, 0, 0, 0, 0, 0, 0, 1]}, 0.006386525969153909], "ACC": [{"max": 0.3076036866359447, "min": 0.13787761425251743, "sm": 0.008082193923020346, "value": [3, 3, 5, 4, 5, 13, 28, 20, 40, 41, 57, 71, 69, 48, 40, 38, 24, 16, 6, 2, 2, 0]}, 0.23087369384931025], "LCC": [{"max": 1.0, "min": 0, "sm": 0.047619047619047616, "value": [249, 62, 78, 54, 26, 6, 5, 31, 4, 0, 2, 0, 0, 0, 4, 0, 0, 0, 0, 0, 0, 14]}, 0.1118266102491097]}, "rate_30": {"ANB": [{"max": 0.06258099036629909, "min": 0.0, "sm": 0.002980047160299957, "value": [323, 125, 78, 32, 25, 16, 12, 6, 8, 3, 2, 2, 3, 0, 0, 0, 1, 0, 0, 0, 0, 1]}, 0.005214585062622924], "ACC": [{"max": 0.30213776722090263, "min": 0.11865671641791045, "sm": 0.00873719289538058, "value": [1, 2, 1, 0, 2, 8, 6, 13, 22, 32, 45, 56, 88, 75, 78, 76, 62, 37, 17, 9, 6, 1]}, 0.2355784085996418], "LCC": [{"max": 1.0, "min": 0, "sm": 0.047619047619047616, "value": [267, 79, 95, 66, 46, 11, 11, 36, 5, 0, 3, 0, 0, 0, 4, 0, 0, 0, 0, 0, 0, 14]}, 0.11716572759670488]}, "rate_35": {"ANB": [{"max": 0.0644328152844916, "min": 0.0, "sm": 0.003068229299261505, "value": [442, 136, 74, 30, 28, 9, 7, 6, 5, 6, 1, 2, 1, 1, 0, 0, 0, 0, 0, 0, 0, 1]}, 0.004384716493183343], "ACC": [{"max": 0.31468237273874633, "min": 0.1185607861784752, "sm": 0.00933912316953672, "value": [1, 2, 0, 2, 3, 9, 5, 22, 39, 43, 68, 83, 102, 115, 87, 76, 52, 18, 14, 7, 0, 1]}, 0.23745469817838252], "LCC": [{"max": 1.0, "min": 0, "sm": 0.047619047619047616, "value": [302, 95, 130, 73, 46, 21, 16, 38, 3, 0, 6, 0, 0, 0, 6, 0, 0, 0, 0, 0, 0, 13]}, 0.11561853294232807]}, "rate_40": {"ANB": [{"max": 0.05136669084935427, "min": 0.0, "sm": 0.0024460328975882983, "value": [497, 154, 75, 46, 23, 18, 14, 6, 5, 3, 5, 3, 2, 1, 0, 0, 1, 1, 1, 0, 0, 1]}, 0.00380644617518978], "ACC": [{"max": 0.31295754026354317, "min": 0.12198601797688687, "sm": 0.0090938820136503, "value": [2, 2, 0, 2, 5, 4, 12, 21, 40, 51, 63, 100, 125, 119, 108, 100, 52, 21, 19, 9, 0, 1]}, 0.23860667703702718], "LCC": [{"max": 1.0, "min": 0, "sm": 0.047619047619047616, "value": [317, 94, 164, 92, 67, 26, 21, 46, 4, 0, 5, 1, 0, 0, 5, 0, 0, 0, 0, 0, 0, 14]}, 0.12260625779663567]}}