{"rate-5": {"ANB": [{"max": 0.0005494505494505495, "min": 0.0, "sm": 2.6164311878597592e-05, "value": [104, 0, 0, 0, 0, 0, 0, 1, 0, 0, 0, 0, 0, 0, 0, 0, 0, 0, 0, 0, 0, 1]}, 6.9113276660446475e-06], "ACC": [{"max": 0.02857142857142857, "min": 0.0, "sm": 0.0013605442176870747, "value": [83, 0, 0, 0, 0, 0, 0, 16, 0, 2, 0, 0, 3, 0, 1, 0, 0, 0, 0, 0, 0, 1]}, 0.0026115603474094044], "LCC": [{"max": 0, "min": 0, "sm": 0.0, "value": [106, 0, 0, 0, 0, 0, 0, 0, 0, 0, 0, 0, 0, 0, 0, 0, 0, 0, 0, 0, 0, 0]}, 0.0]}, "rate-10": {"ANB": [{"max": 0.023853169990163643, "min": 0.0, "sm": 0.00113586523762684, "value": [192, 6, 3, 1, 1, 2, 2, 2, 0, 1, 1, 1, 0, 0, 0, 0, 0, 0, 0, 0, 0, 1]}, 0.0006633139922728117], "ACC": [{"max": 0.05922887612797374, "min": 0.0, "sm": 0.0028204226727606544, "value": [92, 20, 16, 15, 17, 5, 7, 4, 1, 1, 5, 4, 4, 6, 3, 5, 4, 1, 2, 0, 0, 1]}, 0.010841454673046282], "LCC": [{"max": 1.0, "min": 0, "sm": 0.047619047619047616, "value": [198, 0, 1, 3, 0, 0, 0, 5, 0, 0, 0, 0, 0, 0, 0, 0, 0, 0, 0, 0, 0, 6]}, 0.03881064162754303]}, "rate-15": {"ANB": [{"max": 0.04145948752324809, "min": 0.0, "sm": 0.0019742613106308615, "value": [266, 16, 7, 10, 3, 3, 3, 1, 3, 5, 1, 0, 1, 0, 0, 0, 0, 0, 0, 0, 1, 0]}, 0.0016729387236056076], "ACC": [{"max": 0.08002878645572863, "min": 0.0, "sm": 0.0038108945931299345, "value": [166, 9, 1, 0, 0, 12, 24, 15, 13, 10, 13, 16, 6, 10, 10, 3, 5, 3, 2, 1, 0, 1]}, 0.017971697727697713], "LCC": [{"max": 1.0, "min": 0, "sm": 0.047619047619047616, "value": [285, 3, 4, 1, 3, 0, 1, 10, 0, 0, 0, 0, 0, 0, 1, 0, 0, 0, 0, 0, 0, 12]}, 0.05501488095238094]}, "rate-20": {"ANB": [{"max": 0.07123016429395883, "min": 0.0, "sm": 0.003391912585426611, "value": [349, 30, 11, 5, 2, 5, 5, 4, 3, 5, 1, 1, 1, 0, 0, 1, 1, 0, 1, 1, 0, 1]}, 0.003275273628269134], "ACC": [{"max": 0.09788591267041125, "min": 0.0, "sm": 0.00466123393668625, "value": [183, 37, 2, 0, 0, 0, 0, 0, 0, 0, 5, 21, 17, 37, 32, 27, 23, 19, 9, 9, 5, 1]}, 0.034328261719545686], "LCC": [{"max": 1.0, "min": 0, "sm": 0.047619047619047616, "value": [358, 4, 6, 4, 5, 2, 5, 13, 1, 1, 2, 0, 0, 0, 6, 0, 0, 0, 0, 0, 0, 20]}, 0.08165847943365508]}, "rate-25": {"ANB": [{"max": 0.10525872606253253, "min": 0.0, "sm": 0.005012320288692025, "value": [402, 55, 26, 18, 7, 10, 4, 2, 0, 0, 2, 1, 1, 1, 3, 0, 1, 0, 0, 0, 0, 1]}, 0.004934654658443438], "ACC": [{"max": 0.16136416764674175, "min": 0.0, "sm": 0.007684007983178178, "value": [166, 2, 0, 0, 0, 0, 0, 0, 7, 10, 20, 37, 54, 67, 55, 45, 34, 23, 5, 7, 1, 1]}, 0.07371376497852304], "LCC": [{"max": 1.0, "min": 0, "sm": 0.047619047619047616, "value": [411, 10, 13, 19, 9, 5, 3, 28, 2, 2, 4, 0, 2, 0, 6, 0, 0, 0, 0, 0, 0, 20]}, 0.08888740265144766]}, "rate-30": {"ANB": [{"max": 0.08544959400649672, "min": 0.0, "sm": 0.004069028286023653, "value": [443, 78, 37, 27, 14, 7, 11, 5, 5, 6, 2, 0, 2, 2, 0, 0, 0, 0, 0, 0, 1, 1]}, 0.004873310542750343], "ACC": [{"max": 0.1457513211820535, "min": 0.0, "sm": 0.00694053910390731, "value": [175, 0, 0, 0, 0, 0, 0, 0, 3, 4, 16, 26, 16, 56, 58, 70, 63, 64, 49, 31, 9, 1]}, 0.07908068219196038], "LCC": [{"max": 1.0, "min": 0, "sm": 0.047619047619047616, "value": [470, 14, 24, 27, 10, 5, 4, 35, 3, 0, 5, 0, 1, 0, 13, 0, 0, 0, 0, 0, 0, 30]}, 0.10480625103336333]}, "rate-35": {"ANB": [{"max": 0.09680968066751519, "min": 0.0, "sm": 0.0046099847936912, "value": [543, 79, 43, 31, 20, 10, 7, 4, 0, 3, 3, 1, 1, 0, 0, 0, 0, 1, 0, 0, 0, 1]}, 0.004858211477357689], "ACC": [{"max": 0.1906499833193323, "min": 0.0, "sm": 0.00907857063425392, "value": [130, 0, 0, 0, 0, 0, 0, 0, 0, 9, 18, 42, 65, 94, 90, 118, 91, 51, 28, 7, 3, 1]}, 0.11069465819731272], "LCC": [{"max": 1.0, "min": 0, "sm": 0.047619047619047616, "value": [477, 19, 51, 44, 22, 7, 9, 52, 2, 0, 10, 0, 0, 0, 18, 0, 0, 1, 0, 0, 0, 35]}, 0.12546259377612243]}, "rate-40": {"ANB": [{"max": 0.05330093764541623, "min": 0.0, "sm": 0.0025381398878769634, "value": [543, 112, 58, 47, 24, 26, 6, 10, 4, 5, 2, 4, 3, 1, 2, 1, 1, 0, 2, 0, 2, 1]}, 0.0038619825217198517], "ACC": [{"max": 0.1846030486896469, "min": 0.0, "sm": 0.008790621366173661, "value": [165, 0, 0, 0, 0, 0, 0, 0, 0, 1, 8, 30, 56, 82, 99, 117, 135, 80, 58, 14, 8, 1]}, 0.10966836662114643], "LCC": [{"max": 1.0, "min": 0, "sm": 0.047619047619047616, "value": [547, 31, 53, 52, 30, 7, 14, 57, 2, 0, 8, 1, 0, 0, 15, 0, 0, 0, 0, 0, 0, 37]}, 0.11695092630655386]}}