{"rate-5": {"ANB": [{"max": 0.36147596740645, "min": 0.0, "sm": 0.017213141305069048, "value": [55, 18, 9, 5, 5, 5, 0, 3, 2, 2, 0, 0, 0, 0, 0, 0, 1, 0, 0, 0, 0, 1]}, 0.0370274379708342], "ACC": [{"max": 0.2905739421868454, "min": 0.01904761904761905, "sm": 0.012929824911391732, "value": [3, 0, 0, 0, 0, 0, 0, 1, 4, 5, 5, 9, 12, 21, 12, 12, 11, 6, 3, 1, 0, 1]}, 0.19238909866427306], "LCC": [{"max": 1.0, "min": 0, "sm": 0.047619047619047616, "value": [53, 0, 7, 6, 6, 2, 5, 10, 1, 0, 1, 0, 1, 0, 5, 0, 0, 0, 0, 0, 0, 9]}, 0.2091868823000899]}, "rate-10": {"ANB": [{"max": 0.16451380304998062, "min": 0.0, "sm": 0.007833990621427648, "value": [113, 37, 23, 8, 12, 5, 5, 3, 2, 1, 1, 1, 1, 0, 0, 0, 0, 0, 0, 0, 0, 1]}, 0.0148878306651738], "ACC": [{"max": 0.3509933774834437, "min": 0.1263408820023838, "sm": 0.010697737880050472, "value": [5, 1, 8, 0, 5, 2, 1, 6, 12, 15, 18, 26, 31, 30, 12, 22, 9, 6, 2, 1, 0, 1]}, 0.2505612629691233], "LCC": [{"max": 1.0, "min": 0, "sm": 0.047619047619047616, "value": [75, 22, 17, 23, 12, 6, 8, 20, 5, 5, 5, 1, 2, 0, 5, 1, 0, 0, 0, 0, 0, 6]}, 0.18175908938309426]}, "rate-15": {"ANB": [{"max": 0.17872916891189475, "min": 0.0, "sm": 0.008510912805328322, "value": [192, 58, 24, 18, 10, 4, 4, 2, 0, 2, 1, 0, 0, 1, 0, 1, 0, 0, 1, 1, 1, 0]}, 0.013117471067210822], "ACC": [{"max": 0.2656119900083264, "min": 0.13476975073933248, "sm": 0.006230582822333045, "value": [1, 5, 10, 7, 26, 16, 20, 24, 25, 21, 26, 25, 38, 15, 22, 14, 10, 7, 5, 1, 1, 1]}, 0.19700021793812023], "LCC": [{"max": 1.0, "min": 0, "sm": 0.047619047619047616, "value": [112, 13, 27, 38, 23, 10, 13, 41, 9, 4, 13, 1, 1, 1, 6, 0, 0, 2, 1, 0, 0, 5]}, 0.18753917038843512]}, "rate-20": {"ANB": [{"max": 0.12609405230978604, "min": 0.0, "sm": 0.006004478681418383, "value": [247, 91, 36, 17, 11, 5, 5, 7, 2, 0, 1, 1, 2, 1, 0, 0, 0, 0, 0, 0, 0, 1]}, 0.008707312987536278], "ACC": [{"max": 0.2991573033707865, "min": 0.13498098859315588, "sm": 0.007817919751315744, "value": [3, 9, 7, 9, 19, 12, 22, 24, 44, 52, 25, 41, 26, 35, 39, 19, 15, 12, 9, 2, 2, 1]}, 0.21782070859097158], "LCC": [{"max": 1.0, "min": 0, "sm": 0.047619047619047616, "value": [140, 17, 47, 57, 48, 13, 21, 45, 4, 0, 14, 0, 0, 0, 10, 0, 0, 1, 0, 0, 0, 10]}, 0.17793430184541772]}, "rate-25": {"ANB": [{"max": 0.07783062901249016, "min": 0.0, "sm": 0.003706220429166198, "value": [290, 97, 51, 22, 25, 16, 9, 7, 4, 3, 3, 4, 1, 1, 0, 0, 0, 0, 0, 0, 0, 1]}, 0.006474805814206658], "ACC": [{"max": 0.2917350848385331, "min": 0.14393734809613826, "sm": 0.007037987463923564, "value": [5, 3, 3, 7, 9, 7, 19, 27, 25, 39, 45, 58, 74, 55, 44, 38, 29, 20, 15, 8, 3, 1]}, 0.22840357327763794], "LCC": [{"max": 1.0, "min": 0, "sm": 0.047619047619047616, "value": [124, 30, 62, 63, 65, 34, 32, 40, 20, 8, 14, 6, 2, 2, 12, 0, 2, 0, 0, 0, 0, 18]}, 0.21712390413128937]}, "rate-30": {"ANB": [{"max": 0.0558339286140047, "min": 0.0, "sm": 0.0026587585054287954, "value": [327, 125, 61, 42, 35, 12, 7, 5, 4, 5, 4, 8, 2, 1, 1, 0, 1, 0, 0, 0, 0, 1]}, 0.004988056916642859], "ACC": [{"max": 0.32871083718541344, "min": 0.13790131437190262, "sm": 0.009086167753024324, "value": [3, 2, 6, 8, 17, 22, 16, 32, 39, 59, 64, 52, 60, 68, 64, 56, 29, 25, 11, 6, 1, 1]}, 0.2441437030116385], "LCC": [{"max": 1.0, "min": 0, "sm": 0.047619047619047616, "value": [138, 46, 99, 94, 88, 37, 19, 64, 13, 4, 16, 3, 5, 0, 6, 0, 1, 0, 0, 0, 0, 8]}, 0.18206888560482112]}, "rate-35": {"ANB": [{"max": 0.07843255699072656, "min": 0.0, "sm": 0.0037348836662250743, "value": [496, 132, 43, 36, 15, 10, 5, 2, 2, 4, 1, 0, 0, 0, 0, 0, 0, 0, 0, 0, 0, 1]}, 0.004208076887140841], "ACC": [{"max": 0.3303808680248007, "min": 0.14293926039471164, "sm": 0.00892579083952805, "value": [1, 0, 7, 5, 9, 9, 22, 40, 49, 71, 115, 92, 100, 68, 75, 45, 24, 7, 5, 2, 0, 1]}, 0.24501514868216606], "LCC": [{"max": 1.0, "min": 0, "sm": 0.047619047619047616, "value": [153, 68, 134, 111, 77, 41, 33, 54, 16, 8, 14, 3, 1, 1, 12, 1, 0, 1, 0, 0, 0, 19]}, 0.1887597668295361]}, "rate-40": {"ANB": [{"max": 0.042622584863885156, "min": 0.0, "sm": 0.0020296468982802457, "value": [439, 178, 76, 52, 29, 24, 12, 7, 8, 10, 2, 6, 3, 2, 1, 1, 0, 1, 2, 0, 1, 0]}, 0.003785246794896955], "ACC": [{"max": 0.3134876883498714, "min": 0.14129534537021698, "sm": 0.008199635379983543, "value": [2, 2, 4, 2, 15, 15, 20, 29, 51, 83, 87, 110, 100, 86, 93, 62, 39, 29, 15, 5, 4, 1]}, 0.23997369908960675], "LCC": [{"max": 1.0, "min": 0, "sm": 0.047619047619047616, "value": [142, 89, 126, 127, 98, 59, 49, 70, 18, 8, 19, 4, 3, 2, 14, 2, 1, 1, 1, 0, 0, 21]}, 0.20585137106570925]}}