{"rate-5": {"ANB": [{"max": 0.0003663003663003663, "min": 0.0, "sm": 1.7442874585731727e-05, "value": [99, 0, 0, 0, 0, 0, 0, 0, 0, 0, 4, 0, 0, 0, 0, 0, 0, 0, 0, 0, 0, 3]}, 1.7278319165111616e-05], "ACC": [{"max": 0.02857142857142857, "min": 0.0, "sm": 0.0013605442176870747, "value": [72, 0, 0, 0, 0, 0, 0, 14, 0, 8, 2, 0, 1, 0, 4, 4, 0, 0, 0, 0, 0, 1]}, 0.004444444444444447], "LCC": [{"max": 1.0, "min": 0, "sm": 0.047619047619047616, "value": [103, 0, 0, 0, 0, 0, 0, 1, 0, 0, 0, 0, 0, 0, 0, 0, 0, 0, 0, 0, 0, 2]}, 0.0220125786163522]}, "rate-10": {"ANB": [{"max": 0.02561924349459, "min": 0.0, "sm": 0.0012199639759328572, "value": [186, 7, 1, 5, 3, 1, 0, 2, 0, 1, 1, 0, 0, 2, 0, 0, 1, 0, 1, 0, 1, 1]}, 0.001071797862197777], "ACC": [{"max": 0.052483192366081115, "min": 0.0, "sm": 0.0024991996364800532, "value": [104, 22, 16, 20, 0, 4, 2, 0, 1, 1, 2, 8, 7, 5, 6, 3, 4, 2, 2, 2, 1, 1]}, 0.009690618498784663], "LCC": [{"max": 1.0, "min": 0, "sm": 0.047619047619047616, "value": [210, 0, 0, 2, 0, 0, 0, 0, 0, 0, 0, 0, 0, 0, 0, 0, 0, 0, 0, 0, 0, 1]}, 0.006259780907668231]}, "rate-15": {"ANB": [{"max": 0.08465921413221349, "min": 0.0, "sm": 0.004031391149153023, "value": [255, 10, 18, 8, 7, 2, 2, 4, 1, 2, 1, 1, 1, 2, 2, 1, 0, 1, 1, 0, 0, 1]}, 0.0047305972871197356], "ACC": [{"max": 0.09480230559207199, "min": 0.0, "sm": 0.004514395504384381, "value": [140, 23, 6, 0, 0, 0, 0, 2, 4, 6, 16, 13, 20, 20, 10, 18, 14, 10, 10, 4, 3, 1]}, 0.031016114891420993], "LCC": [{"max": 1.0, "min": 0, "sm": 0.047619047619047616, "value": [274, 2, 4, 4, 4, 0, 1, 14, 0, 0, 0, 0, 0, 0, 5, 0, 0, 0, 0, 0, 0, 12]}, 0.06988095238095239]}, "rate-20": {"ANB": [{"max": 0.14701554783244916, "min": 0.0, "sm": 0.00700074037297377, "value": [339, 33, 19, 13, 3, 4, 2, 4, 2, 2, 0, 0, 2, 0, 2, 0, 1, 0, 0, 0, 0, 1]}, 0.006134136868785842], "ACC": [{"max": 0.08807115904364218, "min": 0.0, "sm": 0.004193864716363914, "value": [168, 23, 2, 0, 0, 0, 0, 3, 2, 7, 11, 24, 47, 25, 40, 24, 22, 14, 8, 5, 1, 1]}, 0.032678013331085706], "LCC": [{"max": 1.0, "min": 0, "sm": 0.047619047619047616, "value": [367, 3, 4, 5, 1, 1, 0, 24, 0, 0, 5, 0, 0, 0, 3, 0, 0, 0, 0, 0, 0, 14]}, 0.06653655997918291]}, "rate-25": {"ANB": [{"max": 0.12305435002351062, "min": 0.0, "sm": 0.005859730953500506, "value": [412, 52, 17, 14, 11, 7, 4, 2, 4, 4, 0, 1, 2, 0, 0, 1, 0, 1, 1, 0, 0, 1]}, 0.005979438340142793], "ACC": [{"max": 0.15733062447344262, "min": 0.0, "sm": 0.0074919344987353625, "value": [146, 0, 0, 0, 0, 0, 0, 0, 1, 12, 17, 40, 54, 60, 69, 62, 41, 15, 9, 7, 0, 1]}, 0.07717312230142653], "LCC": [{"max": 1.0, "min": 0, "sm": 0.047619047619047616, "value": [410, 12, 15, 24, 6, 1, 1, 38, 1, 0, 5, 0, 2, 0, 8, 0, 0, 0, 0, 0, 0, 11]}, 0.077607516341993]}, "rate-30": {"ANB": [{"max": 0.09237152114757097, "min": 0.0, "sm": 0.004398643864170046, "value": [447, 71, 40, 23, 13, 16, 7, 6, 4, 2, 1, 1, 2, 1, 1, 0, 2, 0, 1, 1, 1, 1]}, 0.005647604425303771], "ACC": [{"max": 0.1588429752066116, "min": 0.0, "sm": 0.007563951200314838, "value": [144, 0, 0, 0, 0, 0, 0, 1, 3, 10, 10, 14, 51, 64, 91, 86, 64, 60, 28, 8, 6, 1]}, 0.08817167784514524], "LCC": [{"max": 1.0, "min": 0, "sm": 0.047619047619047616, "value": [474, 13, 18, 32, 17, 4, 7, 30, 4, 3, 1, 1, 0, 0, 7, 0, 0, 0, 0, 0, 0, 30]}, 0.09886151290207452]}, "rate-35": {"ANB": [{"max": 0.09725048105913213, "min": 0.0, "sm": 0.004630975288530102, "value": [561, 86, 49, 20, 10, 5, 2, 2, 0, 5, 1, 0, 2, 1, 1, 0, 1, 0, 0, 0, 0, 1]}, 0.004189823691910347], "ACC": [{"max": 0.1797999752000034, "min": 0.0, "sm": 0.008561903580952542, "value": [166, 0, 0, 0, 0, 0, 0, 0, 1, 6, 11, 23, 55, 79, 108, 96, 97, 57, 30, 12, 5, 1]}, 0.10037135842526296], "LCC": [{"max": 1.0, "min": 0, "sm": 0.047619047619047616, "value": [497, 22, 38, 28, 20, 13, 11, 53, 12, 1, 14, 0, 1, 0, 11, 0, 0, 0, 0, 0, 0, 26]}, 0.11333436813779241]}, "rate-40": {"ANB": [{"max": 0.07552201416755233, "min": 0.0, "sm": 0.0035962863889310633, "value": [592, 122, 57, 33, 16, 8, 8, 4, 2, 1, 2, 0, 3, 4, 0, 0, 0, 0, 0, 1, 0, 1]}, 0.003887604063061506], "ACC": [{"max": 0.21892012557786578, "min": 0.0, "sm": 0.010424767884660275, "value": [129, 0, 0, 0, 0, 0, 0, 0, 3, 4, 19, 43, 61, 104, 137, 145, 109, 56, 34, 9, 0, 1]}, 0.13146615405066622], "LCC": [{"max": 1.0, "min": 0, "sm": 0.047619047619047616, "value": [516, 51, 53, 45, 38, 15, 14, 60, 10, 1, 7, 0, 5, 0, 12, 0, 0, 0, 0, 0, 0, 27]}, 0.11543130974979761]}}