{"rate-5": {"ANB": [{"max": 0.002747252747252747, "min": 0.0, "sm": 0.00013082155939298794, "value": [93, 2, 0, 0, 2, 1, 0, 2, 1, 0, 0, 0, 1, 0, 1, 0, 2, 0, 0, 0, 0, 1]}, 0.0001485935448199599], "ACC": [{"max": 0.04897959183673469, "min": 0.0, "sm": 0.0023323615160349854, "value": [56, 0, 0, 0, 14, 4, 0, 4, 6, 0, 9, 0, 5, 2, 1, 2, 1, 1, 0, 0, 0, 1]}, 0.009671876115981658], "LCC": [{"max": 1.0, "min": 0, "sm": 0.047619047619047616, "value": [103, 0, 1, 0, 0, 0, 0, 1, 0, 0, 0, 0, 0, 0, 0, 0, 0, 0, 0, 0, 0, 1]}, 0.013522012578616353]}, "rate-10": {"ANB": [{"max": 0.035336373662404254, "min": 0.0, "sm": 0.0016826844601144882, "value": [188, 7, 5, 2, 3, 2, 0, 0, 0, 1, 3, 0, 0, 0, 0, 0, 1, 0, 0, 0, 0, 1]}, 0.0010648708489873337], "ACC": [{"max": 0.06835172659309363, "min": 0.0, "sm": 0.003254844123480649, "value": [100, 28, 16, 9, 7, 3, 1, 1, 3, 0, 6, 6, 0, 12, 0, 1, 15, 1, 0, 2, 1, 1]}, 0.013081923554341148], "LCC": [{"max": 1.0, "min": 0, "sm": 0.047619047619047616, "value": [198, 1, 0, 2, 0, 0, 0, 5, 0, 0, 2, 0, 0, 0, 0, 0, 0, 0, 0, 0, 0, 5]}, 0.03779944625015048]}, "rate-15": {"ANB": [{"max": 0.024996690578993768, "min": 0.0, "sm": 0.0011903185989997032, "value": [265, 25, 5, 6, 1, 3, 2, 1, 1, 3, 3, 0, 3, 0, 0, 1, 0, 0, 0, 0, 0, 1]}, 0.0010011878709015984], "ACC": [{"max": 0.06143982174259719, "min": 0.0, "sm": 0.002925705797266533, "value": [117, 39, 17, 21, 17, 17, 8, 7, 6, 8, 4, 8, 7, 10, 8, 8, 9, 2, 3, 2, 1, 1]}, 0.013539474112992403], "LCC": [{"max": 1.0, "min": 0, "sm": 0.047619047619047616, "value": [295, 2, 1, 7, 1, 0, 1, 5, 0, 0, 0, 0, 0, 0, 1, 0, 0, 0, 0, 0, 0, 7]}, 0.03508928571428571]}, "rate-20": {"ANB": [{"max": 0.059608413005264704, "min": 0.0, "sm": 0.0028384958573935575, "value": [333, 22, 19, 11, 13, 7, 7, 1, 3, 1, 2, 1, 1, 1, 1, 0, 0, 0, 0, 3, 0, 1]}, 0.0031857360815487593], "ACC": [{"max": 0.09613246524996237, "min": 0.0, "sm": 0.004577736440474399, "value": [188, 38, 1, 0, 0, 0, 0, 0, 0, 5, 11, 19, 22, 15, 41, 25, 24, 22, 8, 2, 5, 1]}, 0.03251217943934595], "LCC": [{"max": 1.0, "min": 0, "sm": 0.047619047619047616, "value": [367, 4, 7, 4, 6, 2, 1, 20, 0, 0, 1, 0, 0, 0, 6, 0, 0, 0, 0, 0, 0, 9]}, 0.056128024980483984]}, "rate-25": {"ANB": [{"max": 0.12646730685857838, "min": 0.0, "sm": 0.006022252707551351, "value": [401, 59, 24, 12, 13, 3, 3, 5, 3, 2, 3, 0, 0, 0, 1, 2, 0, 0, 1, 0, 1, 1]}, 0.006340661401168247], "ACC": [{"max": 0.14636614989631677, "min": 0.0, "sm": 0.00696981666172937, "value": [148, 0, 0, 0, 0, 0, 0, 2, 3, 6, 13, 30, 59, 64, 72, 53, 31, 31, 13, 5, 3, 1]}, 0.07214085672265778], "LCC": [{"max": 1.0, "min": 0, "sm": 0.047619047619047616, "value": [450, 13, 12, 20, 2, 1, 0, 19, 1, 0, 3, 0, 0, 0, 2, 0, 0, 0, 0, 0, 0, 11]}, 0.0502124799877609]}, "rate-30": {"ANB": [{"max": 0.08608132671040315, "min": 0.0, "sm": 0.004099110795733484, "value": [444, 82, 40, 25, 18, 9, 8, 3, 4, 0, 1, 1, 0, 0, 1, 2, 1, 1, 0, 0, 1, 0]}, 0.0046300161865629515], "ACC": [{"max": 0.1538306207647628, "min": 0.0, "sm": 0.007325267655464896, "value": [189, 0, 0, 0, 0, 0, 3, 2, 8, 10, 14, 33, 58, 79, 60, 69, 57, 32, 15, 9, 2, 1]}, 0.074239922494361], "LCC": [{"max": 1.0, "min": 0, "sm": 0.047619047619047616, "value": [469, 6, 21, 26, 17, 4, 11, 39, 5, 0, 7, 0, 0, 0, 4, 0, 0, 0, 0, 0, 0, 32]}, 0.10612012919528756]}, "rate-35": {"ANB": [{"max": 0.09815765893670009, "min": 0.0, "sm": 0.004674174235080956, "value": [550, 85, 46, 25, 17, 11, 2, 3, 4, 0, 0, 0, 1, 0, 0, 0, 0, 1, 0, 0, 1, 1]}, 0.004352960721017107], "ACC": [{"max": 0.19358186937573052, "min": 0.0, "sm": 0.009218184255987168, "value": [149, 0, 0, 0, 0, 0, 0, 1, 8, 15, 21, 34, 66, 74, 81, 104, 85, 52, 34, 16, 6, 1]}, 0.10922481722523535], "LCC": [{"max": 1.0, "min": 0, "sm": 0.047619047619047616, "value": [480, 40, 36, 42, 25, 5, 8, 60, 2, 1, 4, 1, 1, 1, 12, 0, 0, 0, 1, 0, 0, 28]}, 0.11331824044470293]}, "rate-40": {"ANB": [{"max": 0.08749468974608496, "min": 0.0, "sm": 0.004166413797432617, "value": [629, 105, 60, 22, 14, 8, 6, 2, 1, 2, 0, 1, 0, 3, 0, 0, 0, 0, 0, 0, 0, 1]}, 0.0037180107918666867], "ACC": [{"max": 0.2034014450935011, "min": 0.0, "sm": 0.009685783099690528, "value": [157, 0, 0, 0, 0, 0, 0, 0, 0, 6, 17, 30, 75, 87, 135, 126, 109, 79, 23, 9, 0, 1]}, 0.11805824105629156], "LCC": [{"max": 1.0, "min": 0, "sm": 0.047619047619047616, "value": [518, 27, 73, 44, 34, 13, 20, 60, 6, 0, 9, 0, 0, 0, 16, 0, 2, 0, 0, 0, 0, 32]}, 0.12233139397126726]}}