{"rate-5": {"ANB": [{"max": 0.0014652014652014652, "min": 0.0, "sm": 6.977149834292691e-05, "value": [101, 0, 2, 0, 0, 0, 0, 0, 0, 0, 2, 0, 0, 0, 0, 0, 0, 0, 0, 0, 0, 1]}, 3.1100974497200915e-05], "ACC": [{"max": 0.03401360544217687, "min": 0.0, "sm": 0.0016196954972465174, "value": [74, 0, 0, 0, 0, 20, 0, 4, 0, 0, 0, 4, 0, 1, 0, 0, 2, 0, 0, 0, 0, 1]}, 0.004005318830116675], "LCC": [{"max": 0, "min": 0, "sm": 0.0, "value": [106, 0, 0, 0, 0, 0, 0, 0, 0, 0, 0, 0, 0, 0, 0, 0, 0, 0, 0, 0, 0, 0]}, 0.0]}, "rate-10": {"ANB": [{"max": 0.007213329756475603, "min": 0.0, "sm": 0.0003434918931655049, "value": [190, 7, 4, 3, 2, 1, 0, 0, 1, 1, 0, 0, 1, 1, 0, 0, 0, 0, 0, 0, 1, 1]}, 0.00022124460375175435], "ACC": [{"max": 0.04302212101496422, "min": 0.0, "sm": 0.0020486724292840103, "value": [96, 0, 32, 8, 7, 11, 10, 8, 4, 6, 5, 4, 11, 1, 0, 3, 4, 1, 0, 0, 0, 2]}, 0.00797941577787247], "LCC": [{"max": 1.0, "min": 0, "sm": 0.047619047619047616, "value": [198, 0, 2, 3, 0, 0, 0, 5, 1, 0, 0, 0, 0, 0, 3, 0, 0, 0, 0, 0, 0, 1]}, 0.02723004694835681]}, "rate-15": {"ANB": [{"max": 0.028880213981059784, "min": 0.0, "sm": 0.0013752482848123707, "value": [269, 25, 7, 4, 1, 2, 4, 1, 0, 2, 0, 1, 2, 0, 1, 0, 0, 0, 0, 0, 0, 1]}, 0.0009294104020031149], "ACC": [{"max": 0.05809745528305366, "min": 0.0, "sm": 0.002766545489669222, "value": [109, 38, 30, 13, 12, 16, 9, 13, 5, 6, 6, 12, 13, 13, 3, 10, 4, 2, 3, 2, 0, 1]}, 0.013114196793490115], "LCC": [{"max": 1.0, "min": 0, "sm": 0.047619047619047616, "value": [288, 0, 1, 3, 1, 0, 0, 8, 0, 0, 0, 0, 0, 0, 3, 0, 0, 0, 0, 0, 0, 16]}, 0.06708333333333334]}, "rate-20": {"ANB": [{"max": 0.09419614498239193, "min": 0.0, "sm": 0.004485530713447235, "value": [329, 29, 19, 8, 11, 5, 5, 2, 3, 2, 3, 1, 2, 2, 1, 1, 3, 0, 0, 0, 1, 0]}, 0.005313863250218118], "ACC": [{"max": 0.10839681039619554, "min": 0.0, "sm": 0.0051617528760093115, "value": [174, 12, 1, 0, 0, 0, 0, 0, 6, 9, 18, 33, 28, 46, 25, 26, 15, 14, 12, 4, 3, 1]}, 0.040592050420516675], "LCC": [{"max": 1.0, "min": 0, "sm": 0.047619047619047616, "value": [340, 5, 9, 11, 4, 0, 1, 30, 0, 0, 0, 0, 2, 0, 5, 0, 0, 1, 0, 0, 0, 19]}, 0.09038082656349634]}, "rate-25": {"ANB": [{"max": 0.08905326585569046, "min": 0.0, "sm": 0.004240631707413831, "value": [374, 60, 33, 17, 8, 10, 6, 7, 2, 4, 3, 2, 0, 1, 3, 0, 1, 1, 1, 0, 0, 1]}, 0.005573293543321372], "ACC": [{"max": 0.14911689086724955, "min": 0.0, "sm": 0.007100804327011883, "value": [149, 2, 0, 0, 0, 0, 0, 0, 2, 6, 7, 18, 27, 47, 59, 75, 50, 47, 25, 9, 10, 1]}, 0.07810268679128166], "LCC": [{"max": 1.0, "min": 0, "sm": 0.047619047619047616, "value": [398, 8, 23, 19, 5, 2, 3, 34, 2, 0, 5, 0, 0, 0, 7, 0, 0, 0, 0, 0, 0, 28]}, 0.10487600206701338]}, "rate-30": {"ANB": [{"max": 0.10931527795814326, "min": 0.0, "sm": 0.005205489426578251, "value": [474, 69, 35, 17, 9, 8, 8, 6, 4, 2, 1, 2, 0, 3, 1, 1, 0, 0, 0, 0, 0, 1]}, 0.005537122893366433], "ACC": [{"max": 0.15829840346005983, "min": 0.0, "sm": 0.0075380192123838015, "value": [153, 0, 0, 0, 0, 0, 0, 2, 11, 13, 19, 34, 26, 67, 79, 89, 66, 41, 30, 10, 0, 1]}, 0.08445215169226734], "LCC": [{"max": 1.0, "min": 0, "sm": 0.047619047619047616, "value": [443, 13, 20, 38, 17, 2, 12, 35, 3, 0, 6, 0, 1, 0, 14, 0, 2, 0, 0, 0, 0, 35]}, 0.12410218561951594]}, "rate-35": {"ANB": [{"max": 0.0915995954004024, "min": 0.0, "sm": 0.004361885495257257, "value": [545, 94, 45, 24, 15, 6, 5, 2, 3, 2, 1, 0, 1, 1, 0, 0, 0, 0, 1, 1, 0, 1]}, 0.004146780065786173], "ACC": [{"max": 0.18156372426806136, "min": 0.0, "sm": 0.008645891631812445, "value": [171, 0, 0, 0, 0, 0, 0, 0, 1, 7, 18, 29, 53, 110, 100, 107, 71, 40, 24, 9, 6, 1]}, 0.09815886659053394], "LCC": [{"max": 1.0, "min": 0, "sm": 0.047619047619047616, "value": [519, 24, 42, 40, 22, 9, 9, 42, 3, 0, 7, 0, 0, 0, 5, 0, 0, 0, 0, 0, 0, 25]}, 0.09282108552129828]}, "rate-40": {"ANB": [{"max": 0.09249807150953267, "min": 0.0, "sm": 0.004404670071882508, "value": [646, 92, 50, 29, 11, 5, 4, 2, 6, 2, 4, 1, 0, 0, 0, 0, 1, 0, 0, 0, 0, 1]}, 0.003934483975454723], "ACC": [{"max": 0.18761267695823933, "min": 0.0, "sm": 0.008933936998011396, "value": [163, 0, 0, 0, 0, 0, 0, 0, 5, 8, 15, 38, 58, 82, 109, 131, 94, 73, 52, 17, 8, 1]}, 0.1096733745428558], "LCC": [{"max": 1.0, "min": 0, "sm": 0.047619047619047616, "value": [562, 31, 51, 42, 29, 3, 8, 62, 10, 0, 10, 0, 0, 0, 8, 0, 0, 0, 0, 0, 0, 38]}, 0.11334315861695674]}}