{"rate-5": {"ANB": [{"max": 0.00035938903863432165, "min": 0.0, "sm": 1.711376374449151e-05, "value": [102, 0, 0, 0, 0, 0, 0, 0, 0, 0, 3, 0, 0, 0, 0, 0, 0, 0, 0, 0, 2, 0]}, 1.175571621701052e-05], "ACC": [{"max": 0.021226415094339625, "min": 0.009433962264150943, "sm": 0.0005615453728661277, "value": [94, 0, 0, 0, 0, 6, 0, 0, 2, 0, 0, 0, 0, 0, 0, 0, 3, 0, 0, 0, 0, 2]}, 0.010183389172985372], "LCC": [{"max": 0, "min": 0, "sm": 0.0, "value": [107, 0, 0, 0, 0, 0, 0, 0, 0, 0, 0, 0, 0, 0, 0, 0, 0, 0, 0, 0, 0, 0]}, 0.0]}, "rate-10": {"ANB": [{"max": 0.0001771636105943839, "min": 0.0, "sm": 8.436362409256376e-06, "value": [202, 0, 0, 0, 0, 7, 0, 0, 0, 0, 0, 0, 0, 0, 0, 4, 0, 0, 0, 0, 0, 1]}, 4.760237200550034e-06], "ACC": [{"max": 0.014084507042253521, "min": 0.004694835680751174, "sm": 0.000447127207690588, "value": [180, 0, 0, 14, 0, 0, 2, 0, 6, 0, 7, 0, 0, 2, 0, 0, 0, 1, 0, 0, 0, 2]}, 0.005263146898002757], "LCC": [{"max": 0, "min": 0, "sm": 0.0, "value": [214, 0, 0, 0, 0, 0, 0, 0, 0, 0, 0, 0, 0, 0, 0, 0, 0, 0, 0, 0, 0, 0]}, 0.0]}, "rate-15": {"ANB": [{"max": 0.00017633228840125393, "min": 0.0, "sm": 8.39677563815495e-06, "value": [278, 0, 19, 0, 14, 0, 4, 0, 0, 1, 0, 2, 0, 0, 0, 0, 2, 0, 0, 0, 1, 0]}, 5.859432221017783e-06], "ACC": [{"max": 0.013020833333333334, "min": 0.003125, "sm": 0.0004712301587301587, "value": [206, 0, 38, 14, 0, 8, 23, 1, 18, 3, 0, 2, 0, 2, 3, 0, 0, 2, 0, 0, 0, 1]}, 0.0040923317931203605], "LCC": [{"max": 0, "min": 0, "sm": 0.0, "value": [321, 0, 0, 0, 0, 0, 0, 0, 0, 0, 0, 0, 0, 0, 0, 0, 0, 0, 0, 0, 0, 0]}, 0.0]}, "rate-20": {"ANB": [{"max": 9.895438202988422e-05, "min": 0.0, "sm": 4.712113429994487e-06, "value": [364, 0, 31, 0, 4, 0, 0, 15, 0, 5, 0, 5, 0, 0, 0, 0, 0, 0, 3, 0, 0, 1]}, 4.161632889107276e-06], "ACC": [{"max": 0.008364001338240215, "min": 0.00234192037470726, "sm": 0.00028676576016823594, "value": [260, 0, 62, 0, 10, 2, 21, 2, 37, 0, 13, 0, 0, 6, 4, 0, 7, 3, 0, 0, 0, 1]}, 0.003108117839781918], "LCC": [{"max": 0, "min": 0, "sm": 0.0, "value": [428, 0, 0, 0, 0, 0, 0, 0, 0, 0, 0, 0, 0, 0, 0, 0, 0, 0, 0, 0, 0, 0]}, 0.0]}, "rate-25": {"ANB": [{"max": 0.0003456107435568283, "min": 0.0, "sm": 1.6457654455087063e-05, "value": [477, 16, 12, 11, 6, 2, 0, 1, 2, 0, 1, 1, 0, 0, 2, 2, 0, 0, 0, 0, 0, 1]}, 8.611870549531904e-06], "ACC": [{"max": 0.01125703564727955, "min": 0.001876172607879925, "sm": 0.00044670776378093457, "value": [276, 60, 22, 17, 47, 35, 15, 11, 10, 11, 9, 3, 4, 5, 3, 0, 3, 1, 0, 1, 0, 1]}, 0.00300044969659061], "LCC": [{"max": 1.0, "min": 0, "sm": 0.047619047619047616, "value": [531, 0, 0, 0, 0, 0, 0, 1, 0, 0, 0, 0, 0, 0, 0, 0, 0, 0, 0, 0, 0, 2]}, 0.004369538077403245]}, "rate-30": {"ANB": [{"max": 0.0009389671361502347, "min": 0.0, "sm": 4.47127207690588e-05, "value": [584, 11, 9, 4, 3, 8, 2, 7, 2, 0, 2, 2, 1, 0, 2, 2, 1, 0, 0, 0, 0, 1]}, 2.6397769525804523e-05], "ACC": [{"max": 0.01220703125, "min": 0.0015625, "sm": 0.0005068824404761905, "value": [310, 76, 31, 73, 7, 14, 18, 24, 17, 7, 16, 9, 11, 6, 7, 3, 3, 6, 1, 1, 0, 1]}, 0.003048687879040717], "LCC": [{"max": 0.3333333333333333, "min": 0, "sm": 0.015873015873015872, "value": [638, 0, 0, 0, 0, 0, 0, 0, 0, 0, 1, 0, 0, 0, 0, 0, 0, 0, 0, 0, 0, 2]}, 0.0013000520020800832]}, "rate-35": {"ANB": [{"max": 0.010806628641344442, "min": 0.0, "sm": 0.0005146013638735448, "value": [697, 21, 5, 3, 0, 0, 1, 0, 3, 3, 1, 0, 2, 2, 3, 2, 2, 1, 0, 0, 0, 1]}, 0.00024000856151453265], "ACC": [{"max": 0.017548135510601998, "min": 0.0013404825737265416, "sm": 0.0007717929969940693, "value": [346, 73, 54, 51, 30, 22, 17, 13, 11, 19, 20, 13, 11, 14, 16, 4, 9, 4, 13, 3, 3, 1]}, 0.004216529016870699], "LCC": [{"max": 1.0, "min": 0, "sm": 0.047619047619047616, "value": [745, 0, 0, 0, 0, 0, 0, 1, 0, 0, 0, 0, 0, 0, 0, 0, 0, 0, 0, 0, 0, 1]}, 0.0018327277363421942]}, "rate-40": {"ANB": [{"max": 0.0029831195064093036, "min": 0.0, "sm": 0.00014205330982901444, "value": [783, 22, 11, 10, 9, 5, 3, 2, 0, 1, 0, 0, 0, 0, 1, 0, 1, 3, 2, 0, 0, 1]}, 6.312418228420611e-05], "ACC": [{"max": 0.014503087949142504, "min": 0.0011723329425556857, "sm": 0.0006347978574565152, "value": [412, 63, 75, 61, 43, 17, 16, 23, 12, 23, 10, 17, 22, 10, 20, 6, 6, 7, 3, 4, 3, 1]}, 0.003395747022383939], "LCC": [{"max": 1.0, "min": 0, "sm": 0.047619047619047616, "value": [851, 0, 0, 0, 0, 0, 0, 2, 0, 0, 0, 0, 0, 0, 0, 0, 0, 0, 0, 0, 0, 1]}, 0.0019516003122560497]}}