{"rate-5": {"ANB": [{"max": 0.2716108879842592, "min": 0.0, "sm": 0.012933851808774247, "value": [43, 26, 15, 6, 7, 3, 1, 3, 0, 0, 1, 0, 0, 0, 0, 0, 0, 0, 0, 0, 0, 1]}, 0.027202985693551753], "ACC": [{"max": 0.38461538461538464, "min": 0.17355371900826447, "sm": 0.01005055550510096, "value": [5, 1, 3, 5, 3, 3, 8, 7, 9, 9, 12, 11, 13, 7, 3, 1, 4, 1, 0, 0, 0, 1]}, 0.2684553352849291], "LCC": [{"max": 1.0, "min": 0, "sm": 0.047619047619047616, "value": [41, 5, 8, 7, 6, 1, 5, 11, 3, 0, 8, 0, 1, 0, 2, 1, 0, 0, 0, 0, 0, 7]}, 0.22493193389419797]}, "rate-10": {"ANB": [{"max": 0.15109485099538472, "min": 0.0, "sm": 0.0071949929045421294, "value": [96, 43, 21, 13, 9, 6, 1, 5, 2, 5, 2, 2, 2, 3, 1, 0, 0, 1, 0, 0, 0, 1]}, 0.018105533256170613], "ACC": [{"max": 0.29444444444444445, "min": 0.11738648947951273, "sm": 0.008431331188806271, "value": [1, 4, 3, 5, 8, 5, 8, 15, 7, 16, 15, 16, 24, 17, 27, 15, 8, 8, 8, 1, 1, 1]}, 0.2143553232883224], "LCC": [{"max": 1.0, "min": 0, "sm": 0.047619047619047616, "value": [86, 8, 21, 14, 16, 7, 5, 31, 5, 0, 7, 0, 0, 0, 4, 0, 0, 1, 0, 0, 0, 8]}, 0.1832090452430137]}, "rate-15": {"ANB": [{"max": 0.14324168312877802, "min": 0.0, "sm": 0.00682103252994181, "value": [153, 76, 36, 21, 11, 3, 5, 5, 0, 4, 2, 1, 0, 0, 1, 0, 0, 0, 0, 1, 0, 1]}, 0.012567957552098724], "ACC": [{"max": 0.2726495726495726, "min": 0.14700460829493087, "sm": 0.005983093540697227, "value": [7, 12, 3, 7, 17, 25, 24, 25, 24, 31, 30, 31, 26, 11, 17, 13, 6, 1, 6, 3, 0, 1]}, 0.2033138181450913], "LCC": [{"max": 1.0, "min": 0, "sm": 0.047619047619047616, "value": [117, 7, 29, 24, 25, 6, 16, 50, 14, 1, 6, 2, 0, 1, 5, 0, 0, 0, 0, 0, 0, 17]}, 0.208775525434533]}, "rate-20": {"ANB": [{"max": 0.08412789944155467, "min": 0.0, "sm": 0.004006090449597842, "value": [227, 76, 42, 29, 13, 7, 9, 13, 1, 1, 1, 2, 1, 1, 2, 0, 0, 0, 0, 0, 1, 1]}, 0.007518282307150525], "ACC": [{"max": 0.32248296744890237, "min": 0.15111741752394467, "sm": 0.008160264282140842, "value": [2, 3, 5, 10, 10, 19, 29, 16, 22, 31, 39, 37, 55, 42, 35, 26, 22, 11, 5, 3, 4, 1]}, 0.24301082634622748], "LCC": [{"max": 1.0, "min": 0, "sm": 0.047619047619047616, "value": [102, 27, 53, 60, 44, 20, 20, 48, 13, 6, 10, 1, 5, 0, 6, 0, 0, 0, 0, 0, 0, 12]}, 0.20305379035406787]}, "rate-25": {"ANB": [{"max": 0.05362435812895594, "min": 0.0, "sm": 0.002553540863283616, "value": [229, 106, 67, 29, 24, 26, 9, 6, 6, 5, 4, 2, 2, 8, 2, 1, 2, 1, 0, 3, 1, 1]}, 0.006446288899304142], "ACC": [{"max": 0.3026689381033504, "min": 0.1289620130655698, "sm": 0.008271758335132409, "value": [5, 1, 4, 4, 9, 13, 11, 20, 21, 36, 50, 54, 71, 62, 45, 49, 29, 26, 12, 6, 5, 1]}, 0.2304655350115427], "LCC": [{"max": 1.0, "min": 0, "sm": 0.047619047619047616, "value": [122, 28, 54, 72, 55, 32, 30, 63, 22, 12, 9, 7, 0, 0, 6, 0, 0, 1, 0, 0, 0, 21]}, 0.22138123296800136]}, "rate-30": {"ANB": [{"max": 0.07500962908337239, "min": 0.0, "sm": 0.003571887099208209, "value": [384, 119, 52, 25, 18, 8, 9, 4, 3, 2, 6, 3, 3, 2, 2, 0, 0, 0, 0, 0, 0, 1]}, 0.005496580191846173], "ACC": [{"max": 0.297536029753603, "min": 0.11929170549860205, "sm": 0.008487824964523855, "value": [4, 8, 1, 5, 11, 7, 8, 20, 26, 37, 41, 69, 80, 85, 66, 69, 51, 29, 12, 8, 3, 1]}, 0.22654967125582173], "LCC": [{"max": 1.0, "min": 0, "sm": 0.047619047619047616, "value": [142, 54, 89, 80, 59, 34, 37, 59, 20, 9, 17, 3, 5, 2, 11, 4, 2, 1, 1, 0, 0, 12]}, 0.20392302331297787]}, "rate-35": {"ANB": [{"max": 0.06166278053068411, "min": 0.0, "sm": 0.002936322882413529, "value": [413, 166, 56, 34, 26, 14, 6, 7, 4, 8, 2, 3, 1, 3, 1, 1, 0, 0, 0, 1, 0, 1]}, 0.004760784024113681], "ACC": [{"max": 0.3008064516129032, "min": 0.09958617007075157, "sm": 0.009581918168673887, "value": [1, 4, 9, 1, 4, 7, 6, 13, 26, 27, 56, 71, 96, 121, 93, 91, 67, 28, 15, 8, 2, 1]}, 0.22510271815164104], "LCC": [{"max": 1.0, "min": 0, "sm": 0.047619047619047616, "value": [162, 48, 100, 106, 98, 33, 40, 64, 22, 10, 10, 4, 7, 2, 13, 3, 1, 1, 2, 0, 0, 21]}, 0.20816923055215927]}, "rate-40": {"ANB": [{"max": 0.05205175609510809, "min": 0.0, "sm": 0.0024786550521480044, "value": [486, 170, 67, 52, 25, 9, 9, 8, 6, 4, 4, 5, 1, 3, 3, 1, 0, 0, 0, 0, 0, 1]}, 0.003956554398879325], "ACC": [{"max": 0.29825174825174827, "min": 0.128097311908695, "sm": 0.008102592206812061, "value": [2, 0, 4, 1, 4, 6, 13, 25, 33, 43, 85, 95, 139, 125, 84, 81, 53, 31, 13, 15, 1, 1]}, 0.23156788587401675], "LCC": [{"max": 1.0, "min": 0, "sm": 0.047619047619047616, "value": [157, 58, 132, 133, 111, 40, 55, 77, 23, 10, 18, 5, 4, 3, 12, 0, 3, 0, 1, 0, 0, 12]}, 0.19860328390117898]}}