{"rate-5": {"ANB": [{"max": 0.05399820305480683, "min": 0.0, "sm": 0.0025713430026098488, "value": [67, 6, 15, 4, 4, 0, 2, 1, 0, 1, 0, 0, 3, 1, 0, 0, 0, 1, 0, 1, 0, 1]}, 0.005434499668320861], "ACC": [{"max": 0.1304459691252144, "min": 0.009433962264150943, "sm": 0.005762476517193497, "value": [24, 2, 10, 13, 9, 6, 2, 1, 3, 2, 4, 7, 1, 5, 4, 1, 5, 2, 3, 0, 2, 1]}, 0.04818233076148886], "LCC": [{"max": 1.0, "min": 0, "sm": 0.047619047619047616, "value": [86, 1, 0, 3, 0, 1, 2, 4, 0, 0, 0, 1, 1, 0, 5, 0, 0, 0, 0, 0, 0, 3]}, 0.09583889630618603]}, "rate-10": {"ANB": [{"max": 0.21324129869646072, "min": 0.0, "sm": 0.01015434755697432, "value": [129, 28, 12, 16, 8, 6, 1, 2, 1, 0, 2, 1, 0, 2, 0, 0, 1, 2, 2, 0, 0, 1]}, 0.020080750180268125], "ACC": [{"max": 0.20846687340112838, "min": 0.004694835680751174, "sm": 0.009703430367637008, "value": [23, 0, 0, 0, 0, 0, 0, 0, 0, 5, 11, 16, 29, 26, 26, 27, 18, 13, 12, 4, 3, 1]}, 0.12989621962454959], "LCC": [{"max": 1.0, "min": 0, "sm": 0.047619047619047616, "value": [119, 1, 7, 17, 14, 3, 2, 26, 0, 0, 3, 0, 0, 0, 8, 0, 0, 0, 0, 0, 0, 14]}, 0.17430168481570352]}, "rate-15": {"ANB": [{"max": 0.10062620288106154, "min": 0.0, "sm": 0.004791723946717216, "value": [148, 61, 25, 19, 10, 9, 13, 4, 5, 3, 4, 1, 2, 5, 3, 0, 1, 3, 1, 2, 0, 1]}, 0.013007864099682567], "ACC": [{"max": 0.23923732987281016, "min": 0.003134796238244514, "sm": 0.011242977792122175, "value": [16, 0, 0, 0, 0, 0, 0, 0, 5, 2, 10, 11, 17, 37, 50, 52, 46, 39, 21, 8, 5, 1]}, 0.16625406005725504], "LCC": [{"max": 1.0, "min": 0, "sm": 0.047619047619047616, "value": [157, 15, 20, 29, 15, 6, 4, 41, 7, 0, 5, 2, 1, 0, 9, 0, 0, 1, 0, 0, 0, 8]}, 0.15453412450122989]}, "rate-20": {"ANB": [{"max": 0.06161582391915734, "min": 0.0, "sm": 0.0029340868532932067, "value": [187, 76, 43, 26, 16, 12, 11, 12, 11, 5, 6, 4, 4, 2, 1, 1, 1, 4, 1, 1, 2, 1]}, 0.008245137814996705], "ACC": [{"max": 0.25278067680955435, "min": 0.002347417840375587, "sm": 0.011925393284246608, "value": [28, 0, 0, 0, 0, 0, 0, 1, 3, 3, 8, 22, 15, 37, 39, 51, 81, 54, 47, 29, 8, 1]}, 0.17943791702114592], "LCC": [{"max": 1.0, "min": 0, "sm": 0.047619047619047616, "value": [177, 21, 36, 42, 37, 12, 13, 35, 13, 3, 6, 0, 3, 0, 10, 0, 0, 1, 2, 0, 0, 16]}, 0.17619108937472366]}, "rate-25": {"ANB": [{"max": 0.06568402004375488, "min": 0.0, "sm": 0.0031278104782740423, "value": [269, 104, 42, 40, 20, 16, 6, 5, 5, 8, 4, 4, 0, 2, 3, 3, 0, 0, 0, 1, 1, 1]}, 0.006558507384256325], "ACC": [{"max": 0.2887019097820492, "min": 0.001876172607879925, "sm": 0.013658368436865203, "value": [12, 0, 0, 0, 0, 0, 0, 8, 1, 1, 5, 16, 27, 41, 69, 110, 102, 76, 49, 13, 3, 1]}, 0.21062435955486994], "LCC": [{"max": 1.0, "min": 0, "sm": 0.047619047619047616, "value": [149, 31, 60, 53, 65, 32, 26, 52, 17, 5, 13, 0, 4, 0, 11, 1, 1, 0, 0, 0, 0, 14]}, 0.19712955377828126]}, "rate-30": {"ANB": [{"max": 0.060722928718479924, "min": 0.0, "sm": 0.00289156803421333, "value": [329, 123, 61, 47, 27, 13, 9, 7, 5, 6, 0, 2, 2, 3, 3, 1, 0, 1, 0, 1, 0, 1]}, 0.0053873193660140765], "ACC": [{"max": 0.28043056860902255, "min": 0.0015625, "sm": 0.013279431838524883, "value": [22, 0, 0, 0, 0, 0, 0, 0, 2, 1, 8, 18, 36, 57, 91, 112, 135, 96, 49, 12, 1, 1]}, 0.2023125623616037], "LCC": [{"max": 1.0, "min": 0, "sm": 0.047619047619047616, "value": [192, 40, 63, 80, 64, 39, 32, 59, 23, 5, 15, 1, 4, 0, 8, 1, 0, 2, 0, 0, 0, 13]}, 0.18456852975246416]}, "rate-35": {"ANB": [{"max": 0.05534414510982237, "min": 0.0, "sm": 0.0026354354814201128, "value": [430, 125, 66, 37, 30, 13, 12, 7, 4, 5, 4, 2, 4, 1, 2, 1, 1, 1, 0, 1, 0, 1]}, 0.004502088699785977], "ACC": [{"max": 0.29080405908877915, "min": 0.0013404825737265416, "sm": 0.013783979834050124, "value": [18, 0, 0, 0, 0, 0, 0, 0, 1, 3, 8, 19, 31, 54, 95, 165, 162, 91, 66, 25, 8, 1]}, 0.2143689236291257], "LCC": [{"max": 1.0, "min": 0, "sm": 0.047619047619047616, "value": [181, 63, 103, 92, 71, 39, 34, 72, 20, 8, 12, 5, 5, 0, 13, 1, 4, 0, 0, 0, 0, 24]}, 0.20061610312378375]}, "rate-40": {"ANB": [{"max": 0.04174296141186238, "min": 0.0, "sm": 0.001987760067231542, "value": [468, 155, 78, 42, 33, 14, 9, 19, 10, 4, 5, 4, 1, 4, 2, 2, 1, 1, 0, 0, 1, 1]}, 0.0035996928276556903], "ACC": [{"max": 0.2908118405627198, "min": 0.0011723329425556857, "sm": 0.0137923575057221, "value": [34, 0, 0, 0, 0, 0, 0, 0, 0, 1, 4, 19, 25, 42, 98, 152, 188, 147, 96, 36, 11, 1]}, 0.21635260644662377], "LCC": [{"max": 1.0, "min": 0, "sm": 0.047619047619047616, "value": [204, 71, 142, 118, 107, 35, 30, 68, 13, 4, 16, 2, 4, 0, 14, 0, 1, 0, 3, 0, 0, 22]}, 0.18322335811635634]}}