{"rate-5": {"ANB": [{"max": 0.24035168535168536, "min": 0.0, "sm": 0.011445318350080256, "value": [63, 14, 8, 5, 4, 1, 2, 1, 1, 2, 2, 0, 0, 0, 0, 1, 0, 0, 1, 0, 0, 1]}, 0.02210760937176031], "ACC": [{"max": 0.17650560224089637, "min": 0.009523809523809525, "sm": 0.007951513938908897, "value": [30, 4, 0, 0, 0, 0, 0, 1, 3, 8, 4, 5, 9, 8, 14, 3, 4, 5, 5, 0, 2, 1]}, 0.08404584578462165], "LCC": [{"max": 1.0, "min": 0, "sm": 0.047619047619047616, "value": [84, 0, 3, 2, 3, 1, 1, 8, 0, 0, 0, 0, 0, 0, 0, 0, 0, 0, 0, 0, 0, 4]}, 0.07996406109613655]}, "rate-10": {"ANB": [{"max": 0.11280258971910162, "min": 0.0, "sm": 0.005371551891385791, "value": [84, 31, 15, 15, 11, 8, 10, 5, 2, 4, 0, 4, 4, 2, 3, 2, 5, 1, 2, 2, 2, 1]}, 0.021147541603011608], "ACC": [{"max": 0.20242679804651365, "min": 0.0047169811320754715, "sm": 0.009414753186401817, "value": [18, 0, 0, 0, 0, 0, 0, 1, 2, 3, 5, 10, 18, 18, 26, 29, 25, 24, 16, 10, 7, 1]}, 0.1374421790817286], "LCC": [{"max": 1.0, "min": 0, "sm": 0.047619047619047616, "value": [142, 4, 8, 10, 6, 1, 2, 19, 0, 0, 3, 0, 0, 0, 4, 0, 0, 0, 0, 0, 0, 14]}, 0.13734630002235634]}, "rate-15": {"ANB": [{"max": 0.10368899252424026, "min": 0.0, "sm": 0.004937571072582869, "value": [139, 61, 31, 16, 23, 10, 7, 8, 5, 3, 0, 2, 3, 1, 2, 1, 3, 0, 0, 3, 1, 1]}, 0.013036390252558112], "ACC": [{"max": 0.23085166268146443, "min": 0.003134796238244514, "sm": 0.010843660306819996, "value": [20, 0, 0, 0, 0, 0, 0, 2, 2, 4, 5, 16, 19, 35, 45, 50, 55, 35, 23, 4, 4, 1]}, 0.15809111350077057], "LCC": [{"max": 1.0, "min": 0, "sm": 0.047619047619047616, "value": [176, 8, 26, 13, 15, 6, 10, 25, 2, 5, 4, 0, 2, 0, 9, 0, 0, 1, 2, 0, 0, 16]}, 0.16366083569208575]}, "rate-20": {"ANB": [{"max": 0.09646257640018617, "min": 0.0, "sm": 0.004593456019056484, "value": [218, 73, 43, 27, 16, 15, 10, 5, 5, 4, 3, 1, 2, 1, 0, 2, 1, 1, 0, 0, 0, 1]}, 0.00931622624773718], "ACC": [{"max": 0.26101571377827254, "min": 0.00234192037470726, "sm": 0.01231779968588406, "value": [15, 0, 0, 0, 0, 0, 0, 2, 5, 9, 11, 19, 31, 38, 65, 66, 75, 46, 35, 7, 3, 1]}, 0.18240527357748315], "LCC": [{"max": 1.0, "min": 0, "sm": 0.047619047619047616, "value": [173, 19, 37, 47, 30, 17, 9, 49, 2, 1, 9, 0, 0, 0, 16, 0, 0, 3, 0, 0, 0, 16]}, 0.18078743304829073]}, "rate-25": {"ANB": [{"max": 0.1207366554300155, "min": 0.0, "sm": 0.005749364544286452, "value": [368, 79, 35, 15, 11, 9, 2, 3, 3, 4, 1, 1, 2, 0, 0, 0, 0, 0, 0, 0, 0, 1]}, 0.006733928017336593], "ACC": [{"max": 0.27848306206607554, "min": 0.001876172607879925, "sm": 0.013171756640866459, "value": [20, 0, 0, 0, 0, 0, 2, 10, 7, 1, 7, 13, 30, 35, 81, 102, 94, 86, 32, 10, 3, 1]}, 0.19680854247557347], "LCC": [{"max": 1.0, "min": 0, "sm": 0.047619047619047616, "value": [177, 34, 65, 56, 43, 21, 21, 52, 11, 6, 15, 1, 3, 0, 14, 0, 1, 1, 1, 0, 0, 12]}, 0.18274933762383205]}, "rate-30": {"ANB": [{"max": 0.05307296546297993, "min": 0.0, "sm": 0.002527284069665711, "value": [310, 123, 68, 42, 28, 19, 13, 10, 8, 5, 3, 2, 0, 3, 3, 0, 3, 1, 0, 0, 0, 1]}, 0.0051913081196145044], "ACC": [{"max": 0.28184733822654706, "min": 0.0015600624024961, "sm": 0.013347013134478617, "value": [23, 0, 0, 0, 0, 0, 0, 0, 4, 3, 10, 13, 26, 39, 88, 98, 124, 104, 67, 34, 8, 1]}, 0.20757242293493156], "LCC": [{"max": 1.0, "min": 0, "sm": 0.047619047619047616, "value": [200, 44, 88, 58, 64, 24, 31, 53, 20, 5, 9, 1, 4, 0, 11, 1, 1, 2, 1, 0, 0, 25]}, 0.19219409222022976]}, "rate-35": {"ANB": [{"max": 0.05685719866980505, "min": 0.0, "sm": 0.0027074856509430975, "value": [419, 129, 77, 32, 27, 16, 17, 8, 6, 3, 4, 2, 1, 0, 4, 0, 0, 0, 0, 1, 0, 1]}, 0.004519479577268714], "ACC": [{"max": 0.2912663157276766, "min": 0.0013404825737265416, "sm": 0.013805992054950002, "value": [14, 0, 0, 0, 0, 0, 0, 0, 1, 4, 8, 17, 34, 53, 80, 163, 140, 105, 81, 36, 10, 1]}, 0.2180385851337519], "LCC": [{"max": 1.0, "min": 0, "sm": 0.047619047619047616, "value": [184, 53, 106, 99, 101, 40, 38, 61, 10, 7, 10, 2, 2, 0, 12, 0, 0, 1, 0, 0, 0, 21]}, 0.18587798016292198]}, "rate-40": {"ANB": [{"max": 0.046274288675990184, "min": 0.0, "sm": 0.0022035375559995326, "value": [471, 158, 87, 42, 29, 16, 11, 8, 7, 3, 5, 4, 2, 6, 1, 1, 1, 0, 1, 0, 0, 1]}, 0.0037404517947472373], "ACC": [{"max": 0.29370864959379916, "min": 0.0011723329425556857, "sm": 0.013930300792916355, "value": [21, 0, 0, 0, 0, 0, 0, 0, 0, 0, 3, 10, 27, 55, 108, 158, 180, 154, 94, 28, 15, 1]}, 0.22180273884562918], "LCC": [{"max": 1.0, "min": 0, "sm": 0.047619047619047616, "value": [208, 66, 137, 120, 95, 40, 26, 64, 19, 6, 17, 2, 7, 0, 18, 0, 1, 1, 0, 0, 0, 27]}, 0.1920338234651707]}}