{"rate-5": {"ANB": [{"max": 0.08634321653189576, "min": 0.0, "sm": 0.004111581739614084, "value": [67, 13, 6, 2, 5, 0, 1, 3, 1, 1, 1, 1, 3, 0, 1, 1, 0, 0, 0, 0, 0, 1]}, 0.008789916954261867], "ACC": [{"max": 0.13314530247033649, "min": 0.009433962264150943, "sm": 0.00589101620029455, "value": [32, 0, 2, 0, 1, 3, 4, 14, 6, 9, 6, 11, 1, 5, 5, 2, 2, 2, 1, 0, 0, 1]}, 0.05181784349068453], "LCC": [{"max": 1.0, "min": 0, "sm": 0.047619047619047616, "value": [79, 1, 0, 2, 2, 0, 2, 10, 1, 0, 1, 0, 0, 0, 3, 0, 0, 0, 0, 0, 0, 6]}, 0.12719181130396084]}, "rate-10": {"ANB": [{"max": 0.19438428071171213, "min": 0.0, "sm": 0.00925639431960534, "value": [116, 20, 20, 9, 7, 13, 9, 6, 0, 1, 0, 0, 2, 1, 5, 1, 1, 0, 2, 0, 0, 1]}, 0.02406134331410198], "ACC": [{"max": 0.1483196834494592, "min": 0.004694835680751174, "sm": 0.0068392784651765725, "value": [32, 0, 0, 0, 0, 0, 0, 0, 1, 4, 10, 14, 19, 14, 18, 17, 23, 21, 22, 16, 2, 1]}, 0.09398591207680215], "LCC": [{"max": 1.0, "min": 0, "sm": 0.047619047619047616, "value": [140, 1, 8, 9, 8, 1, 8, 25, 1, 0, 1, 0, 0, 0, 3, 0, 0, 0, 0, 0, 0, 9]}, 0.12546358107105765]}, "rate-15": {"ANB": [{"max": 0.11629150272123892, "min": 0.0, "sm": 0.005537690605773282, "value": [160, 59, 32, 19, 19, 7, 2, 2, 5, 3, 3, 2, 0, 1, 4, 0, 1, 0, 0, 0, 0, 1]}, 0.011285143234557673], "ACC": [{"max": 0.24058079789170142, "min": 0.003134796238244514, "sm": 0.011306952459688425, "value": [27, 0, 0, 0, 0, 0, 0, 0, 1, 6, 1, 14, 23, 32, 49, 42, 47, 36, 25, 10, 6, 1]}, 0.16319823606108863], "LCC": [{"max": 1.0, "min": 0, "sm": 0.047619047619047616, "value": [155, 13, 21, 23, 23, 7, 4, 42, 1, 1, 9, 0, 2, 0, 5, 0, 0, 0, 0, 0, 0, 14]}, 0.16411797352973842]}, "rate-20": {"ANB": [{"max": 0.07269268477100174, "min": 0.0, "sm": 0.0034615564176667495, "value": [202, 80, 37, 24, 13, 15, 6, 6, 10, 7, 7, 5, 2, 2, 1, 3, 0, 1, 4, 0, 1, 1]}, 0.008780164109051606], "ACC": [{"max": 0.257480993281197, "min": 0.002347417840375587, "sm": 0.012149217878134354, "value": [25, 0, 0, 0, 0, 0, 0, 1, 8, 10, 10, 21, 27, 48, 53, 51, 60, 55, 35, 18, 4, 1]}, 0.17650040431660038], "LCC": [{"max": 1.0, "min": 0, "sm": 0.047619047619047616, "value": [177, 9, 38, 36, 39, 16, 15, 41, 11, 5, 7, 0, 3, 0, 11, 0, 0, 0, 0, 0, 0, 19]}, 0.18570829845231424]}, "rate-25": {"ANB": [{"max": 0.06546031291908823, "min": 0.0, "sm": 0.0031171577580518203, "value": [263, 107, 52, 35, 25, 11, 10, 6, 5, 5, 4, 3, 3, 2, 0, 1, 0, 0, 0, 1, 0, 1]}, 0.006051265567210813], "ACC": [{"max": 0.2921600408539361, "min": 0.001876172607879925, "sm": 0.013823041345050293, "value": [20, 0, 0, 0, 0, 0, 0, 0, 0, 2, 8, 16, 27, 45, 80, 105, 80, 79, 50, 16, 5, 1]}, 0.21106207157128307], "LCC": [{"max": 1.0, "min": 0, "sm": 0.047619047619047616, "value": [177, 35, 63, 63, 51, 24, 19, 47, 14, 2, 13, 0, 1, 0, 10, 0, 0, 0, 0, 0, 0, 15]}, 0.17443079919471488]}, "rate-30": {"ANB": [{"max": 0.05878001054957762, "min": 0.0, "sm": 0.002799048121408458, "value": [332, 121, 64, 28, 28, 21, 20, 6, 3, 2, 5, 1, 2, 3, 1, 2, 1, 0, 0, 0, 0, 1]}, 0.0052526297061272105], "ACC": [{"max": 0.298096100862482, "min": 0.0015625, "sm": 0.01412064766011819, "value": [9, 0, 0, 0, 0, 0, 0, 0, 0, 2, 7, 27, 28, 44, 97, 110, 123, 94, 73, 19, 7, 1]}, 0.22243659249736847], "LCC": [{"max": 1.0, "min": 0, "sm": 0.047619047619047616, "value": [168, 36, 68, 69, 54, 46, 30, 66, 22, 5, 17, 2, 5, 0, 21, 1, 1, 2, 1, 0, 0, 27]}, 0.22514343045118174]}, "rate-35": {"ANB": [{"max": 0.06468222030287668, "min": 0.0, "sm": 0.0030801057287084136, "value": [436, 143, 52, 42, 22, 10, 15, 8, 6, 1, 4, 3, 1, 1, 1, 0, 0, 1, 1, 0, 0, 1]}, 0.004834346009961579], "ACC": [{"max": 0.2844811693304255, "min": 0.0013386880856760374, "sm": 0.013482975297369021, "value": [10, 0, 0, 0, 0, 0, 0, 0, 0, 4, 14, 29, 41, 50, 90, 158, 130, 115, 69, 29, 8, 1]}, 0.21111320044723755], "LCC": [{"max": 1.0, "min": 0, "sm": 0.047619047619047616, "value": [231, 49, 95, 99, 78, 34, 25, 62, 29, 5, 17, 1, 1, 0, 9, 0, 0, 4, 0, 0, 0, 9]}, 0.1676977822888108]}, "rate-40": {"ANB": [{"max": 0.05011794799123096, "min": 0.0, "sm": 0.002386568951963379, "value": [488, 171, 68, 40, 29, 17, 9, 3, 6, 5, 3, 4, 3, 4, 2, 0, 0, 0, 1, 1, 0, 1]}, 0.003818317791737493], "ACC": [{"max": 0.30181745369540625, "min": 0.00117096018735363, "sm": 0.014316499690859649, "value": [15, 0, 0, 0, 0, 0, 0, 0, 0, 1, 9, 18, 34, 74, 108, 188, 191, 126, 58, 27, 5, 1]}, 0.22390593686148982], "LCC": [{"max": 1.0, "min": 0, "sm": 0.047619047619047616, "value": [230, 81, 110, 109, 76, 51, 30, 79, 16, 14, 16, 5, 5, 1, 13, 0, 0, 0, 1, 0, 0, 18]}, 0.18180851250646038]}}