{"rate-5": {"ANB": [{"max": 0.36957451380528306, "min": 0.0, "sm": 0.017598786371680147, "value": [45, 16, 16, 8, 6, 4, 2, 2, 1, 1, 1, 0, 0, 0, 0, 0, 0, 1, 1, 0, 1, 1]}, 0.04734777800815539], "ACC": [{"max": 0.2292576419213974, "min": 0.10057471264367816, "sm": 0.006127758537034249, "value": [2, 3, 0, 3, 1, 3, 7, 4, 9, 6, 2, 8, 10, 7, 7, 7, 4, 9, 3, 9, 1, 1]}, 0.1749813796125832], "LCC": [{"max": 1.0, "min": 0, "sm": 0.047619047619047616, "value": [49, 0, 4, 6, 4, 4, 2, 15, 4, 0, 6, 0, 0, 0, 6, 0, 0, 0, 0, 0, 0, 6]}, 0.2208547741566609]}, "rate-10": {"ANB": [{"max": 0.157743193839952, "min": 0.0, "sm": 0.007511580659045333, "value": [103, 45, 25, 11, 9, 2, 2, 7, 3, 0, 2, 1, 1, 1, 0, 0, 0, 0, 0, 0, 0, 1]}, 0.014706258955263663], "ACC": [{"max": 0.35570469798657717, "min": 0.14732453092425296, "sm": 0.009922865098205915, "value": [1, 3, 6, 6, 9, 9, 15, 13, 15, 16, 17, 20, 16, 22, 19, 12, 7, 3, 2, 0, 1, 1]}, 0.2509280326836165], "LCC": [{"max": 1.0, "min": 0, "sm": 0.047619047619047616, "value": [65, 13, 19, 17, 17, 10, 7, 30, 7, 6, 7, 0, 0, 0, 6, 0, 0, 3, 0, 0, 0, 6]}, 0.21392570724088444]}, "rate-15": {"ANB": [{"max": 0.1633811800316068, "min": 0.0, "sm": 0.007780056191981276, "value": [180, 56, 34, 14, 14, 9, 4, 3, 1, 1, 0, 0, 1, 1, 0, 1, 0, 0, 0, 0, 0, 1]}, 0.012460815047021947], "ACC": [{"max": 0.28080985915492956, "min": 0.13580246913580246, "sm": 0.006905113810434624, "value": [3, 1, 2, 9, 7, 17, 30, 27, 36, 43, 29, 23, 21, 23, 18, 20, 4, 0, 3, 1, 2, 1]}, 0.20465612949748802], "LCC": [{"max": 1.0, "min": 0, "sm": 0.047619047619047616, "value": [69, 8, 39, 32, 41, 14, 14, 50, 14, 3, 10, 2, 1, 0, 12, 0, 2, 0, 0, 0, 0, 9]}, 0.23554827627437955]}, "rate-20": {"ANB": [{"max": 0.0717141116840886, "min": 0.0, "sm": 0.0034149576992423144, "value": [166, 99, 54, 32, 14, 14, 6, 6, 10, 5, 5, 3, 6, 2, 1, 2, 0, 0, 1, 0, 0, 1]}, 0.008635160367541151], "ACC": [{"max": 0.28940217391304346, "min": 0.1347248576850095, "sm": 0.007365586487049236, "value": [1, 8, 5, 6, 10, 11, 10, 19, 31, 42, 36, 50, 54, 38, 49, 21, 19, 9, 4, 3, 0, 1]}, 0.21792880245365037], "LCC": [{"max": 1.0, "min": 0, "sm": 0.047619047619047616, "value": [109, 21, 44, 61, 42, 19, 25, 54, 11, 6, 12, 2, 0, 0, 8, 1, 1, 1, 0, 0, 0, 10]}, 0.20387302787916212]}, "rate-25": {"ANB": [{"max": 0.07501206440658338, "min": 0.0, "sm": 0.003572003066980161, "value": [286, 114, 41, 35, 16, 11, 8, 6, 9, 3, 1, 0, 1, 1, 0, 1, 0, 0, 0, 0, 0, 1]}, 0.0059656487805512075], "ACC": [{"max": 0.3371283997469956, "min": 0.11371879667164497, "sm": 0.010638552527397649, "value": [1, 3, 1, 3, 2, 11, 14, 12, 29, 31, 54, 70, 70, 53, 61, 52, 41, 12, 8, 5, 0, 1]}, 0.24526358515097169], "LCC": [{"max": 1.0, "min": 0, "sm": 0.047619047619047616, "value": [116, 40, 64, 74, 79, 29, 26, 50, 11, 5, 12, 1, 2, 1, 12, 0, 0, 0, 0, 0, 0, 12]}, 0.19695544741409984]}, "rate-30": {"ANB": [{"max": 0.06942335024336732, "min": 0.0, "sm": 0.0033058738211127294, "value": [352, 126, 65, 36, 20, 4, 14, 9, 6, 2, 1, 0, 2, 1, 1, 0, 0, 1, 0, 0, 0, 1]}, 0.005282201311526645], "ACC": [{"max": 0.30174446016030176, "min": 0.13964651974689068, "sm": 0.007718949543495766, "value": [1, 0, 1, 4, 6, 10, 21, 34, 39, 56, 70, 78, 90, 69, 54, 42, 32, 18, 12, 2, 1, 1]}, 0.23130032615117604], "LCC": [{"max": 1.0, "min": 0, "sm": 0.047619047619047616, "value": [123, 50, 82, 72, 62, 40, 45, 76, 18, 6, 18, 6, 7, 1, 16, 0, 2, 0, 0, 0, 0, 17]}, 0.223338398039669]}, "rate-35": {"ANB": [{"max": 0.05238426405517351, "min": 0.0, "sm": 0.0024944887645320718, "value": [384, 159, 71, 42, 25, 16, 11, 9, 6, 4, 7, 2, 2, 1, 2, 2, 1, 1, 1, 0, 0, 1]}, 0.0045649078250975875], "ACC": [{"max": 0.30251419302514193, "min": 0.14072816449726466, "sm": 0.007704096596565584, "value": [3, 0, 3, 12, 11, 10, 27, 39, 49, 78, 79, 85, 93, 70, 61, 50, 35, 17, 12, 8, 4, 1]}, 0.230508969100474], "LCC": [{"max": 1.0, "min": 0, "sm": 0.047619047619047616, "value": [144, 51, 95, 94, 101, 51, 30, 83, 26, 8, 21, 6, 3, 0, 15, 0, 0, 1, 1, 0, 0, 17]}, 0.21280081546522756]}, "rate-40": {"ANB": [{"max": 0.04330179262943204, "min": 0.0, "sm": 0.0020619901252110495, "value": [452, 170, 70, 49, 27, 15, 13, 15, 9, 5, 7, 2, 8, 2, 0, 3, 1, 1, 2, 1, 1, 1]}, 0.004008313070370922], "ACC": [{"max": 0.29232350925291295, "min": 0.1288714307297175, "sm": 0.007783432310628355, "value": [3, 0, 4, 1, 6, 9, 13, 30, 35, 57, 58, 86, 104, 123, 98, 78, 62, 40, 21, 15, 10, 1]}, 0.22968345978792], "LCC": [{"max": 1.0, "min": 0, "sm": 0.047619047619047616, "value": [153, 64, 134, 116, 98, 58, 42, 90, 19, 5, 22, 7, 3, 2, 17, 1, 2, 0, 1, 0, 0, 20]}, 0.20952561189495753]}}