{"rate-5": {"ANB": [{"max": 0.004761904761904762, "min": 0.0, "sm": 0.00022675736961451248, "value": [99, 0, 1, 0, 1, 0, 2, 0, 0, 0, 0, 0, 1, 0, 0, 0, 1, 0, 0, 0, 0, 1]}, 0.00015204920865298223], "ACC": [{"max": 0.048214285714285716, "min": 0.0, "sm": 0.002295918367346939, "value": [70, 0, 0, 0, 12, 6, 0, 1, 5, 0, 1, 2, 3, 2, 0, 1, 1, 0, 1, 0, 0, 1]}, 0.006509084593653323], "LCC": [{"max": 0, "min": 0, "sm": 0.0, "value": [106, 0, 0, 0, 0, 0, 0, 0, 0, 0, 0, 0, 0, 0, 0, 0, 0, 0, 0, 0, 0, 0]}, 0.0]}, "rate-10": {"ANB": [{"max": 0.0011624787624072252, "min": 0.0, "sm": 5.53561315432012e-05, "value": [179, 5, 4, 1, 4, 0, 2, 2, 3, 0, 0, 0, 2, 0, 1, 0, 1, 0, 2, 3, 3, 1]}, 8.564307242003395e-05], "ACC": [{"max": 0.0272911051212938, "min": 0.0, "sm": 0.001299576434347324, "value": [111, 0, 0, 20, 10, 6, 3, 6, 10, 3, 7, 7, 8, 7, 4, 3, 2, 2, 0, 3, 0, 1]}, 0.005701981493903913], "LCC": [{"max": 1.0, "min": 0, "sm": 0.047619047619047616, "value": [207, 0, 1, 1, 0, 0, 0, 1, 0, 0, 0, 0, 0, 0, 0, 0, 0, 0, 0, 0, 0, 3]}, 0.016901408450704227]}, "rate-15": {"ANB": [{"max": 0.09321582776364819, "min": 0.0, "sm": 0.004438848941126105, "value": [264, 16, 7, 3, 4, 4, 6, 2, 2, 3, 1, 2, 2, 0, 1, 0, 0, 1, 0, 1, 1, 0]}, 0.00458223664754244], "ACC": [{"max": 0.06353976151111689, "min": 0.0, "sm": 0.003025702929100804, "value": [126, 39, 14, 7, 4, 0, 0, 0, 2, 5, 14, 18, 12, 10, 16, 18, 10, 8, 6, 7, 3, 1]}, 0.018611966914821428], "LCC": [{"max": 1.0, "min": 0, "sm": 0.047619047619047616, "value": [287, 2, 0, 6, 1, 0, 0, 13, 0, 0, 0, 0, 0, 0, 0, 0, 0, 0, 0, 0, 0, 11]}, 0.05202380952380953]}, "rate-20": {"ANB": [{"max": 0.1677164710894911, "min": 0.0, "sm": 0.007986498623309099, "value": [361, 34, 15, 2, 4, 1, 0, 4, 1, 3, 1, 0, 0, 0, 0, 0, 0, 0, 0, 0, 0, 1]}, 0.00466355833490173], "ACC": [{"max": 0.12612309945298703, "min": 0.0, "sm": 0.006005861878713668, "value": [176, 7, 1, 0, 0, 0, 0, 2, 7, 6, 14, 30, 30, 53, 31, 33, 9, 17, 8, 2, 0, 1]}, 0.04734375004349866], "LCC": [{"max": 1.0, "min": 0, "sm": 0.047619047619047616, "value": [364, 5, 11, 14, 4, 0, 0, 14, 0, 0, 1, 0, 0, 0, 1, 0, 0, 0, 0, 0, 0, 13]}, 0.05513654045821009]}, "rate-25": {"ANB": [{"max": 0.13204735622628402, "min": 0.0, "sm": 0.006287969344108763, "value": [419, 45, 22, 15, 7, 10, 0, 3, 2, 1, 3, 1, 1, 0, 1, 1, 1, 0, 0, 1, 0, 1]}, 0.0059377526599981145], "ACC": [{"max": 0.12957095826400936, "min": 0.0, "sm": 0.0061700456316194936, "value": [170, 0, 0, 0, 0, 0, 0, 0, 0, 10, 17, 32, 27, 66, 57, 61, 45, 26, 11, 8, 3, 1]}, 0.06117872814054195], "LCC": [{"max": 1.0, "min": 0, "sm": 0.047619047619047616, "value": [425, 6, 10, 8, 11, 1, 2, 35, 1, 0, 0, 0, 0, 0, 10, 0, 0, 0, 0, 0, 0, 25]}, 0.0929478907667936]}, "rate-30": {"ANB": [{"max": 0.08731965117316594, "min": 0.0, "sm": 0.004158078627293616, "value": [457, 74, 37, 29, 8, 8, 6, 0, 4, 4, 5, 2, 1, 2, 1, 1, 1, 0, 0, 0, 0, 1]}, 0.004684703820077685], "ACC": [{"max": 0.15818473193473193, "min": 0.0, "sm": 0.007532606282606282, "value": [162, 12, 0, 0, 0, 0, 0, 0, 1, 9, 14, 32, 38, 65, 76, 76, 61, 50, 26, 9, 9, 1]}, 0.08249201803132045], "LCC": [{"max": 1.0, "min": 0, "sm": 0.047619047619047616, "value": [467, 15, 21, 28, 20, 1, 2, 36, 2, 1, 6, 1, 0, 0, 13, 0, 0, 0, 0, 0, 0, 28]}, 0.10356211345474449]}, "rate-35": {"ANB": [{"max": 0.07455521901766213, "min": 0.0, "sm": 0.0035502485246505775, "value": [496, 98, 54, 36, 16, 11, 7, 7, 7, 1, 2, 3, 4, 1, 0, 1, 0, 1, 1, 0, 0, 1]}, 0.0046593388446035805], "ACC": [{"max": 0.17505913893707617, "min": 0.0, "sm": 0.008336149473194103, "value": [150, 0, 0, 0, 0, 0, 0, 0, 4, 11, 24, 26, 28, 61, 78, 105, 109, 90, 44, 13, 3, 1]}, 0.10210695291637975], "LCC": [{"max": 1.0, "min": 0, "sm": 0.047619047619047616, "value": [506, 23, 37, 36, 22, 7, 3, 56, 8, 0, 15, 0, 2, 0, 9, 0, 0, 0, 0, 0, 0, 23]}, 0.10457528418350041]}, "rate-40": {"ANB": [{"max": 0.06080779156569641, "min": 0.0, "sm": 0.0028956091221760197, "value": [582, 93, 63, 46, 25, 9, 6, 7, 3, 8, 3, 1, 4, 2, 0, 0, 0, 0, 0, 0, 1, 1]}, 0.0036415006351474067], "ACC": [{"max": 0.19318239580316102, "min": 0.0, "sm": 0.00919916170491243, "value": [161, 0, 0, 0, 0, 0, 0, 0, 4, 10, 13, 23, 31, 63, 77, 116, 127, 105, 70, 39, 14, 1]}, 0.11832212536639072], "LCC": [{"max": 1.0, "min": 0, "sm": 0.047619047619047616, "value": [545, 26, 61, 56, 33, 8, 9, 53, 7, 1, 8, 1, 0, 0, 16, 1, 0, 0, 0, 0, 0, 29]}, 0.11138172465106001]}}