{"rate-5": {"ANB": [{"max": 0.2950626326975714, "min": 0.0, "sm": 0.014050601557027208, "value": [34, 13, 12, 11, 6, 6, 2, 3, 2, 1, 0, 6, 3, 2, 2, 1, 0, 0, 0, 0, 1, 1]}, 0.058060335890524575], "ACC": [{"max": 0.19662921348314608, "min": 0.09476534296028881, "sm": 0.004850660501088441, "value": [3, 3, 1, 6, 1, 4, 8, 3, 11, 7, 7, 10, 6, 12, 5, 4, 1, 7, 1, 2, 3, 1]}, 0.1462287398796532], "LCC": [{"max": 1.0, "min": 0, "sm": 0.047619047619047616, "value": [45, 1, 2, 6, 2, 2, 1, 26, 4, 0, 5, 0, 0, 0, 4, 0, 0, 0, 0, 0, 0, 8]}, 0.24424977538185075]}, "rate-10": {"ANB": [{"max": 0.11275899077479151, "min": 0.0, "sm": 0.005369475751180549, "value": [87, 38, 29, 15, 10, 9, 5, 4, 4, 3, 3, 1, 1, 1, 0, 1, 1, 0, 0, 0, 0, 1]}, 0.014039166592148794], "ACC": [{"max": 0.34415584415584416, "min": 0.15738678544914625, "sm": 0.008893764700318949, "value": [2, 2, 3, 12, 7, 8, 8, 6, 7, 13, 13, 17, 26, 24, 22, 15, 6, 13, 4, 4, 0, 1]}, 0.25914825919791823], "LCC": [{"max": 1.0, "min": 0, "sm": 0.047619047619047616, "value": [62, 8, 25, 17, 23, 9, 10, 28, 3, 2, 9, 3, 3, 0, 5, 0, 0, 0, 0, 0, 0, 6]}, 0.21106119708025273]}, "rate-15": {"ANB": [{"max": 0.17197497002325515, "min": 0.0, "sm": 0.008189284286821674, "value": [199, 47, 29, 14, 8, 8, 6, 1, 2, 3, 0, 0, 1, 0, 0, 1, 0, 0, 0, 0, 0, 1]}, 0.01217906537725991], "ACC": [{"max": 0.2948243992606285, "min": 0.13761863675582398, "sm": 0.0074859886907049766, "value": [1, 3, 7, 12, 14, 28, 23, 25, 28, 31, 28, 37, 23, 22, 21, 4, 4, 7, 1, 0, 0, 1]}, 0.2089474252952605], "LCC": [{"max": 1.0, "min": 0, "sm": 0.047619047619047616, "value": [74, 10, 37, 36, 33, 12, 18, 44, 11, 4, 11, 1, 3, 0, 12, 0, 0, 1, 0, 0, 0, 13]}, 0.23885223146736326]}, "rate-20": {"ANB": [{"max": 0.06792880319128158, "min": 0.0, "sm": 0.0032347049138705514, "value": [170, 96, 51, 30, 16, 13, 12, 4, 4, 6, 3, 4, 4, 4, 1, 1, 0, 5, 2, 0, 0, 1]}, 0.008533800035830543], "ACC": [{"max": 0.296038915913829, "min": 0.12315698178664354, "sm": 0.0082324730536755, "value": [6, 2, 10, 4, 9, 8, 11, 17, 22, 30, 34, 35, 39, 49, 46, 40, 30, 17, 8, 6, 3, 1]}, 0.22218923089806972], "LCC": [{"max": 1.0, "min": 0, "sm": 0.047619047619047616, "value": [114, 35, 55, 63, 32, 19, 17, 44, 9, 5, 5, 8, 4, 1, 4, 0, 0, 0, 0, 0, 0, 12]}, 0.18801075062635333]}, "rate-25": {"ANB": [{"max": 0.06186058209470036, "min": 0.0, "sm": 0.002945742004509541, "value": [242, 95, 55, 40, 26, 15, 16, 9, 10, 5, 6, 5, 2, 1, 2, 0, 1, 2, 0, 1, 0, 1]}, 0.007080397306270298], "ACC": [{"max": 0.2686491935483871, "min": 0.1423611111111111, "sm": 0.006013718211298858, "value": [3, 2, 5, 7, 7, 14, 16, 23, 41, 62, 50, 59, 53, 48, 44, 40, 21, 19, 8, 7, 4, 1]}, 0.21224658814679995], "LCC": [{"max": 1.0, "min": 0, "sm": 0.047619047619047616, "value": [98, 33, 60, 62, 70, 34, 31, 69, 14, 5, 15, 6, 5, 0, 9, 0, 1, 2, 0, 0, 0, 20]}, 0.2323816081286424]}, "rate-30": {"ANB": [{"max": 0.07215823924553162, "min": 0.0, "sm": 0.003436106630739601, "value": [373, 109, 65, 42, 18, 11, 7, 3, 1, 2, 3, 1, 2, 0, 2, 0, 0, 0, 0, 0, 1, 1]}, 0.005197850519654592], "ACC": [{"max": 0.3099273607748184, "min": 0.12415130940834142, "sm": 0.008846478636498905, "value": [1, 1, 0, 2, 5, 11, 14, 15, 32, 35, 66, 88, 82, 74, 86, 51, 36, 22, 11, 5, 3, 1]}, 0.2349160549217867], "LCC": [{"max": 1.0, "min": 0, "sm": 0.047619047619047616, "value": [153, 54, 81, 88, 71, 30, 21, 71, 22, 9, 8, 0, 7, 2, 7, 1, 1, 2, 0, 0, 0, 13]}, 0.19159181015677648]}, "rate-35": {"ANB": [{"max": 0.04277902295438128, "min": 0.0, "sm": 0.0020370963311610135, "value": [347, 157, 76, 46, 25, 22, 17, 15, 9, 8, 6, 5, 4, 2, 2, 1, 1, 0, 0, 2, 1, 1]}, 0.004488320520327341], "ACC": [{"max": 0.3021466180639935, "min": 0.1247700284328483, "sm": 0.008446504268149772, "value": [3, 2, 7, 2, 7, 5, 14, 19, 27, 33, 54, 84, 93, 102, 77, 85, 60, 40, 21, 7, 4, 1]}, 0.23430462195339785], "LCC": [{"max": 1.0, "min": 0, "sm": 0.047619047619047616, "value": [128, 60, 109, 107, 86, 46, 33, 65, 26, 12, 20, 5, 7, 2, 17, 3, 0, 2, 1, 0, 0, 18]}, 0.21834222716673127]}, "rate-40": {"ANB": [{"max": 0.05207944840607915, "min": 0.0, "sm": 0.0024799737336228165, "value": [519, 156, 73, 36, 17, 11, 12, 9, 3, 5, 3, 4, 2, 0, 2, 0, 0, 0, 1, 0, 0, 1]}, 0.0035857912644123298], "ACC": [{"max": 0.33450980392156865, "min": 0.13700610343719885, "sm": 0.009404938118303324, "value": [1, 0, 6, 7, 17, 14, 26, 43, 49, 55, 63, 79, 109, 116, 92, 78, 47, 35, 7, 7, 2, 1]}, 0.2511920704097255], "LCC": [{"max": 1.0, "min": 0, "sm": 0.047619047619047616, "value": [163, 91, 123, 133, 109, 39, 37, 65, 22, 14, 10, 7, 2, 1, 16, 1, 1, 3, 0, 0, 0, 17]}, 0.1938922274641852]}}