{"rate-5": {"ANB": [{"max": 0.00017969451931716083, "min": 0.0, "sm": 8.556881872245754e-06, "value": [106, 0, 0, 0, 0, 0, 0, 0, 0, 0, 0, 0, 0, 0, 0, 0, 0, 0, 0, 0, 1, 0]}, 1.6793880310015031e-06], "ACC": [{"max": 0.018867924528301886, "min": 0.009433962264150943, "sm": 0.00044923629829290204, "value": [104, 0, 0, 0, 0, 0, 2, 0, 0, 0, 0, 0, 0, 0, 0, 0, 0, 0, 0, 0, 0, 1]}, 0.009580908716863576], "LCC": [{"max": 0, "min": 0, "sm": 0.0, "value": [107, 0, 0, 0, 0, 0, 0, 0, 0, 0, 0, 0, 0, 0, 0, 0, 0, 0, 0, 0, 0, 0]}, 0.0]}, "rate-10": {"ANB": [{"max": 0.00022355360815523562, "min": 0.0, "sm": 1.0645409912154078e-05, "value": [199, 0, 0, 0, 9, 0, 0, 0, 0, 0, 0, 0, 3, 0, 0, 0, 0, 0, 0, 0, 0, 2]}, 5.8774657543160535e-06], "ACC": [{"max": 0.018867924528301886, "min": 0.0047169811320754715, "sm": 0.0006738544474393531, "value": [168, 0, 18, 0, 0, 7, 11, 0, 2, 0, 0, 3, 0, 0, 2, 1, 0, 0, 0, 0, 0, 1]}, 0.005588387065931606], "LCC": [{"max": 1.0, "min": 0, "sm": 0.047619047619047616, "value": [210, 0, 0, 1, 0, 0, 0, 0, 0, 0, 0, 0, 0, 0, 0, 0, 0, 0, 0, 0, 0, 2]}, 0.010172143974960877]}, "rate-15": {"ANB": [{"max": 0.00015673981191222572, "min": 0.0, "sm": 7.4638005672488435e-06, "value": [288, 0, 17, 0, 0, 6, 0, 5, 0, 0, 3, 0, 0, 1, 0, 0, 0, 0, 0, 0, 0, 1]}, 4.211466908856532e-06], "ACC": [{"max": 0.011160714285714286, "min": 0.003125, "sm": 0.0003826530612244898, "value": [234, 0, 34, 0, 8, 0, 7, 2, 19, 0, 9, 0, 0, 2, 2, 0, 2, 1, 0, 0, 0, 1]}, 0.003796356486192955], "LCC": [{"max": 0, "min": 0, "sm": 0.0, "value": [321, 0, 0, 0, 0, 0, 0, 0, 0, 0, 0, 0, 0, 0, 0, 0, 0, 0, 0, 0, 0, 0]}, 0.0]}, "rate-20": {"ANB": [{"max": 0.0005167617728227287, "min": 0.0, "sm": 2.4607703467748985e-05, "value": [401, 7, 5, 2, 1, 2, 0, 1, 1, 1, 1, 0, 0, 1, 0, 0, 1, 2, 1, 0, 0, 1]}, 1.173991500198782e-05], "ACC": [{"max": 0.010705921712947474, "min": 0.00234192037470726, "sm": 0.0003982857780114387, "value": [274, 50, 10, 0, 8, 33, 3, 13, 5, 6, 2, 3, 9, 3, 0, 1, 2, 1, 3, 1, 0, 1]}, 0.0032254056245773002], "LCC": [{"max": 0, "min": 0, "sm": 0.0, "value": [428, 0, 0, 0, 0, 0, 0, 0, 0, 0, 0, 0, 0, 0, 0, 0, 0, 0, 0, 0, 0, 0]}, 0.0]}, "rate-25": {"ANB": [{"max": 0.00023275825586480274, "min": 0.0, "sm": 1.1083726469752512e-05, "value": [462, 30, 2, 9, 4, 5, 4, 1, 3, 1, 3, 2, 1, 1, 0, 2, 0, 1, 0, 2, 0, 1]}, 8.387327912504226e-06], "ACC": [{"max": 0.009236542069562708, "min": 0.001876172607879925, "sm": 0.00035049378388965637, "value": [286, 66, 20, 2, 19, 48, 24, 10, 10, 8, 12, 9, 2, 4, 4, 3, 4, 2, 0, 0, 0, 1]}, 0.0028309444714181104], "LCC": [{"max": 0, "min": 0, "sm": 0.0, "value": [534, 0, 0, 0, 0, 0, 0, 0, 0, 0, 0, 0, 0, 0, 0, 0, 0, 0, 0, 0, 0, 0]}, 0.0]}, "rate-30": {"ANB": [{"max": 0.0006064162754303599, "min": 0.0, "sm": 2.8876965496683802e-05, "value": [586, 21, 12, 8, 4, 0, 1, 1, 1, 0, 1, 1, 0, 1, 1, 0, 0, 0, 1, 1, 0, 1]}, 1.222994929186837e-05], "ACC": [{"max": 0.013333333333333334, "min": 0.0015625, "sm": 0.0005605158730158731, "value": [356, 36, 76, 56, 27, 19, 20, 5, 8, 9, 5, 3, 8, 5, 2, 1, 0, 2, 1, 0, 1, 1]}, 0.0028393685261707755], "LCC": [{"max": 0, "min": 0, "sm": 0.0, "value": [641, 0, 0, 0, 0, 0, 0, 0, 0, 0, 0, 0, 0, 0, 0, 0, 0, 0, 0, 0, 0, 0]}, 0.0]}, "rate-35": {"ANB": [{"max": 0.0004845117736360993, "min": 0.0, "sm": 2.3071989220766634e-05, "value": [653, 31, 12, 10, 11, 2, 7, 0, 6, 1, 3, 4, 4, 1, 0, 0, 1, 0, 0, 1, 0, 1]}, 1.6145594358144917e-05], "ACC": [{"max": 0.010283558476329563, "min": 0.0013386880856760374, "sm": 0.0004259462090787393, "value": [290, 110, 19, 90, 33, 36, 33, 22, 22, 27, 20, 9, 10, 4, 7, 7, 4, 1, 1, 2, 0, 1]}, 0.002776370251776746], "LCC": [{"max": 0, "min": 0, "sm": 0.0, "value": [748, 0, 0, 0, 0, 0, 0, 0, 0, 0, 0, 0, 0, 0, 0, 0, 0, 0, 0, 0, 0, 0]}, 0.0]}, "rate-40": {"ANB": [{"max": 0.017557539034294172, "min": 0.0, "sm": 0.0008360732873473416, "value": [800, 12, 12, 6, 5, 3, 2, 3, 1, 0, 1, 0, 1, 1, 3, 1, 1, 1, 0, 1, 0, 1]}, 0.00035312722706451607], "ACC": [{"max": 0.025785317514080554, "min": 0.00117096018735363, "sm": 0.001172112253653663, "value": [391, 141, 68, 49, 27, 21, 8, 5, 7, 8, 18, 23, 12, 24, 15, 14, 5, 10, 3, 3, 2, 1]}, 0.0051232354516703256], "LCC": [{"max": 1.0, "min": 0, "sm": 0.047619047619047616, "value": [843, 0, 1, 0, 0, 0, 0, 3, 0, 0, 0, 0, 0, 0, 0, 0, 0, 0, 0, 0, 0, 8]}, 0.01064327485380117]}}