{"rate-5": {"ANB": [{"max": 0.2728444067478947, "min": 0.0, "sm": 0.012992590797518794, "value": [36, 14, 9, 11, 6, 1, 2, 5, 3, 3, 1, 4, 3, 1, 1, 0, 2, 1, 0, 2, 0, 1]}, 0.05606469002695418], "ACC": [{"max": 0.21, "min": 0.10135135135135136, "sm": 0.005173745173745173, "value": [4, 0, 5, 4, 3, 16, 5, 10, 6, 12, 4, 3, 6, 3, 7, 2, 6, 2, 2, 5, 0, 1]}, 0.15085547646660538], "LCC": [{"max": 1.0, "min": 0, "sm": 0.047619047619047616, "value": [41, 1, 0, 2, 6, 1, 4, 20, 5, 0, 6, 0, 1, 0, 6, 0, 0, 0, 0, 0, 0, 13]}, 0.30467205750224613]}, "rate-10": {"ANB": [{"max": 0.17735694250498588, "min": 0.0, "sm": 0.008445568690713614, "value": [87, 48, 20, 22, 8, 10, 4, 6, 1, 1, 1, 0, 1, 2, 1, 0, 0, 0, 0, 0, 0, 1]}, 0.019308734459875583], "ACC": [{"max": 0.29322268326417705, "min": 0.12477928193054738, "sm": 0.008021114349220461, "value": [1, 3, 11, 7, 9, 12, 14, 22, 12, 15, 19, 21, 16, 15, 14, 10, 4, 5, 2, 0, 0, 1]}, 0.20293135682614458], "LCC": [{"max": 1.0, "min": 0, "sm": 0.047619047619047616, "value": [74, 4, 14, 23, 12, 6, 11, 37, 6, 2, 6, 0, 2, 0, 4, 0, 0, 0, 1, 0, 0, 11]}, 0.22238825224128347]}, "rate-15": {"ANB": [{"max": 0.10479173797543113, "min": 0.0, "sm": 0.004990082760734816, "value": [123, 70, 42, 29, 14, 11, 7, 7, 1, 4, 1, 3, 2, 2, 0, 1, 0, 0, 0, 2, 0, 1]}, 0.012279553833717791], "ACC": [{"max": 0.2714893617021277, "min": 0.12120060790273557, "sm": 0.007156607323780577, "value": [2, 3, 1, 2, 6, 10, 7, 20, 20, 26, 21, 31, 23, 36, 33, 21, 26, 11, 8, 6, 6, 1]}, 0.20821808189765334], "LCC": [{"max": 1.0, "min": 0, "sm": 0.047619047619047616, "value": [104, 19, 38, 31, 21, 12, 12, 43, 5, 0, 4, 3, 1, 1, 12, 0, 0, 0, 0, 0, 0, 14]}, 0.20246907606282621]}, "rate-20": {"ANB": [{"max": 0.08451809844512519, "min": 0.0, "sm": 0.004024671354529771, "value": [203, 80, 42, 24, 23, 12, 9, 7, 7, 5, 4, 3, 0, 1, 2, 2, 0, 0, 1, 1, 0, 1]}, 0.009071232279566183], "ACC": [{"max": 0.27413127413127414, "min": 0.14223706176961604, "sm": 0.006280676779126576, "value": [3, 3, 5, 11, 14, 10, 26, 23, 33, 54, 50, 44, 45, 28, 31, 21, 14, 6, 3, 1, 1, 1]}, 0.20862129828252896], "LCC": [{"max": 1.0, "min": 0, "sm": 0.047619047619047616, "value": [112, 19, 44, 42, 38, 15, 19, 57, 12, 4, 19, 3, 4, 1, 18, 1, 1, 2, 0, 0, 0, 16]}, 0.23763600916935076]}, "rate-25": {"ANB": [{"max": 0.070460979512869, "min": 0.0, "sm": 0.003355284738708048, "value": [282, 98, 50, 30, 24, 8, 11, 4, 6, 4, 6, 2, 4, 2, 0, 1, 0, 0, 0, 1, 0, 1]}, 0.006467026072253172], "ACC": [{"max": 0.30198300283286117, "min": 0.12924345295829293, "sm": 0.008225692851169916, "value": [2, 4, 0, 5, 13, 2, 19, 22, 37, 37, 40, 75, 47, 49, 56, 43, 35, 22, 18, 7, 0, 1]}, 0.22964717642209992], "LCC": [{"max": 1.0, "min": 0, "sm": 0.047619047619047616, "value": [140, 30, 70, 50, 55, 26, 30, 58, 13, 8, 12, 3, 4, 0, 13, 1, 1, 0, 1, 0, 0, 19]}, 0.21215756764671218]}, "rate-30": {"ANB": [{"max": 0.06015303253205528, "min": 0.0, "sm": 0.002864430120574061, "value": [333, 124, 63, 47, 17, 14, 7, 6, 3, 7, 6, 0, 4, 2, 1, 4, 0, 0, 0, 2, 0, 1]}, 0.005482679401072753], "ACC": [{"max": 0.2982292637465051, "min": 0.12232415902140673, "sm": 0.008376433558338017, "value": [1, 6, 6, 4, 7, 11, 11, 28, 33, 40, 43, 64, 77, 80, 78, 53, 45, 22, 18, 9, 4, 1]}, 0.22672646324683668], "LCC": [{"max": 1.0, "min": 0, "sm": 0.047619047619047616, "value": [128, 51, 72, 85, 81, 34, 37, 74, 17, 9, 12, 4, 2, 2, 17, 0, 0, 1, 0, 0, 0, 15]}, 0.20988231594010748]}, "rate-35": {"ANB": [{"max": 0.04860615150187525, "min": 0.0, "sm": 0.0023145786429464403, "value": [383, 152, 80, 38, 23, 23, 10, 9, 7, 5, 4, 3, 4, 4, 1, 0, 0, 0, 0, 0, 0, 1]}, 0.004263612077063553], "ACC": [{"max": 0.3130507763323542, "min": 0.14448963780747628, "sm": 0.008026720882137042, "value": [1, 1, 2, 7, 6, 10, 24, 26, 46, 56, 79, 93, 81, 80, 76, 66, 41, 26, 14, 7, 4, 1]}, 0.2425897886891323], "LCC": [{"max": 1.0, "min": 0, "sm": 0.047619047619047616, "value": [136, 56, 117, 97, 91, 56, 38, 79, 14, 11, 17, 0, 4, 0, 17, 2, 0, 2, 0, 0, 0, 10]}, 0.20196500807618045]}, "rate-40": {"ANB": [{"max": 0.050463266257813714, "min": 0.0, "sm": 0.0024030126789435103, "value": [485, 176, 66, 45, 20, 11, 11, 17, 8, 4, 1, 4, 0, 0, 2, 1, 0, 0, 1, 1, 0, 1]}, 0.0038268129201347945], "ACC": [{"max": 0.3050786838340486, "min": 0.15092002830856335, "sm": 0.007340888358356441, "value": [3, 0, 8, 11, 10, 13, 26, 38, 61, 76, 80, 107, 110, 87, 66, 65, 44, 20, 17, 7, 4, 1]}, 0.23763710507153366], "LCC": [{"max": 1.0, "min": 0, "sm": 0.047619047619047616, "value": [157, 65, 121, 128, 102, 67, 53, 66, 23, 14, 18, 3, 3, 1, 17, 1, 2, 3, 0, 0, 0, 10]}, 0.1992538228805853]}}