{"rate-5": {"ANB": [{"max": 0.00018315018315018315, "min": 0.0, "sm": 8.721437292865864e-06, "value": [101, 0, 0, 0, 0, 0, 0, 0, 0, 0, 0, 0, 0, 0, 0, 0, 0, 0, 0, 0, 0, 5]}, 8.639159582555808e-06], "ACC": [{"max": 0.01904761904761905, "min": 0.0, "sm": 0.0009070294784580499, "value": [67, 0, 0, 0, 0, 0, 0, 0, 0, 0, 24, 0, 0, 0, 10, 0, 0, 0, 0, 0, 0, 5]}, 0.00425277029050614], "LCC": [{"max": 0, "min": 0, "sm": 0.0, "value": [106, 0, 0, 0, 0, 0, 0, 0, 0, 0, 0, 0, 0, 0, 0, 0, 0, 0, 0, 0, 0, 0]}, 0.0]}, "rate-10": {"ANB": [{"max": 0.010596441026558169, "min": 0.0, "sm": 0.0005045924298361032, "value": [184, 6, 5, 3, 0, 1, 1, 2, 2, 1, 0, 1, 1, 0, 0, 0, 1, 0, 2, 2, 0, 1]}, 0.0005419863063444302], "ACC": [{"max": 0.04620894479385046, "min": 0.0, "sm": 0.0022004259425643076, "value": [114, 0, 24, 3, 4, 1, 5, 2, 7, 1, 7, 6, 10, 8, 4, 3, 9, 1, 2, 1, 0, 1]}, 0.009616340349526135], "LCC": [{"max": 1.0, "min": 0, "sm": 0.047619047619047616, "value": [199, 1, 2, 2, 1, 0, 0, 2, 0, 0, 0, 0, 0, 0, 1, 0, 0, 0, 0, 0, 0, 5]}, 0.033489827856025035]}, "rate-15": {"ANB": [{"max": 0.018493326235681472, "min": 0.0, "sm": 0.0008806345826514987, "value": [279, 16, 3, 2, 4, 1, 3, 1, 1, 1, 0, 1, 0, 0, 2, 1, 0, 0, 0, 3, 1, 1]}, 0.0007430970406734881], "ACC": [{"max": 0.039252610450824295, "min": 0.0, "sm": 0.0018691719262297283, "value": [137, 32, 13, 19, 9, 13, 5, 5, 6, 4, 8, 5, 10, 11, 15, 8, 8, 1, 6, 1, 3, 1]}, 0.009022171053854578], "LCC": [{"max": 1.0, "min": 0, "sm": 0.047619047619047616, "value": [293, 1, 2, 3, 1, 0, 0, 7, 0, 0, 0, 0, 0, 0, 4, 0, 0, 0, 0, 0, 0, 9]}, 0.04679315476190475]}, "rate-20": {"ANB": [{"max": 0.030694388553543468, "min": 0.0, "sm": 0.0014616375501687365, "value": [323, 26, 27, 7, 8, 11, 4, 7, 7, 1, 4, 1, 0, 0, 0, 0, 0, 0, 0, 0, 0, 1]}, 0.001625801093930992], "ACC": [{"max": 0.07053539183820874, "min": 0.0, "sm": 0.003358828182771845, "value": [174, 24, 8, 0, 0, 0, 3, 14, 14, 14, 19, 18, 21, 20, 25, 12, 26, 13, 10, 8, 3, 1]}, 0.023939548100371487], "LCC": [{"max": 1.0, "min": 0, "sm": 0.047619047619047616, "value": [354, 2, 7, 13, 3, 1, 2, 20, 0, 0, 3, 0, 0, 0, 5, 0, 0, 0, 0, 0, 0, 17]}, 0.0773713016101775]}, "rate-25": {"ANB": [{"max": 0.09008998314131547, "min": 0.0, "sm": 0.0042899991972054985, "value": [389, 52, 29, 20, 14, 10, 5, 3, 2, 2, 2, 0, 1, 0, 0, 1, 2, 1, 0, 0, 0, 1]}, 0.0046761664580533486], "ACC": [{"max": 0.1379473015164228, "min": 0.0, "sm": 0.006568919119829657, "value": [186, 8, 0, 0, 0, 0, 0, 0, 7, 17, 21, 28, 52, 36, 60, 45, 36, 24, 8, 4, 1, 1]}, 0.05909044636780976], "LCC": [{"max": 1.0, "min": 0, "sm": 0.047619047619047616, "value": [409, 9, 15, 15, 5, 3, 9, 32, 2, 0, 0, 0, 2, 0, 5, 0, 0, 0, 0, 0, 0, 28]}, 0.0999429305609081]}, "rate-30": {"ANB": [{"max": 0.0703945368681527, "min": 0.0, "sm": 0.0033521208032453666, "value": [456, 68, 37, 22, 15, 5, 5, 5, 6, 3, 5, 3, 4, 1, 1, 1, 0, 1, 2, 0, 0, 1]}, 0.004308222798395499], "ACC": [{"max": 0.15146503411306042, "min": 0.0, "sm": 0.007212620672050496, "value": [192, 2, 0, 0, 0, 0, 0, 0, 1, 4, 12, 32, 48, 65, 75, 68, 63, 47, 15, 13, 3, 1]}, 0.07501545615072157], "LCC": [{"max": 1.0, "min": 0, "sm": 0.047619047619047616, "value": [473, 21, 23, 26, 8, 2, 5, 40, 6, 1, 8, 0, 0, 0, 8, 0, 0, 0, 0, 0, 0, 20]}, 0.0894670765185586]}, "rate-35": {"ANB": [{"max": 0.057374069262498224, "min": 0.0, "sm": 0.002732098536309439, "value": [484, 77, 49, 36, 22, 19, 19, 9, 12, 5, 5, 3, 0, 2, 1, 2, 0, 1, 0, 0, 0, 1]}, 0.004278618332841589], "ACC": [{"max": 0.15493133165104328, "min": 0.0, "sm": 0.0073776824595734895, "value": [185, 0, 0, 0, 0, 0, 0, 0, 1, 4, 17, 15, 22, 67, 72, 96, 98, 75, 60, 22, 12, 1]}, 0.0874502045991696], "LCC": [{"max": 1.0, "min": 0, "sm": 0.047619047619047616, "value": [516, 24, 32, 44, 21, 5, 8, 39, 3, 0, 7, 0, 0, 0, 9, 0, 0, 0, 0, 0, 0, 39]}, 0.11096189991772326]}, "rate-40": {"ANB": [{"max": 0.05093199512814186, "min": 0.0, "sm": 0.0024253331013400887, "value": [559, 103, 58, 38, 23, 16, 18, 9, 8, 1, 5, 3, 3, 1, 0, 2, 1, 1, 2, 2, 0, 1]}, 0.00368917971019346], "ACC": [{"max": 0.20589931447769394, "min": 0.0, "sm": 0.009804729260842568, "value": [146, 0, 0, 0, 0, 0, 0, 0, 1, 3, 16, 31, 36, 92, 101, 126, 127, 87, 47, 32, 8, 1]}, 0.1260843959931556], "LCC": [{"max": 1.0, "min": 0, "sm": 0.047619047619047616, "value": [501, 32, 49, 65, 29, 14, 17, 65, 10, 1, 13, 1, 3, 1, 17, 0, 2, 1, 0, 0, 0, 33]}, 0.1351706268244541]}}