{"rate-5": {"ANB": [{"max": 0.43113553113553116, "min": 0.0, "sm": 0.020530263387406246, "value": [30, 8, 5, 8, 5, 3, 2, 0, 5, 11, 6, 5, 0, 5, 8, 2, 0, 0, 1, 1, 0, 1]}, 0.12654122606952797], "ACC": [{"max": 0.08951406649616368, "min": 0.04911131898971001, "sm": 0.001923940357450175, "value": [1, 3, 4, 2, 1, 4, 4, 4, 4, 7, 12, 6, 7, 6, 8, 7, 6, 7, 7, 2, 3, 1]}, 0.07206541717634632], "LCC": [{"max": 1.0, "min": 0, "sm": 0.047619047619047616, "value": [100, 0, 0, 2, 0, 0, 0, 0, 0, 0, 0, 0, 0, 0, 0, 0, 0, 0, 0, 0, 0, 4]}, 0.04088050314465409]}, "rate-10": {"ANB": [{"max": 0.35354513440894564, "min": 0.0, "sm": 0.016835482590902173, "value": [62, 48, 27, 19, 17, 11, 9, 5, 1, 2, 2, 3, 1, 1, 1, 2, 0, 0, 0, 1, 0, 1]}, 0.051229460881057315], "ACC": [{"max": 0.12233121754183497, "min": 0.05386178861788618, "sm": 0.003260448996378514, "value": [7, 2, 8, 10, 12, 9, 8, 12, 9, 23, 7, 23, 11, 12, 18, 10, 13, 7, 6, 2, 3, 1]}, 0.08789692096881051], "LCC": [{"max": 1.0, "min": 0, "sm": 0.047619047619047616, "value": [200, 1, 1, 1, 0, 0, 0, 5, 0, 0, 0, 0, 0, 0, 1, 0, 0, 0, 0, 0, 0, 4]}, 0.031209479096803043]}, "rate-15": {"ANB": [{"max": 0.3739108718939555, "min": 0.0, "sm": 0.01780527961399788, "value": [103, 96, 36, 22, 16, 20, 12, 2, 1, 3, 0, 2, 3, 1, 0, 2, 0, 0, 0, 0, 0, 1]}, 0.043100121251552596], "ACC": [{"max": 0.1021453730387448, "min": 0.044534412955465584, "sm": 0.0027433790515847246, "value": [8, 3, 6, 21, 21, 33, 22, 18, 17, 25, 24, 30, 18, 24, 10, 11, 11, 10, 1, 4, 2, 1]}, 0.07024663067864345], "LCC": [{"max": 1.0, "min": 0, "sm": 0.047619047619047616, "value": [309, 1, 1, 1, 0, 0, 0, 3, 0, 0, 1, 0, 0, 0, 1, 0, 0, 0, 0, 0, 0, 3]}, 0.0171875]}, "rate-20": {"ANB": [{"max": 0.3314612989115888, "min": 0.0, "sm": 0.015783871376742326, "value": [252, 79, 32, 26, 7, 10, 4, 7, 2, 0, 2, 1, 2, 1, 0, 0, 0, 0, 1, 0, 1, 0]}, 0.024062523647186893], "ACC": [{"max": 0.13213399503722084, "min": 0.042965204236006055, "sm": 0.004246132895295942, "value": [3, 1, 2, 4, 7, 7, 14, 17, 23, 51, 57, 61, 54, 44, 28, 19, 14, 9, 6, 4, 1, 1]}, 0.09155532645458474], "LCC": [{"max": 1.0, "min": 0, "sm": 0.047619047619047616, "value": [374, 6, 8, 13, 3, 0, 0, 6, 0, 0, 0, 0, 0, 0, 1, 0, 0, 0, 0, 0, 0, 16]}, 0.05313928850228616]}, "rate-25": {"ANB": [{"max": 0.3243729443795745, "min": 0.0, "sm": 0.015446330684741641, "value": [375, 74, 40, 13, 10, 6, 1, 7, 3, 2, 1, 0, 0, 0, 0, 1, 0, 0, 0, 0, 0, 1]}, 0.01729418144513845], "ACC": [{"max": 0.15489683231618714, "min": 0.06481819287364708, "sm": 0.0042894590210733365, "value": [7, 12, 21, 30, 37, 49, 46, 63, 50, 46, 44, 34, 24, 24, 18, 7, 10, 7, 2, 2, 0, 1]}, 0.10075612492549779], "LCC": [{"max": 1.0, "min": 0, "sm": 0.047619047619047616, "value": [473, 8, 4, 13, 2, 2, 4, 8, 0, 0, 0, 0, 0, 0, 1, 0, 0, 0, 0, 0, 0, 19]}, 0.051529338327091126]}, "rate-30": {"ANB": [{"max": 0.1307647776926357, "min": 0.0, "sm": 0.006226894175839795, "value": [327, 114, 50, 39, 20, 22, 13, 8, 7, 5, 6, 8, 6, 4, 3, 1, 1, 1, 3, 0, 2, 1]}, 0.01446558097065667], "ACC": [{"max": 0.14991801358631998, "min": 0.0431179680657549, "sm": 0.005085716453360241, "value": [3, 9, 19, 21, 18, 18, 18, 26, 32, 28, 38, 46, 46, 68, 63, 60, 52, 42, 20, 9, 4, 1]}, 0.1040790960973345], "LCC": [{"max": 1.0, "min": 0, "sm": 0.047619047619047616, "value": [573, 13, 7, 13, 4, 1, 0, 9, 0, 1, 2, 1, 1, 2, 3, 1, 0, 0, 1, 0, 0, 9]}, 0.0382434777910597]}, "rate-35": {"ANB": [{"max": 0.12670483306186875, "min": 0.0, "sm": 0.006033563479136607, "value": [450, 107, 85, 36, 24, 15, 6, 5, 3, 3, 2, 1, 2, 1, 1, 1, 1, 1, 2, 0, 0, 1]}, 0.009289874349464973], "ACC": [{"max": 0.18266405484818804, "min": 0.06311336717428088, "sm": 0.005692889889233674, "value": [4, 4, 4, 3, 11, 16, 22, 27, 52, 63, 89, 87, 107, 91, 57, 51, 33, 12, 6, 3, 4, 1]}, 0.1294234334386973], "LCC": [{"max": 1.0, "min": 0, "sm": 0.047619047619047616, "value": [623, 14, 21, 29, 7, 1, 2, 17, 0, 0, 2, 0, 0, 0, 4, 0, 0, 0, 0, 0, 0, 27]}, 0.06240314794531665]}, "rate-40": {"ANB": [{"max": 0.11048718074193135, "min": 0.0, "sm": 0.0052612943210443505, "value": [537, 135, 67, 41, 19, 17, 10, 4, 9, 3, 3, 2, 0, 1, 0, 1, 2, 1, 0, 0, 1, 1]}, 0.007532849161929077], "ACC": [{"max": 0.19412835685025034, "min": 0.0713270340329459, "sm": 0.005847682038919259, "value": [5, 6, 1, 9, 10, 20, 40, 44, 72, 79, 83, 101, 82, 100, 67, 58, 37, 25, 7, 4, 3, 1]}, 0.1381719643827865], "LCC": [{"max": 1.0, "min": 0, "sm": 0.047619047619047616, "value": [724, 24, 23, 29, 7, 0, 0, 26, 0, 0, 1, 0, 0, 0, 1, 0, 0, 0, 0, 0, 0, 19]}, 0.046252920901632834]}}