{"rate-5": {"ANB": [{"max": 0.001282051282051282, "min": 0.0, "sm": 6.105006105006105e-05, "value": [101, 0, 0, 2, 0, 0, 0, 0, 0, 0, 0, 0, 1, 0, 0, 0, 0, 0, 1, 0, 0, 1]}, 3.282880641371207e-05], "ACC": [{"max": 0.02976190476190476, "min": 0.0, "sm": 0.001417233560090703, "value": [82, 0, 0, 0, 0, 0, 12, 0, 4, 0, 0, 1, 0, 2, 2, 0, 1, 0, 0, 0, 0, 2]}, 0.003237710178410988], "LCC": [{"max": 0, "min": 0, "sm": 0.0, "value": [106, 0, 0, 0, 0, 0, 0, 0, 0, 0, 0, 0, 0, 0, 0, 0, 0, 0, 0, 0, 0, 0]}, 0.0]}, "rate-10": {"ANB": [{"max": 0.004873468657784137, "min": 0.0, "sm": 0.0002320699360849589, "value": [194, 0, 3, 2, 0, 2, 2, 0, 1, 2, 2, 0, 1, 2, 1, 0, 0, 0, 0, 0, 0, 1]}, 0.0001805221624539931], "ACC": [{"max": 0.03537735849056604, "min": 0.0, "sm": 0.0016846361185983826, "value": [117, 0, 42, 0, 2, 4, 6, 3, 5, 3, 3, 6, 5, 1, 8, 1, 1, 3, 1, 0, 1, 1]}, 0.00560942407786456], "LCC": [{"max": 1.0, "min": 0, "sm": 0.047619047619047616, "value": [203, 0, 1, 1, 0, 0, 0, 4, 0, 0, 0, 0, 0, 0, 0, 0, 0, 0, 0, 0, 0, 4]}, 0.026268723451822046]}, "rate-15": {"ANB": [{"max": 0.05346897734666116, "min": 0.0, "sm": 0.002546141778412436, "value": [277, 10, 9, 1, 5, 3, 0, 5, 0, 3, 0, 1, 2, 0, 1, 0, 0, 1, 1, 0, 0, 1]}, 0.002128371384633585], "ACC": [{"max": 0.05493502145661503, "min": 0.0, "sm": 0.0026159534026959537, "value": [111, 42, 32, 14, 1, 1, 5, 9, 4, 6, 15, 10, 11, 11, 9, 12, 9, 9, 4, 1, 2, 2]}, 0.014267257701975813], "LCC": [{"max": 1.0, "min": 0, "sm": 0.047619047619047616, "value": [287, 0, 1, 2, 3, 0, 2, 10, 0, 0, 2, 0, 0, 0, 1, 0, 0, 0, 0, 0, 0, 12]}, 0.0582514880952381]}, "rate-20": {"ANB": [{"max": 0.10709490932523243, "min": 0.0, "sm": 0.00509975758691583, "value": [366, 16, 5, 7, 5, 5, 3, 7, 0, 2, 3, 0, 3, 3, 0, 1, 0, 0, 0, 0, 0, 1]}, 0.004442573150248322], "ACC": [{"max": 0.0745771223777022, "min": 0.0, "sm": 0.003551291541795343, "value": [181, 39, 8, 0, 0, 0, 0, 0, 6, 11, 17, 25, 24, 19, 19, 22, 19, 13, 9, 9, 5, 1]}, 0.024368361538276123], "LCC": [{"max": 1.0, "min": 0, "sm": 0.047619047619047616, "value": [371, 2, 5, 2, 1, 2, 1, 13, 0, 0, 4, 0, 1, 0, 6, 0, 0, 0, 0, 0, 0, 19]}, 0.07480019330136427]}, "rate-25": {"ANB": [{"max": 0.08584891078765862, "min": 0.0, "sm": 0.004088043370840887, "value": [376, 54, 34, 17, 19, 6, 5, 3, 4, 1, 4, 2, 1, 3, 3, 0, 0, 0, 0, 1, 1, 0]}, 0.005149885380229671], "ACC": [{"max": 0.13739083381013842, "min": 0.0, "sm": 0.006542420657625639, "value": [175, 6, 0, 0, 0, 0, 0, 0, 1, 10, 29, 35, 37, 55, 43, 51, 44, 17, 18, 11, 1, 1]}, 0.06222766816976084], "LCC": [{"max": 1.0, "min": 0, "sm": 0.047619047619047616, "value": [404, 11, 14, 12, 7, 1, 4, 32, 1, 1, 4, 0, 1, 0, 6, 0, 0, 0, 0, 0, 0, 36]}, 0.11440312704357651]}, "rate-30": {"ANB": [{"max": 0.08942174170320451, "min": 0.0, "sm": 0.004258178176343072, "value": [461, 74, 30, 20, 13, 7, 11, 6, 2, 2, 3, 6, 3, 0, 0, 0, 0, 1, 0, 0, 1, 1]}, 0.005091702494390856], "ACC": [{"max": 0.15203822000866177, "min": 0.0, "sm": 0.007239915238507704, "value": [166, 0, 0, 0, 0, 0, 0, 0, 4, 4, 10, 23, 43, 61, 82, 64, 80, 49, 33, 15, 6, 1]}, 0.08155016860151922], "LCC": [{"max": 1.0, "min": 0, "sm": 0.047619047619047616, "value": [463, 27, 28, 18, 17, 5, 8, 35, 0, 1, 4, 0, 0, 0, 11, 0, 0, 0, 0, 0, 0, 24]}, 0.09411282306840242]}, "rate-35": {"ANB": [{"max": 0.06858558299176423, "min": 0.0, "sm": 0.0032659801424649634, "value": [508, 101, 43, 22, 21, 11, 10, 9, 2, 6, 2, 1, 2, 2, 2, 2, 1, 1, 0, 0, 0, 1]}, 0.004309565423409221], "ACC": [{"max": 0.1834205911612457, "min": 0.0, "sm": 0.008734313864821224, "value": [156, 0, 0, 0, 0, 0, 0, 0, 4, 4, 25, 25, 46, 65, 92, 108, 92, 74, 32, 18, 5, 1]}, 0.10480299096432603], "LCC": [{"max": 1.0, "min": 0, "sm": 0.047619047619047616, "value": [478, 30, 38, 43, 29, 8, 16, 55, 2, 1, 10, 0, 0, 0, 8, 0, 0, 0, 0, 0, 0, 29]}, 0.11394067896921414]}, "rate-40": {"ANB": [{"max": 0.11219691515967771, "min": 0.0, "sm": 0.005342710245698938, "value": [672, 101, 32, 17, 9, 13, 6, 1, 1, 0, 0, 0, 0, 1, 0, 0, 0, 0, 0, 0, 0, 1]}, 0.0038902754575744275], "ACC": [{"max": 0.19520556535355232, "min": 0.0, "sm": 0.00929550311207392, "value": [164, 0, 0, 0, 0, 0, 0, 0, 3, 8, 23, 42, 63, 102, 149, 137, 93, 43, 19, 5, 2, 1]}, 0.10967896747056566], "LCC": [{"max": 1.0, "min": 0, "sm": 0.047619047619047616, "value": [537, 34, 43, 56, 33, 15, 10, 54, 2, 0, 7, 1, 3, 1, 16, 0, 1, 2, 3, 0, 0, 36]}, 0.1253905040821101]}}