{"rate-5": {"ANB": [{"max": 0.00018315018315018315, "min": 0.0, "sm": 8.721437292865864e-06, "value": [104, 0, 0, 0, 0, 0, 0, 0, 0, 0, 0, 0, 0, 0, 0, 0, 0, 0, 0, 0, 0, 2]}, 3.4556638330223238e-06], "ACC": [{"max": 0.01904761904761905, "min": 0.0, "sm": 0.0009070294784580499, "value": [82, 0, 0, 0, 0, 0, 0, 0, 0, 0, 18, 0, 0, 0, 4, 0, 0, 0, 0, 0, 0, 2]}, 0.0024558250973345315], "LCC": [{"max": 0, "min": 0, "sm": 0.0, "value": [106, 0, 0, 0, 0, 0, 0, 0, 0, 0, 0, 0, 0, 0, 0, 0, 0, 0, 0, 0, 0, 0]}, 0.0]}, "rate-10": {"ANB": [{"max": 0.0026826432978628275, "min": 0.0, "sm": 0.00012774491894584892, "value": [181, 4, 5, 1, 5, 3, 0, 0, 3, 1, 0, 3, 0, 0, 2, 1, 1, 2, 0, 0, 0, 1]}, 0.00014903573877015705], "ACC": [{"max": 0.030660377358490566, "min": 0.0, "sm": 0.0014600179694519318, "value": [111, 0, 0, 34, 6, 3, 7, 5, 9, 5, 2, 11, 6, 2, 5, 2, 2, 1, 0, 0, 0, 2]}, 0.005515427247311885], "LCC": [{"max": 1.0, "min": 0, "sm": 0.047619047619047616, "value": [202, 0, 0, 2, 0, 0, 0, 3, 0, 0, 0, 0, 0, 0, 3, 0, 0, 0, 0, 0, 0, 3]}, 0.0297339593114241]}, "rate-15": {"ANB": [{"max": 0.036069872439423514, "min": 0.0, "sm": 0.0017176129733058817, "value": [288, 8, 4, 5, 1, 0, 1, 2, 3, 2, 0, 3, 1, 1, 0, 0, 0, 0, 0, 0, 0, 1]}, 0.0011125815737071424], "ACC": [{"max": 0.053542721646169925, "min": 0.0, "sm": 0.0025496534117223774, "value": [122, 48, 26, 14, 3, 1, 3, 9, 12, 11, 6, 9, 6, 12, 9, 11, 3, 9, 3, 2, 0, 1]}, 0.012063494835415014], "LCC": [{"max": 1.0, "min": 0, "sm": 0.047619047619047616, "value": [284, 2, 2, 1, 2, 2, 3, 8, 1, 0, 1, 0, 0, 0, 2, 0, 0, 0, 0, 0, 0, 12]}, 0.06030618686868686]}, "rate-20": {"ANB": [{"max": 0.0993099775121317, "min": 0.0, "sm": 0.004729046548196748, "value": [329, 36, 8, 15, 14, 5, 3, 1, 2, 1, 2, 2, 3, 1, 2, 1, 0, 1, 0, 0, 0, 1]}, 0.005168911249561007], "ACC": [{"max": 0.09223495501854773, "min": 0.0, "sm": 0.004392140715168939, "value": [165, 19, 7, 8, 3, 0, 0, 0, 7, 9, 21, 25, 26, 21, 33, 24, 21, 16, 11, 7, 3, 1]}, 0.033678678512885696], "LCC": [{"max": 1.0, "min": 0, "sm": 0.047619047619047616, "value": [360, 2, 11, 10, 6, 0, 2, 21, 0, 0, 0, 0, 0, 0, 5, 0, 0, 0, 0, 0, 0, 10]}, 0.05859819337571091]}, "rate-25": {"ANB": [{"max": 0.07113853640808998, "min": 0.0, "sm": 0.0033875493527661896, "value": [370, 37, 29, 16, 13, 14, 15, 11, 6, 2, 3, 2, 3, 1, 2, 3, 2, 2, 1, 0, 1, 1]}, 0.005739573970235578], "ACC": [{"max": 0.12001367677228174, "min": 0.0, "sm": 0.005714936989156273, "value": [178, 4, 0, 0, 0, 0, 0, 0, 7, 4, 14, 27, 35, 40, 51, 53, 51, 30, 22, 12, 5, 1]}, 0.05620394264755625], "LCC": [{"max": 1.0, "min": 0, "sm": 0.047619047619047616, "value": [426, 6, 16, 14, 3, 2, 1, 35, 0, 0, 2, 0, 2, 0, 4, 0, 0, 0, 0, 0, 0, 23]}, 0.08511127865060453]}, "rate-30": {"ANB": [{"max": 0.09833266665932115, "min": 0.0, "sm": 0.00468250793615815, "value": [473, 61, 31, 27, 22, 7, 4, 2, 1, 4, 2, 4, 1, 0, 0, 1, 0, 0, 0, 0, 0, 1]}, 0.004969761583890583], "ACC": [{"max": 0.15626731493794327, "min": 0.0, "sm": 0.007441300711330632, "value": [165, 0, 0, 0, 0, 0, 4, 5, 13, 4, 11, 18, 22, 43, 52, 77, 83, 62, 46, 25, 10, 1]}, 0.0855592145752235], "LCC": [{"max": 1.0, "min": 0, "sm": 0.047619047619047616, "value": [471, 21, 33, 28, 8, 6, 6, 25, 4, 1, 7, 0, 0, 0, 7, 0, 0, 0, 0, 0, 0, 24]}, 0.08930071488573829]}, "rate-35": {"ANB": [{"max": 0.0831638566920284, "min": 0.0, "sm": 0.003960183652001352, "value": [533, 90, 46, 20, 12, 15, 9, 9, 4, 2, 2, 0, 1, 1, 0, 1, 0, 0, 0, 1, 0, 1]}, 0.004348475705245244], "ACC": [{"max": 0.16489208911560746, "min": 0.0, "sm": 0.007852004243600354, "value": [177, 0, 0, 0, 0, 0, 0, 2, 9, 7, 11, 24, 48, 44, 92, 105, 95, 71, 39, 18, 4, 1]}, 0.09134649223950381], "LCC": [{"max": 1.0, "min": 0, "sm": 0.047619047619047616, "value": [523, 20, 36, 38, 19, 5, 6, 44, 5, 0, 9, 0, 0, 0, 6, 0, 0, 0, 0, 0, 0, 36]}, 0.10673748930895174]}, "rate-40": {"ANB": [{"max": 0.0784369097940066, "min": 0.0, "sm": 0.003735090942571743, "value": [633, 97, 46, 25, 15, 9, 7, 7, 2, 3, 2, 2, 1, 2, 2, 0, 0, 0, 0, 0, 0, 1]}, 0.003740139219032213], "ACC": [{"max": 0.18912854108715416, "min": 0.0, "sm": 0.009006121004150198, "value": [176, 0, 0, 0, 0, 0, 0, 0, 0, 5, 12, 40, 76, 111, 125, 114, 85, 57, 24, 19, 9, 1]}, 0.10640986086105449], "LCC": [{"max": 1.0, "min": 0, "sm": 0.047619047619047616, "value": [510, 37, 47, 50, 30, 9, 15, 67, 8, 3, 9, 1, 2, 0, 12, 0, 0, 0, 1, 0, 0, 53]}, 0.14554236319304728]}}