{"rate-5": {"ANB": [{"max": 0.5644688644688645, "min": 0.0, "sm": 0.026879469736612593, "value": [21, 1, 2, 1, 9, 5, 6, 12, 11, 9, 6, 8, 3, 3, 1, 4, 3, 0, 0, 0, 0, 1]}, 0.19405453037528522], "ACC": [{"max": 0.0670926517571885, "min": 0.027110766847405113, "sm": 0.0019038992814182562, "value": [3, 2, 2, 2, 2, 2, 2, 6, 12, 10, 6, 7, 7, 7, 9, 4, 5, 4, 7, 3, 3, 1]}, 0.04926572707839814], "LCC": [{"max": 1.0, "min": 0, "sm": 0.047619047619047616, "value": [103, 0, 1, 0, 0, 0, 0, 0, 0, 0, 0, 0, 0, 0, 0, 0, 0, 0, 0, 0, 0, 2]}, 0.019811320754716984]}, "rate-10": {"ANB": [{"max": 0.52873962604804, "min": 0.0, "sm": 0.02517807743085905, "value": [99, 37, 25, 10, 17, 9, 8, 1, 0, 4, 0, 1, 1, 0, 0, 0, 0, 0, 0, 0, 0, 1]}, 0.053532587818784276], "ACC": [{"max": 0.12966360856269113, "min": 0.044194288096727125, "sm": 0.0040699676412363816, "value": [5, 3, 8, 4, 4, 11, 18, 19, 17, 16, 21, 15, 10, 17, 10, 12, 4, 11, 4, 2, 2, 0]}, 0.08562866166014102], "LCC": [{"max": 1.0, "min": 0, "sm": 0.047619047619047616, "value": [205, 1, 1, 1, 0, 0, 0, 0, 0, 0, 0, 0, 0, 0, 0, 0, 0, 0, 0, 0, 0, 5]}, 0.025169535732916012]}, "rate-15": {"ANB": [{"max": 0.3025460500278626, "min": 0.0, "sm": 0.014406954763231552, "value": [123, 62, 41, 27, 18, 15, 6, 7, 6, 5, 2, 2, 2, 1, 0, 0, 2, 0, 0, 0, 0, 1]}, 0.036851538317462205], "ACC": [{"max": 0.12203519510328997, "min": 0.049992164237580315, "sm": 0.0034306205174147453, "value": [14, 16, 10, 10, 13, 16, 24, 24, 26, 21, 29, 14, 24, 14, 21, 13, 10, 13, 3, 2, 2, 1]}, 0.08217921783638713], "LCC": [{"max": 1.0, "min": 0, "sm": 0.047619047619047616, "value": [298, 3, 2, 4, 0, 0, 0, 6, 0, 0, 0, 0, 0, 0, 0, 0, 0, 0, 0, 0, 0, 7]}, 0.03142361111111111]}, "rate-20": {"ANB": [{"max": 0.1966859117769919, "min": 0.0, "sm": 0.009365995798904377, "value": [196, 86, 44, 34, 19, 12, 9, 7, 4, 1, 2, 3, 2, 2, 0, 1, 0, 3, 0, 0, 1, 1]}, 0.020806756320630313], "ACC": [{"max": 0.1474558670820353, "min": 0.06308307418924922, "sm": 0.004017752042513624, "value": [6, 10, 8, 15, 20, 16, 12, 26, 33, 32, 48, 50, 34, 38, 16, 25, 24, 3, 3, 6, 1, 1]}, 0.10461065903523861], "LCC": [{"max": 1.0, "min": 0, "sm": 0.047619047619047616, "value": [395, 1, 6, 7, 1, 0, 0, 7, 0, 0, 0, 0, 0, 0, 0, 0, 0, 0, 0, 0, 0, 10]}, 0.03369763205828779]}, "rate-25": {"ANB": [{"max": 0.1958446984526645, "min": 0.0, "sm": 0.009325938021555452, "value": [299, 88, 54, 30, 21, 11, 8, 6, 6, 3, 1, 1, 1, 1, 0, 0, 1, 0, 1, 0, 1, 1]}, 0.01638108541586062], "ACC": [{"max": 0.15905699791107134, "min": 0.04875148632580262, "sm": 0.00525264340882232, "value": [7, 5, 3, 6, 18, 15, 15, 19, 40, 50, 72, 62, 61, 47, 38, 37, 20, 9, 5, 3, 1, 1]}, 0.10710414177051408], "LCC": [{"max": 1.0, "min": 0, "sm": 0.047619047619047616, "value": [484, 5, 10, 11, 1, 0, 0, 9, 0, 0, 0, 0, 0, 0, 0, 0, 0, 0, 0, 0, 0, 14]}, 0.03811924654621283]}, "rate-30": {"ANB": [{"max": 0.23433704292567933, "min": 0.0, "sm": 0.01115890680598473, "value": [411, 113, 56, 26, 9, 14, 3, 2, 2, 3, 1, 0, 0, 0, 0, 0, 0, 0, 0, 0, 0, 1]}, 0.013197778497994382], "ACC": [{"max": 0.15857284440039643, "min": 0.05044931420463503, "sm": 0.005148739533131495, "value": [6, 4, 3, 6, 9, 11, 18, 38, 65, 39, 73, 66, 77, 73, 53, 45, 32, 14, 5, 3, 0, 1]}, 0.1094786867391195], "LCC": [{"max": 1.0, "min": 0, "sm": 0.047619047619047616, "value": [576, 8, 9, 14, 0, 0, 1, 19, 0, 0, 0, 0, 0, 0, 0, 0, 0, 0, 0, 0, 0, 14]}, 0.038201718544932275]}, "rate-35": {"ANB": [{"max": 0.13550392852359416, "min": 0.0, "sm": 0.006452568024933055, "value": [477, 100, 65, 39, 19, 15, 6, 6, 7, 3, 2, 3, 0, 1, 1, 0, 1, 1, 0, 0, 0, 1]}, 0.009349735580379248], "ACC": [{"max": 0.18221787982413287, "min": 0.07162058371735791, "sm": 0.0052665379098464265, "value": [4, 6, 7, 15, 14, 27, 30, 53, 66, 76, 86, 79, 70, 71, 53, 40, 21, 17, 4, 5, 2, 1]}, 0.12862120347501302], "LCC": [{"max": 1.0, "min": 0, "sm": 0.047619047619047616, "value": [687, 12, 6, 12, 1, 1, 0, 13, 0, 0, 1, 0, 0, 0, 0, 0, 0, 0, 0, 0, 0, 14]}, 0.030446981250194096]}, "rate-40": {"ANB": [{"max": 0.15340067060816268, "min": 0.0, "sm": 0.007304793838483937, "value": [619, 122, 44, 24, 12, 7, 5, 1, 8, 0, 2, 1, 1, 3, 2, 1, 1, 0, 0, 0, 0, 1]}, 0.007993540651850935], "ACC": [{"max": 0.18234288157332193, "min": 0.08133104500381388, "sm": 0.004810087455690859, "value": [5, 8, 10, 16, 22, 32, 60, 71, 94, 90, 97, 92, 75, 61, 42, 27, 27, 10, 5, 2, 7, 1]}, 0.13043065928988135], "LCC": [{"max": 1.0, "min": 0, "sm": 0.047619047619047616, "value": [719, 29, 18, 30, 8, 0, 0, 26, 0, 0, 1, 0, 0, 0, 0, 0, 0, 0, 0, 0, 0, 23]}, 0.04975795087036306]}}