{"rate-5": {"ANB": [{"max": 0.5498778998778999, "min": 0.0, "sm": 0.026184661898947616, "value": [38, 11, 10, 7, 10, 6, 8, 5, 5, 1, 1, 1, 0, 0, 1, 0, 0, 1, 0, 0, 0, 1]}, 0.0902463888312945], "ACC": [{"max": 0.15261627906976744, "min": 0.061619718309859156, "sm": 0.004333169559995633, "value": [3, 4, 5, 11, 5, 8, 4, 5, 8, 9, 3, 10, 4, 9, 3, 3, 3, 5, 1, 1, 2, 0]}, 0.10110363518648054], "LCC": [{"max": 1.0, "min": 0, "sm": 0.047619047619047616, "value": [94, 0, 2, 3, 0, 0, 0, 1, 0, 0, 0, 0, 0, 0, 0, 0, 0, 0, 0, 0, 0, 6]}, 0.06635220125786165]}, "rate-10": {"ANB": [{"max": 0.542738233628424, "min": 0.0, "sm": 0.025844677791829713, "value": [121, 31, 18, 8, 10, 3, 4, 0, 4, 0, 1, 0, 0, 1, 0, 10, 1, 0, 0, 0, 0, 1]}, 0.05919216752120817], "ACC": [{"max": 0.11648351648351649, "min": 0.042121994834094977, "sm": 0.003541024840448643, "value": [3, 4, 8, 12, 16, 9, 12, 7, 21, 9, 16, 14, 14, 10, 14, 16, 7, 8, 7, 3, 2, 1]}, 0.07828797960834057], "LCC": [{"max": 1.0, "min": 0, "sm": 0.047619047619047616, "value": [179, 2, 4, 6, 2, 0, 0, 9, 0, 0, 0, 0, 0, 0, 1, 0, 0, 0, 0, 0, 0, 10]}, 0.0734294656829868]}, "rate-15": {"ANB": [{"max": 0.2583562776230973, "min": 0.0, "sm": 0.012302679886814157, "value": [115, 84, 46, 24, 11, 8, 5, 7, 4, 5, 3, 2, 2, 0, 0, 1, 0, 1, 1, 0, 0, 1]}, 0.02963781027582262], "ACC": [{"max": 0.1462631820265933, "min": 0.060120618168111574, "sm": 0.004102026850403892, "value": [6, 7, 7, 15, 14, 24, 23, 29, 28, 27, 26, 21, 18, 21, 15, 12, 10, 7, 6, 2, 1, 1]}, 0.09923734038355378], "LCC": [{"max": 1.0, "min": 0, "sm": 0.047619047619047616, "value": [293, 3, 2, 6, 0, 0, 0, 4, 0, 0, 0, 0, 0, 0, 0, 0, 0, 0, 0, 0, 0, 12]}, 0.04598214285714286]}, "rate-20": {"ANB": [{"max": 0.21072992066695476, "min": 0.0, "sm": 0.010034758126997846, "value": [179, 100, 55, 40, 11, 7, 11, 3, 3, 4, 2, 1, 2, 3, 0, 0, 0, 2, 2, 1, 0, 1]}, 0.022228284525539606], "ACC": [{"max": 0.1346822636737275, "min": 0.05809354970680485, "sm": 0.0036470816174725062, "value": [6, 8, 6, 11, 13, 9, 21, 18, 43, 30, 31, 43, 44, 39, 24, 30, 22, 10, 5, 10, 3, 1]}, 0.09847493941528802], "LCC": [{"max": 1.0, "min": 0, "sm": 0.047619047619047616, "value": [394, 2, 2, 8, 0, 0, 0, 10, 0, 0, 0, 0, 0, 0, 0, 0, 0, 0, 0, 0, 0, 11]}, 0.03742611798817888]}, "rate-25": {"ANB": [{"max": 0.16489483065096017, "min": 0.0, "sm": 0.007852134792902865, "value": [250, 104, 62, 33, 23, 15, 9, 6, 7, 9, 4, 5, 2, 2, 0, 0, 1, 0, 0, 1, 0, 1]}, 0.017175636141178258], "ACC": [{"max": 0.1446796959826276, "min": 0.046976908161466595, "sm": 0.004652513705769571, "value": [3, 5, 7, 5, 6, 9, 21, 23, 31, 49, 48, 60, 51, 46, 47, 36, 37, 25, 14, 9, 1, 1]}, 0.10242220936405921], "LCC": [{"max": 1.0, "min": 0, "sm": 0.047619047619047616, "value": [478, 4, 7, 14, 4, 0, 0, 14, 0, 0, 1, 0, 0, 0, 1, 0, 0, 0, 0, 0, 0, 11]}, 0.03922775102550383]}, "rate-30": {"ANB": [{"max": 0.11699055941172751, "min": 0.0, "sm": 0.005570979019606072, "value": [291, 142, 67, 34, 27, 17, 11, 14, 13, 6, 4, 3, 5, 0, 2, 1, 2, 0, 0, 1, 0, 1]}, 0.012206626175845158], "ACC": [{"max": 0.15429122468659595, "min": 0.06072106261859583, "sm": 0.004455722003238101, "value": [2, 1, 4, 5, 4, 10, 16, 30, 31, 58, 50, 81, 62, 55, 67, 63, 31, 41, 16, 11, 3, 0]}, 0.11605255920869524], "LCC": [{"max": 1.0, "min": 0, "sm": 0.047619047619047616, "value": [580, 9, 10, 16, 2, 0, 0, 4, 0, 0, 0, 0, 0, 0, 0, 0, 0, 0, 0, 0, 0, 20]}, 0.040843919471064555]}, "rate-35": {"ANB": [{"max": 0.13109405309972832, "min": 0.0, "sm": 0.00624257395712992, "value": [398, 153, 80, 42, 24, 11, 8, 12, 2, 7, 0, 2, 3, 0, 2, 0, 1, 1, 0, 0, 0, 1]}, 0.010404880101822866], "ACC": [{"max": 0.163560622670467, "min": 0.06022442883668362, "sm": 0.004920771134942066, "value": [3, 1, 1, 9, 3, 25, 21, 48, 57, 89, 68, 84, 82, 82, 63, 47, 35, 16, 5, 5, 2, 1]}, 0.11671521704162602], "LCC": [{"max": 1.0, "min": 0, "sm": 0.047619047619047616, "value": [647, 13, 17, 18, 4, 0, 0, 19, 0, 0, 0, 0, 0, 0, 2, 0, 0, 0, 0, 0, 0, 27]}, 0.05523778616148092]}, "rate-40": {"ANB": [{"max": 0.1648020955695751, "min": 0.0, "sm": 0.007847718836646433, "value": [564, 154, 58, 31, 20, 12, 4, 3, 4, 1, 1, 1, 0, 0, 0, 0, 0, 0, 0, 0, 0, 1]}, 0.008610352432921157], "ACC": [{"max": 0.1659533073929961, "min": 0.07834313005143277, "sm": 0.004171913206741111, "value": [5, 5, 14, 13, 26, 30, 45, 74, 74, 86, 99, 86, 91, 73, 58, 31, 19, 15, 8, 0, 2, 0]}, 0.12184811600218431], "LCC": [{"max": 1.0, "min": 0, "sm": 0.047619047619047616, "value": [743, 14, 14, 29, 5, 0, 0, 17, 0, 0, 0, 0, 0, 0, 2, 0, 0, 0, 0, 0, 0, 30]}, 0.053107548189515415]}}