{"rate-5": {"ANB": [{"max": 0.0003663003663003663, "min": 0.0, "sm": 1.7442874585731727e-05, "value": [98, 0, 0, 0, 0, 0, 0, 0, 0, 0, 2, 0, 0, 0, 0, 0, 0, 0, 0, 0, 0, 6]}, 2.4189646831156265e-05], "ACC": [{"max": 0.02142857142857143, "min": 0.0, "sm": 0.0010204081632653062, "value": [70, 0, 0, 0, 0, 0, 0, 0, 0, 18, 0, 0, 4, 6, 0, 0, 0, 0, 2, 0, 0, 6]}, 0.004477388439652592], "LCC": [{"max": 0, "min": 0, "sm": 0.0, "value": [106, 0, 0, 0, 0, 0, 0, 0, 0, 0, 0, 0, 0, 0, 0, 0, 0, 0, 0, 0, 0, 0]}, 0.0]}, "rate-10": {"ANB": [{"max": 0.02351783957793079, "min": 0.0, "sm": 0.001119897122758609, "value": [190, 6, 1, 4, 2, 2, 2, 0, 0, 2, 0, 0, 0, 0, 0, 0, 0, 0, 0, 1, 2, 1]}, 0.0008679757462177459], "ACC": [{"max": 0.0658750813272609, "min": 0.0, "sm": 0.0031369086346314714, "value": [100, 32, 12, 14, 8, 1, 0, 0, 2, 2, 1, 2, 7, 9, 8, 4, 3, 3, 2, 0, 2, 1]}, 0.011990079489959199], "LCC": [{"max": 1.0, "min": 0, "sm": 0.047619047619047616, "value": [194, 1, 1, 4, 1, 0, 0, 5, 0, 0, 0, 0, 0, 0, 0, 0, 0, 0, 0, 0, 0, 7]}, 0.04551754974290186]}, "rate-15": {"ANB": [{"max": 0.03048047159953471, "min": 0.0, "sm": 0.0014514510285492718, "value": [275, 16, 6, 3, 4, 3, 1, 1, 1, 0, 1, 2, 2, 1, 2, 0, 0, 1, 0, 0, 0, 1]}, 0.001165013012361743], "ACC": [{"max": 0.04831021600034354, "min": 0.0, "sm": 0.0023004864762068353, "value": [120, 36, 14, 19, 20, 9, 9, 5, 7, 4, 9, 8, 9, 13, 6, 13, 5, 4, 3, 5, 1, 1]}, 0.011505438891597317], "LCC": [{"max": 1.0, "min": 0, "sm": 0.047619047619047616, "value": [286, 0, 4, 4, 1, 0, 0, 8, 0, 0, 0, 0, 0, 0, 3, 0, 0, 0, 0, 0, 0, 14]}, 0.06239583333333332]}, "rate-20": {"ANB": [{"max": 0.08158854528115139, "min": 0.0, "sm": 0.0038851688229119712, "value": [295, 45, 22, 22, 7, 7, 4, 1, 6, 4, 2, 2, 1, 0, 1, 0, 2, 4, 1, 0, 0, 1]}, 0.005634320225434898], "ACC": [{"max": 0.10561088520897582, "min": 0.0, "sm": 0.005029089771855992, "value": [162, 10, 0, 0, 0, 0, 0, 0, 0, 0, 4, 11, 20, 35, 34, 29, 41, 35, 29, 9, 7, 1]}, 0.04772571816387066], "LCC": [{"max": 1.0, "min": 0, "sm": 0.047619047619047616, "value": [358, 7, 10, 11, 6, 1, 2, 18, 0, 1, 2, 0, 0, 0, 1, 0, 0, 0, 0, 0, 0, 10]}, 0.055022118136872245]}, "rate-25": {"ANB": [{"max": 0.08134078991940392, "min": 0.0, "sm": 0.003873370948543044, "value": [389, 51, 19, 13, 14, 8, 9, 10, 4, 6, 1, 2, 0, 0, 0, 1, 2, 2, 0, 1, 1, 1]}, 0.0053096540706700605], "ACC": [{"max": 0.14183671162807218, "min": 0.0, "sm": 0.006754129125146295, "value": [156, 13, 1, 0, 0, 0, 0, 2, 1, 4, 15, 29, 40, 49, 62, 64, 36, 36, 12, 7, 6, 1]}, 0.06788700506696435], "LCC": [{"max": 1.0, "min": 0, "sm": 0.047619047619047616, "value": [370, 12, 24, 19, 5, 1, 10, 30, 0, 0, 2, 0, 2, 0, 17, 0, 0, 2, 0, 0, 0, 40]}, 0.14224523915535153]}, "rate-30": {"ANB": [{"max": 0.09996048809759607, "min": 0.0, "sm": 0.00476002324274267, "value": [500, 56, 35, 15, 10, 2, 5, 2, 0, 5, 5, 2, 1, 1, 1, 0, 0, 0, 0, 0, 0, 1]}, 0.004410098352290901], "ACC": [{"max": 0.17499033006704487, "min": 0.0, "sm": 0.00833287286033547, "value": [174, 0, 0, 0, 0, 0, 0, 1, 4, 8, 24, 38, 58, 69, 89, 78, 53, 28, 11, 5, 0, 1]}, 0.08652178239283524], "LCC": [{"max": 1.0, "min": 0, "sm": 0.047619047619047616, "value": [463, 17, 29, 21, 15, 2, 6, 40, 2, 0, 5, 0, 0, 0, 6, 0, 0, 0, 0, 0, 0, 35]}, 0.10700413450711709]}, "rate-35": {"ANB": [{"max": 0.07112414787909288, "min": 0.0, "sm": 0.0033868641847187085, "value": [515, 99, 42, 26, 19, 14, 9, 9, 4, 2, 0, 3, 0, 0, 3, 1, 0, 0, 0, 0, 0, 1]}, 0.003997425668390795], "ACC": [{"max": 0.18289593427945988, "min": 0.0, "sm": 0.008709330203783804, "value": [174, 0, 0, 0, 0, 0, 0, 0, 2, 10, 19, 29, 49, 82, 94, 112, 80, 50, 29, 12, 4, 1]}, 0.09954752000678649], "LCC": [{"max": 1.0, "min": 0, "sm": 0.047619047619047616, "value": [498, 25, 46, 34, 30, 3, 3, 48, 3, 0, 6, 0, 1, 0, 12, 0, 0, 2, 0, 0, 0, 36]}, 0.11628256074275452]}, "rate-40": {"ANB": [{"max": 0.06386152430388177, "min": 0.0, "sm": 0.0030410249668515127, "value": [571, 116, 59, 31, 15, 14, 11, 3, 8, 8, 2, 1, 3, 1, 2, 3, 2, 1, 1, 1, 0, 1]}, 0.00420480074277786], "ACC": [{"max": 0.1927283601364458, "min": 0.0, "sm": 0.00917754095887837, "value": [139, 0, 0, 0, 0, 0, 1, 1, 5, 8, 17, 30, 51, 80, 101, 114, 131, 97, 50, 20, 8, 1]}, 0.11787707995165209], "LCC": [{"max": 1.0, "min": 0, "sm": 0.047619047619047616, "value": [529, 28, 53, 61, 30, 9, 13, 57, 6, 3, 10, 1, 1, 0, 20, 0, 0, 0, 0, 0, 0, 33]}, 0.1235039755839706]}}