{"rate-5": {"ANB": [{"max": 0.00017969451931716083, "min": 0.0, "sm": 8.556881872245754e-06, "value": [104, 0, 0, 0, 0, 0, 0, 0, 0, 0, 0, 0, 0, 0, 0, 0, 0, 0, 0, 0, 3, 0]}, 5.038164093004508e-06], "ACC": [{"max": 0.018867924528301886, "min": 0.009433962264150943, "sm": 0.00044923629829290204, "value": [98, 0, 0, 0, 0, 0, 6, 0, 0, 0, 0, 0, 0, 0, 0, 0, 0, 0, 0, 0, 0, 3]}, 0.009874801622288843], "LCC": [{"max": 0, "min": 0, "sm": 0.0, "value": [107, 0, 0, 0, 0, 0, 0, 0, 0, 0, 0, 0, 0, 0, 0, 0, 0, 0, 0, 0, 0, 0]}, 0.0]}, "rate-10": {"ANB": [{"max": 0.00013287270794578793, "min": 0.0, "sm": 6.327271806942283e-06, "value": [195, 0, 0, 0, 0, 0, 0, 14, 0, 0, 0, 0, 0, 0, 4, 0, 0, 0, 0, 0, 0, 1]}, 5.174170870163081e-06], "ACC": [{"max": 0.014084507042253521, "min": 0.004694835680751174, "sm": 0.000447127207690588, "value": [160, 0, 0, 28, 0, 4, 0, 0, 3, 0, 14, 0, 0, 4, 0, 0, 0, 0, 0, 0, 0, 1]}, 0.00545683237535284], "LCC": [{"max": 0, "min": 0, "sm": 0.0, "value": [214, 0, 0, 0, 0, 0, 0, 0, 0, 0, 0, 0, 0, 0, 0, 0, 0, 0, 0, 0, 0, 0]}, 0.0]}, "rate-15": {"ANB": [{"max": 0.00039431399223201436, "min": 0.0, "sm": 1.8776856772953065e-05, "value": [282, 16, 6, 5, 2, 3, 0, 3, 1, 0, 0, 0, 0, 0, 0, 0, 0, 1, 0, 0, 0, 1]}, 8.132726089785301e-06], "ACC": [{"max": 0.014330497089117777, "min": 0.003134796238244514, "sm": 0.0005331286119463459, "value": [222, 32, 6, 0, 9, 24, 0, 7, 3, 3, 2, 3, 4, 2, 0, 1, 0, 0, 0, 1, 0, 1]}, 0.004066647147254714], "LCC": [{"max": 0, "min": 0, "sm": 0.0, "value": [320, 0, 0, 0, 0, 0, 0, 0, 0, 0, 0, 0, 0, 0, 0, 0, 0, 0, 0, 0, 0, 0]}, 0.0]}, "rate-20": {"ANB": [{"max": 0.00029826014913007456, "min": 0.0, "sm": 1.4202864244289265e-05, "value": [375, 16, 9, 9, 3, 2, 2, 2, 1, 0, 1, 0, 0, 0, 0, 0, 1, 2, 2, 1, 0, 1]}, 1.014120725639597e-05], "ACC": [{"max": 0.012676056338028168, "min": 0.002347417840375587, "sm": 0.0004918399284596466, "value": [216, 70, 22, 7, 41, 18, 18, 8, 5, 1, 7, 2, 7, 1, 1, 1, 0, 1, 0, 0, 0, 1]}, 0.00348178222469388], "LCC": [{"max": 0, "min": 0, "sm": 0.0, "value": [427, 0, 0, 0, 0, 0, 0, 0, 0, 0, 0, 0, 0, 0, 0, 0, 0, 0, 0, 0, 0, 0]}, 0.0]}, "rate-25": {"ANB": [{"max": 0.0002670208205971429, "min": 0.0, "sm": 1.2715277171292519e-05, "value": [464, 30, 11, 9, 2, 5, 2, 1, 2, 2, 1, 1, 1, 1, 1, 0, 0, 1, 0, 0, 0, 1]}, 7.525968037489562e-06], "ACC": [{"max": 0.010299625468164793, "min": 0.0018726591760299626, "sm": 0.0004012841091492777, "value": [260, 84, 22, 21, 51, 27, 4, 12, 14, 9, 7, 6, 6, 0, 3, 2, 2, 1, 3, 0, 0, 1]}, 0.0029207444860791802], "LCC": [{"max": 0, "min": 0, "sm": 0.0, "value": [535, 0, 0, 0, 0, 0, 0, 0, 0, 0, 0, 0, 0, 0, 0, 0, 0, 0, 0, 0, 0, 0]}, 0.0]}, "rate-30": {"ANB": [{"max": 0.00033744131455399056, "min": 0.0, "sm": 1.6068634026380503e-05, "value": [573, 21, 11, 12, 5, 3, 3, 0, 0, 1, 6, 0, 1, 3, 0, 0, 1, 0, 0, 0, 0, 1]}, 8.895895741932952e-06], "ACC": [{"max": 0.010560344827586207, "min": 0.0015625, "sm": 0.00042846880131362894, "value": [326, 86, 22, 56, 38, 11, 27, 10, 19, 14, 8, 6, 4, 4, 3, 2, 2, 1, 1, 0, 0, 1]}, 0.002614132724589195], "LCC": [{"max": 1.0, "min": 0, "sm": 0.047619047619047616, "value": [638, 0, 0, 0, 0, 0, 0, 0, 0, 0, 0, 0, 0, 0, 0, 0, 0, 0, 0, 0, 0, 3]}, 0.0046801872074883]}, "rate-35": {"ANB": [{"max": 0.001389063821364953, "min": 0.0, "sm": 6.614589625547395e-05, "value": [693, 24, 4, 8, 5, 1, 2, 3, 1, 3, 0, 0, 0, 0, 1, 0, 1, 0, 0, 0, 0, 1]}, 2.2945359958525892e-05], "ACC": [{"max": 0.015206099195710455, "min": 0.0013404825737265416, "sm": 0.0006602674581897101, "value": [390, 58, 120, 41, 34, 24, 18, 15, 7, 10, 4, 9, 1, 7, 2, 2, 0, 2, 1, 1, 0, 1]}, 0.0027832101055109268], "LCC": [{"max": 0, "min": 0, "sm": 0.0, "value": [747, 0, 0, 0, 0, 0, 0, 0, 0, 0, 0, 0, 0, 0, 0, 0, 0, 0, 0, 0, 0, 0]}, 0.0]}, "rate-40": {"ANB": [{"max": 0.0015273351716394497, "min": 0.0, "sm": 7.273024626854522e-05, "value": [764, 33, 18, 3, 3, 5, 3, 2, 3, 3, 3, 2, 3, 1, 1, 3, 1, 0, 0, 1, 1, 1]}, 4.345446924817598e-05], "ACC": [{"max": 0.011723329425556858, "min": 0.0011723329425556857, "sm": 0.0005024284039524368, "value": [390, 58, 112, 27, 46, 33, 24, 21, 16, 20, 21, 13, 24, 6, 14, 9, 5, 2, 6, 3, 3, 1]}, 0.0029470835256948436], "LCC": [{"max": 1.0, "min": 0, "sm": 0.047619047619047616, "value": [848, 0, 0, 0, 0, 0, 0, 2, 0, 0, 0, 0, 0, 0, 0, 0, 0, 0, 0, 0, 0, 4]}, 0.005464480874316939]}}