{"rate-5": {"ANB_G": 0.004031393174901891, "SP": 2.3485714285714288, "ANB": 0.028095238095238093, "ACC": 0.43227578907887876, "CC": 1, "QCS": 0.34849818019081674, "SCS": {"ori-": 3.3111398336450386, "sam_": 2.559130069720859, "ori-av": 0.09197610649013996, "sam_av": 0.14217389276226994, "sam_/ori_av": 1.5457698546688459}, "DDC": 3.286787906864319e-05, "LCC": 0.0, "GCC": 0}, "rate-10": {"ANB_G": 0.003177306745336073, "SP": 2.375959595959596, "ANB": 0.01404040404040404, "ACC": 0.42547348847533273, "CC": 1, "QCS": 0.32875745257858235, "SCS": {"ori-": 5.327924826374675, "sam_": 3.9610113090710897, "ori-av": 0.14020854806249144, "sam_av": 0.20847427942479418, "sam_/ori_av": 1.4868870857422791}, "DDC": 8.824274644325669e-11, "LCC": 0.0, "GCC": 0}, "rate-15": {"ANB_G": 0.0031638046933473185, "SP": 1.9866666666666666, "ANB": 0.006666666666666667, "ACC": 0.5050056116722784, "CC": 1, "QCS": 0.2751183668193629, "SCS": {"ori-": 6.056898246703754, "sam_": 4.06107289848199, "ori-av": 0.3028449123351877, "sam_av": 0.40610728984819905, "sam_/ori_av": 1.3409744503111247}, "DDC": 8.881784197001252e-16, "LCC": 0.0, "GCC": 0}, "rate-20": {"ANB_G": 0.002528791169183865, "SP": 2.964974874371859, "ANB": 0.009924115527130602, "ACC": 0.33914044365565915, "CC": 1, "QCS": 0.5008316858590036, "SCS": {"ori-": 10.134489703438552, "sam_": 7.3519782666846325, "ori-av": 0.16890816172397588, "sam_av": 0.24506594222282108, "sam_/ori_av": 1.450882773937826}, "DDC": 3.8336001040306655e-13, "LCC": 0.0, "GCC": 0}, "rate-25": {"ANB_G": 0.00252650975992746, "SP": 2.941718875502008, "ANB": 0.007829511594766162, "ACC": 0.3415147804742229, "CC": 1, "QCS": 0.5321979273506452, "SCS": {"ori-": 11.37294425412627, "sam_": 8.02958900343414, "ori-av": 0.19608524576079778, "sam_av": 0.2768823794287634, "sam_/ori_av": 1.4120510615394755}, "DDC": 2.1094237467877974e-15, "LCC": 0.0, "GCC": 0}, "rate-30": {"ANB_G": 0.0019665583142564427, "SP": 3.3338015607580824, "ANB": 0.007831548861604304, "ACC": 0.30173105200199984, "CC": 1, "QCS": 0.6446521533527971, "SCS": {"ori-": 14.773321138599016, "sam_": 10.809675751701839, "ori-av": 0.15074817488366343, "sam_av": 0.2206056275857518, "sam_/ori_av": 1.463404964975525}, "DDC": 4.819478149897805e-13, "LCC": 0.0, "GCC": 0}, "rate-35": {"ANB_G": 0.0020434792607990676, "SP": 2.9447728203029064, "ANB": 0.00558842764454858, "ACC": 0.34349508539796186, "CC": 1, "QCS": 0.5401693417748411, "SCS": {"ori-": 14.183308610919608, "sam_": 9.652653668182822, "ori-av": 0.22161419704561888, "sam_av": 0.3016454271307132, "sam_/ori_av": 1.361128624212735}, "DDC": 1.2212453270876722e-15, "LCC": 0.0, "GCC": 0}, "rate-40": {"ANB_G": 0.0017177779595543502, "SP": 3.1340852130325816, "ANB": 0.005362023148323069, "ACC": 0.3228556034712311, "CC": 1, "QCS": 0.6764106588292073, "SCS": {"ori-": 19.50038870369781, "sam_": 14.085904172412386, "ori-av": 0.17727626094270735, "sam_av": 0.2561073485893161, "sam_/ori_av": 1.4446793226989687}, "DDC": 1.2545520178264269e-14, "LCC": 0.0, "GCC": 0}}