{"rate-5": {"ANB_G": 0.004503860868044096, "SP": 1.96, "ANB": 0.02, "ACC": 0.5150515463917532, "CC": 1, "QCS": 0.32829385825713214, "SCS": {"ori-": 2.8046690445141444, "sam_": 2.078878684107256, "ori-av": 0.15581494691745246, "sam_av": 0.2309865204563618, "sam_/ori_av": 1.4824413512699375}, "DDC": 3.299170292514475e-08, "LCC": 0.0, "GCC": 0}, "rate-10": {"ANB_G": 0.003349836193355727, "SP": 2.4406060606060604, "ANB": 0.014700061842918985, "ACC": 0.41259997287060846, "CC": 1, "QCS": 0.5917315986626573, "SCS": {"ori-": 5.4011988911831805, "sam_": 3.97567789483181, "ori-av": 0.15003330253286612, "sam_av": 0.22087099415732278, "sam_/ori_av": 1.472146453011251}, "DDC": 2.387548270199602e-09, "LCC": 0.0, "GCC": 0}, "rate-15": {"ANB_G": 0.0023841116094268453, "SP": 2.5471140939597317, "ANB": 0.010453473607836024, "ACC": 0.4006811662062386, "CC": 1, "QCS": 0.6105550611650524, "SCS": {"ori-": 7.445555428089368, "sam_": 5.42999508038312, "ori-av": 0.13788065607572905, "sam_av": 0.2011109289030785, "sam_/ori_av": 1.4585869738871933}, "DDC": 9.547918011776346e-15, "LCC": 0.0, "GCC": 0}, "rate-20": {"ANB_G": 0.0023236629749485913, "SP": 2.8700502512562815, "ANB": 0.009444698238668088, "ACC": 0.35140754621312176, "CC": 1, "QCS": 0.7046702476360788, "SCS": {"ori-": 9.679730598861822, "sam_": 7.031512429632932, "ori-av": 0.1613288433143637, "sam_av": 0.23438374765443107, "sam_/ori_av": 1.452832257637361}, "DDC": 9.547918011776346e-15, "LCC": 0.0, "GCC": 0}, "rate-25": {"ANB_G": 0.002176029180431743, "SP": 3.0799357429718874, "ANB": 0.00838683767327374, "ACC": 0.3266907134047805, "CC": 1, "QCS": 0.7537963213637642, "SCS": {"ori-": 11.888471811203177, "sam_": 8.62346252137185, "ori-av": 0.1606550244757186, "sam_av": 0.23306655463167164, "sam_/ori_av": 1.450726831558868}, "DDC": 5.384581669432009e-14, "LCC": 0.0, "GCC": 0}, "rate-30": {"ANB_G": 0.001990928127946554, "SP": 3.216298773690078, "ANB": 0.007437244207013684, "ACC": 0.3125017200193629, "CC": 1, "QCS": 0.7836736683964199, "SCS": {"ori-": 14.10155024666011, "sam_": 10.105907974111375, "ori-av": 0.18554671377184356, "sam_av": 0.26594494668714147, "sam_/ori_av": 1.433304537067464}, "DDC": 1.2423395645555502e-13, "LCC": 0.0, "GCC": 0}, "rate-35": {"ANB_G": 0.0019448230943848546, "SP": 3.356823577568563, "ANB": 0.0067724815447372496, "ACC": 0.2994923758567377, "CC": 1, "QCS": 0.6995784845794608, "SCS": {"ori-": 17.20255133255018, "sam_": 12.357369713824761, "ori-av": 0.17553623808724672, "sam_av": 0.2521912186494849, "sam_/ori_av": 1.4366903460933143}, "DDC": 5.329070518200751e-15, "LCC": 0.0, "GCC": 0}, "rate-40": {"ANB_G": 0.0018898588392968155, "SP": 3.198984962406015, "ANB": 0.005525087845241243, "ACC": 0.31526234454234503, "CC": 1, "QCS": 0.7374696700709411, "SCS": {"ori-": 18.49569151284659, "sam_": 13.04633405299957, "ori-av": 0.19266345325881865, "sam_av": 0.2717986261041577, "sam_/ori_av": 1.4107430418525257}, "DDC": 1.3072221262040335e-18, "LCC": 0.0, "GCC": 0}}