{"rate-5": {"ANB_G": 0.004865380747228186, "SP": 2.426938775510204, "ANB": 0.029727891156462585, "ACC": 0.4162716834724272, "CC": 1, "QCS": 0.41644706723672853, "SCS": {"ori-": 3.0825476579035613, "sam_": 2.382461308726981, "ori-av": 0.09066316640892827, "sam_av": 0.140144782866293, "sam_/ori_av": 1.5457741927320543}, "DDC": 0.0008277378521934775, "LCC": 0.0, "GCC": 0}, "rate-10": {"ANB_G": 0.0031842618545234614, "SP": 2.367272727272727, "ANB": 0.013951762523191094, "ACC": 0.4272141210961992, "CC": 1, "QCS": 0.348431499539883, "SCS": {"ori-": 5.3383487996802454, "sam_": 3.9364147389153876, "ori-av": 0.13345871999200615, "sam_av": 0.19682073694576938, "sam_/ori_av": 1.4747686547387722}, "DDC": 6.377276484670347e-11, "LCC": 0.0, "GCC": 0}, "rate-15": {"ANB_G": 0.0021517929867074233, "SP": 2.3034451901565998, "ANB": 0.0088070620956527, "ACC": 0.43952748736201613, "CC": 1, "QCS": 0.3193081840296462, "SCS": {"ori-": 7.123033234793121, "sam_": 5.0603773597634545, "ori-av": 0.19786203429980892, "sam_av": 0.28113207554241415, "sam_/ori_av": 1.4208490099542337}, "DDC": 1.6653345369377348e-15, "LCC": 0.0, "GCC": 0}, "rate-20": {"ANB_G": 0.00250387996741139, "SP": 2.9931155778894474, "ANB": 0.010066240292370944, "ACC": 0.33698743993951646, "CC": 1, "QCS": 0.6767711756165458, "SCS": {"ori-": 10.167019898649004, "sam_": 7.477940795561164, "ori-av": 0.13377657761380268, "sam_av": 0.1967879156726622, "sam_/ori_av": 1.4710192111564244}, "DDC": 8.670841822322473e-13, "LCC": 0.0, "GCC": 0}, "rate-25": {"ANB_G": 0.0020566356917923554, "SP": 2.9923212851405623, "ANB": 0.00803355356911517, "ACC": 0.3354160623514916, "CC": 1, "QCS": 0.6192624121310124, "SCS": {"ori-": 11.888434314696294, "sam_": 8.395755949503537, "ori-av": 0.1981405719116049, "sam_av": 0.27985853165011787, "sam_/ori_av": 1.4124241640675654}, "DDC": 3.219646771412954e-15, "LCC": 0.0, "GCC": 0}, "rate-30": {"ANB_G": 0.002101412770581845, "SP": 2.896722408026756, "ANB": 0.006364840295391798, "ACC": 0.3493312349620547, "CC": 1, "QCS": 0.6286550285884318, "SCS": {"ori-": 14.593012541809111, "sam_": 10.474830644983028, "ori-av": 0.1824126567726139, "sam_av": 0.2618707661245757, "sam_/ori_av": 1.435595373466931}, "DDC": 1.1102230246251565e-15, "LCC": 0.0, "GCC": 0}, "rate-35": {"ANB_G": 0.0019873108151798506, "SP": 2.828784281620958, "ANB": 0.005255127246037234, "ACC": 0.3611992210366586, "CC": 1, "QCS": 0.6460614569700899, "SCS": {"ori-": 14.24491253706119, "sam_": 9.800828073854001, "ori-av": 0.18743305969817356, "sam_av": 0.2579165282593158, "sam_/ori_av": 1.376046086398221}, "DDC": 1.1102230246251565e-15, "LCC": 0.0, "GCC": 0}, "rate-40": {"ANB_G": 0.0018371871156362255, "SP": 3.1904761904761907, "ANB": 0.005503709021296961, "ACC": 0.31541057584241133, "CC": 1, "QCS": 0.5755745993280369, "SCS": {"ori-": 17.492241001689266, "sam_": 12.142380372765377, "ori-av": 0.22425950002165726, "sam_av": 0.3113430864811635, "sam_/ori_av": 1.3883161536126514}, "DDC": 3.3306690738754696e-16, "LCC": 0.0, "GCC": 0}}