{"rate-5": {"ANB_G": 0.004301085788243748, "SP": 2.3314285714285714, "ANB": 0.02773809523809524, "ACC": 0.43580645161290316, "CC": 1, "QCS": 0.4425019958813299, "SCS": {"ori-": 3.0276064882306817, "sam_": 2.3392329425344776, "ori-av": 0.08904724965384359, "sam_av": 0.13760193779614574, "sam_/ori_av": 1.5452688132542043}, "DDC": 2.221453375650384e-05, "LCC": 0.0, "GCC": 0}, "rate-10": {"ANB_G": 0.00303592480160282, "SP": 2.452121212121212, "ANB": 0.014817563388991959, "ACC": 0.4103215723600163, "CC": 1, "QCS": 0.5226568306397275, "SCS": {"ori-": 5.472882860011596, "sam_": 4.0649744203626295, "ori-av": 0.1440232331581999, "sam_av": 0.2139460221243489, "sam_/ori_av": 1.4854965926875388}, "DDC": 6.351831838280475e-09, "LCC": 0.0, "GCC": 0}, "rate-15": {"ANB_G": 0.0027631275784375303, "SP": 2.63668903803132, "ANB": 0.011058709716427835, "ACC": 0.38484302577572316, "CC": 1, "QCS": 0.5595298935721835, "SCS": {"ori-": 7.760712150211412, "sam_": 5.71980632491653, "ori-av": 0.13380538190019675, "sam_av": 0.1972347008591907, "sam_/ori_av": 1.4740416122148572}, "DDC": 5.078160114635466e-13, "LCC": 0.0, "GCC": 0}, "rate-20": {"ANB_G": 0.002177039065894302, "SP": 2.9211055276381908, "ANB": 0.009702553169889853, "ACC": 0.34447499460119274, "CC": 1, "QCS": 0.5918279393069561, "SCS": {"ori-": 9.770107284824533, "sam_": 7.048670717424931, "ori-av": 0.1628351214137422, "sam_av": 0.23495569058083102, "sam_/ori_av": 1.4429054895586078}, "DDC": 9.325873406851315e-15, "LCC": 0.0, "GCC": 0}, "rate-25": {"ANB_G": 0.002391541362259393, "SP": 3.1736224899598393, "ANB": 0.00876460681435419, "ACC": 0.31686008891863526, "CC": 1, "QCS": 0.6429387964504762, "SCS": {"ori-": 12.677675600538, "sam_": 9.237850245006921, "ori-av": 0.158470945006725, "sam_av": 0.23094625612517303, "sam_/ori_av": 1.4573413196682357}, "DDC": 1.1601830607332886e-12, "LCC": 0.0, "GCC": 0}, "rate-30": {"ANB_G": 0.0021440500687787286, "SP": 3.09670011148272, "ANB": 0.0070359064143715455, "ACC": 0.32460660229211674, "CC": 1, "QCS": 0.609104090445881, "SCS": {"ori-": 13.742562684265518, "sam_": 9.742146565710842, "ori-av": 0.18082319321402, "sam_av": 0.25637227804502216, "sam_/ori_av": 1.4178063858300702}, "DDC": 3.3306690738754696e-16, "LCC": 0.0, "GCC": 0}, "rate-35": {"ANB_G": 0.0019434739175022812, "SP": 3.2592386410151453, "ANB": 0.006492065060388347, "ACC": 0.30773348937702016, "CC": 1, "QCS": 0.6279895141209565, "SCS": {"ori-": 16.01058585919507, "sam_": 11.317185979324876, "ori-av": 0.2001323232399384, "sam_av": 0.2829296494831219, "sam_/ori_av": 1.4137129120512826}, "DDC": 5.551115123125783e-15, "LCC": 0.0, "GCC": 0}, "rate-40": {"ANB_G": 0.001874563391628621, "SP": 3.2518295739348373, "ANB": 0.0056578632510925556, "ACC": 0.30903691205448797, "CC": 1, "QCS": 0.6586680802632728, "SCS": {"ori-": 18.23011772328055, "sam_": 12.871041431184612, "ori-av": 0.19393742258809096, "sam_av": 0.2738519453443534, "sam_/ori_av": 1.4120634464963222}, "DDC": 2.220446049250313e-16, "LCC": 0.0, "GCC": 0}}