{"rate-5": {"ANB_G": 0.0023327810051785992, "SP": 2.2922448979591836, "ANB": 0.02692176870748299, "ACC": 0.4439171841053136, "CC": 1, "QCS": 0.41084740732502234, "SCS": {"ori-": 2.4076004751000806, "sam_": 1.8652475280226863, "ori-av": 0.09260001827308002, "sam_av": 0.14348057907866818, "sam_/ori_av": 1.5494659909843642}, "DDC": 1.0137355991535202e-05, "LCC": 0.0, "GCC": 0}, "rate-10": {"ANB_G": 0.0031939744471596522, "SP": 2.4133333333333336, "ANB": 0.014421768707482992, "ACC": 0.4180138505500548, "CC": 1, "QCS": 0.41456286373115014, "SCS": {"ori-": 4.481498506461329, "sam_": 3.3505239413879515, "ori-av": 0.14004682832691653, "sam_av": 0.20940774633674697, "sam_/ori_av": 1.4952694669237254}, "DDC": 4.682021437218964e-10, "LCC": 0.0, "GCC": 0}, "rate-15": {"ANB_G": 0.00310036175742205, "SP": 2.877494407158837, "ANB": 0.012685773021343492, "ACC": 0.3505965462285505, "CC": 1, "QCS": 0.49601012051645466, "SCS": {"ori-": 6.511665265673732, "sam_": 4.826586430097224, "ori-av": 0.1356596930348694, "sam_av": 0.2011077679207177, "sam_/ori_av": 1.482443041272589}, "DDC": 1.7591150758278218e-11, "LCC": 0.0, "GCC": 0}, "rate-20": {"ANB_G": 0.0024967005391870224, "SP": 2.915678391959799, "ANB": 0.009675143393736358, "ACC": 0.34511400781263013, "CC": 1, "QCS": 0.49751013661684407, "SCS": {"ori-": 8.270428064986373, "sam_": 5.937159845924875, "ori-av": 0.1797919144562255, "sam_av": 0.25813738460542934, "sam_/ori_av": 1.435756359712599}, "DDC": 1.6653345369377348e-14, "LCC": 0.0, "GCC": 0}, "rate-25": {"ANB_G": 0.0025584383366107914, "SP": 2.8405140562248996, "ANB": 0.007421427646068145, "ACC": 0.35685351391479847, "CC": 1, "QCS": 0.6018084166705203, "SCS": {"ori-": 9.849262393912701, "sam_": 7.16127007577973, "ori-av": 0.1588590708695597, "sam_av": 0.23100871212192678, "sam_/ori_av": 1.4541738841693823}, "DDC": 1.1657341758564144e-14, "LCC": 0.0, "GCC": 0}, "rate-30": {"ANB_G": 0.002281965682559894, "SP": 3.2286064659977702, "ANB": 0.007478545187911981, "ACC": 0.3109411892258056, "CC": 1, "QCS": 0.6341872630361848, "SCS": {"ori-": 11.533889312353397, "sam_": 8.314655294471752, "ori-av": 0.18603047277989349, "sam_av": 0.26821468691844363, "sam_/ori_av": 1.4417782361698797}, "DDC": 1.6265877533783168e-12, "LCC": 0.0, "GCC": 0}, "rate-35": {"ANB_G": 0.002049630860208277, "SP": 3.1231600491199347, "ANB": 0.006101034623907858, "ACC": 0.32191026709384907, "CC": 1, "QCS": 0.557606969045835, "SCS": {"ori-": 12.55898891156771, "sam_": 8.784095865062653, "ori-av": 0.19623420174324546, "sam_av": 0.2745029957832079, "sam_/ori_av": 1.3988539884722544}, "DDC": 8.593067694380936e-18, "LCC": 0.0, "GCC": 0}, "rate-40": {"ANB_G": 0.0019310939927466545, "SP": 3.35577694235589, "ANB": 0.005919037543607763, "ACC": 0.29951260883635644, "CC": 1, "QCS": 0.6905931703874899, "SCS": {"ori-": 14.896595745498448, "sam_": 10.663160262324734, "ori-av": 0.1862074468187306, "sam_av": 0.26657900655811834, "sam_/ori_av": 1.4316237675372236}, "DDC": 4.440892098500626e-16, "LCC": 0.0, "GCC": 0}}