{"rate-5": {"ANB_G": 0.003782711398370119, "SP": 17.0, "ANB": 0.33333333333333337, "ACC": 0.061597992265136646, "CC": 1, "QCS": 0.7883547202688309, "SCS": {"ori-": 3.686882371120771, "sam_": 2.9940586067687605, "ori-av": 0.048511610146325934, "sam_av": 0.07879101596759897, "sam_/ori_av": 1.6241682296246411}, "DDC": 0.6836598304164403, "LCC": 0.0, "GCC": 0}, "rate-10": {"ANB_G": 0.004588222611689697, "SP": 33.666666666666664, "ANB": 0.3333333333333332, "ACC": 0.031104642607553013, "CC": 1, "QCS": 0.957554416158929, "SCS": {"ori-": 7.139889224527497, "sam_": 5.736731890499113, "ori-av": 0.05757975181070562, "sam_av": 0.09252793371772763, "sam_/ori_av": 1.606952631923714}, "DDC": 0.6836598304164403, "LCC": 0.0, "GCC": 0}, "rate-15": {"ANB_G": 0.003850803834685786, "SP": 50.333333333333336, "ANB": 0.33333333333333326, "ACC": 0.020805179462935218, "CC": 1, "QCS": 0.8534157966334215, "SCS": {"ori-": 10.774145803451392, "sam_": 8.635993856181745, "ori-av": 0.05855514023614887, "sam_av": 0.0938694984367581, "sam_/ori_av": 1.6030957838746323}, "DDC": 0.6836598304164403, "LCC": 0.0, "GCC": 0}, "rate-20": {"ANB_G": 0.0033450450847410636, "SP": 67.0, "ANB": 0.33333333333333315, "ACC": 0.01562978466054483, "CC": 1, "QCS": 0.831533709387786, "SCS": {"ori-": 14.140843856107841, "sam_": 11.294154591305462, "ori-av": 0.06202124498292913, "sam_av": 0.0990715315026795, "sam_/ori_av": 1.5973805674160229}, "DDC": 0.6836598304164403, "LCC": 0.0, "GCC": 0}, "rate-25": {"ANB_G": 0.0028955919399428986, "SP": 83.66666666666667, "ANB": 0.3333333333333336, "ACC": 0.01251629025530426, "CC": 1, "QCS": 0.7743853874931598, "SCS": {"ori-": 17.152913873004724, "sam_": 13.64247496443042, "ori-av": 0.06648416229846793, "sam_av": 0.10575561987930558, "sam_/ori_av": 1.590688913316467}, "DDC": 0.6836598304164403, "LCC": 0.0, "GCC": 0}, "rate-30": {"ANB_G": 0.002563242140539842, "SP": 100.33333333333333, "ANB": 0.3333333333333334, "ACC": 0.010437176129779424, "CC": 1, "QCS": 0.7458726102409444, "SCS": {"ori-": 20.333385772694545, "sam_": 16.08717197992222, "ori-av": 0.07060203393296717, "sam_av": 0.1117164720827932, "sam_/ori_av": 1.582340704077477}, "DDC": 0.6836598304164403, "LCC": 0.0, "GCC": 0}, "rate-35": {"ANB_G": 0.002312141552852521, "SP": 117.0, "ANB": 0.33333333333333304, "ACC": 0.008950400897692903, "CC": 1, "QCS": 0.7460728802116664, "SCS": {"ori-": 23.358655726698867, "sam_": 18.408800874821097, "ori-av": 0.0753505023441899, "sam_av": 0.1187664572569103, "sam_/ori_av": 1.5761866684631083}, "DDC": 0.6836598304164403, "LCC": 0.0, "GCC": 0}, "rate-40": {"ANB_G": 0.002104508811627579, "SP": 133.66666666666666, "ANB": 0.3333333333333336, "ACC": 0.007834391943717565, "CC": 1, "QCS": 0.6919152676549309, "SCS": {"ori-": 26.293795715075323, "sam_": 20.636473071128595, "ori-av": 0.07967816883356159, "sam_av": 0.12506953376441574, "sam_/ori_av": 1.5696838368069355}, "DDC": 0.6836598304164403, "LCC": 0.0, "GCC": 0}}