{"rate-5": {"ANB_G": 0.0036782047590311778, "SP": 17.0, "ANB": 0.33333333333333337, "ACC": 0.061597992265136646, "CC": 1, "QCS": 0.8728292977497151, "SCS": {"ori-": 3.696578202326504, "sam_": 2.9607890684815388, "ori-av": 0.05600876064131067, "sam_av": 0.08972088086307693, "sam_/ori_av": 1.6019079843181003}, "DDC": 0.6836598304164403, "LCC": 0.0, "GCC": 0}, "rate-10": {"ANB_G": 0.004448720809984307, "SP": 33.666666666666664, "ANB": 0.3333333333333332, "ACC": 0.031104642607553013, "CC": 1, "QCS": 0.91421037364586, "SCS": {"ori-": 7.097838856732846, "sam_": 5.659369237162339, "ori-av": 0.06015117675197327, "sam_av": 0.09592151249427694, "sam_/ori_av": 1.5946739145237125}, "DDC": 0.6836598304164403, "LCC": 0.0, "GCC": 0}, "rate-15": {"ANB_G": 0.0038812421158605924, "SP": 50.333333333333336, "ANB": 0.33333333333333326, "ACC": 0.020805179462935218, "CC": 1, "QCS": 0.9418106671483631, "SCS": {"ori-": 10.316206812814658, "sam_": 8.196712735545905, "ori-av": 0.066129530851376, "sam_av": 0.10508606071212699, "sam_/ori_av": 1.589094302639233}, "DDC": 0.6836598304164403, "LCC": 0.0, "GCC": 0}, "rate-20": {"ANB_G": 0.0032924443518858606, "SP": 67.0, "ANB": 0.33333333333333315, "ACC": 0.01562978466054483, "CC": 1, "QCS": 0.8257775592806162, "SCS": {"ori-": 13.84326235903175, "sam_": 11.031957993308657, "ori-av": 0.06292391981378068, "sam_av": 0.10029052721189688, "sam_/ori_av": 1.5938378840463259}, "DDC": 0.6836598304164403, "LCC": 0.0, "GCC": 0}, "rate-25": {"ANB_G": 0.0028953970451638844, "SP": 83.66666666666667, "ANB": 0.3333333333333336, "ACC": 0.01251629025530426, "CC": 1, "QCS": 0.7406207978497364, "SCS": {"ori-": 16.65724769208847, "sam_": 13.184805839348947, "ori-av": 0.07118481919695926, "sam_av": 0.11269064819956365, "sam_/ori_av": 1.5830713552529097}, "DDC": 0.6836598304164403, "LCC": 0.0, "GCC": 0}, "rate-30": {"ANB_G": 0.0025482066467684976, "SP": 100.33333333333333, "ANB": 0.3333333333333334, "ACC": 0.010437176129779424, "CC": 1, "QCS": 0.6689931992098612, "SCS": {"ori-": 19.83087391238011, "sam_": 15.618516210862655, "ori-av": 0.07455215756533876, "sam_av": 0.11743245271325305, "sam_/ori_av": 1.5751717528809717}, "DDC": 0.6836598304164403, "LCC": 0.0, "GCC": 0}, "rate-35": {"ANB_G": 0.0023169080037641304, "SP": 117.0, "ANB": 0.33333333333333304, "ACC": 0.008950400897692903, "CC": 1, "QCS": 0.6420396819906362, "SCS": {"ori-": 22.565975814210503, "sam_": 17.73252702599147, "ori-av": 0.077280739089762, "sam_av": 0.12145566456158541, "sam_/ori_av": 1.5716162395977344}, "DDC": 0.6836598304164403, "LCC": 0.0, "GCC": 0}, "rate-40": {"ANB_G": 0.002103416369475657, "SP": 133.66666666666666, "ANB": 0.3333333333333336, "ACC": 0.007834391943717565, "CC": 1, "QCS": 0.6605278212129174, "SCS": {"ori-": 25.55480316245549, "sam_": 20.038494276382824, "ori-av": 0.07985875988267341, "sam_av": 0.12524058922739265, "sam_/ori_av": 1.5682761592014844}, "DDC": 0.6836598304164403, "LCC": 0.0, "GCC": 0}}