{"rate-5": {"ANB_G": 0.003767261007534548, "SP": 17.0, "ANB": 0.33333333333333337, "ACC": 0.061597992265136646, "CC": 1, "QCS": 0.9633249567302565, "SCS": {"ori-": 2.9952015633040077, "sam_": 2.4279480716558286, "ori-av": 0.0499200260550668, "sam_av": 0.08093160238852762, "sam_/ori_av": 1.6212251632090884}, "DDC": 0.6836598304164403, "LCC": 0.0, "GCC": 0}, "rate-10": {"ANB_G": 0.004494296396272293, "SP": 33.666666666666664, "ANB": 0.3333333333333332, "ACC": 0.031104642607553013, "CC": 1, "QCS": 0.8704114944286996, "SCS": {"ori-": 5.813660946817227, "sam_": 4.675959240258195, "ori-av": 0.05383019395201136, "sam_av": 0.08659183778255918, "sam_/ori_av": 1.6086109193616176}, "DDC": 0.6836598304164403, "LCC": 0.0, "GCC": 0}, "rate-15": {"ANB_G": 0.0038709262116445706, "SP": 50.333333333333336, "ANB": 0.33333333333333326, "ACC": 0.020805179462935218, "CC": 1, "QCS": 0.8299823325417214, "SCS": {"ori-": 8.297657675547685, "sam_": 6.619804493376757, "ori-av": 0.061012188790791795, "sam_av": 0.09735006607906994, "sam_/ori_av": 1.595583899028425}, "DDC": 0.6836598304164403, "LCC": 0.0, "GCC": 0}, "rate-20": {"ANB_G": 0.003335523994488738, "SP": 67.0, "ANB": 0.33333333333333315, "ACC": 0.01562978466054483, "CC": 1, "QCS": 0.6228906297261351, "SCS": {"ori-": 11.12855421364051, "sam_": 8.86361043659668, "ori-av": 0.06182530118689172, "sam_av": 0.09848456040662978, "sam_/ori_av": 1.592949140820532}, "DDC": 0.6836598304164403, "LCC": 0.0, "GCC": 0}, "rate-25": {"ANB_G": 0.002886778794051247, "SP": 83.66666666666667, "ANB": 0.3333333333333336, "ACC": 0.01251629025530426, "CC": 1, "QCS": 0.7065566547596301, "SCS": {"ori-": 13.654693940929175, "sam_": 10.81625805245183, "ori-av": 0.0703850203140679, "sam_av": 0.11150781497373022, "sam_/ori_av": 1.5842549235073968}, "DDC": 0.6836598304164403, "LCC": 0.0, "GCC": 0}, "rate-30": {"ANB_G": 0.002568281959107134, "SP": 100.33333333333333, "ANB": 0.3333333333333334, "ACC": 0.010437176129779424, "CC": 1, "QCS": 0.6066351948482801, "SCS": {"ori-": 16.262881489334628, "sam_": 12.89302141198476, "ori-av": 0.06949949354416508, "sam_av": 0.11019676420499795, "sam_/ori_av": 1.5855765068988716}, "DDC": 0.6836598304164403, "LCC": 0.0, "GCC": 0}, "rate-35": {"ANB_G": 0.002296176893361945, "SP": 117.0, "ANB": 0.33333333333333304, "ACC": 0.008950400897692903, "CC": 1, "QCS": 0.6428727487658973, "SCS": {"ori-": 18.66649172466894, "sam_": 14.738110290274879, "ori-av": 0.07124615162087382, "sam_av": 0.11250465870438839, "sam_/ori_av": 1.579098044524086}, "DDC": 0.6836598304164403, "LCC": 0.0, "GCC": 0}, "rate-40": {"ANB_G": 0.0021035630239379533, "SP": 133.66666666666666, "ANB": 0.3333333333333336, "ACC": 0.007834391943717565, "CC": 1, "QCS": 0.6290464529949282, "SCS": {"ori-": 21.580510052386987, "sam_": 16.995782971696343, "ori-av": 0.07241781896774156, "sam_av": 0.11406565752816338, "sam_/ori_av": 1.57510484510689}, "DDC": 0.6836598304164403, "LCC": 0.0, "GCC": 0}}