{"rate-5": {"ANB_G": 0.0036251778869971435, "SP": 17.0, "ANB": 0.33333333333333337, "ACC": 0.061597992265136646, "CC": 1, "QCS": 0.8563417148503933, "SCS": {"ori-": 3.937307151174844, "sam_": 3.184631359049524, "ori-av": 0.05180667304177426, "sam_av": 0.0838060883960401, "sam_/ori_av": 1.617669760968112}, "DDC": 0.6836598304164403, "LCC": 0.0, "GCC": 0}, "rate-10": {"ANB_G": 0.004475787170482737, "SP": 33.666666666666664, "ANB": 0.3333333333333332, "ACC": 0.031104642607553013, "CC": 1, "QCS": 0.9809658310073016, "SCS": {"ori-": 7.278235954653764, "sam_": 5.853116602640046, "ori-av": 0.05686121839573253, "sam_av": 0.09145494691625072, "sam_/ori_av": 1.608388801656675}, "DDC": 0.6836598304164403, "LCC": 0.0, "GCC": 0}, "rate-15": {"ANB_G": 0.0038628940666895137, "SP": 50.333333333333336, "ANB": 0.33333333333333326, "ACC": 0.020805179462935218, "CC": 1, "QCS": 0.8476211032948251, "SCS": {"ori-": 10.682551308890467, "sam_": 8.550132135041762, "ori-av": 0.059347507271613704, "sam_av": 0.09500146816713069, "sam_/ori_av": 1.60076593836268}, "DDC": 0.6836598304164403, "LCC": 0.0, "GCC": 0}, "rate-20": {"ANB_G": 0.003310452710683959, "SP": 67.0, "ANB": 0.33333333333333315, "ACC": 0.01562978466054483, "CC": 1, "QCS": 0.8187590506963386, "SCS": {"ori-": 14.127309301279587, "sam_": 11.25936350621293, "ori-av": 0.06306834509499816, "sam_av": 0.10053003130547258, "sam_/ori_av": 1.5939855589051353}, "DDC": 0.6836598304164403, "LCC": 0.0, "GCC": 0}, "rate-25": {"ANB_G": 0.002906034564208731, "SP": 83.66666666666667, "ANB": 0.3333333333333336, "ACC": 0.01251629025530426, "CC": 1, "QCS": 0.8213511486477014, "SCS": {"ori-": 17.176890706733737, "sam_": 13.610265601700782, "ori-av": 0.06982475897046235, "sam_av": 0.11065256586748604, "sam_/ori_av": 1.584718193073819}, "DDC": 0.6836598304164403, "LCC": 0.0, "GCC": 0}, "rate-30": {"ANB_G": 0.002548351717036044, "SP": 100.33333333333333, "ANB": 0.3333333333333334, "ACC": 0.010437176129779424, "CC": 1, "QCS": 0.7318661501490787, "SCS": {"ori-": 20.08839336326426, "sam_": 15.84358858232373, "ori-av": 0.07385438736494213, "sam_av": 0.11649697487002741, "sam_/ori_av": 1.5773873296703733}, "DDC": 0.6836598304164403, "LCC": 0.0, "GCC": 0}, "rate-35": {"ANB_G": 0.0022961405993760587, "SP": 117.0, "ANB": 0.33333333333333304, "ACC": 0.008950400897692903, "CC": 1, "QCS": 0.6598346375650591, "SCS": {"ori-": 23.45869580751733, "sam_": 18.469329239570136, "ori-av": 0.07567321228231397, "sam_av": 0.11915696283593637, "sam_/ori_av": 1.5746254089412461}, "DDC": 0.6836598304164403, "LCC": 0.0, "GCC": 0}, "rate-40": {"ANB_G": 0.002101669175532181, "SP": 133.66666666666666, "ANB": 0.3333333333333336, "ACC": 0.007834391943717565, "CC": 1, "QCS": 0.7031524252020697, "SCS": {"ori-": 26.15543432493921, "sam_": 20.50640324620619, "ori-av": 0.07878142868957594, "sam_av": 0.1235325496759409, "sam_/ori_av": 1.5680415007793107}, "DDC": 0.6836598304164403, "LCC": 0.0, "GCC": 0}}