{"rate-5": {"ANB_G": 0.0037324974564175257, "SP": 17.0, "ANB": 0.33333333333333337, "ACC": 0.061597992265136646, "CC": 1, "QCS": 0.8551196231400111, "SCS": {"ori-": 3.7480149960270808, "sam_": 3.0120786791075878, "ori-av": 0.05511786758863354, "sam_av": 0.08859054938551729, "sam_/ori_av": 1.607292757526536}, "DDC": 0.6836598304164403, "LCC": 0.0, "GCC": 0}, "rate-10": {"ANB_G": 0.004494256157010788, "SP": 33.666666666666664, "ANB": 0.3333333333333332, "ACC": 0.031104642607553013, "CC": 1, "QCS": 0.925785778675314, "SCS": {"ori-": 7.081328460712914, "sam_": 5.669932767429892, "ori-av": 0.06001125814163487, "sam_av": 0.09610055538016767, "sam_/ori_av": 1.601375447809427}, "DDC": 0.6836598304164403, "LCC": 0.0, "GCC": 0}, "rate-15": {"ANB_G": 0.0038786424458742384, "SP": 50.333333333333336, "ANB": 0.33333333333333326, "ACC": 0.020805179462935218, "CC": 1, "QCS": 0.8245000201630092, "SCS": {"ori-": 10.62210621043247, "sam_": 8.511838307540762, "ori-av": 0.05901170116906928, "sam_av": 0.09457598119489735, "sam_/ori_av": 1.6026648837649327}, "DDC": 0.6836598304164403, "LCC": 0.0, "GCC": 0}, "rate-20": {"ANB_G": 0.0033007949064946924, "SP": 67.0, "ANB": 0.33333333333333315, "ACC": 0.01562978466054483, "CC": 1, "QCS": 0.7707652389756335, "SCS": {"ori-": 13.755352876285462, "sam_": 10.933169845955929, "ori-av": 0.06613150421291088, "sam_av": 0.10512663313419163, "sam_/ori_av": 1.5896603953803263}, "DDC": 0.6836598304164403, "LCC": 0.0, "GCC": 0}, "rate-25": {"ANB_G": 0.0028989860252887217, "SP": 83.66666666666667, "ANB": 0.3333333333333336, "ACC": 0.01251629025530426, "CC": 1, "QCS": 0.7199809585332198, "SCS": {"ori-": 17.143290892992344, "sam_": 13.637495489725085, "ori-av": 0.06593573420381671, "sam_av": 0.10490381145942373, "sam_/ori_av": 1.5910008848184076}, "DDC": 0.6836598304164403, "LCC": 0.0, "GCC": 0}, "rate-30": {"ANB_G": 0.002548248291075049, "SP": 100.33333333333333, "ANB": 0.3333333333333334, "ACC": 0.010437176129779424, "CC": 1, "QCS": 0.7573636409383753, "SCS": {"ori-": 19.877263372398332, "sam_": 15.674506460186645, "ori-av": 0.07529266428938762, "sam_av": 0.11874626106202003, "sam_/ori_av": 1.5771292221194133}, "DDC": 0.6836598304164403, "LCC": 0.0, "GCC": 0}, "rate-35": {"ANB_G": 0.002317771091431901, "SP": 117.0, "ANB": 0.33333333333333304, "ACC": 0.008950400897692903, "CC": 1, "QCS": 0.7749690377471555, "SCS": {"ori-": 22.722295187659576, "sam_": 17.851852308819375, "ori-av": 0.0772867183253727, "sam_av": 0.12144117216883928, "sam_/ori_av": 1.5713071378911292}, "DDC": 0.6836598304164403, "LCC": 0.0, "GCC": 0}, "rate-40": {"ANB_G": 0.0020964618887891625, "SP": 133.66666666666666, "ANB": 0.3333333333333336, "ACC": 0.007834391943717565, "CC": 1, "QCS": 0.6793898443609548, "SCS": {"ori-": 25.86200581390489, "sam_": 20.25134563037951, "ori-av": 0.08236307584046143, "sam_av": 0.12898946261388222, "sam_/ori_av": 1.5661078863025566}, "DDC": 0.6836598304164403, "LCC": 0.0, "GCC": 0}}