{"rate-5": {"ANB_G": 0.004006900316719304, "SP": 2.2718367346938777, "ANB": 0.026496598639455783, "ACC": 0.44866453093225517, "CC": 1.0, "QCS": 0.38931770177820596, "SCS": {"ori-": 2.9267126998787014, "sam_": 2.244990106622452, "ori-av": 0.10402029754868884, "sam_av": 0.15887754259194775, "sam_/ori_av": 1.5337440405818812}, "DDC": 0.00017859812254261698, "LCC": 0.0, "GCC": 0.0}, "rate-10": {"ANB_G": 0.0031882608083955467, "SP": 2.409858585858586, "ANB": 0.014386312100597815, "ACC": 0.4187246010704423, "CC": 1.0, "QCS": 0.4412280490304001, "SCS": {"ori-": 5.204370776742205, "sam_": 3.857720460913774, "ori-av": 0.14155412641449602, "sam_av": 0.20990395579779647, "sam_/ori_av": 1.4829136506207132}, "DDC": 1.8719195526983866e-09, "LCC": 0.0, "GCC": 0.0}, "rate-15": {"ANB_G": 0.002712639725068233, "SP": 2.470281879194631, "ANB": 0.009934337021585344, "ACC": 0.4161307674489613, "CC": 1.0, "QCS": 0.45210432522053995, "SCS": {"ori-": 6.979572865094278, "sam_": 5.0195676187284635, "ori-av": 0.18161053552915835, "sam_av": 0.25733855261472, "sam_/ori_av": 1.4353790175279995}, "DDC": 3.6222136401420357e-12, "LCC": 0.0, "GCC": 0.0}, "rate-20": {"ANB_G": 0.002406014743325034, "SP": 2.9329849246231157, "ANB": 0.009762550124359169, "ACC": 0.34342488644442404, "CC": 1.0, "QCS": 0.5943222370070858, "SCS": {"ori-": 9.604355110152058, "sam_": 6.969452411045706, "ori-av": 0.161328123704422, "sam_av": 0.23386613614723495, "sam_/ori_av": 1.4506792184005637}, "DDC": 2.5719426588466375e-13, "LCC": 0.0, "GCC": 0.0}, "rate-25": {"ANB_G": 0.0023418308662043487, "SP": 3.0056224899598396, "ANB": 0.008087187459515482, "ACC": 0.33546703181278575, "CC": 1.0, "QCS": 0.6300007747932836, "SCS": {"ori-": 11.53535767489529, "sam_": 8.289585559019237, "ori-av": 0.17444217160488118, "sam_av": 0.25035248679153055, "sam_/ori_av": 1.4373434522007054}, "DDC": 2.462030579408747e-13, "LCC": 0.0, "GCC": 0.0}, "rate-30": {"ANB_G": 0.002096982992824693, "SP": 3.1544258639910816, "ANB": 0.007229616993258662, "ACC": 0.31982235970026796, "CC": 1.0, "QCS": 0.6600544407639429, "SCS": {"ori-": 13.74886718473743, "sam_": 9.889443246195766, "ori-av": 0.17711224228440686, "sam_av": 0.25460166107218696, "sam_/ori_av": 1.4383778995019738}, "DDC": 4.46842562951133e-13, "LCC": 0.0, "GCC": 0.0}, "rate-35": {"ANB_G": 0.001993743589614866, "SP": 3.102555873925502, "ANB": 0.006041827223923854, "ACC": 0.32676608775244553, "CC": 1.0, "QCS": 0.6142811532982366, "SCS": {"ori-": 14.84006945025875, "sam_": 10.382426660049822, "ori-av": 0.1961900039628446, "sam_av": 0.27383716386116874, "sam_/ori_av": 1.3972863914455613}, "DDC": 2.6440494121467486e-15, "LCC": 0.0, "GCC": 0.0}, "rate-40": {"ANB_G": 0.001850096259772533, "SP": 3.226230576441103, "ANB": 0.005593544161912318, "ACC": 0.3124156089493664, "CC": 1.0, "QCS": 0.6677432357757896, "SCS": {"ori-": 17.723006937402534, "sam_": 12.561764058337337, "ori-av": 0.19486881672600095, "sam_av": 0.27593600261542184, "sam_/ori_av": 1.4174851464395384}, "DDC": 2.7092056245106227e-15, "LCC": 0.0, "GCC": 0.0}}