{"rate-5": {"ANB_G": 0.0037171705016701027, "SP": 17.0, "ANB": 0.33333333333333337, "ACC": 0.061597992265136646, "CC": 1.0, "QCS": 0.8671940625478414, "SCS": {"ori-": 3.6127968567906414, "sam_": 2.915901157012648, "ori-av": 0.05227298749462224, "sam_av": 0.08436802740015219, "sam_/ori_av": 1.6144527791292957}, "DDC": 0.6836598304164403, "LCC": 0.0, "GCC": 0.0}, "rate-10": {"ANB_G": 0.004500256629087964, "SP": 33.666666666666664, "ANB": 0.3333333333333332, "ACC": 0.031104642607553013, "CC": 1.0, "QCS": 0.9297855787832209, "SCS": {"ori-": 6.8821906886888495, "sam_": 5.519021947597917, "ori-av": 0.05768671981041153, "sam_av": 0.09251935725819643, "sam_/ori_av": 1.6040003430550294}, "DDC": 0.6836598304164403, "LCC": 0.0, "GCC": 0.0}, "rate-15": {"ANB_G": 0.00386890173495094, "SP": 50.333333333333336, "ANB": 0.33333333333333326, "ACC": 0.020805179462935218, "CC": 1.0, "QCS": 0.859465983956268, "SCS": {"ori-": 10.138533562227334, "sam_": 8.102896305537387, "ori-av": 0.060811213663799935, "sam_av": 0.0971766149179966, "sam_/ori_av": 1.5982409615339805}, "DDC": 0.6836598304164403, "LCC": 0.0, "GCC": 0.0}, "rate-20": {"ANB_G": 0.0033168522096588627, "SP": 67.0, "ANB": 0.33333333333333315, "ACC": 0.01562978466054483, "CC": 1.0, "QCS": 0.7739452376133019, "SCS": {"ori-": 13.399064521269029, "sam_": 10.67645127467593, "ori-av": 0.06319406305830211, "sam_av": 0.10070065671217407, "sam_/ori_av": 1.5935627093136684}, "DDC": 0.6836598304164403, "LCC": 0.0, "GCC": 0.0}, "rate-25": {"ANB_G": 0.002896557673731096, "SP": 83.66666666666667, "ANB": 0.3333333333333336, "ACC": 0.01251629025530426, "CC": 1.0, "QCS": 0.7525789894566894, "SCS": {"ori-": 16.35700742114969, "sam_": 12.978259989531413, "ori-av": 0.06876289899675483, "sam_av": 0.10910209207590185, "sam_/ori_av": 1.5867468539937999}, "DDC": 0.6836598304164403, "LCC": 0.0, "GCC": 0.0}, "rate-30": {"ANB_G": 0.0025552661509053135, "SP": 100.33333333333333, "ANB": 0.3333333333333334, "ACC": 0.010437176129779424, "CC": 1.0, "QCS": 0.7021461590773079, "SCS": {"ori-": 19.278559582014374, "sam_": 15.223360929056003, "ori-av": 0.07276014733936016, "sam_av": 0.11491778498661834, "sam_/ori_av": 1.5795211031294216}, "DDC": 0.6836598304164403, "LCC": 0.0, "GCC": 0.0}, "rate-35": {"ANB_G": 0.0023078276281573115, "SP": 117.0, "ANB": 0.33333333333333304, "ACC": 0.008950400897692903, "CC": 1.0, "QCS": 0.693157797256083, "SCS": {"ori-": 22.154422852151047, "sam_": 17.440123947895394, "ori-av": 0.07536746473250248, "sam_av": 0.11866498310553195, "sam_/ori_av": 1.5745666998834609}, "DDC": 0.6836598304164403, "LCC": 0.0, "GCC": 0.0}, "rate-40": {"ANB_G": 0.002101923853872507, "SP": 133.66666666666666, "ANB": 0.3333333333333336, "ACC": 0.007834391943717565, "CC": 1.0, "QCS": 0.6728063622851603, "SCS": {"ori-": 25.08930981375238, "sam_": 19.685699839158694, "ori-av": 0.07861985044280279, "sam_av": 0.123379558561959, "sam_/ori_av": 1.5694428456394354}, "DDC": 0.6836598304164403, "LCC": 0.0, "GCC": 0.0}}