{"rate-5": {"ANB_G": 0.0024466369937415967, "SP": 2.249142857142857, "ANB": 0.026023809523809525, "ACC": 0.45700646609639534, "CC": 1.0, "QCS": 0.7745854658051466, "SCS": {"ori-": 3.430520548632395, "sam_": 2.7499029631141894, "ori-av": 0.057295481492178404, "sam_av": 0.09180245269317436, "sam_/ori_av": 1.6037519779339202}, "DDC": 0.3352852226685271, "LCC": 0.2474306390018949, "GCC": 0.2514426026620225}, "rate-10": {"ANB_G": 0.0022276669736180114, "SP": 2.1474747474747473, "ANB": 0.011708925994640278, "ACC": 0.4719723346854094, "CC": 1.0, "QCS": 0.8104534256037697, "SCS": {"ori-": 6.536633628415444, "sam_": 5.135573297881718, "ori-av": 0.07545528382337333, "sam_av": 0.11854429848865784, "sam_/ori_av": 1.5714631359489755}, "DDC": 0.06325444090159253, "LCC": 0.22447132280955123, "GCC": 0.23075336625216272}, "rate-15": {"ANB_G": 0.0021299373334032917, "SP": 2.125046979865772, "ANB": 0.007601668782876837, "ACC": 0.47665210419201526, "CC": 1.0, "QCS": 0.8440465542767797, "SCS": {"ori-": 9.133805391370819, "sam_": 7.105834346119169, "ori-av": 0.08516825192127728, "sam_av": 0.13251880282381495, "sam_/ori_av": 1.55644813870064}, "DDC": 0.09585709534422064, "LCC": 0.22052414533664963, "GCC": 0.23623805299429773}, "rate-20": {"ANB_G": 0.002013019366174624, "SP": 2.093929648241206, "ANB": 0.005524897213339425, "ACC": 0.4822534872710662, "CC": 1.0, "QCS": 0.8720910339715356, "SCS": {"ori-": 11.595639697201312, "sam_": 8.92751445269855, "ori-av": 0.09750956390427143, "sam_av": 0.15016687984429816, "sam_/ori_av": 1.5402469898585536}, "DDC": 0.1720593242090392, "LCC": 0.21321503042002182, "GCC": 0.21760024205195821}, "rate-25": {"ANB_G": 0.001964439122889202, "SP": 2.0639100401606427, "ANB": 0.00428995983935743, "ACC": 0.4883515162108957, "CC": 1.0, "QCS": 0.8952572324802152, "SCS": {"ori-": 14.383838550780485, "sam_": 11.030904663687748, "ori-av": 0.10341667922278412, "sam_av": 0.15847366834325746, "sam_/ori_av": 1.5341304172330716}, "DDC": 0.18110026071955082, "LCC": 0.20827057606218294, "GCC": 0.212530011814567}, "rate-30": {"ANB_G": 0.0019057387762228448, "SP": 2.0436789297658864, "ANB": 0.0035022782878049866, "ACC": 0.4925536086389323, "CC": 1.0, "QCS": 0.8751382043307296, "SCS": {"ori-": 16.584814191436102, "sam_": 12.545887691113197, "ori-av": 0.11759767917036153, "sam_av": 0.17785060674307634, "sam_/ori_av": 1.5130165452260171}, "DDC": 0.14876084319422064, "LCC": 0.20297839739827267, "GCC": 0.2072094255046205}, "rate-35": {"ANB_G": 0.0018161001429987781, "SP": 2.0286074498567332, "ANB": 0.0029557685340710726, "ACC": 0.49563533177330604, "CC": 1.0, "QCS": 0.8979991117782941, "SCS": {"ori-": 18.709316844531106, "sam_": 14.020733708089153, "ori-av": 0.12631003993953155, "sam_av": 0.18925792282433102, "sam_/ori_av": 1.4988364634910196}, "DDC": 0.16415281325075054, "LCC": 0.19062457177908557, "GCC": 0.1923816591038281}, "rate-40": {"ANB_G": 0.0016955312650213962, "SP": 2.0424611528822054, "ANB": 0.0026192491278447367, "ACC": 0.49221955011328583, "CC": 1.0, "QCS": 0.9191413208922425, "SCS": {"ori-": 20.61724415409158, "sam_": 15.279196818870526, "ori-av": 0.14228227731346046, "sam_av": 0.2104825682937969, "sam_/ori_av": 1.4808526699685256}, "DDC": 0.1227007744863653, "LCC": 0.17828960065252913, "GCC": 0.18345432864329672}}