{"rate_5": {"ANB_G": 0.001564146191762067, "SP": 2.8570391872278664, "ACE": 0.10282248900335414, "ANB": 0.03641253308289934, "ACC": 0.36024733217635513, "CC": 1.0, "QCS": 0.8703171917608987, "SCS": {"ori-": 3.6593692299162166, "sam_": 2.9184584504466407, "ori-av": 0.060326825768962866, "sam_av": 0.09621090406982125, "sam_/ori_av": 1.5950039495651571}, "DDC": 0.5236590439598037, "LCC": 0.14048886124357818, "GCC": 0.1549053356282272}, "rate_10": {"ANB_G": 0.0014108540793498444, "SP": 2.5994108983799706, "ACE": 0.07643196591453102, "ANB": 0.01666053019145803, "ACC": 0.3904992699668168, "CC": 1.0, "QCS": 0.8686452665474869, "SCS": {"ori-": 6.832141370361737, "sam_": 5.365520671345631, "ori-av": 0.07251410944987982, "sam_av": 0.11388084905245625, "sam_/ori_av": 1.5706136817388086}, "DDC": 0.3298034216351763, "LCC": 0.11593495894247771, "GCC": 0.13080771979985703}, "rate_15": {"ANB_G": 0.001433076655075123, "SP": 2.4127294753517847, "ACE": 0.06522678312779165, "ANB": 0.009742961898977831, "ACC": 0.41941902258816155, "CC": 1.0, "QCS": 0.8663191037009763, "SCS": {"ori-": 9.605900693571263, "sam_": 7.492927869039019, "ori-av": 0.08177878216027074, "sam_av": 0.12744730262299594, "sam_/ori_av": 1.5597263970426947}, "DDC": 0.25126081920808985, "LCC": 0.11808989587221341, "GCC": 0.12402544111612639}, "rate_20": {"ANB_G": 0.0013920575829096194, "SP": 2.3622006870737837, "ACE": 0.05663508890866832, "ANB": 0.00695000350547849, "ACC": 0.42740977209515635, "CC": 1.0, "QCS": 0.8839053476769004, "SCS": {"ori-": 11.931883355828397, "sam_": 9.201542544784914, "ori-av": 0.09432251696201617, "sam_av": 0.14545377087483632, "sam_/ori_av": 1.5422788422694516}, "DDC": 0.5802806551171878, "LCC": 0.11835409127822757, "GCC": 0.13078632559459077}, "rate_25": {"ANB_G": 0.001312962838749206, "SP": 2.327510774454747, "ACE": 0.05081044303386406, "ANB": 0.005396385262011175, "ACC": 0.43323107581096154, "CC": 1.0, "QCS": 0.8622042925000221, "SCS": {"ori-": 14.74858622259183, "sam_": 11.290063504316679, "ori-av": 0.1055448233489085, "sam_av": 0.16134032217006009, "sam_/ori_av": 1.5303768022171023}, "DDC": 0.2482185192905507, "LCC": 0.1195041913708875, "GCC": 0.12030682276947921}, "rate_30": {"ANB_G": 0.0013568548809748924, "SP": 2.2434324633021703, "ACE": 0.04582548506637695, "ANB": 0.004063504782033234, "ACC": 0.44903703205020784, "CC": 1.0, "QCS": 0.8837466525296185, "SCS": {"ori-": 17.568657206212766, "sam_": 13.342988343174472, "ori-av": 0.115851504262323, "sam_av": 0.175937234432974, "sam_/ori_av": 1.5188609343241546}, "DDC": 0.7339665085763746, "LCC": 0.11954852577651079, "GCC": 0.12479320248289369}, "rate_35": {"ANB_G": 0.0013460227996148634, "SP": 2.2004558404558403, "ACE": 0.04289461019463422, "ANB": 0.0034397015485840713, "ACC": 0.45751569717663704, "CC": 1.0, "QCS": 0.8793502954155574, "SCS": {"ori-": 19.26894070900972, "sam_": 14.498289780133451, "ori-av": 0.12566883307702925, "sam_av": 0.18907498907689263, "sam_/ori_av": 1.5047420865108936}, "DDC": 0.6673808853700554, "LCC": 0.12430102272441375, "GCC": 0.1297311271975181}, "rate_40": {"ANB_G": 0.0013664640777461923, "SP": 2.1563092269326685, "ACE": 0.04051655413611899, "ANB": 0.0028980181126132044, "ACC": 0.46649832827665777, "CC": 1.0, "QCS": 0.865609982636958, "SCS": {"ori-": 21.505485642697533, "sam_": 15.972498959559896, "ori-av": 0.136999746758461, "sam_av": 0.20346626319939495, "sam_/ori_av": 1.485323666142329}, "DDC": 0.6989389804190478, "LCC": 0.12131577288082525, "GCC": 0.12949192811794305}}