{"rate_100": {"SP": 2.0492892892892893, "ACE": 0.025648384889550627, "ANB": 0.0010513920734361605, "ACC": 0.48909295639114, "CC": 1, "LCC": 0.1108398200030907, "GCC": 0.11077503745778064}}