{"rate-5": {"ANB_G": 0.0009880267902547804, "SP": 4.68101167301286, "ANB": 0.027159863945578226, "ACC": 0.1783259115592499, "CC": 12.4, "QCS": 0.8304900506913278, "SCS": {"ori-": 3.542961583444343, "sam_": 2.866340717365496, "ori-av": 0.04856145435141602, "sam_av": 0.0785574453523653, "sam_/ori_av": 1.6188045824184758}, "DDC": 0.15117608608627833, "LCC": 0.03292063492063492, "GCC": 0.07080943433128359}, "rate-10": {"ANB_G": 0.0009814605837184444, "SP": 2.9872725057167093, "ANB": 0.018967635539064113, "ACC": 0.3218242156806458, "CC": 4.2, "QCS": 0.8871715036920271, "SCS": {"ori-": 6.683080035437255, "sam_": 5.314870299709584, "ori-av": 0.0630742619966205, "sam_av": 0.10030562998036752, "sam_/ori_av": 1.5907676251001264}, "DDC": 0.3030035785697751, "LCC": 0.08985587788574327, "GCC": 0.10089840919591637}, "rate-15": {"ANB_G": 0.0010924721295260127, "SP": 2.613608634333572, "ANB": 0.01080839228490235, "ACC": 0.38595828661003784, "CC": 1.6, "QCS": 0.863064547205411, "SCS": {"ori-": 9.485335577693057, "sam_": 7.43385429239309, "ori-av": 0.07710233744001423, "sam_av": 0.12082252241570093, "sam_/ori_av": 1.5677324673024413}, "DDC": 0.14639716019330912, "LCC": 0.11008474731722676, "GCC": 0.10341642002863376}, "rate-20": {"ANB_G": 0.0011003948702654534, "SP": 2.4857403177503676, "ANB": 0.007488249327445308, "ACC": 0.40623649047395816, "CC": 1.2, "QCS": 0.8925994855036088, "SCS": {"ori-": 12.012415107306229, "sam_": 9.315371258109698, "ori-av": 0.08844861917680662, "sam_av": 0.13717205812448569, "sam_/ori_av": 1.5514323207617335}, "DDC": 0.4606159902996064, "LCC": 0.1093409022358967, "GCC": 0.10793525729454875}, "rate-25": {"ANB_G": 0.0010859907423786236, "SP": 2.423717269076305, "ANB": 0.005740795439823809, "ACC": 0.416749102048154, "CC": 1.0, "QCS": 0.8282905531084832, "SCS": {"ori-": 14.200120651063788, "sam_": 10.827182623679807, "ori-av": 0.10648269592237307, "sam_av": 0.16232163159795868, "sam_/ori_av": 1.524536107928857}, "DDC": 0.375891283331223, "LCC": 0.11649512016935919, "GCC": 0.11536760766397425}, "rate-30": {"ANB_G": 0.001044269119256954, "SP": 2.37835005574136, "ANB": 0.004625335757521344, "ACC": 0.424046773889707, "CC": 1.0, "QCS": 0.8865680506409503, "SCS": {"ori-": 16.778571080974622, "sam_": 12.765220405676057, "ori-av": 0.11260881667367506, "sam_av": 0.17131571543617585, "sam_/ori_av": 1.5214134292462895}, "DDC": 0.5432137035431908, "LCC": 0.10683790812286673, "GCC": 0.10366910716959452}, "rate-35": {"ANB_G": 0.0010174668424079737, "SP": 2.3365108473188707, "ANB": 0.0038405484118358333, "ACC": 0.43132598686523443, "CC": 1.0, "QCS": 0.878990788608556, "SCS": {"ori-": 18.819749688219453, "sam_": 14.151540083561523, "ori-av": 0.1261645087035945, "sam_av": 0.18966612786309067, "sam_/ori_av": 1.5036114253249813}, "DDC": 0.3875906854584629, "LCC": 0.11065399544181631, "GCC": 0.10809162311947447}, "rate-40": {"ANB_G": 0.0010361435304923976, "SP": 2.2924110275689222, "ANB": 0.0032472638883641242, "ACC": 0.43958651318987074, "CC": 1.0, "QCS": 0.899694472138265, "SCS": {"ori-": 21.31452621637701, "sam_": 15.943793877224437, "ori-av": 0.1328820089544694, "sam_av": 0.19860013301205467, "sam_/ori_av": 1.49532526925069}, "DDC": 0.47330035911220775, "LCC": 0.10772045156654882, "GCC": 0.10643525761055994}}