{"rate-5": {"ANB_G": 0.0022011232787438402, "SP": 24.933333333333334, "ANB": 3.3613445378151255e-05, "ACC": 0.021336267840469533, "CC": 24.4, "QCS": 0.6227540918453397, "SCS": {"ori-": 3.8629671676100203, "sam_": 3.1551315013090635, "ori-av": 0.04293581004085203, "sam_av": 0.07013572043629648, "sam_/ori_av": 1.6340578562038943}, "DDC": 0.6793769966424507, "LCC": 0.0, "GCC": 0.0}, "rate-10": {"ANB_G": 0.0025091512202257004, "SP": 48.900000000000006, "ANB": 1.9169263865162026e-05, "ACC": 0.01136398973230656, "CC": 46.4, "QCS": 0.46217041443792184, "SCS": {"ori-": 7.472812259763143, "sam_": 6.114908030933398, "ori-av": 0.04178514546084222, "sam_av": 0.06838463639646472, "sam_/ori_av": 1.63697381496504}, "DDC": 0.3124166062465756, "LCC": 0.0, "GCC": 0.0}, "rate-15": {"ANB_G": 0.002195702226904377, "SP": 72.06666666666668, "ANB": 1.7697683460606263e-05, "ACC": 0.008106767914088242, "CC": 67.0, "QCS": 0.39680643140247723, "SCS": {"ori-": 11.117229595593084, "sam_": 9.083206949362179, "ori-av": 0.042920494844348636, "sam_av": 0.07013661576001025, "sam_/ori_av": 1.6344286163699224}, "DDC": 0.5065231549247653, "LCC": 0.0, "GCC": 0.0}, "rate-20": {"ANB_G": 0.0019775911149238776, "SP": 93.30507936507937, "ANB": 1.989443675485826e-05, "ACC": 0.006713199629896652, "CC": 83.6, "QCS": 0.3410385381385594, "SCS": {"ori-": 14.999546329724245, "sam_": 12.227257572279274, "ori-av": 0.04439864079980806, "sam_av": 0.07238503407997715, "sam_/ori_av": 1.6307531061186622}, "DDC": 0.274088582176119, "LCC": 0.0, "GCC": 0.0}, "rate-25": {"ANB_G": 0.001953736572268017, "SP": 114.72808080808079, "ANB": 2.1624810513097242e-05, "ACC": 0.005707992244626804, "CC": 98.6, "QCS": 0.33436813149440126, "SCS": {"ori-": 18.410060421609835, "sam_": 15.016152023938833, "ori-av": 0.04406768359866285, "sam_av": 0.07188822543169968, "sam_/ori_av": 1.6315468764371261}, "DDC": 0.22615840991831906, "LCC": 0.0, "GCC": 0.0}, "rate-30": {"ANB_G": 0.001819223611964057, "SP": 130.68204867028393, "ANB": 3.917607535932602e-05, "ACC": 0.005590973866040623, "CC": 106.2, "QCS": 0.3462639784750455, "SCS": {"ori-": 22.10569133889346, "sam_": 17.971533627335138, "ori-av": 0.04621988063827774, "sam_av": 0.07514792198343194, "sam_/ori_av": 1.626118966348886}, "DDC": 0.080348470961222, "LCC": 0.0, "GCC": 0.0}, "rate-35": {"ANB_G": 0.0018064723014089418, "SP": 144.79798304035143, "ANB": 4.4113841564686335e-05, "ACC": 0.005478473912398157, "CC": 111.2, "QCS": 0.3578746433097074, "SCS": {"ori-": 25.297337592682943, "sam_": 20.557326339676315, "ori-av": 0.04639382618332412, "sam_av": 0.07540473412560793, "sam_/ori_av": 1.6256174737069997}, "DDC": 0.0395973580086616, "LCC": 0.0, "GCC": 0.0}, "rate-40": {"ANB_G": 0.0016941185156423243, "SP": 156.30269214293793, "ANB": 0.00012060552765389455, "ACC": 0.005944029089618225, "CC": 115.2, "QCS": 0.46682785914202773, "SCS": {"ori-": 28.97383783522867, "sam_": 23.44676266399775, "ori-av": 0.04882078628662455, "sam_av": 0.07901776626704933, "sam_/ori_av": 1.6186931396860633}, "DDC": 0.2044936906812429, "LCC": 0.0, "GCC": 0.0}}