{"rate-5": {"ANB_G": 0.001073918095267874, "SP": 4.00600734423862, "ANB": 0.033503401360544215, "ACC": 0.23431006116861655, "CC": 7.6, "QCS": 0.8108159402957469, "SCS": {"ori-": 3.629972960496656, "sam_": 2.9358670208695195, "ori-av": 0.05028871885074965, "sam_av": 0.0813180375062724, "sam_/ori_av": 1.6172022861169637}, "DDC": 0.19584388251196294, "LCC": 0.06383070263070263, "GCC": 0.09363728331467688}, "rate-10": {"ANB_G": 0.001189645348264642, "SP": 2.8262218492520406, "ANB": 0.0181038961038961, "ACC": 0.35447936987726225, "CC": 2.4, "QCS": 0.8406156831800408, "SCS": {"ori-": 6.670823942469357, "sam_": 5.297749409173874, "ori-av": 0.06522903290565292, "sam_av": 0.10358055879597798, "sam_/ori_av": 1.5883588874781787}, "DDC": 0.34953989145686054, "LCC": 0.11758312314931815, "GCC": 0.128711769458559}, "rate-15": {"ANB_G": 0.0010248756171908743, "SP": 2.670760263619324, "ANB": 0.011255335872785538, "ACC": 0.3793017610429244, "CC": 1.2, "QCS": 0.9077932654746885, "SCS": {"ori-": 9.31880786703954, "sam_": 7.29234867360592, "ori-av": 0.08040043346411299, "sam_av": 0.12582772406402018, "sam_/ori_av": 1.5652204711110258}, "DDC": 0.15931628390891206, "LCC": 0.10747804929135577, "GCC": 0.10334078704748333}, "rate-20": {"ANB_G": 0.0010400609111973866, "SP": 2.5207437185929646, "ANB": 0.0076805238312776, "ACC": 0.40107464350245925, "CC": 1.0, "QCS": 0.8908274556598513, "SCS": {"ori-": 12.108054016293362, "sam_": 9.39140887059666, "ori-av": 0.09082752294767053, "sam_av": 0.14086424962594332, "sam_/ori_av": 1.5512179784151445}, "DDC": 0.3178514755308279, "LCC": 0.11259984836257494, "GCC": 0.10930641728151154}, "rate-25": {"ANB_G": 0.0010348459407453106, "SP": 2.4303293172690763, "ANB": 0.005767456924472082, "ACC": 0.41539509602921465, "CC": 1.0, "QCS": 0.9111594792801911, "SCS": {"ori-": 14.693489395201572, "sam_": 11.286046250062807, "ori-av": 0.09915698528746503, "sam_av": 0.1523408778692335, "sam_/ori_av": 1.5366023513698106}, "DDC": 0.2965447071274335, "LCC": 0.11183768783266221, "GCC": 0.10757436095890208}, "rate-30": {"ANB_G": 0.0010711023701972615, "SP": 2.35453734671126, "ANB": 0.0045454273379572484, "ACC": 0.4283360009991696, "CC": 1.0, "QCS": 0.9116237321467014, "SCS": {"ori-": 16.794068685309576, "sam_": 12.73941098353412, "ori-av": 0.1150058702280469, "sam_av": 0.1742769011037909, "sam_/ori_av": 1.5162706166503264}, "DDC": 0.3959952549767799, "LCC": 0.11744400861562224, "GCC": 0.1139924655790742}, "rate-35": {"ANB_G": 0.001020698961668183, "SP": 2.3293327875562833, "ANB": 0.003819921803322652, "ACC": 0.4327254751918609, "CC": 1.0, "QCS": 0.936845218215946, "SCS": {"ori-": 19.04679389825609, "sam_": 14.35234580033027, "ori-av": 0.12172902929012755, "sam_av": 0.18342607143095158, "sam_/ori_av": 1.5069537705071943}, "DDC": 0.5109981671305392, "LCC": 0.1041274389916201, "GCC": 0.10141521969143712}, "rate-40": {"ANB_G": 0.001046977913874194, "SP": 2.293428571428571, "ANB": 0.0032498205312275646, "ACC": 0.4394574805283762, "CC": 1.0, "QCS": 0.8998366018111359, "SCS": {"ori-": 21.484037510094744, "sam_": 16.13376882696405, "ori-av": 0.12820251457981735, "sam_av": 0.19244064869805788, "sam_/ori_av": 1.5015334075819884}, "DDC": 0.4467423015507654, "LCC": 0.11123746875625037, "GCC": 0.11003003109823906}}