{"rate-5": {"ANB_G": 0.002434899171229756, "SP": 14.250448979591837, "ANB": 0.27605102040816326, "ACC": 0.07512418854885287, "CC": 1.0, "QCS": 0.8328807699814057, "SCS": {"ori-": 3.5129469277414627, "sam_": 2.8205319882252615, "ori-av": 0.05593754218914544, "sam_av": 0.08977782595572957, "sam_/ori_av": 1.6060905063635815}, "DDC": 0.8276744263497721, "LCC": 0.008666666666666668, "GCC": 0.011320754716981133}, "rate-10": {"ANB_G": 0.002112240540222291, "SP": 11.749696969696968, "ANB": 0.10969078540507109, "ACC": 0.09229892838224327, "CC": 1.0, "QCS": 0.9453109234897837, "SCS": {"ori-": 6.840583350266963, "sam_": 5.472155629503858, "ori-av": 0.059716385156688555, "sam_av": 0.09554671397293928, "sam_/ori_av": 1.6000821465903374}, "DDC": 0.3605311130039701, "LCC": 0.0008666666666666666, "GCC": 0.004225352112676056}, "rate-15": {"ANB_G": 0.0020732214826395937, "SP": 11.187686800894856, "ANB": 0.06883572162766793, "ACC": 0.09927564054560165, "CC": 1.0, "QCS": 0.8902438459637366, "SCS": {"ori-": 10.11706016123563, "sam_": 8.03303186607955, "ori-av": 0.06466458809654685, "sam_av": 0.10268906633436344, "sam_/ori_av": 1.5882348073110517}, "DDC": 0.14627377412272022, "LCC": 0.011022222222222225, "GCC": 0.013398131991904243}, "rate-20": {"ANB_G": 0.001959235767833371, "SP": 8.336150753768845, "ANB": 0.03705126643317598, "ACC": 0.1239115746929949, "CC": 1.0, "QCS": 0.8307758228292638, "SCS": {"ori-": 13.269577286527129, "sam_": 10.525189329245732, "ori-av": 0.06657723079529725, "sam_av": 0.10561657764162886, "sam_/ori_av": 1.5866090973186684}, "DDC": 0.22812930960843167, "LCC": 0.005666666666666667, "GCC": 0.004413779358063153}, "rate-25": {"ANB_G": 0.0020501713402409283, "SP": 7.825246586345381, "ANB": 0.027521155590102337, "ACC": 0.13186312141961767, "CC": 1.0, "QCS": 0.8024769022283043, "SCS": {"ori-": 16.144582344445308, "sam_": 12.74305453302154, "ori-av": 0.07194926563968167, "sam_av": 0.11357355506553528, "sam_/ori_av": 1.5786789495123212}, "DDC": 0.09615536791347987, "LCC": 0.008647619047619046, "GCC": 0.009479357476610523}, "rate-30": {"ANB_G": 0.0018460537438956288, "SP": 7.317279821627648, "ANB": 0.0211989255759317, "ACC": 0.14046307256901308, "CC": 1.0, "QCS": 0.7837133739792859, "SCS": {"ori-": 18.745169924816615, "sam_": 14.702132425700071, "ori-av": 0.07701758802589867, "sam_av": 0.1207838722125831, "sam_/ori_av": 1.5687226406816683}, "DDC": 0.0884358534707548, "LCC": 0.007837518037518037, "GCC": 0.007139810399219801}, "rate-35": {"ANB_G": 0.0017857592406260868, "SP": 6.609879656160459, "ANB": 0.01612034383954155, "ACC": 0.1553341385017033, "CC": 1.0, "QCS": 0.7583982009623437, "SCS": {"ori-": 21.895271753545554, "sam_": 17.131191628889987, "ori-av": 0.0799518906440647, "sam_av": 0.12511820718727756, "sam_/ori_av": 1.5650931492986995}, "DDC": 0.061744374041563674, "LCC": 0.0070965986394557826, "GCC": 0.0068235583418538425}, "rate-40": {"ANB_G": 0.0016703264517357098, "SP": 6.400333333333333, "ANB": 0.013568676716917926, "ACC": 0.1596708484882235, "CC": 1.0, "QCS": 0.7311489762870543, "SCS": {"ori-": 24.2849498241337, "sam_": 18.861053253829787, "ori-av": 0.08910231865296532, "sam_av": 0.1384050908570323, "sam_/ori_av": 1.5535119749330497}, "DDC": 0.014414887524381425, "LCC": 0.007049675324675324, "GCC": 0.00778899841751141}}