{"rate-5": {"ANB_G": 0.002329029444447563, "SP": 2.374498599439776, "ANB": 0.02853641456582633, "ACC": 0.4337885948538128, "CC": 1.0, "QCS": 0.7736277955634244, "SCS": {"ori-": 3.3762600245817844, "sam_": 2.695802319823797, "ori-av": 0.059601615331765986, "sam_av": 0.09515339969698493, "sam_/ori_av": 1.5972995510387455}, "DDC": 0.1815839957589287, "LCC": 0.22310251642635542, "GCC": 0.23497539079920154}, "rate-10": {"ANB_G": 0.0021740327664251436, "SP": 2.2253569356935694, "ANB": 0.012451196140022163, "ACC": 0.45659121775473743, "CC": 1.0, "QCS": 0.7921507265187652, "SCS": {"ori-": 6.51261747221358, "sam_": 5.148240708047803, "ori-av": 0.06945733328704692, "sam_av": 0.10979189928668753, "sam_/ori_av": 1.5812387914629578}, "DDC": 0.25438054733593596, "LCC": 0.2220579685649248, "GCC": 0.2358986597809901}, "rate-15": {"ANB_G": 0.002048811036919042, "SP": 2.1715509726358206, "ANB": 0.007873343720181357, "ACC": 0.4663171440077911, "CC": 1.0, "QCS": 0.8571987996334001, "SCS": {"ori-": 9.008427872792868, "sam_": 6.989958392829121, "ori-av": 0.08775058845197409, "sam_av": 0.13613299535209264, "sam_/ori_av": 1.5516603137156102}, "DDC": 0.06622929301509022, "LCC": 0.20853140072534923, "GCC": 0.21549872901135703}, "rate-20": {"ANB_G": 0.00203126719875793, "SP": 2.105577889447236, "ANB": 0.00558372671437998, "ACC": 0.47993186279069133, "CC": 1.0, "QCS": 0.8388220706141751, "SCS": {"ori-": 11.66355718942513, "sam_": 8.944232835513626, "ori-av": 0.09968974748864891, "sam_av": 0.15285518458543398, "sam_/ori_av": 1.5339655663579785}, "DDC": 0.1035269417644974, "LCC": 0.21695991473267978, "GCC": 0.22145775685832603}, "rate-25": {"ANB_G": 0.0019389583317642382, "SP": 2.0790168674698792, "ANB": 0.004350874465604354, "ACC": 0.4850819046189586, "CC": 1.0, "QCS": 0.862841697771672, "SCS": {"ori-": 14.320229134742723, "sam_": 10.958829972664342, "ori-av": 0.10489995564030466, "sam_av": 0.16039446375597416, "sam_/ori_av": 1.5298417781737974}, "DDC": 0.17000012179395482, "LCC": 0.21032436756023257, "GCC": 0.21761710833521364}, "rate-30": {"ANB_G": 0.001816437232100994, "SP": 2.066461538461539, "ANB": 0.003578729994837377, "ACC": 0.4873561187397578, "CC": 1.0, "QCS": 0.8990838470752095, "SCS": {"ori-": 16.551070506088106, "sam_": 12.522814035631137, "ori-av": 0.11678911539722366, "sam_av": 0.1767288261687618, "sam_/ori_av": 1.5133232399825474}, "DDC": 0.10927879850745101, "LCC": 0.19047546890853356, "GCC": 0.19503533953766522}, "rate-35": {"ANB_G": 0.001774744379487964, "SP": 2.0498469095374543, "ANB": 0.0030168014641880855, "ACC": 0.49085260147632204, "CC": 1.0, "QCS": 0.8843174589773612, "SCS": {"ori-": 18.5843748577464, "sam_": 13.95198696965626, "ori-av": 0.12779311202362065, "sam_av": 0.1918764080280116, "sam_/ori_av": 1.5015179906470137}, "DDC": 0.29015614418075797, "LCC": 0.19200729914310247, "GCC": 0.19307510600725047}, "rate-40": {"ANB_G": 0.001691960399143485, "SP": 2.0482570391064945, "ANB": 0.0026325036076701607, "ACC": 0.490911422736888, "CC": 1.0, "QCS": 0.9122718132924618, "SCS": {"ori-": 21.469309297658913, "sam_": 16.109251526707578, "ori-av": 0.12905551272677115, "sam_av": 0.19342630022791854, "sam_/ori_av": 1.4998454703803408}, "DDC": 0.14322518569960174, "LCC": 0.18135197400538136, "GCC": 0.18308787087497003}}