{"rate-5": {"ANB_G": 0.00331831032843203, "SP": 2.0195918367346937, "ANB": 0.021241496598639456, "ACC": 0.5041055958630879, "CC": 1, "QCS": 0.7650020588725194, "SCS": {"ori-": 3.5396999859672307, "sam_": 2.837696169009685, "ori-av": 0.05709193525753598, "sam_av": 0.09153858609708662, "sam_/ori_av": 1.6033540584001096}, "DDC": 0.038326751723116614, "LCC": 0.324088626749927, "GCC": 0.35550053059780684}, "rate-10": {"ANB_G": 0.0023830363991164407, "SP": 2.1492929292929293, "ANB": 0.011727478870336015, "ACC": 0.4722933144716243, "CC": 1, "QCS": 0.8180562624241482, "SCS": {"ori-": 6.811987513202237, "sam_": 5.391313442722187, "ori-av": 0.06951007666532895, "sam_av": 0.11002680495351402, "sam_/ori_av": 1.5828899956946023}, "DDC": 0.067246471043923, "LCC": 0.292548743417041, "GCC": 0.29018410760278546}, "rate-15": {"ANB_G": 0.0021989317092516642, "SP": 2.0895749440715883, "ANB": 0.007361992865348569, "ACC": 0.48389973573641004, "CC": 1, "QCS": 0.7921387416894289, "SCS": {"ori-": 9.531480745169207, "sam_": 7.4029472498219855, "ori-av": 0.0866498249560837, "sam_av": 0.13459904090585428, "sam_/ori_av": 1.553367718562299}, "DDC": 0.09680924088771448, "LCC": 0.24044783032974554, "GCC": 0.2559660654729139}, "rate-20": {"ANB_G": 0.001799306484002128, "SP": 2.138291457286432, "ANB": 0.005748946753971883, "ACC": 0.47199545013210115, "CC": 1, "QCS": 0.8667296912180269, "SCS": {"ori-": 11.901927757433214, "sam_": 9.142635032357601, "ori-av": 0.10086379455451876, "sam_av": 0.1549599158026712, "sam_/ori_av": 1.5363284366513943}, "DDC": 0.10382833636501843, "LCC": 0.1920068598661543, "GCC": 0.1888535381239715}, "rate-25": {"ANB_G": 0.002005777400657674, "SP": 2.055453815261044, "ANB": 0.004255862158310665, "ACC": 0.4903409274570262, "CC": 1, "QCS": 0.9488253993618331, "SCS": {"ori-": 15.238957169773974, "sam_": 11.759543678790854, "ori-av": 0.09406763685045663, "sam_av": 0.14517955159001053, "sam_/ori_av": 1.5433528092218232}, "DDC": 0.3030392457077904, "LCC": 0.21723165741317, "GCC": 0.22541300687207028}, "rate-30": {"ANB_G": 0.001960026178932625, "SP": 2.0437458193979934, "ANB": 0.003502502749657695, "ACC": 0.49245614471464544, "CC": 1, "QCS": 0.8341501628297594, "SCS": {"ori-": 17.482241344697727, "sam_": 13.257329666597089, "ori-av": 0.11654827563131817, "sam_av": 0.17676439555462786, "sam_/ori_av": 1.5166624696687385}, "DDC": 0.2901777962121319, "LCC": 0.20358309095537308, "GCC": 0.20833333333333334}, "rate-35": {"ANB_G": 0.0017931277478982815, "SP": 2.0304707327056897, "ANB": 0.0029611227951312933, "ACC": 0.49519846956866626, "CC": 1, "QCS": 0.9605686070304801, "SCS": {"ori-": 19.064907554575385, "sam_": 14.192477323510548, "ori-av": 0.13815150401866222, "sam_av": 0.2056880771523268, "sam_/ori_av": 1.4888587613533428}, "DDC": 0.25346208775686185, "LCC": 0.18565917791243716, "GCC": 0.19183638139753434}, "rate-40": {"ANB_G": 0.0017160845291000948, "SP": 2.0444862155388472, "ANB": 0.002624337224971978, "ACC": 0.49174552374420083, "CC": 1, "QCS": 0.9414356946727777, "SCS": {"ori-": 21.08827404387764, "sam_": 15.498724458845867, "ori-av": 0.15281358002809883, "sam_av": 0.22461919505573721, "sam_/ori_av": 1.4698902742441804}, "DDC": 0.10413499938903426, "LCC": 0.1717731853129832, "GCC": 0.18488653161697996}}