{"rate-5": {"ANB_G": 0.0014378419154766173, "SP": 2.556734693877551, "ANB": 0.032431972789115665, "ACC": 0.3999991314400431, "CC": 1, "QCS": 0.8187910922029968, "SCS": {"ori-": 2.8960959628892047, "sam_": 2.3423238132768653, "ori-av": 0.04826826604815341, "sam_av": 0.07807746044256218, "sam_/ori_av": 1.6175733423833893}, "DDC": 0.9997908960841312, "LCC": 0.13662296183348815, "GCC": 0.14427157001414428}, "rate-10": {"ANB_G": 0.0020137380909167613, "SP": 2.2155555555555555, "ANB": 0.012403628117913831, "ACC": 0.45712917066516146, "CC": 1, "QCS": 0.7838856955083852, "SCS": {"ori-": 5.486644368992468, "sam_": 4.320415136740202, "ori-av": 0.07414384282422254, "sam_av": 0.1167679766686541, "sam_/ori_av": 1.5748843359182674}, "DDC": 0.08048775870148783, "LCC": 0.2043934377126306, "GCC": 0.20594138900040143}, "rate-15": {"ANB_G": 0.0019395987847113901, "SP": 2.199910514541387, "ANB": 0.008107503476630999, "ACC": 0.4609403007102394, "CC": 1, "QCS": 0.9081189995178014, "SCS": {"ori-": 7.535980950325169, "sam_": 5.912014493045725, "ori-av": 0.07535980950325169, "sam_av": 0.1182402898609145, "sam_/ori_av": 1.5690099356715144}, "DDC": 0.0016691396035982686, "LCC": 0.21605508737018805, "GCC": 0.2349625641457054}, "rate-20": {"ANB_G": 0.002128857813666777, "SP": 2.0697989949748745, "ANB": 0.005403025227145825, "ACC": 0.4878378152504399, "CC": 1, "QCS": 0.9094772106453408, "SCS": {"ori-": 10.00156868352029, "sam_": 7.765729277277318, "ori-av": 0.09092335166836628, "sam_av": 0.1411950777686785, "sam_/ori_av": 1.5529022542379791}, "DDC": 0.1416635246903455, "LCC": 0.2325418183954938, "GCC": 0.2374994228727088}, "rate-25": {"ANB_G": 0.0019315672807021988, "SP": 2.073991967871486, "ANB": 0.004330612773675344, "ACC": 0.4861444267996712, "CC": 1, "QCS": 0.9565342027521705, "SCS": {"ori-": 12.466514621575575, "sam_": 9.686134298810797, "ori-av": 0.0916655486880557, "sam_av": 0.14244315145309996, "sam_/ori_av": 1.553944240685713}, "DDC": 0.0790443229518415, "LCC": 0.21282712473427, "GCC": 0.21625425120206404}, "rate-30": {"ANB_G": 0.0018351891269978219, "SP": 2.065953177257525, "ANB": 0.003577024084756794, "ACC": 0.48743166182188125, "CC": 1, "QCS": 0.9261498922086929, "SCS": {"ori-": 14.251139858461672, "sam_": 10.83546046236305, "ori-av": 0.11133703014423181, "sam_av": 0.16930406972442266, "sam_/ori_av": 1.5206447442068225}, "DDC": 0.32719537369122287, "LCC": 0.1968254455426204, "GCC": 0.20238992425306884}, "rate-35": {"ANB_G": 0.001884005501918722, "SP": 2.0226606631191157, "ANB": 0.002938680066434242, "ACC": 0.49716524841373444, "CC": 1, "QCS": 0.9219051969578022, "SCS": {"ori-": 15.528935091141848, "sam_": 11.682774463877902, "ori-av": 0.12523334750920845, "sam_av": 0.18843184619157907, "sam_/ori_av": 1.504645926499119}, "DDC": 0.30842300746816853, "LCC": 0.198538254381888, "GCC": 0.20331080223284873}, "rate-40": {"ANB_G": 0.0017744617990904028, "SP": 2.023471177944862, "ANB": 0.0025715356229770348, "ACC": 0.496708030128285, "CC": 1, "QCS": 0.9348850528825235, "SCS": {"ori-": 16.38214189332536, "sam_": 11.972776620137799, "ori-av": 0.16060923424828785, "sam_av": 0.23476032588505488, "sam_/ori_av": 1.4616863531155122}, "DDC": 0.002928875841242462, "LCC": 0.19100060017864132, "GCC": 0.1961054869145393}}