{"rate-5": {"ANB_G": 0.0029082061906552884, "SP": 2.1085714285714285, "ANB": 0.023095238095238092, "ACC": 0.48440871519759715, "CC": 1, "QCS": 0.6629964138257152, "SCS": {"ori-": 3.4918544819153934, "sam_": 2.7817147427813533, "ori-av": 0.06715104772914218, "sam_av": 0.10698902856851358, "sam_/ori_av": 1.593259259335168}, "DDC": 0.14645038386819054, "LCC": 0.33254867170340324, "GCC": 0.32152117545375974}, "rate-10": {"ANB_G": 0.001948909884683943, "SP": 2.172727272727273, "ANB": 0.011966604823747682, "ACC": 0.4656125742872478, "CC": 1, "QCS": 0.7670409351888846, "SCS": {"ori-": 6.818576023589803, "sam_": 5.3622038035891135, "ori-av": 0.07576195581766448, "sam_av": 0.11916008452420253, "sam_/ori_av": 1.5728221801847866}, "DDC": 0.05863530348327406, "LCC": 0.1682274888671059, "GCC": 0.17376024990238187}, "rate-15": {"ANB_G": 0.0023188678970771713, "SP": 2.0458165548098433, "ANB": 0.007066328073039482, "ACC": 0.49369921832458613, "CC": 1, "QCS": 0.7379533718152861, "SCS": {"ori-": 9.380001087649385, "sam_": 7.301520524437303, "ori-av": 0.08527273716044895, "sam_av": 0.13275491862613278, "sam_/ori_av": 1.5568272234107075}, "DDC": 0.11681338139674591, "LCC": 0.22479473687934703, "GCC": 0.23788546255506607}, "rate-20": {"ANB_G": 0.001770004451444005, "SP": 2.1514070351758794, "ANB": 0.005815187046342825, "ACC": 0.46920391908709447, "CC": 1, "QCS": 0.81263197770303, "SCS": {"ori-": 12.131224310615988, "sam_": 9.316805605213219, "ori-av": 0.1010935359217999, "sam_av": 0.1552800934202203, "sam_/ori_av": 1.5360041767688886}, "DDC": 0.11676886455828461, "LCC": 0.16888599336075547, "GCC": 0.17877776499021752}, "rate-25": {"ANB_G": 0.00207533564643533, "SP": 2.041317269076305, "ANB": 0.0041988599559528465, "ACC": 0.4935952248159667, "CC": 1, "QCS": 0.8000036389395969, "SCS": {"ori-": 14.647340402102746, "sam_": 11.105750181861838, "ori-av": 0.1162487333500218, "sam_av": 0.17628174891844187, "sam_/ori_av": 1.5164186640009425}, "DDC": 0.13978789858243812, "LCC": 0.21240729911355097, "GCC": 0.22000809759360643}, "rate-30": {"ANB_G": 0.0018851150369006105, "SP": 2.033756967670011, "ANB": 0.003468983112986615, "ACC": 0.4949619240664448, "CC": 1, "QCS": 0.8308673795287315, "SCS": {"ori-": 17.66954381547272, "sam_": 13.457054092081501, "ori-av": 0.10774112082605318, "sam_av": 0.16411041575709148, "sam_/ori_av": 1.5231920226822764}, "DDC": 0.02780546411060647, "LCC": 0.20962537213891388, "GCC": 0.2086469013586545}, "rate-35": {"ANB_G": 0.0017679370978558686, "SP": 2.0328612361850182, "ANB": 0.0029679920580029245, "ACC": 0.4944997003340487, "CC": 1, "QCS": 0.7798425587538587, "SCS": {"ori-": 20.116321503396268, "sam_": 15.185642692360664, "ori-av": 0.11561104312296706, "sam_av": 0.17454761715357087, "sam_/ori_av": 1.509783256327142}, "DDC": 0.0915175806048697, "LCC": 0.17549867455057647, "GCC": 0.17776865352191423}, "rate-40": {"ANB_G": 0.0016899008678648863, "SP": 2.0476190476190474, "ANB": 0.0026322086623594165, "ACC": 0.49107154213388854, "CC": 1, "QCS": 0.8623877255154179, "SCS": {"ori-": 22.5381611727165, "sam_": 16.96336870688965, "ori-av": 0.12117290953073387, "sam_av": 0.18240181405257688, "sam_/ori_av": 1.5053019256446354}, "DDC": 0.022601389445522146, "LCC": 0.1838626856596757, "GCC": 0.18784109699022228}}