{"rate-5": {"ANB_G": 0.002649109802982176, "SP": 2.153469387755102, "ANB": 0.024030612244897956, "ACC": 0.47378092755632495, "CC": 1, "QCS": 0.8837714716508338, "SCS": {"ori-": 3.637947424264745, "sam_": 2.8829455930811165, "ori-av": 0.06272323145284044, "sam_av": 0.09941191700279713, "sam_/ori_av": 1.5849297732299032}, "DDC": 0.06035807566916407, "LCC": 0.28581887479565504, "GCC": 0.2804621848739496}, "rate-10": {"ANB_G": 0.002574524246331605, "SP": 2.066666666666667, "ANB": 0.010884353741496593, "ACC": 0.4903219895267701, "CC": 1, "QCS": 0.8402842878614398, "SCS": {"ori-": 6.724840238205099, "sam_": 5.274187641503287, "ori-av": 0.07641863907051248, "sam_av": 0.11986790094325653, "sam_/ori_av": 1.5685689041472308}, "DDC": 0.10204072838297473, "LCC": 0.24610713295328526, "GCC": 0.2621405750798722}, "rate-15": {"ANB_G": 0.0023746749086369268, "SP": 2.0627293064876957, "ANB": 0.007180603422214166, "ACC": 0.48987938254513713, "CC": 1, "QCS": 0.921482440509377, "SCS": {"ori-": 9.320417704596903, "sam_": 7.208105567670069, "ori-av": 0.09320417704596902, "sam_av": 0.14416211135340137, "sam_/ori_av": 1.5467344482028902}, "DDC": 0.24783427888768061, "LCC": 0.2449072161065044, "GCC": 0.2489094792575434}, "rate-20": {"ANB_G": 0.002204089802660331, "SP": 2.0507035175879396, "ANB": 0.005306583422161315, "ACC": 0.4920096564617395, "CC": 1, "QCS": 0.9328227255999738, "SCS": {"ori-": 12.033392417950079, "sam_": 9.24074676240551, "ori-av": 0.0970434872415329, "sam_av": 0.14904430261944374, "sam_/ori_av": 1.5358506465094899}, "DDC": 0.43129064651535964, "LCC": 0.23799613234341443, "GCC": 0.2442196954196019}, "rate-25": {"ANB_G": 0.0019394096304534278, "SP": 2.065574297188755, "ANB": 0.004296670553180462, "ACC": 0.48773150542202914, "CC": 1, "QCS": 0.9076636656894014, "SCS": {"ori-": 15.251295672843037, "sam_": 11.77707264394354, "ori-av": 0.09776471585155792, "sam_av": 0.150988110819789, "sam_/ori_av": 1.5444029014419003}, "DDC": 0.2883669285416268, "LCC": 0.2074031228495338, "GCC": 0.20073434391089415}, "rate-30": {"ANB_G": 0.001973454168122036, "SP": 2.0280490523968786, "ANB": 0.0034498290348888507, "ACC": 0.49622499535343595, "CC": 1, "QCS": 0.9266630307831152, "SCS": {"ori-": 16.819631468406378, "sam_": 12.680108790131506, "ori-av": 0.12188138745222013, "sam_av": 0.18376969261060153, "sam_/ori_av": 1.5077748658107688}, "DDC": 0.059418452021966606, "LCC": 0.20750663573406938, "GCC": 0.21454488964836166}, "rate-35": {"ANB_G": 0.0018504866543659205, "SP": 2.025296766270978, "ANB": 0.002946255075491315, "ACC": 0.49654589832851126, "CC": 1, "QCS": 0.9194685647902436, "SCS": {"ori-": 19.880351809151268, "sam_": 14.948172197082759, "ori-av": 0.12271822104414364, "sam_av": 0.18454533576645382, "sam_/ori_av": 1.5038136488310894}, "DDC": 0.05750960225750246, "LCC": 0.20720818707314967, "GCC": 0.20304283811259904}, "rate-40": {"ANB_G": 0.001603849854869183, "SP": 2.064862155388471, "ANB": 0.0026755330537398788, "ACC": 0.4869248370340093, "CC": 1, "QCS": 0.9577444287598886, "SCS": {"ori-": 20.978421410857916, "sam_": 15.485495321676414, "ori-av": 0.14368781788258847, "sam_av": 0.2121300728996769, "sam_/ori_av": 1.476326079870004}, "DDC": 0.26474568081348926, "LCC": 0.1612377654088279, "GCC": 0.16533971821145785}}