{"rate-5": {"ANB_G": 0.0019197167311618723, "SP": 2.40734693877551, "ANB": 0.02931972789115646, "ACC": 0.4227379604249236, "CC": 1, "QCS": 0.7423662924736679, "SCS": {"ori-": 3.5870048881253993, "sam_": 2.9048344974219265, "ori-av": 0.05124292697321999, "sam_av": 0.08299527135491218, "sam_/ori_av": 1.6196434563210302}, "DDC": 0.4315000059980332, "LCC": 0.15807405992700108, "GCC": 0.15545755237045203}, "rate-10": {"ANB_G": 0.0022181262470413075, "SP": 2.133131313131313, "ANB": 0.011562564419707268, "ACC": 0.4745046244762431, "CC": 1, "QCS": 0.8429999470359903, "SCS": {"ori-": 6.841119998087612, "sam_": 5.329746464853801, "ori-av": 0.08144190473913823, "sam_av": 0.12689872535366192, "sam_/ori_av": 1.5581502637999904}, "DDC": 0.007861942896303042, "LCC": 0.21107981109769328, "GCC": 0.22174050967537273}, "rate-15": {"ANB_G": 0.001817613367339305, "SP": 2.2272035794183447, "ANB": 0.008291916077150971, "ACC": 0.45484188364370337, "CC": 1, "QCS": 0.8605392178520053, "SCS": {"ori-": 9.901146469113433, "sam_": 7.70458389562076, "ori-av": 0.08535471094063304, "sam_av": 0.13283765337277173, "sam_/ori_av": 1.5563013676557889}, "DDC": 0.016159435945363954, "LCC": 0.17641585599746323, "GCC": 0.20346669354026}, "rate-20": {"ANB_G": 0.0021628382790998793, "SP": 2.0594472361809046, "ANB": 0.005350743617075278, "ACC": 0.4902205954239563, "CC": 1, "QCS": 0.8387935646913066, "SCS": {"ori-": 11.910085316486995, "sam_": 9.171655586239098, "ori-av": 0.09762365013513931, "sam_av": 0.15035500961047701, "sam_/ori_av": 1.5401494351250162}, "DDC": 0.06674524891618783, "LCC": 0.23464434813429114, "GCC": 0.2386507888532914}, "rate-25": {"ANB_G": 0.0018701056561973791, "SP": 2.0832128514056225, "ANB": 0.004367793755667831, "ACC": 0.4839454965597851, "CC": 1, "QCS": 0.8632592556580739, "SCS": {"ori-": 14.31508488760709, "sam_": 10.826022515031708, "ori-av": 0.11733676137382862, "sam_av": 0.17747577893494604, "sam_/ori_av": 1.5125334708149796}, "DDC": 0.09526290781405722, "LCC": 0.1914836762003899, "GCC": 0.20024035949420002}, "rate-30": {"ANB_G": 0.0018749093701611315, "SP": 2.0468896321070233, "ANB": 0.0035130524567349775, "ACC": 0.4916933172382545, "CC": 1, "QCS": 0.8578605563033497, "SCS": {"ori-": 16.701514470142005, "sam_": 12.499485444392848, "ori-av": 0.1304805817979844, "sam_av": 0.19530446006863825, "sam_/ori_av": 1.49680862376148}, "DDC": 0.03920712993517539, "LCC": 0.1973514426203866, "GCC": 0.20213207892968416}, "rate-35": {"ANB_G": 0.0017849437129550973, "SP": 2.0317478510028653, "ANB": 0.002964792675295587, "ACC": 0.4947673422215696, "CC": 1, "QCS": 0.9082106313590864, "SCS": {"ori-": 18.95606826439076, "sam_": 14.094601863613894, "ori-av": 0.12983608400267643, "sam_av": 0.19307673785772458, "sam_/ori_av": 1.4870807244444042}, "DDC": 0.1098517881663501, "LCC": 0.1862185649773766, "GCC": 0.18594962025424416}, "rate-40": {"ANB_G": 0.0016933592741824146, "SP": 2.0318671679197995, "ANB": 0.0025926310751753757, "ACC": 0.4946478175260454, "CC": 1, "QCS": 0.8992537026306046, "SCS": {"ori-": 22.09922224968048, "sam_": 16.475618986802903, "ori-av": 0.13312784487759324, "sam_av": 0.1985014335759386, "sam_/ori_av": 1.4910587169682967}, "DDC": 0.21909292694253835, "LCC": 0.18357376670251757, "GCC": 0.1830988094832842}}