{"rate_5": {"ANB_G": 0.001564146191762067, "SP": 2.8570391872278664, "ACE": 0.10282248900335422, "ANB": 0.03641253308289934, "ACC": 0.36024733217635513, "CC": 1, "QCS": 0.8754420816973126, "SCS": {"ori-": 3.6916873944789677, "sam_": 2.9505711242029404, "ori-av": 0.05768261553873387, "sam_av": 0.09220534763134189, "sam_/ori_av": 1.598494568427224}, "DDC": 0.5236590439598037, "LCC": 0.14048886124357818, "GCC": 0.1549053356282272}, "rate_10": {"ANB_G": 0.0014108540793498444, "SP": 2.5994108983799706, "ACE": 0.07643196591453107, "ANB": 0.01666053019145803, "ACC": 0.3904992699668168, "CC": 1, "QCS": 0.8649456827898507, "SCS": {"ori-": 6.762111720445593, "sam_": 5.295883389907874, "ori-av": 0.07684217864142719, "sam_av": 0.12036098613426986, "sam_/ori_av": 1.56634010464379}, "DDC": 0.3298034216351763, "LCC": 0.11593495894247773, "GCC": 0.13080771979985703}, "rate_15": {"ANB_G": 0.001433076655075123, "SP": 2.4127294753517847, "ACE": 0.06522678312779165, "ANB": 0.009742961898977831, "ACC": 0.41941902258816155, "CC": 1, "QCS": 0.8722534253005336, "SCS": {"ori-": 9.787137785903838, "sam_": 7.671551085872689, "ori-av": 0.07528567527618336, "sam_av": 0.11802386285957983, "sam_/ori_av": 1.567680205120199}, "DDC": 0.25126081920808985, "LCC": 0.11808989587221341, "GCC": 0.12402544111612639}, "rate_20": {"ANB_G": 0.0013920575829096194, "SP": 2.3622006870737837, "ACE": 0.056635088908668314, "ANB": 0.00695000350547849, "ACC": 0.42740977209515635, "CC": 1, "QCS": 0.9462362025574445, "SCS": {"ori-": 11.810017742832043, "sam_": 9.081154534603446, "ori-av": 0.09841681452360036, "sam_av": 0.1513525755767241, "sam_/ori_av": 1.5378731399646117}, "DDC": 0.5802806551171878, "LCC": 0.11835409127822757, "GCC": 0.13078632559459077}, "rate_25": {"ANB_G": 0.001312962838749206, "SP": 2.327510774454747, "ACE": 0.05081044303386406, "ANB": 0.005396385262011175, "ACC": 0.4332310758109616, "CC": 1, "QCS": 0.8076445915345281, "SCS": {"ori-": 14.630047039855036, "sam_": 11.173907329211593, "ori-av": 0.10601483362213794, "sam_av": 0.1619406859306028, "sam_/ori_av": 1.527528558011022}, "DDC": 0.24821851929055072, "LCC": 0.1195041913708875, "GCC": 0.12030682276947921}, "rate_30": {"ANB_G": 0.0013568548809748924, "SP": 2.2434324633021703, "ACE": 0.04582548506637699, "ANB": 0.004063504782033234, "ACC": 0.4490370320502079, "CC": 1, "QCS": 0.8913853988142941, "SCS": {"ori-": 17.426506402881785, "sam_": 13.204508764735468, "ori-av": 0.11617670935254523, "sam_av": 0.17606011686313958, "sam_/ori_av": 1.5154510559330316}, "DDC": 0.7339665085763746, "LCC": 0.11954852577651078, "GCC": 0.1247932024828937}, "rate_35": {"ANB_G": 0.0013460227996148634, "SP": 2.2004558404558403, "ACE": 0.04289461019463421, "ANB": 0.003439701548584071, "ACC": 0.45751569717663704, "CC": 1, "QCS": 0.8684306219874517, "SCS": {"ori-": 19.834865757821607, "sam_": 15.044129683267808, "ori-av": 0.11806467712989052, "sam_av": 0.17909678194366438, "sam_/ori_av": 1.5169378877530706}, "DDC": 0.6673808853700554, "LCC": 0.12430102272441375, "GCC": 0.1297311271975181}, "rate_40": {"ANB_G": 0.0013664640777461923, "SP": 2.1563092269326685, "ACE": 0.04051655413611899, "ANB": 0.0028980181126132044, "ACC": 0.46649832827665777, "CC": 1, "QCS": 0.8810899793766124, "SCS": {"ori-": 21.474458946090262, "sam_": 15.936149795479439, "ori-av": 0.14127933517164645, "sam_av": 0.2096861815194663, "sam_/ori_av": 1.484195698293097}, "DDC": 0.6989389804190478, "LCC": 0.12131577288082525, "GCC": 0.12949192811794305}}