{"rate_5": {"ANB_G": 0.001564146191762067, "SP": 2.8570391872278664, "ACE": 0.1028224890033541, "ANB": 0.03641253308289934, "ACC": 0.36024733217635513, "CC": 1, "QCS": 0.8920197472186114, "SCS": {"ori-": 3.6815860288235673, "sam_": 2.940438716083016, "ori-av": 0.05938041981973496, "sam_av": 0.09485286180912954, "sam_/ori_av": 1.5973760727371178}, "DDC": 0.5236590439598037, "LCC": 0.14048886124357818, "GCC": 0.1549053356282272}, "rate_10": {"ANB_G": 0.0014108540793498444, "SP": 2.5994108983799706, "ACE": 0.07643196591453107, "ANB": 0.01666053019145803, "ACC": 0.3904992699668168, "CC": 1, "QCS": 0.8983929704655407, "SCS": {"ori-": 6.895329988033049, "sam_": 5.427253889282947, "ori-av": 0.07182635404201093, "sam_av": 0.1130677893600614, "sam_/ori_av": 1.5741824970529414}, "DDC": 0.3298034216351763, "LCC": 0.11593495894247773, "GCC": 0.13080771979985703}, "rate_15": {"ANB_G": 0.001433076655075123, "SP": 2.4127294753517847, "ACE": 0.06522678312779165, "ANB": 0.009742961898977831, "ACC": 0.41941902258816155, "CC": 1, "QCS": 0.8355164286928186, "SCS": {"ori-": 9.254133258730674, "sam_": 7.1467907927504735, "ori-av": 0.09254133258730673, "sam_av": 0.14293581585500947, "sam_/ori_av": 1.5445618931428162}, "DDC": 0.25126081920808985, "LCC": 0.11808989587221341, "GCC": 0.12402544111612639}, "rate_20": {"ANB_G": 0.0013920575829096194, "SP": 2.3622006870737837, "ACE": 0.05663508890866832, "ANB": 0.00695000350547849, "ACC": 0.42740977209515635, "CC": 1, "QCS": 0.96765395109031, "SCS": {"ori-": 12.223645333188093, "sam_": 9.485355183036429, "ori-av": 0.0885771400955659, "sam_av": 0.13746891569618014, "sam_/ori_av": 1.5519683244216835}, "DDC": 0.5802806551171878, "LCC": 0.11835409127822757, "GCC": 0.13078632559459077}, "rate_25": {"ANB_G": 0.001312962838749206, "SP": 2.327510774454747, "ACE": 0.05081044303386406, "ANB": 0.005396385262011175, "ACC": 0.4332310758109616, "CC": 1, "QCS": 0.9160670000654964, "SCS": {"ori-": 14.744945512159402, "sam_": 11.28410701638105, "ori-av": 0.1068474312475319, "sam_av": 0.16353778284610218, "sam_/ori_av": 1.530572901347872}, "DDC": 0.24821851929055072, "LCC": 0.1195041913708875, "GCC": 0.12030682276947921}, "rate_30": {"ANB_G": 0.0013568548809748924, "SP": 2.2434324633021703, "ACE": 0.045825485066376945, "ANB": 0.004063504782033234, "ACC": 0.4490370320502079, "CC": 1, "QCS": 0.9219999578011167, "SCS": {"ori-": 18.069130750210345, "sam_": 13.829949948502312, "ori-av": 0.107554349703633, "sam_av": 0.16464226129169418, "sam_/ori_av": 1.5307819883190912}, "DDC": 0.7339665085763746, "LCC": 0.11954852577651078, "GCC": 0.1247932024828937}, "rate_35": {"ANB_G": 0.0013460227996148634, "SP": 2.2004558404558403, "ACE": 0.04289461019463422, "ANB": 0.003439701548584071, "ACC": 0.45751569717663704, "CC": 1, "QCS": 0.9206265433027885, "SCS": {"ori-": 19.052930317631102, "sam_": 14.29081231208647, "ori-av": 0.12534822577388882, "sam_av": 0.18803700410640092, "sam_/ori_av": 1.5001169976318145}, "DDC": 0.6673808853700554, "LCC": 0.12430102272441375, "GCC": 0.1297311271975181}, "rate_40": {"ANB_G": 0.0013664640777461923, "SP": 2.1563092269326685, "ACE": 0.04051655413611899, "ANB": 0.0028980181126132044, "ACC": 0.46649832827665777, "CC": 1, "QCS": 0.9008692999070755, "SCS": {"ori-": 20.874397542490676, "sam_": 15.377368134892944, "ori-av": 0.1429753256334978, "sam_av": 0.2106488785601773, "sam_/ori_av": 1.4733232998549242}, "DDC": 0.6989389804190478, "LCC": 0.12131577288082525, "GCC": 0.12949192811794305}}