{"rate_5": {"ANB_G": 0.001564146191762067, "SP": 2.8570391872278664, "ACE": 0.10282248900335414, "ANB": 0.03641253308289934, "ACC": 0.36024733217635513, "CC": 1, "QCS": 0.8332399664939446, "SCS": {"ori-": 3.6916873944789677, "sam_": 2.9505711242029404, "ori-av": 0.05768261553873387, "sam_av": 0.09220534763134189, "sam_/ori_av": 1.598494568427224}, "DDC": 0.5236590439598037, "LCC": 0.14048886124357818, "GCC": 0.1549053356282272}, "rate_10": {"ANB_G": 0.0014108540793498444, "SP": 2.5994108983799706, "ACE": 0.07643196591453098, "ANB": 0.01666053019145803, "ACC": 0.3904992699668168, "CC": 1, "QCS": 0.8036243870346647, "SCS": {"ori-": 6.924849394430349, "sam_": 5.456098058967807, "ori-av": 0.0706617285145954, "sam_av": 0.11134893997893484, "sam_/ori_av": 1.5758026631903772}, "DDC": 0.3298034216351763, "LCC": 0.11593495894247773, "GCC": 0.13080771979985703}, "rate_15": {"ANB_G": 0.001433076655075123, "SP": 2.4127294753517847, "ACE": 0.06522678312779162, "ANB": 0.009742961898977831, "ACC": 0.41941902258816155, "CC": 1, "QCS": 0.860261925997382, "SCS": {"ori-": 9.939043997016473, "sam_": 7.819482621051824, "ori-av": 0.07308120586041524, "sam_av": 0.11499239148605624, "sam_/ori_av": 1.5734878773852086}, "DDC": 0.25126081920808985, "LCC": 0.11808989587221341, "GCC": 0.12402544111612639}, "rate_20": {"ANB_G": 0.0013920575829096194, "SP": 2.3622006870737837, "ACE": 0.056635088908668314, "ANB": 0.00695000350547849, "ACC": 0.42740977209515635, "CC": 1, "QCS": 0.8102189506249526, "SCS": {"ori-": 11.802423719540656, "sam_": 9.074280347562413, "ori-av": 0.09674117802902177, "sam_av": 0.14875869422233462, "sam_/ori_av": 1.5376977751677565}, "DDC": 0.5802806551171878, "LCC": 0.11835409127822757, "GCC": 0.13078632559459077}, "rate_25": {"ANB_G": 0.001312962838749206, "SP": 2.327510774454747, "ACE": 0.05081044303386407, "ANB": 0.005396385262011175, "ACC": 0.4332310758109616, "CC": 1, "QCS": 0.8743113825550999, "SCS": {"ori-": 15.592640229518999, "sam_": 12.114925403029517, "ori-av": 0.08759910241302808, "sam_av": 0.1361227573374103, "sam_/ori_av": 1.553928677209432}, "DDC": 0.24821851929055072, "LCC": 0.1195041913708875, "GCC": 0.12030682276947921}, "rate_30": {"ANB_G": 0.0013568548809748924, "SP": 2.2434324633021703, "ACE": 0.04582548506637695, "ANB": 0.004063504782033234, "ACC": 0.4490370320502079, "CC": 1, "QCS": 0.8785362586443112, "SCS": {"ori-": 17.585949208922642, "sam_": 13.358072953668202, "ori-av": 0.11723966139281762, "sam_av": 0.1781076393822427, "sam_/ori_av": 1.5191756549473794}, "DDC": 0.7339665085763746, "LCC": 0.11954852577651078, "GCC": 0.1247932024828937}, "rate_35": {"ANB_G": 0.0013460227996148634, "SP": 2.2004558404558403, "ACE": 0.04289461019463422, "ANB": 0.003439701548584071, "ACC": 0.45751569717663704, "CC": 1, "QCS": 0.8605180599491443, "SCS": {"ori-": 19.103685257192705, "sam_": 14.337602857653833, "ori-av": 0.13084715929584045, "sam_av": 0.1964055185979977, "sam_/ori_av": 1.5010300541101722}, "DDC": 0.6673808853700554, "LCC": 0.12430102272441375, "GCC": 0.1297311271975181}, "rate_40": {"ANB_G": 0.0013664640777461923, "SP": 2.1563092269326685, "ACE": 0.04051655413611899, "ANB": 0.0028980181126132044, "ACC": 0.46649832827665777, "CC": 1, "QCS": 0.8228514447477643, "SCS": {"ori-": 21.931029048254988, "sam_": 16.374715641303585, "ori-av": 0.1337257868796036, "sam_av": 0.19969165416223883, "sam_/ori_av": 1.4932920480178278}, "DDC": 0.6989389804190478, "LCC": 0.12131577288082525, "GCC": 0.12949192811794305}}