{"rate_5": {"ANB_G": 0.001564146191762067, "SP": 2.8570391872278664, "ACE": 0.10282248900335414, "ANB": 0.03641253308289934, "ACC": 0.36024733217635513, "CC": 1, "QCS": 0.8754420816973126, "SCS": {"ori-": 3.574098896533035, "sam_": 2.8343461243211925, "ori-av": 0.06382319458094705, "sam_av": 0.10122664729718545, "sam_/ori_av": 1.5860479557913625}, "DDC": 0.5236590439598037, "LCC": 0.14048886124357818, "GCC": 0.1549053356282272}, "rate_10": {"ANB_G": 0.0014108540793498444, "SP": 2.5994108983799706, "ACE": 0.076431965914531, "ANB": 0.01666053019145803, "ACC": 0.3904992699668168, "CC": 1, "QCS": 0.8789930729714589, "SCS": {"ori-": 6.710515706131711, "sam_": 5.246626237931119, "ori-av": 0.07456128562368568, "sam_av": 0.1165916941762471, "sam_/ori_av": 1.563702841239767}, "DDC": 0.3298034216351763, "LCC": 0.11593495894247773, "GCC": 0.13080771979985703}, "rate_15": {"ANB_G": 0.001433076655075123, "SP": 2.4127294753517847, "ACE": 0.06522678312779166, "ANB": 0.009742961898977831, "ACC": 0.41941902258816155, "CC": 1, "QCS": 0.8892704543800085, "SCS": {"ori-": 9.752681113328823, "sam_": 7.637901699148051, "ori-av": 0.07502062394868325, "sam_av": 0.11750617998689308, "sam_/ori_av": 1.566318350901366}, "DDC": 0.25126081920808985, "LCC": 0.11808989587221341, "GCC": 0.12402544111612639}, "rate_20": {"ANB_G": 0.0013920575829096194, "SP": 2.3622006870737837, "ACE": 0.05663508890866832, "ANB": 0.00695000350547849, "ACC": 0.42740977209515635, "CC": 1, "QCS": 0.8843827887411824, "SCS": {"ori-": 11.91010682175943, "sam_": 9.186062913809415, "ori-av": 0.09022808198302598, "sam_av": 0.13918277142135477, "sam_/ori_av": 1.5425659989928446}, "DDC": 0.5802806551171878, "LCC": 0.11835409127822757, "GCC": 0.13078632559459077}, "rate_25": {"ANB_G": 0.001312962838749206, "SP": 2.327510774454747, "ACE": 0.05081044303386404, "ANB": 0.005396385262011175, "ACC": 0.4332310758109616, "CC": 1, "QCS": 0.8255900245158481, "SCS": {"ori-": 13.826881568779642, "sam_": 10.394474748154371, "ori-av": 0.1234542997212468, "sam_av": 0.18561562050275662, "sam_/ori_av": 1.5035168554020941}, "DDC": 0.24821851929055072, "LCC": 0.1195041913708875, "GCC": 0.12030682276947921}, "rate_30": {"ANB_G": 0.0013568548809748924, "SP": 2.2434324633021703, "ACE": 0.04582548506637694, "ANB": 0.004063504782033234, "ACC": 0.4490370320502079, "CC": 1, "QCS": 0.8417387497393852, "SCS": {"ori-": 17.418438171102554, "sam_": 13.193602479096898, "ori-av": 0.12266505754297574, "sam_av": 0.18582538702953377, "sam_/ori_av": 1.514900744773464}, "DDC": 0.7339665085763746, "LCC": 0.11954852577651078, "GCC": 0.1247932024828937}, "rate_35": {"ANB_G": 0.0013460227996148634, "SP": 2.2004558404558403, "ACE": 0.04289461019463422, "ANB": 0.003439701548584071, "ACC": 0.45751569717663704, "CC": 1, "QCS": 0.9305155528940019, "SCS": {"ori-": 19.21855681759526, "sam_": 14.452043584582174, "ori-av": 0.12479582349087831, "sam_av": 0.18768887772184642, "sam_/ori_av": 1.503967620643692}, "DDC": 0.6673808853700554, "LCC": 0.12430102272441375, "GCC": 0.1297311271975181}, "rate_40": {"ANB_G": 0.0013664640777461923, "SP": 2.1563092269326685, "ACE": 0.040516554136118994, "ANB": 0.0028980181126132044, "ACC": 0.46649832827665777, "CC": 1, "QCS": 0.8334289406657357, "SCS": {"ori-": 21.509292877146457, "sam_": 15.985616514361773, "ori-av": 0.13115422486064912, "sam_av": 0.1949465428580704, "sam_/ori_av": 1.4863916359934297}, "DDC": 0.6989389804190478, "LCC": 0.12131577288082525, "GCC": 0.12949192811794305}}