{"rate_5": {"ANB_G": 0.001564146191762067, "SP": 2.8570391872278664, "ACE": 0.1028224890033541, "ANB": 0.03641253308289934, "ACC": 0.36024733217635513, "CC": 1, "QCS": 0.8754420816973126, "SCS": {"ori-": 3.6577864352665466, "sam_": 2.916365163423116, "ori-av": 0.0630652833666646, "sam_av": 0.10056431598010744, "sam_/ori_av": 1.5946065824428577}, "DDC": 0.5236590439598037, "LCC": 0.14048886124357818, "GCC": 0.1549053356282272}, "rate_10": {"ANB_G": 0.0014108540793498444, "SP": 2.5994108983799706, "ACE": 0.07643196591453104, "ANB": 0.01666053019145803, "ACC": 0.3904992699668168, "CC": 1, "QCS": 0.8972702194759193, "SCS": {"ori-": 6.867900042767986, "sam_": 5.401741780638406, "ori-av": 0.06867900042767987, "sam_av": 0.10803483561276811, "sam_/ori_av": 1.5730403025671666}, "DDC": 0.3298034216351763, "LCC": 0.11593495894247773, "GCC": 0.13080771979985703}, "rate_15": {"ANB_G": 0.001433076655075123, "SP": 2.4127294753517847, "ACE": 0.06522678312779168, "ANB": 0.009742961898977831, "ACC": 0.41941902258816155, "CC": 1, "QCS": 0.8742932841341398, "SCS": {"ori-": 9.29650731287651, "sam_": 7.188913146372055, "ori-av": 0.0929650731287651, "sam_av": 0.14377826292744111, "sam_/ori_av": 1.5465836586638846}, "DDC": 0.25126081920808985, "LCC": 0.11808989587221341, "GCC": 0.12402544111612639}, "rate_20": {"ANB_G": 0.0013920575829096194, "SP": 2.3622006870737837, "ACE": 0.05663508890866831, "ANB": 0.00695000350547849, "ACC": 0.42740977209515635, "CC": 1, "QCS": 0.8110348453706127, "SCS": {"ori-": 11.91322316182176, "sam_": 9.180859744912867, "ori-av": 0.09764937017886688, "sam_av": 0.150505897457588, "sam_/ori_av": 1.5412889728003616}, "DDC": 0.5802806551171878, "LCC": 0.11835409127822757, "GCC": 0.13078632559459077}, "rate_25": {"ANB_G": 0.001312962838749206, "SP": 2.327510774454747, "ACE": 0.05081044303386406, "ANB": 0.005396385262011175, "ACC": 0.4332310758109616, "CC": 1, "QCS": 0.887408463829138, "SCS": {"ori-": 14.948416762646072, "sam_": 11.482903024806857, "ori-av": 0.10380844974059772, "sam_av": 0.15948476423342858, "sam_/ori_av": 1.5363370191150905}, "DDC": 0.24821851929055072, "LCC": 0.1195041913708875, "GCC": 0.12030682276947921}, "rate_30": {"ANB_G": 0.0013568548809748924, "SP": 2.2434324633021703, "ACE": 0.04582548506637695, "ANB": 0.004063504782033234, "ACC": 0.4490370320502079, "CC": 1, "QCS": 0.8850728976489849, "SCS": {"ori-": 17.3432614979465, "sam_": 13.128807569869478, "ori-av": 0.11562174331964334, "sam_av": 0.17505076759825972, "sam_/ori_av": 1.513995227647807}, "DDC": 0.7339665085763746, "LCC": 0.11954852577651078, "GCC": 0.1247932024828937}, "rate_35": {"ANB_G": 0.0013460227996148634, "SP": 2.2004558404558403, "ACE": 0.04289461019463422, "ANB": 0.003439701548584071, "ACC": 0.45751569717663704, "CC": 1, "QCS": 0.8166606989444006, "SCS": {"ori-": 19.134665394807936, "sam_": 14.366860463076975, "ori-av": 0.1292882796946482, "sam_av": 0.19414676301455372, "sam_/ori_av": 1.5016578724157181}, "DDC": 0.6673808853700554, "LCC": 0.12430102272441375, "GCC": 0.1297311271975181}, "rate_40": {"ANB_G": 0.0013664640777461923, "SP": 2.1563092269326685, "ACE": 0.040516554136118994, "ANB": 0.0028980181126132044, "ACC": 0.46649832827665777, "CC": 1, "QCS": 0.8898102484876017, "SCS": {"ori-": 21.738249799505283, "sam_": 16.18864471176175, "ori-av": 0.13586406124690803, "sam_av": 0.20235805889702188, "sam_/ori_av": 1.489415648552366}, "DDC": 0.6989389804190478, "LCC": 0.12131577288082525, "GCC": 0.12949192811794305}}