{"rate-5": {"ANB_G": 0.0021218805674365535, "SP": 25.333333333333332, "ANB": 1.600640256102441e-05, "ACC": 0.020653594771241842, "CC": 25, "QCS": 0.6367019751015379, "SCS": {"ori-": 4.2437472184309115, "sam_": 3.442033688335055, "ori-av": 0.04715274687145457, "sam_av": 0.07648963751855678, "sam_/ori_av": 1.6221671608459833}, "DDC": 0.850180200455473, "LCC": 0.0, "GCC": 0}, "rate-10": {"ANB_G": 0.002007466970028765, "SP": 49.0, "ANB": 2.0614306328592042e-05, "ACC": 0.011144781144781138, "CC": 47, "QCS": 0.44719187600928234, "SCS": {"ori-": 7.856296912515641, "sam_": 6.415938237660854, "ori-av": 0.04269726582888935, "sam_av": 0.06973845910500928, "sam_/ori_av": 1.6333237679548}, "DDC": 0.27795756608129374, "LCC": 0.0, "GCC": 0}, "rate-15": {"ANB_G": 0.0022347432815272715, "SP": 73.0, "ANB": 2.0741662592411517e-05, "ACC": 0.007819029143532455, "CC": 68, "QCS": 0.35596508253380865, "SCS": {"ori-": 11.276707361301261, "sam_": 9.187605720519263, "ori-av": 0.04474883873532246, "sam_av": 0.07291750571840686, "sam_/ori_av": 1.6294837537504516}, "DDC": 0.15536327800868743, "LCC": 0.0, "GCC": 0}, "rate-20": {"ANB_G": 0.0019769130086942236, "SP": 94.8, "ANB": 1.142074006395614e-05, "ACC": 0.006313512004466771, "CC": 86, "QCS": 0.333613281233629, "SCS": {"ori-": 15.690231377698028, "sam_": 12.714110742169884, "ori-av": 0.04754615568999403, "sam_av": 0.07705521661921141, "sam_/ori_av": 1.6206403125758388}, "DDC": 0.16726788900547052, "LCC": 0.0, "GCC": 0}, "rate-25": {"ANB_G": 0.002004861918436687, "SP": 116.13333333333333, "ANB": 1.0364036792330617e-05, "ACC": 0.005443896219799857, "CC": 100, "QCS": 0.3027242082737189, "SCS": {"ori-": 18.606360025190394, "sam_": 15.191051163181976, "ori-av": 0.04287179729306542, "sam_av": 0.07000484406996302, "sam_/ori_av": 1.632888017066791}, "DDC": 0.16726788900547052, "LCC": 0.0, "GCC": 0}, "rate-30": {"ANB_G": 0.001841622614793335, "SP": 135.6111111111111, "ANB": 1.5188585366583606e-05, "ACC": 0.004946211103401748, "CC": 116, "QCS": 0.2475493299411019, "SCS": {"ori-": 22.754781425055675, "sam_": 18.48269378224595, "ori-av": 0.046438329438889134, "sam_av": 0.07543956645814673, "sam_/ori_av": 1.6245107730979425}, "DDC": 0.09672621899109923, "LCC": 0.0, "GCC": 0}, "rate-35": {"ANB_G": 0.0018198234579431699, "SP": 142.3145743145743, "ANB": 5.6177396361172664e-05, "ACC": 0.005751742499316825, "CC": 110, "QCS": 0.45063591835385447, "SCS": {"ori-": 26.065046016493497, "sam_": 21.12700966342196, "ori-av": 0.04756395258484215, "sam_av": 0.07710587468402175, "sam_/ori_av": 1.6210989729351073}, "DDC": 0.015249353833868828, "LCC": 0.0, "GCC": 0}, "rate-40": {"ANB_G": 0.0017479090766945775, "SP": 161.34833206009674, "ANB": 3.63030692308661e-05, "ACC": 0.0051801661283083465, "CC": 120, "QCS": 0.35963298188272874, "SCS": {"ori-": 30.074834997099853, "sam_": 24.300660488945596, "ori-av": 0.04979277317400638, "sam_av": 0.08046576320842913, "sam_/ori_av": 1.616012888601978}, "DDC": 0.29697792009258517, "LCC": 0.0, "GCC": 0}}