{"rate-5": {"ANB_G": 0.0015002336654141876, "SP": 25.333333333333336, "ANB": 1.600640256102441e-05, "ACC": 0.020653594771241835, "CC": 25, "QCS": 0.6167638547207569, "SCS": {"ori-": 4.009818186400481, "sam_": 3.2693526887907796, "ori-av": 0.04455353540444979, "sam_av": 0.07265228197312844, "sam_/ori_av": 1.6306737796137336}, "DDC": 0.850180200455473, "LCC": 0.0, "GCC": 0}, "rate-10": {"ANB_G": 0.002047584734274768, "SP": 48.333333333333336, "ANB": 2.886002886002886e-05, "ACC": 0.011818181818181813, "CC": 45, "QCS": 0.5347975511326157, "SCS": {"ori-": 7.638770905714959, "sam_": 6.2270089651566805, "ori-av": 0.044933946504205645, "sam_av": 0.0732589290018433, "sam_/ori_av": 1.6303693465915918}, "DDC": 0.21138345696853, "LCC": 0.0, "GCC": 0}, "rate-15": {"ANB_G": 0.0023203386978152413, "SP": 71.03333333333333, "ANB": 2.0557470221899758e-05, "ACC": 0.0084537658463833, "CC": 65, "QCS": 0.4439086147394209, "SCS": {"ori-": 11.552549499261266, "sam_": 9.424730164728613, "ori-av": 0.04477732364054754, "sam_av": 0.07305992375758615, "sam_/ori_av": 1.6316277485469823}, "DDC": 0.5627213076118841, "LCC": 0.0, "GCC": 0}, "rate-20": {"ANB_G": 0.0019141066938338492, "SP": 94.39999999999999, "ANB": 1.725800720775595e-05, "ACC": 0.00640002515630655, "CC": 86, "QCS": 0.34204172533774435, "SCS": {"ori-": 15.83457928229188, "sam_": 12.906685564549695, "ori-av": 0.04576468000662393, "sam_av": 0.07460511887022946, "sam_/ori_av": 1.6301898944651463}, "DDC": 0.4214035090245766, "LCC": 0.0, "GCC": 0}, "rate-25": {"ANB_G": 0.002004384229067624, "SP": 115.55151515151512, "ANB": 2.7335147039771992e-05, "ACC": 0.005587159385275706, "CC": 99, "QCS": 0.41231810830976096, "SCS": {"ori-": 19.211517595591395, "sam_": 15.655657580988073, "ori-av": 0.045524923212301886, "sam_av": 0.07419742929378234, "sam_/ori_av": 1.6298199768019044}, "DDC": 0.16726788900547052, "LCC": 0.0, "GCC": 0}, "rate-30": {"ANB_G": 0.001920618547031169, "SP": 123.29706959706961, "ANB": 8.013288141680328e-05, "ACC": 0.006584333394065864, "CC": 94, "QCS": 0.4289793432721523, "SCS": {"ori-": 22.48038495800046, "sam_": 18.191297624646804, "ori-av": 0.050179430709822455, "sam_av": 0.08121115011003037, "sam_/ori_av": 1.6184151346725733}, "DDC": 0.15059690428975736, "LCC": 0.0, "GCC": 0}, "rate-35": {"ANB_G": 0.0017973089918582495, "SP": 144.11846764346765, "ANB": 5.683609280091841e-05, "ACC": 0.005604454339205091, "CC": 112, "QCS": 0.20155186171118447, "SCS": {"ori-": 26.548049416320772, "sam_": 21.570786920186926, "ori-av": 0.04740723110057281, "sam_av": 0.0770385247149533, "sam_/ori_av": 1.6250374241752008}, "DDC": 0.012910497271656496, "LCC": 0.0, "GCC": 0}, "rate-40": {"ANB_G": 0.0016868867787549712, "SP": 156.14774185333954, "ANB": 0.00012096950605941284, "ACC": 0.005624707209436738, "CC": 110, "QCS": 0.5359827442203114, "SCS": {"ori-": 30.19872179569098, "sam_": 24.39934278660787, "ori-av": 0.050668996301494934, "sam_av": 0.08187698921680493, "sam_/ori_av": 1.6159189088651682}, "DDC": 0.02875707517698245, "LCC": 0.0, "GCC": 0}}