{"rate-5": {"ANB_G": 0.00198413747617246, "SP": 24.333333333333332, "ANB": 0.0001020408163265306, "ACC": 0.02319727891156464, "CC": 23, "QCS": 0.6660411432143345, "SCS": {"ori-": 3.8884479035562216, "sam_": 3.1760896663364124, "ori-av": 0.044186907994957066, "sam_av": 0.07218385605310028, "sam_/ori_av": 1.6336027870820569}, "DDC": 0.42887459033307607, "LCC": 0.0, "GCC": 0}, "rate-10": {"ANB_G": 0.002539149230358755, "SP": 48.833333333333336, "ANB": 2.0002000200020003e-05, "ACC": 0.011590759075907599, "CC": 46, "QCS": 0.44672845914088566, "SCS": {"ori-": 7.973547478032151, "sam_": 6.525817373604732, "ori-av": 0.042412486585277395, "sam_av": 0.0694235890809014, "sam_/ori_av": 1.636866750109397}, "DDC": 0.5401347965489802, "LCC": 0.0, "GCC": 0}, "rate-15": {"ANB_G": 0.0022802203171883423, "SP": 72.1, "ANB": 1.3630235417870424e-05, "ACC": 0.008110795753179858, "CC": 67, "QCS": 0.39477174271484317, "SCS": {"ori-": 11.730027052602052, "sam_": 9.568452582656672, "ori-av": 0.04477109562061852, "sam_av": 0.07304162276837155, "sam_/ori_av": 1.6314459531504863}, "DDC": 0.6067441983633346, "LCC": 0.0, "GCC": 0}, "rate-20": {"ANB_G": 0.001932696669261795, "SP": 93.18095238095238, "ANB": 1.875046876171904e-05, "ACC": 0.00679139027086786, "CC": 83, "QCS": 0.32735747407021065, "SCS": {"ori-": 15.491143599404996, "sam_": 12.616458895312327, "ori-av": 0.0458317857970562, "sam_av": 0.07465360293084217, "sam_/ori_av": 1.6288608796831392}, "DDC": 0.27005010136270924, "LCC": 0.0, "GCC": 0}, "rate-25": {"ANB_G": 0.0019735441580944393, "SP": 115.89999999999998, "ANB": 1.2695945070605004e-05, "ACC": 0.005475068528080599, "CC": 102, "QCS": 0.31468992563697235, "SCS": {"ori-": 19.22102566902963, "sam_": 15.671906920909011, "ori-av": 0.04511977856579725, "sam_av": 0.07357702779769489, "sam_/ori_av": 1.630704541034017}, "DDC": 0.5554830108929887, "LCC": 0.0, "GCC": 0}, "rate-30": {"ANB_G": 0.0017223406274990763, "SP": 137.2333333333333, "ANB": 1.1073451400267851e-05, "ACC": 0.004759459294576356, "CC": 117, "QCS": 0.28922017042978054, "SCS": {"ori-": 23.192921271551572, "sam_": 18.8714744685691, "ori-av": 0.04675992191845075, "sam_av": 0.07609465511519799, "sam_/ori_av": 1.6273477797483704}, "DDC": 0.04478251526249766, "LCC": 0.0, "GCC": 0}, "rate-35": {"ANB_G": 0.0018459665443321114, "SP": 146.1730158730158, "ANB": 3.1993827073364646e-05, "ACC": 0.005278217607781884, "CC": 111, "QCS": 0.4066748663572945, "SCS": {"ori-": 25.905121291854165, "sam_": 21.030185996373188, "ori-av": 0.04779542673773831, "sam_av": 0.07760216234824055, "sam_/ori_av": 1.6236315406086215}, "DDC": 0.010631509397422967, "LCC": 0.0, "GCC": 0}, "rate-40": {"ANB_G": 0.0016853450424950019, "SP": 161.98835283957234, "ANB": 0.00012690704316901984, "ACC": 0.005740457970943001, "CC": 127, "QCS": 0.4395530705367834, "SCS": {"ori-": 29.957981739917823, "sam_": 24.295089358134607, "ori-av": 0.04800958612166318, "sam_av": 0.07786887614786733, "sam_/ori_av": 1.621944333169972}, "DDC": 0.03637283357069987, "LCC": 0.0, "GCC": 0}}