{"rate-5": {"ANB_G": 0.0029410483194992876, "SP": 24.666666666666668, "ANB": 3.401360544217687e-05, "ACC": 0.021768707482993213, "CC": 24, "QCS": 0.6392462418694089, "SCS": {"ori-": 3.7763762402036947, "sam_": 3.0959961638585822, "ori-av": 0.04104756782830103, "sam_av": 0.06730426443170831, "sam_/ori_av": 1.6396651005788483}, "DDC": 0.6836598304164403, "LCC": 0.0, "GCC": 0}, "rate-10": {"ANB_G": 0.002884955675382999, "SP": 49.33333333333333, "ANB": 1.4001400140014002e-05, "ACC": 0.01115511551155116, "CC": 47, "QCS": 0.4509198448798687, "SCS": {"ori-": 7.563801322058023, "sam_": 6.189227369714134, "ori-av": 0.042493265854258555, "sam_av": 0.06954188055858578, "sam_/ori_av": 1.6365388529348937}, "DDC": 0.25464964555278025, "LCC": 0.0, "GCC": 0}, "rate-15": {"ANB_G": 0.0021159895492078207, "SP": 73.06666666666666, "ANB": 1.4815473280293941e-05, "ACC": 0.0077371242934156865, "CC": 69, "QCS": 0.3774781894537109, "SCS": {"ori-": 11.710026954497193, "sam_": 9.578481314012674, "ori-av": 0.04273732465144961, "sam_av": 0.06991592200009251, "sam_/ori_av": 1.6359452204905631}, "DDC": 0.4295594829827317, "LCC": 0.0, "GCC": 0}, "rate-20": {"ANB_G": 0.0021612369853116365, "SP": 93.4, "ANB": 1.575039375984399e-05, "ACC": 0.006698343599462984, "CC": 84, "QCS": 0.3875084842436802, "SCS": {"ori-": 15.382983971908237, "sam_": 12.565992847629524, "ori-av": 0.04420397693077079, "sam_av": 0.07221834969902025, "sam_/ori_av": 1.6337523162706293}, "DDC": 0.11463174153064859, "LCC": 0.0, "GCC": 0}, "rate-25": {"ANB_G": 0.001813324328845404, "SP": 114.41111111111108, "ANB": 2.624041984671755e-05, "ACC": 0.005778212276092881, "CC": 99, "QCS": 0.28852446579317975, "SCS": {"ori-": 19.124714541236756, "sam_": 15.548396268767391, "ori-av": 0.04710520822964718, "sam_av": 0.07659308506781966, "sam_/ori_av": 1.626000349991306}, "DDC": 0.11463174153064859, "LCC": 0.0, "GCC": 0}, "rate-30": {"ANB_G": 0.001803159639496344, "SP": 126.05108225108224, "ANB": 4.616432104030584e-05, "ACC": 0.00614859097871831, "CC": 99, "QCS": 0.49764247174588383, "SCS": {"ori-": 22.90262815433228, "sam_": 18.649067924727856, "ori-av": 0.04580525630866456, "sam_av": 0.07459627169891142, "sam_/ori_av": 1.6285526533512864}, "DDC": 0.012910497271656496, "LCC": 0.0, "GCC": 0}, "rate-35": {"ANB_G": 0.001786147342775773, "SP": 147.77142857142857, "ANB": 2.8606245383243683e-05, "ACC": 0.005143958215538411, "CC": 114, "QCS": 0.3695278718185085, "SCS": {"ori-": 26.37605935193107, "sam_": 21.399935340478805, "ori-av": 0.048307801010862766, "sam_av": 0.0783880415402154, "sam_/ori_av": 1.622678737179294}, "DDC": 0.060085037578227474, "LCC": 0.0, "GCC": 0}, "rate-40": {"ANB_G": 0.0016979924266251499, "SP": 156.02612801142212, "ANB": 9.71568572303577e-05, "ACC": 0.005654595799463005, "CC": 113, "QCS": 0.4839420383156417, "SCS": {"ori-": 30.0860755214508, "sam_": 24.30047641898338, "ori-av": 0.050993348341442035, "sam_av": 0.08237449633553688, "sam_/ori_av": 1.6153968902762077}, "DDC": 0.015249353833868828, "LCC": 0.0, "GCC": 0}}