{"rate-5": {"ANB_G": 0.0024583163651967113, "SP": 25.0, "ANB": 0.0, "ACC": 0.020408163265306135, "CC": 25, "QCS": 0.5550172443206604, "SCS": {"ori-": 3.3964462894587935, "sam_": 2.792185299224488, "ori-av": 0.03773829210509771, "sam_av": 0.062048562204988625, "sam_/ori_av": 1.6441804528988495}, "DDC": 0.5839901615517911, "LCC": 0.0, "GCC": 0}, "rate-10": {"ANB_G": 0.0030665994910832133, "SP": 49.00000000000001, "ANB": 1.2368583797155225e-05, "ACC": 0.011111111111111101, "CC": 47, "QCS": 0.43121434102695644, "SCS": {"ori-": 6.331644680494943, "sam_": 5.216548208530589, "ori-av": 0.03638876253158013, "sam_av": 0.05996032423598378, "sam_/ori_av": 1.6477703572345164}, "DDC": 0.27795756608129374, "LCC": 0.0, "GCC": 0}, "rate-15": {"ANB_G": 0.0020272192887832094, "SP": 71.13333333333334, "ANB": 1.874357579055566e-05, "ACC": 0.008413124533929913, "CC": 66, "QCS": 0.41190852757060253, "SCS": {"ori-": 9.316837110303654, "sam_": 7.656764964893678, "ori-av": 0.03756789157380506, "sam_av": 0.06174810455559417, "sam_/ori_av": 1.6436404059111276}, "DDC": 0.7782275076571883, "LCC": 0.0, "GCC": 0}, "rate-20": {"ANB_G": 0.0019030022175178826, "SP": 90.74444444444444, "ANB": 3.629257398101618e-05, "ACC": 0.0073627271183790925, "CC": 79, "QCS": 0.31467172580753255, "SCS": {"ori-": 12.598793417318078, "sam_": 10.333039811734947, "ori-av": 0.03864660557459533, "sam_av": 0.0633928822805825, "sam_/ori_av": 1.6403221275985578}, "DDC": 0.39708966995719, "LCC": 0.0, "GCC": 0}, "rate-25": {"ANB_G": 0.001972568226895931, "SP": 111.64444444444445, "ANB": 3.148850381606105e-05, "ACC": 0.006255624813884974, "CC": 93, "QCS": 0.3535839494583744, "SCS": {"ori-": 15.886684277001013, "sam_": 13.013748185847701, "ori-av": 0.03971671069250253, "sam_av": 0.0650687409292385, "sam_/ori_av": 1.6383214972916116}, "DDC": 0.12614151915701688, "LCC": 0.0, "GCC": 0}, "rate-30": {"ANB_G": 0.0018083766310003592, "SP": 131.21764705882347, "ANB": 4.332113757266952e-05, "ACC": 0.005516274559440834, "CC": 105, "QCS": 0.2679285769863086, "SCS": {"ori-": 19.197740885527317, "sam_": 15.663134336485964, "ori-av": 0.04191646481556183, "sam_av": 0.0683979665348732, "sam_/ori_av": 1.631768490874257}, "DDC": 0.09672621899109923, "LCC": 0.0, "GCC": 0}, "rate-35": {"ANB_G": 0.0017831151701354054, "SP": 143.6124287992709, "ANB": 4.695564620473227e-05, "ACC": 0.005613996900148574, "CC": 109, "QCS": 0.3609826983076952, "SCS": {"ori-": 21.592411886815217, "sam_": 17.658713777920696, "ori-av": 0.04089471948260458, "sam_av": 0.06688906734060869, "sam_/ori_av": 1.6356406936367751}, "DDC": 0.09911039196213223, "LCC": 0.0, "GCC": 0}, "rate-40": {"ANB_G": 0.0016524592536419206, "SP": 146.00290595025888, "ANB": 0.00022169116257981627, "ACC": 0.007520218339940035, "CC": 106, "QCS": 0.5150284607546735, "SCS": {"ori-": 24.55157512198392, "sam_": 19.93824426731729, "ori-av": 0.044639227494516216, "sam_av": 0.07250270642660833, "sam_/ori_av": 1.6241926775169901}, "DDC": 0.6451112707320782, "LCC": 0.0, "GCC": 0}}