{"rate-5": {"ANB_G": 0.0010845774946219983, "SP": 4.15, "ANB": 0.029982993197278915, "ACC": 0.21997492039478245, "CC": 9, "QCS": 0.7331761629296121, "SCS": {"ori-": 3.596887493622017, "sam_": 2.918882392278248, "ori-av": 0.04860658775164888, "sam_av": 0.07888871330481752, "sam_/ori_av": 1.6230045546067235}, "DDC": 0.02734647077698915, "LCC": 0.07244444444444444, "GCC": 0.0967741935483871}, "rate-10": {"ANB_G": 0.0010848263227384368, "SP": 3.2440733869305296, "ANB": 0.022440733869305295, "ACC": 0.3104012274083844, "CC": 2, "QCS": 0.8325773865398224, "SCS": {"ori-": 7.107163009430115, "sam_": 5.650141332160793, "ori-av": 0.06461057281300105, "sam_av": 0.1027298424029235, "sam_/ori_av": 1.5899850122092096}, "DDC": 0.807465468604791, "LCC": 0.06458353240961938, "GCC": 0.11398176291793313}, "rate-15": {"ANB_G": 0.0008075981553814577, "SP": 2.8639579176491927, "ANB": 0.012426386117661293, "ACC": 0.3502666607380739, "CC": 2, "QCS": 0.9627796933293644, "SCS": {"ori-": 9.622154963517502, "sam_": 7.514183788141796, "ori-av": 0.08294961175446122, "sam_av": 0.1295548928989965, "sam_/ori_av": 1.5618505036827823}, "DDC": 0.04468029470512791, "LCC": 0.0681451006471646, "GCC": 0.07646622123236822}, "rate-20": {"ANB_G": 0.0011440781317743432, "SP": 2.4667336683417087, "ANB": 0.007407745799705597, "ACC": 0.40987096160976305, "CC": 1, "QCS": 0.9114110054765774, "SCS": {"ori-": 12.53901042853828, "sam_": 9.742324975228538, "ori-av": 0.08830289034181887, "sam_av": 0.1372158447215287, "sam_/ori_av": 1.5539224615453546}, "DDC": 0.01374654630404415, "LCC": 0.12167106378568557, "GCC": 0.12210328196682743}, "rate-25": {"ANB_G": 0.000996634753432001, "SP": 2.4600803212851408, "ANB": 0.005887420650343312, "ACC": 0.41009313192469304, "CC": 1, "QCS": 0.8668449631545038, "SCS": {"ori-": 15.263947508729022, "sam_": 11.725319857653055, "ori-av": 0.09911654226447417, "sam_av": 0.1522768812682215, "sam_/ori_av": 1.5363417426517847}, "DDC": 0.3841938257697842, "LCC": 0.11208430918149394, "GCC": 0.10569105691056911}, "rate-30": {"ANB_G": 0.001042494393921931, "SP": 2.3550278706800447, "ANB": 0.004547073391543767, "ACC": 0.4280801012932969, "CC": 1, "QCS": 0.9775109251167704, "SCS": {"ori-": 17.302535582721188, "sam_": 13.108298761243502, "ori-av": 0.11535023721814125, "sam_av": 0.17477731681658001, "sam_/ori_av": 1.5151881871387483}, "DDC": 0.019345008308513933, "LCC": 0.1116018939264031, "GCC": 0.1063141693779345}, "rate-35": {"ANB_G": 0.0008640558565307933, "SP": 2.4109701187065085, "ANB": 0.004054511835363526, "ACC": 0.41759239010373844, "CC": 1, "QCS": 0.9347328321987038, "SCS": {"ori-": 19.600036407320335, "sam_": 14.693758260973034, "ori-av": 0.1272729636838983, "sam_av": 0.19082802936328616, "sam_/ori_av": 1.4993603027681237}, "DDC": 0.3530693072115889, "LCC": 0.08525935338385233, "GCC": 0.08340886905591968}, "rate-40": {"ANB_G": 0.0008286583202075807, "SP": 2.3873684210526314, "ANB": 0.0034858503041523383, "ACC": 0.4216596486407749, "CC": 1, "QCS": 0.8964795972316083, "SCS": {"ori-": 22.912834275504988, "sam_": 17.329634627924484, "ori-av": 0.11810739317270612, "sam_av": 0.17865602709200498, "sam_/ori_av": 1.512657440764608}, "DDC": 0.01604231117274546, "LCC": 0.07814310598744538, "GCC": 0.07627843550486581}}