{"rate-5": {"ANB_G": 0.0012835274215035036, "SP": 4.56553911205074, "ANB": 0.04127551020408162, "ACC": 0.22421830984916624, "CC": 6, "QCS": 0.866016662322069, "SCS": {"ori-": 2.962604736634178, "sam_": 2.385255751148538, "ori-av": 0.0510793920109341, "sam_av": 0.08225019831546683, "sam_/ori_av": 1.6102423125525902}, "DDC": 0.054834638690971715, "LCC": 0.063, "GCC": 0.04568527918781726}, "rate-10": {"ANB_G": 0.0009510077033593993, "SP": 2.969286941580756, "ANB": 0.01890125747268605, "ACC": 0.3246569561219944, "CC": 4, "QCS": 0.9409809628377223, "SCS": {"ori-": 5.5327850890908445, "sam_": 4.403376035801561, "ori-av": 0.06147538987878716, "sam_av": 0.09785280079559024, "sam_/ori_av": 1.5917394096813293}, "DDC": 0.3274241154522899, "LCC": 0.10737357487414693, "GCC": 0.12995049504950495}, "rate-15": {"ANB_G": 0.0010868239906901614, "SP": 2.6005369127516778, "ANB": 0.010814438599673494, "ACC": 0.38982734638652294, "CC": 1, "QCS": 0.889320628738237, "SCS": {"ori-": 7.698553288129242, "sam_": 6.0449827924891535, "ori-av": 0.08019326341801293, "sam_av": 0.1259371415101907, "sam_/ori_av": 1.570420458558154}, "DDC": 0.11695718534029553, "LCC": 0.11236002391589944, "GCC": 0.09992464204973625}, "rate-20": {"ANB_G": 0.0010054019361601233, "SP": 2.5535175879396985, "ANB": 0.007846048423937869, "ACC": 0.395668453758872, "CC": 1, "QCS": 0.9713734055997051, "SCS": {"ori-": 10.117114402466106, "sam_": 7.851574027383419, "ori-av": 0.08874661756549215, "sam_av": 0.13774691276111262, "sam_/ori_av": 1.5521370452170735}, "DDC": 0.21326835686035372, "LCC": 0.09925890985074393, "GCC": 0.09531539888682745}, "rate-25": {"ANB_G": 0.001085385553985551, "SP": 2.3865060240963856, "ANB": 0.005590750097162845, "ACC": 0.42294336824334183, "CC": 1, "QCS": 0.9255132440413657, "SCS": {"ori-": 12.276625900848696, "sam_": 9.489301158223084, "ori-av": 0.09161661120036341, "sam_av": 0.14163136057049378, "sam_/ori_av": 1.5459135490260523}, "DDC": 0.23217242134125426, "LCC": 0.116449636112157, "GCC": 0.113766613827582}, "rate-30": {"ANB_G": 0.0011644275306622444, "SP": 2.3172352285395763, "ANB": 0.004420252444763679, "ACC": 0.43553608728767246, "CC": 1, "QCS": 0.8906924099582586, "SCS": {"ori-": 13.434001974656635, "sam_": 10.092564616642651, "ori-av": 0.12673586768543996, "sam_av": 0.1904257474838236, "sam_/ori_av": 1.5025402907759526}, "DDC": 0.07155003859124964, "LCC": 0.13585485420760968, "GCC": 0.1344568631515171}, "rate-35": {"ANB_G": 0.0010589416066284852, "SP": 2.3122226770364307, "ANB": 0.003770754819070204, "ACC": 0.4358854452134485, "CC": 1, "QCS": 0.9495993920369423, "SCS": {"ori-": 15.842161440012088, "sam_": 11.921379955645566, "ori-av": 0.12376688625009444, "sam_av": 0.18627156180696197, "sam_/ori_av": 1.5050193751385568}, "DDC": 0.6194752655720038, "LCC": 0.1066027605941184, "GCC": 0.10641780470525004}, "rate-40": {"ANB_G": 0.001154442229689266, "SP": 2.256065162907268, "ANB": 0.0031559426203700207, "ACC": 0.4467263084660446, "CC": 1, "QCS": 0.8684965145079874, "SCS": {"ori-": 17.34469157120309, "sam_": 12.961901453403748, "ori-av": 0.13765628231113564, "sam_av": 0.2057444675143452, "sam_/ori_av": 1.4946246118234852}, "DDC": 0.4506314020270459, "LCC": 0.1318765404307307, "GCC": 0.12884070681945622}}