{"rate-5": {"ANB_G": 0.0009419322068892184, "SP": 4.234782608695652, "ANB": 0.039336734693877544, "ACC": 0.2706601803097159, "CC": 4, "QCS": 0.7773161662105581, "SCS": {"ori-": 3.6280702216819547, "sam_": 2.9283788847148324, "ori-av": 0.05182957459545649, "sam_av": 0.0836679681347095, "sam_/ori_av": 1.6142900802825428}, "DDC": 0.03310842828300764, "LCC": 0.06311111111111112, "GCC": 0.11811023622047244}, "rate-10": {"ANB_G": 0.0015203613844347198, "SP": 2.495155638012781, "ANB": 0.01495155638012781, "ACC": 0.40085186878580303, "CC": 2, "QCS": 0.7479443000913295, "SCS": {"ori-": 7.338695249322613, "sam_": 5.833166185495627, "ori-av": 0.061155793744355105, "sam_av": 0.09721943642492711, "sam_/ori_av": 1.5897011627602464}, "DDC": 0.1577981891887673, "LCC": 0.23016304376813376, "GCC": 0.203176085941149}, "rate-15": {"ANB_G": 0.0011682835920708765, "SP": 2.57503355704698, "ANB": 0.010642118628695808, "ACC": 0.39392575459992446, "CC": 1, "QCS": 0.897213759575125, "SCS": {"ori-": 10.126688455101197, "sam_": 7.971206093035569, "ori-av": 0.07338180039928403, "sam_av": 0.11552472598602274, "sam_/ori_av": 1.574296696966158}, "DDC": 0.09748878080291945, "LCC": 0.1425304210469828, "GCC": 0.13901286426883697}, "rate-20": {"ANB_G": 0.0010751429686800507, "SP": 2.478643216080402, "ANB": 0.007467895030709104, "ACC": 0.40735717782955605, "CC": 1, "QCS": 0.8017841286497026, "SCS": {"ori-": 12.34479405120584, "sam_": 9.49515649425291, "ori-av": 0.09955479073553096, "sam_av": 0.15314768539117599, "sam_/ori_av": 1.5383256220990458}, "DDC": 0.3210217314236894, "LCC": 0.11313405461732026, "GCC": 0.11517298083612675}, "rate-25": {"ANB_G": 0.0010369463321267776, "SP": 2.389879518072289, "ANB": 0.005604352895452777, "ACC": 0.4221470176359409, "CC": 1, "QCS": 0.8991517605933145, "SCS": {"ori-": 15.166930502621925, "sam_": 11.63058142738881, "ori-av": 0.10388308563439674, "sam_av": 0.1593230332519015, "sam_/ori_av": 1.5336763658774883}, "DDC": 0.596562370778283, "LCC": 0.11266951550329678, "GCC": 0.10848771807175316}, "rate-30": {"ANB_G": 0.0009678493764201416, "SP": 2.399509476031215, "ANB": 0.004696340523594688, "ACC": 0.42014198073871534, "CC": 1, "QCS": 0.9128772651535484, "SCS": {"ori-": 17.435207053112073, "sam_": 13.20559852453287, "ori-av": 0.11470530955994784, "sam_av": 0.17375787532280093, "sam_/ori_av": 1.5148198107777282}, "DDC": 0.5876582234696028, "LCC": 0.10077168645946069, "GCC": 0.09700389627838238}, "rate-35": {"ANB_G": 0.0009856248271378277, "SP": 2.346000818665575, "ANB": 0.0038678184444413035, "ACC": 0.4294563618452104, "CC": 1, "QCS": 0.9158496327043887, "SCS": {"ori-": 19.630690984261186, "sam_": 14.829445759647513, "ori-av": 0.12117710484111843, "sam_av": 0.18307957727959892, "sam_/ori_av": 1.510842972520626}, "DDC": 0.8443222424779783, "LCC": 0.09434897452284605, "GCC": 0.09328975790389094}, "rate-40": {"ANB_G": 0.0010619022957494624, "SP": 2.2953508771929823, "ANB": 0.0032546504452084925, "ACC": 0.4389423744257767, "CC": 1, "QCS": 0.9142081060758794, "SCS": {"ori-": 22.798818768083585, "sam_": 17.171795879538795, "ori-av": 0.1239066237395847, "sam_av": 0.1866499552123782, "sam_/ori_av": 1.5063759271228432}, "DDC": 0.7820402154845604, "LCC": 0.11423381362476533, "GCC": 0.11178458125918857}}