{"rate-5": {"ANB_G": 0.0010036065348686507, "SP": 3.034843205574913, "ANB": 0.029795918367346932, "ACC": 0.2399217714487423, "CC": 9, "QCS": 0.7701771580290113, "SCS": {"ori-": 3.8943059963292583, "sam_": 3.144162308763414, "ori-av": 0.05262575670715214, "sam_av": 0.08497735969630849, "sam_/ori_av": 1.6147484618451022}, "DDC": 0.2346391256133653, "LCC": 0.09684704184704185, "GCC": 0.16216216216216217}, "rate-10": {"ANB_G": 0.001168450202085251, "SP": 2.7464440321583177, "ANB": 0.017464440321583178, "ACC": 0.3635528978888143, "CC": 2, "QCS": 0.8095792514941794, "SCS": {"ori-": 6.783861330779621, "sam_": 5.403833246507174, "ori-av": 0.06399869179980774, "sam_av": 0.10195911785862594, "sam_/ori_av": 1.5931437814004228}, "DDC": 0.24565658292124215, "LCC": 0.07644899087840266, "GCC": 0.08733826247689463}, "rate-15": {"ANB_G": 0.0011116160687572323, "SP": 2.6608501118568233, "ANB": 0.011221960215248804, "ACC": 0.38185749233724975, "CC": 1, "QCS": 0.9453945397377223, "SCS": {"ori-": 9.881819776734325, "sam_": 7.694124502747024, "ori-av": 0.0796920949736639, "sam_av": 0.12409878230237135, "sam_/ori_av": 1.5572282588804156}, "DDC": 0.4910043253548596, "LCC": 0.10262065530664351, "GCC": 0.11862304233214452}, "rate-20": {"ANB_G": 0.0010623832321806682, "SP": 2.5326633165829144, "ANB": 0.00774072382112583, "ACC": 0.3998828946240579, "CC": 1, "QCS": 0.8400809632204458, "SCS": {"ori-": 12.542431473305165, "sam_": 9.749947687851332, "ori-av": 0.09088718458916786, "sam_av": 0.1413035896790048, "sam_/ori_av": 1.5547141251842196}, "DDC": 0.5892512313577198, "LCC": 0.1413408623498929, "GCC": 0.13004190675746463}, "rate-25": {"ANB_G": 0.0009671353496865534, "SP": 2.4927550200803212, "ANB": 0.006019173468065808, "ACC": 0.40502025963204175, "CC": 1, "QCS": 0.9341150556224758, "SCS": {"ori-": 15.200639040459697, "sam_": 11.688176184952306, "ori-av": 0.09743999384910063, "sam_av": 0.14984841262759366, "sam_/ori_av": 1.5378532644373393}, "DDC": 0.05246785571574564, "LCC": 0.1004407586233663, "GCC": 0.09191712868398015}, "rate-30": {"ANB_G": 0.0011063316994615584, "SP": 2.339241917502787, "ANB": 0.004494100394304658, "ACC": 0.43096599958835224, "CC": 1, "QCS": 0.850605867672785, "SCS": {"ori-": 18.30174928485433, "sam_": 14.060078077607518, "ori-av": 0.0983965015314749, "sam_av": 0.15118363524309159, "sam_/ori_av": 1.5364736844300426}, "DDC": 0.30144377412133194, "LCC": 0.11588720880854941, "GCC": 0.11643364242248623}, "rate-35": {"ANB_G": 0.0010731375543380315, "SP": 2.2965206713057715, "ANB": 0.0037256341129476224, "ACC": 0.43888066205388065, "CC": 1, "QCS": 0.9442798846043032, "SCS": {"ori-": 19.820508027812956, "sam_": 14.958980935507922, "ori-av": 0.12085675626715217, "sam_av": 0.18242659677448686, "sam_/ori_av": 1.5094447543440221}, "DDC": 0.11981202553357362, "LCC": 0.11571760454589976, "GCC": 0.11098156719637173}, "rate-40": {"ANB_G": 0.001214378273970895, "SP": 2.2179448621553886, "ANB": 0.003060162970239668, "ACC": 0.45420617374759936, "CC": 1, "QCS": 0.9435111326943859, "SCS": {"ori-": 22.05441410881535, "sam_": 16.587752028982916, "ori-av": 0.1253091710728145, "sam_av": 0.18849718214753314, "sam_/ori_av": 1.5042568754844083}, "DDC": 0.1631906857220593, "LCC": 0.1327732472984908, "GCC": 0.13650002866844624}}