{"rate-5": {"ANB_G": 0.0010559468184559986, "SP": 4.044871794871795, "ANB": 0.027125850340136055, "ACC": 0.2167751238406758, "CC": 10, "QCS": 0.9073935519874837, "SCS": {"ori-": 4.067996354215871, "sam_": 3.3026557674425656, "ori-av": 0.047302283188556636, "sam_av": 0.07680594808005967, "sam_/ori_av": 1.6237260212978588}, "DDC": 0.6292907491954809, "LCC": 0.02375091575091575, "GCC": 0.045454545454545456}, "rate-10": {"ANB_G": 0.0012235811287054027, "SP": 2.676149247577819, "ANB": 0.016761492475778187, "ACC": 0.3729338991813148, "CC": 2, "QCS": 0.8719965149371502, "SCS": {"ori-": 6.591615033723592, "sam_": 5.198230245904216, "ori-av": 0.07490471629231354, "sam_av": 0.11814159649782309, "sam_/ori_av": 1.577225071339685}, "DDC": 0.20935510111721245, "LCC": 0.10934647381628804, "GCC": 0.10911224090731325}, "rate-15": {"ANB_G": 0.0009500562790546437, "SP": 2.653422818791946, "ANB": 0.011171775802648288, "ACC": 0.38063155115285097, "CC": 1, "QCS": 0.8442577059929939, "SCS": {"ori-": 9.264822851715435, "sam_": 7.237246191616062, "ori-av": 0.08578539677514291, "sam_av": 0.13402307762251967, "sam_/ori_av": 1.5623064374676188}, "DDC": 0.0464508333413578, "LCC": 0.11173404554008842, "GCC": 0.08267716535433071}, "rate-20": {"ANB_G": 0.0009132982871917485, "SP": 2.5721608040201005, "ANB": 0.0079402060809096, "ACC": 0.3925937296900473, "CC": 1, "QCS": 0.9294877753528257, "SCS": {"ori-": 12.996919725951425, "sam_": 10.118041168267093, "ori-av": 0.08664613150634283, "sam_av": 0.13490721557689456, "sam_/ori_av": 1.5569906380300294}, "DDC": 0.4519695117083323, "LCC": 0.08759435120923208, "GCC": 0.08389851796031148}, "rate-25": {"ANB_G": 0.0010881277144956702, "SP": 2.422425702811245, "ANB": 0.005735587511335666, "ACC": 0.41677170271005554, "CC": 1, "QCS": 0.930172372989296, "SCS": {"ori-": 15.559304023348524, "sam_": 11.896852622096773, "ori-av": 0.10372869348899016, "sam_av": 0.15862470162795697, "sam_/ori_av": 1.529226834856389}, "DDC": 0.21732706203210028, "LCC": 0.11754421974299717, "GCC": 0.11800928730062589}, "rate-30": {"ANB_G": 0.001074408850520433, "SP": 2.3616722408026756, "ANB": 0.004569369935579447, "ACC": 0.4269558360878109, "CC": 1, "QCS": 0.9264321928321447, "SCS": {"ori-": 17.49684953120366, "sam_": 13.230514937644056, "ori-av": 0.11984143514523056, "sam_av": 0.1812399306526583, "sam_/ori_av": 1.5123311101291603}, "DDC": 0.9999792303932015, "LCC": 0.12310439967608827, "GCC": 0.1157537566650509}, "rate-35": {"ANB_G": 0.001121734963705777, "SP": 2.2809496520671306, "ANB": 0.003680889804790604, "ACC": 0.44181251674302674, "CC": 1, "QCS": 0.939764349535392, "SCS": {"ori-": 20.340572631873886, "sam_": 15.358164089877315, "ori-av": 0.11557143540837435, "sam_av": 0.17452459193042402, "sam_/ori_av": 1.510101447764643}, "DDC": 0.6183119948575515, "LCC": 0.11870850191138393, "GCC": 0.11297809959575318}, "rate-40": {"ANB_G": 0.0009755084497537654, "SP": 2.3104135338345864, "ANB": 0.003292496316167302, "ACC": 0.43575289736168543, "CC": 1, "QCS": 0.8764876585458181, "SCS": {"ori-": 22.309428826866693, "sam_": 16.617760144970298, "ori-av": 0.13603310260284568, "sam_av": 0.20265561152402803, "sam_/ori_av": 1.4897521827145968}, "DDC": 0.821806893347416, "LCC": 0.09916063643981966, "GCC": 0.09674640323923843}}