{"rate-5": {"ANB_G": 0.0008809361908795713, "SP": 4.353658536585366, "ANB": 0.03282312925170067, "ACC": 0.2085765821353184, "CC": 9, "QCS": 0.910989651181511, "SCS": {"ori-": 3.8117659908931967, "sam_": 3.051464392337327, "ori-av": 0.05445379986990281, "sam_av": 0.08718469692392362, "sam_/ori_av": 1.6010764562293023}, "DDC": 0.03310842828300764, "LCC": 0.029857142857142856, "GCC": 0.078125}, "rate-10": {"ANB_G": 0.0007185582592176096, "SP": 3.122060470324748, "ANB": 0.01953205524634096, "ACC": 0.2959031495256083, "CC": 6, "QCS": 0.9043129814867625, "SCS": {"ori-": 7.070683913798669, "sam_": 5.638267055007482, "ori-av": 0.06202354310349709, "sam_av": 0.09891696587732425, "sam_/ori_av": 1.594829332988347}, "DDC": 0.0271613194467224, "LCC": 0.04884574738986504, "GCC": 0.0741687979539642}, "rate-15": {"ANB_G": 0.0009409414993915322, "SP": 2.7370917225950784, "ANB": 0.011737106233750527, "ACC": 0.37035032582002264, "CC": 1, "QCS": 0.9497651287332518, "SCS": {"ori-": 9.946837827702089, "sam_": 7.75781639353944, "ori-av": 0.08153145760411548, "sam_av": 0.12717731792687606, "sam_/ori_av": 1.5598558110465635}, "DDC": 0.04374608878819253, "LCC": 0.07678057462946669, "GCC": 0.08239095315024232}, "rate-20": {"ANB_G": 0.0011525147775036668, "SP": 2.4140201005025124, "ANB": 0.007141515659103595, "ACC": 0.4187441801358423, "CC": 1, "QCS": 0.9054941161559673, "SCS": {"ori-": 12.492837419414109, "sam_": 9.601759204045443, "ori-av": 0.09609874938010853, "sam_av": 0.1477193723699299, "sam_/ori_av": 1.5371622765416169}, "DDC": 0.6233250284250762, "LCC": 0.1171350732400562, "GCC": 0.11795321034731526}, "rate-25": {"ANB_G": 0.0010588589456468568, "SP": 2.4485140562248997, "ANB": 0.005840782484777815, "ACC": 0.412344089532841, "CC": 1, "QCS": 0.8832993755740204, "SCS": {"ori-": 14.395029713127732, "sam_": 10.951634678525725, "ori-av": 0.10905325540248281, "sam_av": 0.1659338587655413, "sam_/ori_av": 1.521585560679773}, "DDC": 0.6493333546834386, "LCC": 0.10940411396765608, "GCC": 0.11236515113753694}, "rate-30": {"ANB_G": 0.0010728650601045063, "SP": 2.3606911928651058, "ANB": 0.004566077828406399, "ACC": 0.4270461586578969, "CC": 1, "QCS": 0.9342008553117219, "SCS": {"ori-": 17.502713956101836, "sam_": 13.348091655552468, "ori-av": 0.113653986727934, "sam_av": 0.1733518396824996, "sam_/ori_av": 1.525259647050225}, "DDC": 0.6075017622247968, "LCC": 0.1096497656670387, "GCC": 0.10562661382333513}, "rate-35": {"ANB_G": 0.001048849018011115, "SP": 2.325796152271797, "ANB": 0.003809759058252289, "ACC": 0.4333258627861734, "CC": 1, "QCS": 0.8902408321780463, "SCS": {"ori-": 20.28582915810817, "sam_": 15.363499301926725, "ori-av": 0.11396533234892231, "sam_av": 0.17262358766209804, "sam_/ori_av": 1.5147026214391628}, "DDC": 0.3986107412404105, "LCC": 0.11243148107580936, "GCC": 0.11005809777060832}, "rate-40": {"ANB_G": 0.0011978524768592464, "SP": 2.218546365914787, "ANB": 0.003061674286218053, "ACC": 0.45384056739565076, "CC": 1, "QCS": 0.9262411984478484, "SCS": {"ori-": 21.90982231475138, "sam_": 16.379487683253654, "ori-av": 0.12888130773383166, "sam_av": 0.1926998550971018, "sam_/ori_av": 1.4951730276904818}, "DDC": 0.2108918779267437, "LCC": 0.12510451783886736, "GCC": 0.12275685868970132}}