{"rate-5": {"ANB_G": 0.0006548319368938102, "SP": 6.167816091954023, "ANB": 0.020986394557823123, "ACC": 0.09863839308210165, "CC": 18, "QCS": 0.8866453371117077, "SCS": {"ori-": 2.997431434450255, "sam_": 2.451070202498894, "ori-av": 0.039439887295398095, "sam_av": 0.06450184743418143, "sam_/ori_av": 1.6354470526518872}, "DDC": 0.03628003661691248, "LCC": 0.0, "GCC": 0}, "rate-10": {"ANB_G": 0.0011030439377180765, "SP": 2.883376288659794, "ANB": 0.018076685219542355, "ACC": 0.3342011215880893, "CC": 4, "QCS": 0.9488870680684321, "SCS": {"ori-": 5.653812564952918, "sam_": 4.517340640614596, "ori-av": 0.056538125649529175, "sam_av": 0.09034681281229191, "sam_/ori_av": 1.5979803322865247}, "DDC": 0.39679873023926426, "LCC": 0.10457322025800286, "GCC": 0.09782608695652174}, "rate-15": {"ANB_G": 0.0009384482840159602, "SP": 2.7576181157394464, "ANB": 0.011403954289860322, "ACC": 0.35375922378017727, "CC": 4, "QCS": 0.7797963124311305, "SCS": {"ori-": 8.147869366238442, "sam_": 6.433478279384039, "ori-av": 0.06678581447736429, "sam_av": 0.1054668570390826, "sam_/ori_av": 1.5791805170666666}, "DDC": 0.005457644572701259, "LCC": 0.08874918637297151, "GCC": 0.07602956705385427}, "rate-20": {"ANB_G": 0.001094008976605009, "SP": 2.471206030150754, "ANB": 0.007430333485609865, "ACC": 0.4086464087608615, "CC": 1, "QCS": 0.8936022392554034, "SCS": {"ori-": 10.377553015718666, "sam_": 8.124283413900766, "ori-av": 0.08107463293530208, "sam_av": 0.12694192834219947, "sam_/ori_av": 1.5657416351610214}, "DDC": 0.7844101853364072, "LCC": 0.10228437313167722, "GCC": 0.10211041050057908}, "rate-25": {"ANB_G": 0.001045760653189343, "SP": 2.4133333333333336, "ANB": 0.0056989247311827924, "ACC": 0.41808883252594753, "CC": 1, "QCS": 0.8308585617774484, "SCS": {"ori-": 11.78119275776423, "sam_": 8.933755831552237, "ori-av": 0.1071017523433112, "sam_av": 0.16243192421004066, "sam_/ori_av": 1.5166131333628454}, "DDC": 0.0782173642402959, "LCC": 0.10912763050559508, "GCC": 0.10756134201301953}, "rate-30": {"ANB_G": 0.0011297851760953778, "SP": 2.338840579710145, "ANB": 0.004492753623188405, "ACC": 0.4311402820405862, "CC": 1, "QCS": 0.8962935173106511, "SCS": {"ori-": 13.747189917461426, "sam_": 10.432417436956499, "ori-av": 0.11268188456935596, "sam_av": 0.171023236671418, "sam_/ori_av": 1.5177527188600826}, "DDC": 0.8043036683197498, "LCC": 0.11893691378888692, "GCC": 0.11783210993984215}, "rate-35": {"ANB_G": 0.0010243299382164015, "SP": 2.3193123209169055, "ANB": 0.0037911273589566197, "ACC": 0.43429233018842295, "CC": 1, "QCS": 0.9686161778171308, "SCS": {"ori-": 15.57954455476033, "sam_": 11.68052954313032, "ori-av": 0.1320300385996638, "sam_av": 0.19797507700220882, "sam_/ori_av": 1.4994699623053274}, "DDC": 0.22964424353285384, "LCC": 0.10571862840339634, "GCC": 0.10344032584471143}, "rate-40": {"ANB_G": 0.0010745558361582239, "SP": 2.2636967418546368, "ANB": 0.0031751174418458163, "ACC": 0.4449251715155874, "CC": 1, "QCS": 0.8775478217280408, "SCS": {"ori-": 17.857280000986766, "sam_": 13.219976152423001, "ori-av": 0.14637114754907185, "sam_av": 0.2167209205315246, "sam_/ori_av": 1.4806259577822027}, "DDC": 0.8806179706320497, "LCC": 0.11188819794701016, "GCC": 0.11099640256347133}}