{"rate-5": {"ANB_G": 0.0009388717720947559, "SP": 4.623809523809523, "ANB": 0.028112244897959177, "ACC": 0.14736798862952472, "CC": 14, "QCS": 0.749912646411662, "SCS": {"ori-": 3.7202121919380198, "sam_": 3.007771303794293, "ori-av": 0.051669613776916944, "sam_av": 0.0835492028831748, "sam_/ori_av": 1.616989111703015}, "DDC": 0.03287148938966966, "LCC": 0.006285714285714286, "GCC": 0.028037383177570093}, "rate-10": {"ANB_G": 0.0010732426994519942, "SP": 2.9115646258503403, "ANB": 0.01911564625850341, "ACC": 0.3436709920764619, "CC": 2, "QCS": 0.8450901030613309, "SCS": {"ori-": 6.941690920042248, "sam_": 5.47136061361886, "ori-av": 0.06941690920042248, "sam_av": 0.10942721227237721, "sam_/ori_av": 1.5763769020086422}, "DDC": 0.018173372100750207, "LCC": 0.07508575085045671, "GCC": 0.0893760539629005}, "rate-15": {"ANB_G": 0.0011104189194156388, "SP": 2.607606263982103, "ANB": 0.010862204486365561, "ACC": 0.3891243382452622, "CC": 1, "QCS": 0.7850430213480472, "SCS": {"ori-": 10.004479081133178, "sam_": 7.855308120678781, "ori-av": 0.07940062762804109, "sam_av": 0.12468743048696478, "sam_/ori_av": 1.5703582479356903}, "DDC": 0.2032752324692746, "LCC": 0.11528779415482873, "GCC": 0.10976138828633406}, "rate-20": {"ANB_G": 0.001332444720288521, "SP": 2.3704522613065326, "ANB": 0.006921476067204715, "ACC": 0.42637935247317615, "CC": 1, "QCS": 0.898569149606113, "SCS": {"ori-": 12.048618344961337, "sam_": 9.32216427313283, "ori-av": 0.09268167957662567, "sam_av": 0.1434179118943512, "sam_/ori_av": 1.5474246102303182}, "DDC": 0.039329920618551895, "LCC": 0.14486401229627316, "GCC": 0.14094407616674823}, "rate-25": {"ANB_G": 0.0009801865816118996, "SP": 2.495004016064257, "ANB": 0.006028242000259098, "ACC": 0.40486574284358356, "CC": 1, "QCS": 0.7703641267700199, "SCS": {"ori-": 15.162941192353045, "sam_": 11.6318606646988, "ori-av": 0.09975619205495424, "sam_av": 0.15305079821972106, "sam_/ori_av": 1.5342486021860937}, "DDC": 0.5573502650471225, "LCC": 0.1122996112365453, "GCC": 0.10606610969851071}, "rate-30": {"ANB_G": 0.0009487644048531927, "SP": 2.446465997770346, "ANB": 0.004853912744195789, "ACC": 0.4122089289804738, "CC": 1, "QCS": 0.8095476435675059, "SCS": {"ori-": 17.828322131756224, "sam_": 13.610569672501605, "ori-av": 0.10739953091419412, "sam_av": 0.16398276713857354, "sam_/ori_av": 1.526848075990072}, "DDC": 0.010079625145117288, "LCC": 0.09449161929845953, "GCC": 0.08987477092241906}, "rate-35": {"ANB_G": 0.0009972685824305662, "SP": 2.360966025378633, "ANB": 0.003910821912007564, "ACC": 0.42681526555498805, "CC": 1, "QCS": 0.7743292767603941, "SCS": {"ori-": 19.608005448600352, "sam_": 14.775278745711836, "ori-av": 0.1273247107051971, "sam_av": 0.19188673695729658, "sam_/ori_av": 1.5070659567535478}, "DDC": 0.9370414293944536, "LCC": 0.11616140511875149, "GCC": 0.10603904604701463}, "rate-40": {"ANB_G": 0.0010487080899475906, "SP": 2.283997493734336, "ANB": 0.0032261243561164214, "ACC": 0.4411324636476933, "CC": 1, "QCS": 0.9283547244328201, "SCS": {"ori-": 22.712446583024445, "sam_": 17.17015985707192, "ori-av": 0.11953919254223391, "sam_av": 0.18073852481128336, "sam_/ori_av": 1.5119603953107459}, "DDC": 0.9113998765937952, "LCC": 0.11140117112013384, "GCC": 0.10773270737638477}}