{"rate-5": {"ANB_G": 0.0007637498228652102, "SP": 5.445632798573975, "ANB": 0.02333333333333333, "ACC": 0.13905368095507328, "CC": 15, "QCS": 0.7972461213902198, "SCS": {"ori-": 3.688623343273916, "sam_": 2.9941850735338806, "ori-av": 0.04729004286248611, "sam_av": 0.07677397624445848, "sam_/ori_av": 1.6234702190418433}, "DDC": 0.03287148938966966, "LCC": 0.010952380952380951, "GCC": 0.0297029702970297}, "rate-10": {"ANB_G": 0.0009911020827885698, "SP": 3.135498320268757, "ANB": 0.019655741084312516, "ACC": 0.2958013105978398, "CC": 6, "QCS": 0.8313114276549389, "SCS": {"ori-": 7.005161062318369, "sam_": 5.597912942091125, "ori-av": 0.06254608091355687, "sam_av": 0.09996273110877009, "sam_/ori_av": 1.5982253348043611}, "DDC": 0.926434087193948, "LCC": 0.10117501562764723, "GCC": 0.12780269058295965}, "rate-15": {"ANB_G": 0.0012059957882172428, "SP": 2.5296644295302015, "ANB": 0.010335570469798655, "ACC": 0.40117195024485724, "CC": 1, "QCS": 0.9734762318754324, "SCS": {"ori-": 10.00021121930315, "sam_": 7.859662608795401, "ori-av": 0.07143008013787965, "sam_av": 0.11228089441136287, "sam_/ori_av": 1.5718993202111764}, "DDC": 0.22750230817679873, "LCC": 0.14495365914512454, "GCC": 0.13059294288832302}, "rate-20": {"ANB_G": 0.0009231741373348595, "SP": 2.639547738693467, "ANB": 0.008280544134815498, "ACC": 0.38285350011626457, "CC": 1, "QCS": 0.8658584890929925, "SCS": {"ori-": 12.693705576934338, "sam_": 9.850033268147913, "ori-av": 0.08939229279531224, "sam_av": 0.13873286293166073, "sam_/ori_av": 1.5519555276351065}, "DDC": 0.5596295385575524, "LCC": 0.09023673032040418, "GCC": 0.08550794415021666}, "rate-25": {"ANB_G": 0.0012759732783571385, "SP": 2.33795983935743, "ANB": 0.005394999352247706, "ACC": 0.43193052065738624, "CC": 1, "QCS": 0.8140070454760361, "SCS": {"ori-": 14.981938105577493, "sam_": 11.428795790189053, "ori-av": 0.10856476888099632, "sam_av": 0.16563472159694279, "sam_/ori_av": 1.525676545938249}, "DDC": 0.19138273620563062, "LCC": 0.13706709551618193, "GCC": 0.14511676490337985}, "rate-30": {"ANB_G": 0.001110579760457246, "SP": 2.348628762541806, "ANB": 0.004525599874301361, "ACC": 0.42922256672408227, "CC": 1, "QCS": 0.9068772598883542, "SCS": {"ori-": 17.229730382694896, "sam_": 13.07204549249078, "ori-av": 0.11801185193626641, "sam_av": 0.17906911633549014, "sam_/ori_av": 1.5173824780937966}, "DDC": 0.5298907390205865, "LCC": 0.1150695035315341, "GCC": 0.11129124547015068}, "rate-35": {"ANB_G": 0.000994997649394044, "SP": 2.3402210397052805, "ANB": 0.003851209884210579, "ACC": 0.430572241621244, "CC": 1, "QCS": 0.8804678248753348, "SCS": {"ori-": 19.35183724058427, "sam_": 14.519910069306711, "ori-av": 0.1290122482705618, "sam_av": 0.1935988009240895, "sam_/ori_av": 1.5006234176934745}, "DDC": 0.27349801634120363, "LCC": 0.10339359228539736, "GCC": 0.10551137044882299}, "rate-40": {"ANB_G": 0.000870331257685945, "SP": 2.3702756892230576, "ANB": 0.0034429037417664753, "ACC": 0.4247572066925487, "CC": 1, "QCS": 0.8521943683777735, "SCS": {"ori-": 21.717995419828195, "sam_": 16.15346832020492, "ori-av": 0.14102594428459866, "sam_av": 0.20978530285980415, "sam_/ori_av": 1.4875653123544774}, "DDC": 0.21775775700427813, "LCC": 0.08593980994072145, "GCC": 0.08554568878255268}}