{"rate-5": {"ANB_G": 0.001701744228540554, "SP": 2.8141414141414143, "ANB": 0.030544217687074826, "ACC": 0.2979929129942315, "CC": 6, "QCS": 0.8076564973615391, "SCS": {"ori-": 3.496774956666328, "sam_": 2.8272126146630865, "ori-av": 0.04995392795237612, "sam_av": 0.08077750327608818, "sam_/ori_av": 1.6170400724663314}, "DDC": 0.6207489867521322, "LCC": 0.1175079365079365, "GCC": 0.21818181818181817}, "rate-10": {"ANB_G": 0.001021355939415972, "SP": 2.8838628234799075, "ANB": 0.018458049886621312, "ACC": 0.3395445046152292, "CC": 3, "QCS": 0.9062559381886703, "SCS": {"ori-": 6.7440517160740745, "sam_": 5.349470247215857, "ori-av": 0.06484665111609687, "sam_av": 0.10287442783107417, "sam_/ori_av": 1.5864262234127564}, "DDC": 0.14645038386819054, "LCC": 0.11959965530274454, "GCC": 0.1153184165232358}, "rate-15": {"ANB_G": 0.0012665561565896894, "SP": 2.436062639821029, "ANB": 0.009703125944736686, "ACC": 0.41538559495987, "CC": 1, "QCS": 0.8272420416391935, "SCS": {"ori-": 9.327280394088428, "sam_": 7.263006059567792, "ori-av": 0.08636370735267063, "sam_av": 0.13450011221421837, "sam_/ori_av": 1.5573684402521104}, "DDC": 0.2520045269595784, "LCC": 0.12465252228374231, "GCC": 0.11830724876441516}, "rate-20": {"ANB_G": 0.0009998317395952113, "SP": 2.533475458098574, "ANB": 0.007667377290492868, "ACC": 0.39455901088364653, "CC": 2, "QCS": 0.8994734334075674, "SCS": {"ori-": 12.44936117950269, "sam_": 9.678616131321537, "ori-av": 0.0829957411966846, "sam_av": 0.12904821508428715, "sam_/ori_av": 1.5548775542406048}, "DDC": 0.2963852785604443, "LCC": 0.09218432219107273, "GCC": 0.09316064530788457}, "rate-25": {"ANB_G": 0.0010691742530878794, "SP": 2.4237751004016066, "ANB": 0.005741028630651637, "ACC": 0.41651632468101135, "CC": 1, "QCS": 0.8429236559448909, "SCS": {"ori-": 14.67950148649643, "sam_": 11.189866153433233, "ori-av": 0.10793751093012081, "sam_av": 0.16455685519754754, "sam_/ori_av": 1.524556697477324}, "DDC": 0.4031726964796274, "LCC": 0.11457714962081754, "GCC": 0.10572867056742415}, "rate-30": {"ANB_G": 0.0009593511947744456, "SP": 2.397123745819398, "ANB": 0.0046883347175147635, "ACC": 0.4206159330454963, "CC": 1, "QCS": 0.8859209771265186, "SCS": {"ori-": 17.584899016858724, "sam_": 13.362977770878935, "ori-av": 0.11129682922062484, "sam_av": 0.1691516173528979, "sam_/ori_av": 1.5198242262372716}, "DDC": 0.7642927230057033, "LCC": 0.09604173832841437, "GCC": 0.09372079569222554}, "rate-35": {"ANB_G": 0.0010218890239877426, "SP": 2.3362586983217355, "ANB": 0.003839823845752114, "ACC": 0.43162423417534385, "CC": 1, "QCS": 0.8812998314118742, "SCS": {"ori-": 19.27353203904413, "sam_": 14.418482757732031, "ori-av": 0.12849021359362753, "sam_av": 0.19224643676976041, "sam_/ori_av": 1.4961951684333947}, "DDC": 0.09915899678339302, "LCC": 0.11556487032572704, "GCC": 0.115409275486215}, "rate-40": {"ANB_G": 0.0009892699918109824, "SP": 2.3255388471177945, "ANB": 0.0033304996158738565, "ACC": 0.4332771566978738, "CC": 1, "QCS": 0.9141342477048421, "SCS": {"ori-": 22.37508676329428, "sam_": 16.79587737316868, "ori-av": 0.1285924526626108, "sam_av": 0.19305606176055953, "sam_/ori_av": 1.501301653115541}, "DDC": 0.14583431340417208, "LCC": 0.10426856098601124, "GCC": 0.10514463064068962}}