{"rate-5": {"ANB_G": 0.002350390931901059, "SP": 10.46204081632653, "ANB": 0.19712585034013608, "ACC": 0.0968123672939255, "CC": 1, "QCS": 0.7654046146676202, "SCS": {"ori-": 3.617929402301358, "sam_": 2.866525496689792, "ori-av": 0.06460588218395283, "sam_av": 0.102375910596064, "sam_/ori_av": 1.5846221293684728}, "DDC": 0.6296118109066414, "LCC": 0.0, "GCC": 0}, "rate-10": {"ANB_G": 0.0021088070623002807, "SP": 11.356565656565657, "ANB": 0.10567924139352708, "ACC": 0.0921139995601982, "CC": 1, "QCS": 0.9120806058359094, "SCS": {"ori-": 7.295905415375244, "sam_": 5.836003184332841, "ori-av": 0.0607992117947937, "sam_av": 0.0972667197388807, "sam_/ori_av": 1.5998023143321365}, "DDC": 0.27005010136270924, "LCC": 0.0, "GCC": 0}, "rate-15": {"ANB_G": 0.0018560117892834909, "SP": 14.046174496644296, "ANB": 0.088149827680029, "ACC": 0.07425763562384628, "CC": 1, "QCS": 0.9376688110356348, "SCS": {"ori-": 10.475289413668811, "sam_": 8.328559295894529, "ori-av": 0.06387371593700494, "sam_av": 0.10156779629139669, "sam_/ori_av": 1.5901344520423282}, "DDC": 0.04812256332833209, "LCC": 0.03177777777777779, "GCC": 0.04205607476635514}, "rate-20": {"ANB_G": 0.0018918207974346081, "SP": 8.601256281407036, "ANB": 0.03839018323942947, "ACC": 0.12156843473768066, "CC": 1, "QCS": 0.8785177646888527, "SCS": {"ori-": 13.529774722347911, "sam_": 10.745659839162085, "ori-av": 0.06632242510954858, "sam_av": 0.10534960626629496, "sam_/ori_av": 1.588446232059261}, "DDC": 0.13940076075373864, "LCC": 0.0, "GCC": 0}, "rate-25": {"ANB_G": 0.0020039932300139045, "SP": 7.9764497991967875, "ANB": 0.028130845964503166, "ACC": 0.128331064633314, "CC": 1, "QCS": 0.8931397842765323, "SCS": {"ori-": 16.683871394681965, "sam_": 13.174926104691401, "ori-av": 0.07191323877018088, "sam_av": 0.11357694917837415, "sam_/ori_av": 1.5793607841991577}, "DDC": 0.004495311914485711, "LCC": 0.005333333333333333, "GCC": 0.00546448087431694}, "rate-30": {"ANB_G": 0.0019376327829467017, "SP": 7.518082497212932, "ANB": 0.021872760057761505, "ACC": 0.13570660238216278, "CC": 1, "QCS": 0.8346807879063552, "SCS": {"ori-": 19.552705112928493, "sam_": 15.3192598628083, "ori-av": 0.07821082045171397, "sam_av": 0.1225540789024664, "sam_/ori_av": 1.5669708896370573}, "DDC": 0.002003444637533547, "LCC": 0.002, "GCC": 0.00398406374501992}, "rate-35": {"ANB_G": 0.0017980235542135882, "SP": 7.264576340564879, "ANB": 0.018001656151048522, "ACC": 0.14186641492435753, "CC": 1, "QCS": 0.8256763501453204, "SCS": {"ori-": 22.92509895061394, "sam_": 17.971860209345742, "ori-av": 0.07960103802296507, "sam_av": 0.12480458478712321, "sam_/ori_av": 1.567876347933011}, "DDC": 0.010179112405804158, "LCC": 0.00761904761904762, "GCC": 0.006230529595015576}, "rate-40": {"ANB_G": 0.0017036040917785414, "SP": 6.042218045112782, "ANB": 0.01266888956058488, "ACC": 0.16856854684517483, "CC": 1, "QCS": 0.833399436887836, "SCS": {"ori-": 25.397684705920565, "sam_": 19.696518892438174, "ori-av": 0.0926922799486152, "sam_av": 0.1437702108937093, "sam_/ori_av": 1.5510483825989567}, "DDC": 0.0007516335480218794, "LCC": 0.006430555555555556, "GCC": 0.005913272010512484}}