{"rate-5": {"ANB_G": 0.0026869147302096157, "SP": 16.069387755102042, "ANB": 0.3139455782312925, "ACC": 0.06541807719233322, "CC": 1, "QCS": 0.97035154200699, "SCS": {"ori-": 3.331405734832999, "sam_": 2.7002731985574, "ori-av": 0.04759151049761427, "sam_av": 0.07715066281592571, "sam_/ori_av": 1.6211013689047171}, "DDC": 0.9874745847283686, "LCC": 0.04333333333333334, "GCC": 0.05660377358490566}, "rate-10": {"ANB_G": 0.0019425385811079072, "SP": 11.324848484848484, "ANB": 0.10535559678416823, "ACC": 0.09437892167705611, "CC": 1, "QCS": 0.9173638887429523, "SCS": {"ori-": 5.691171620698168, "sam_": 4.565693683932753, "ori-av": 0.05579580020292322, "sam_av": 0.08952340556730888, "sam_/ori_av": 1.6044828686338766}, "DDC": 0.39708966995719, "LCC": 0.004333333333333333, "GCC": 0.02112676056338028}, "rate-15": {"ANB_G": 0.002479749060182694, "SP": 9.147829977628636, "ANB": 0.05505290525424754, "ACC": 0.11419665877958124, "CC": 1, "QCS": 0.7801896782809296, "SCS": {"ori-": 8.78167772348355, "sam_": 7.00298209951402, "ori-av": 0.06014847755810651, "sam_av": 0.09593126163717836, "sam_/ori_av": 1.5949075609520431}, "DDC": 0.03628003661691248, "LCC": 0.014444444444444447, "GCC": 0.011235955056179775}, "rate-20": {"ANB_G": 0.0019056941153038807, "SP": 8.146130653266331, "ANB": 0.03609156895589058, "ACC": 0.12650288308719668, "CC": 1, "QCS": 0.7166674862068907, "SCS": {"ori-": 11.61715804737365, "sam_": 9.259838636405888, "ori-av": 0.06050603149673776, "sam_av": 0.09645665246256134, "sam_/ori_av": 1.5941659050595955}, "DDC": 0.22512329562484157, "LCC": 0.0, "GCC": 0}, "rate-25": {"ANB_G": 0.0020766480649534935, "SP": 8.118457831325301, "ANB": 0.028703458997279437, "ACC": 0.12567933018791896, "CC": 1, "QCS": 0.6996705407462752, "SCS": {"ori-": 13.408216053913954, "sam_": 10.590367802679827, "ori-av": 0.07056955817849449, "sam_av": 0.11147755581768239, "sam_/ori_av": 1.5796833464043747}, "DDC": 0.009650513710346531, "LCC": 0.0, "GCC": 0}, "rate-30": {"ANB_G": 0.0019380060771675438, "SP": 7.083857302118171, "ANB": 0.02041562853059788, "ACC": 0.1446435754924556, "CC": 1, "QCS": 0.7018996828846199, "SCS": {"ori-": 16.306050290791006, "sam_": 12.854456986591563, "ori-av": 0.07345067698554507, "sam_av": 0.11580591879812219, "sam_/ori_av": 1.5766487601048598}, "DDC": 0.02053844547542083, "LCC": 0.014904761904761905, "GCC": 0.01090909090909091}, "rate-35": {"ANB_G": 0.0018748951188123117, "SP": 6.268669668440442, "ANB": 0.015139855369081733, "ACC": 0.1624882578240486, "CC": 1, "QCS": 0.605286877879056, "SCS": {"ori-": 18.65064033143283, "sam_": 14.665292711380598, "ori-av": 0.07460256132573131, "sam_av": 0.11732234169104479, "sam_/ori_av": 1.5726315505279966}, "DDC": 0.0159940332559545, "LCC": 0.007061224489795917, "GCC": 0.010318142734307825}, "rate-40": {"ANB_G": 0.0016908806804118548, "SP": 6.3465664160401, "ANB": 0.013433583959899749, "ACC": 0.16062574420801431, "CC": 1, "QCS": 0.640981568611721, "SCS": {"ori-": 20.755387737370057, "sam_": 16.183999117430805, "ori-av": 0.08236264975146848, "sam_av": 0.12844443743992703, "sam_/ori_av": 1.5594986055877462}, "DDC": 0.0006003793290626502, "LCC": 0.005728174603174603, "GCC": 0.0041753653444676405}}