{"rate-5": {"ANB_G": 0.0023818103182227006, "SP": 15.924081632653062, "ANB": 0.31091836734693873, "ACC": 0.06568895383215731, "CC": 1, "QCS": 0.8700803152715646, "SCS": {"ori-": 3.2769910599426084, "sam_": 2.635899276779847, "ori-av": 0.05461651766571014, "sam_av": 0.08786330922599489, "sam_/ori_av": 1.608731442084563}, "DDC": 0.9874745847283686, "LCC": 0.0, "GCC": 0}, "rate-10": {"ANB_G": 0.0019808392034067254, "SP": 8.916969696969696, "ANB": 0.08078540507111935, "ACC": 0.11646541828786701, "CC": 1, "QCS": 0.9387150430354072, "SCS": {"ori-": 7.354196313478945, "sam_": 5.87941863348262, "ori-av": 0.059308034786120525, "sam_av": 0.09482933279810678, "sam_/ori_av": 1.5989289333238719}, "DDC": 0.4214035090245766, "LCC": 0.0, "GCC": 0}, "rate-15": {"ANB_G": 0.0018751751313898979, "SP": 13.165816554809844, "ANB": 0.08220146320817466, "ACC": 0.07879073743646686, "CC": 1, "QCS": 0.9039102678110721, "SCS": {"ori-": 10.365335036799456, "sam_": 8.200544154841939, "ori-av": 0.06730737036882764, "sam_av": 0.1065005734395057, "sam_/ori_av": 1.5823018022529933}, "DDC": 0.13940076075373864, "LCC": 0.008888888888888889, "GCC": 0.0136986301369863}, "rate-20": {"ANB_G": 0.0018916835824577094, "SP": 8.624773869346734, "ANB": 0.03850895893609462, "ACC": 0.11890468831763328, "CC": 1, "QCS": 0.8603322289221561, "SCS": {"ori-": 13.721842551021014, "sam_": 10.85853400553627, "ori-av": 0.06860921275510506, "sam_av": 0.1085853400553627, "sam_/ori_av": 1.582664130587668}, "DDC": 0.03628003661691248, "LCC": 0.006666666666666666, "GCC": 0.007731958762886598}, "rate-25": {"ANB_G": 0.0021095738269782272, "SP": 7.040514056224899, "ANB": 0.024356911517035878, "ACC": 0.14493383665762177, "CC": 1, "QCS": 0.8273678498844301, "SCS": {"ori-": 16.93536057835652, "sam_": 13.286920178363081, "ori-av": 0.07628540801061495, "sam_av": 0.11970198358885659, "sam_/ori_av": 1.5691334255196001}, "DDC": 0.4559977108216141, "LCC": 0.02389523809523809, "GCC": 0.022321428571428572}, "rate-30": {"ANB_G": 0.0018355964928959542, "SP": 6.688896321070234, "ANB": 0.01909025611097395, "ACC": 0.15241411481817474, "CC": 1, "QCS": 0.8400697764009318, "SCS": {"ori-": 18.510432386888326, "sam_": 14.376874998039991, "ori-av": 0.08491024030682719, "sam_av": 0.13189793576183478, "sam_/ori_av": 1.5533807852293826}, "DDC": 0.28308558981129206, "LCC": 0.020393939393939395, "GCC": 0.016574585635359115}, "rate-35": {"ANB_G": 0.0016851643008609825, "SP": 7.171068358575522, "ANB": 0.017732955053377915, "ACC": 0.1419857152433855, "CC": 1, "QCS": 0.7481054045526225, "SCS": {"ori-": 22.419420627087202, "sam_": 17.482522192810865, "ori-av": 0.08242434054076177, "sam_av": 0.1285479573000799, "sam_/ori_av": 1.5595873313236683}, "DDC": 0.022844471649147047, "LCC": 0.0015646258503401358, "GCC": 0.003134796238244514}, "rate-40": {"ANB_G": 0.001707234571833824, "SP": 6.725889724310777, "ANB": 0.014386657598770806, "ACC": 0.152725535598199, "CC": 1, "QCS": 0.759633086824356, "SCS": {"ori-": 25.839025385146744, "sam_": 20.08068548272268, "ori-av": 0.08910008753498877, "sam_av": 0.1384874860877426, "sam_/ori_av": 1.5542912461602225}, "DDC": 0.003471086048649874, "LCC": 0.012299603174603175, "GCC": 0.015933232169954476}}