{"rate-5": {"ANB_G": 0.002689795878016586, "SP": 12.106938775510205, "ANB": 0.23139455782312926, "ACC": 0.08503353249895866, "CC": 1, "QCS": 0.8008110907646502, "SCS": {"ori-": 3.5603967317551883, "sam_": 2.8644219693637787, "ori-av": 0.05563119893367482, "sam_av": 0.08951318654261808, "sam_/ori_av": 1.6090465109216572}, "DDC": 0.662544485582371, "LCC": 0.0, "GCC": 0}, "rate-10": {"ANB_G": 0.0023853933132965467, "SP": 11.877979797979798, "ANB": 0.1109997938569367, "ACC": 0.08847304293571759, "CC": 1, "QCS": 0.9701602900258331, "SCS": {"ori-": 7.094689761966764, "sam_": 5.672138979682041, "ori-av": 0.06116111863764452, "sam_av": 0.09779549964969035, "sam_/ori_av": 1.5989815397113658}, "DDC": 0.0515677990930038, "LCC": 0.0, "GCC": 0}, "rate-15": {"ANB_G": 0.0019969146832534944, "SP": 12.485816554809844, "ANB": 0.07760686861358002, "ACC": 0.08460052675457326, "CC": 1, "QCS": 0.8829746732669573, "SCS": {"ori-": 10.430705580082835, "sam_": 8.294379650856875, "ori-av": 0.06360186329318801, "sam_av": 0.10115097135191312, "sam_/ori_av": 1.5903774844713827}, "DDC": 0.0515677990930038, "LCC": 0.0, "GCC": 0}, "rate-20": {"ANB_G": 0.001884742061140997, "SP": 8.096180904522614, "ANB": 0.035839297497588955, "ACC": 0.1263984662301787, "CC": 1, "QCS": 0.7757797050936672, "SCS": {"ori-": 13.74980724702976, "sam_": 10.918278940283363, "ori-av": 0.06740101591681255, "sam_av": 0.10704195039493493, "sam_/ori_av": 1.588135563520999}, "DDC": 0.13940076075373864, "LCC": 0.010833333333333335, "GCC": 0.007159904534606206}, "rate-25": {"ANB_G": 0.002094887629138739, "SP": 9.070907630522088, "ANB": 0.03254398238113744, "ACC": 0.11255761637838943, "CC": 1, "QCS": 0.7757757764253542, "SCS": {"ori-": 17.12044372368042, "sam_": 13.537854838146067, "ori-av": 0.07133518218200176, "sam_av": 0.11281545698455056, "sam_/ori_av": 1.5814841083144313}, "DDC": 0.004495311914485711, "LCC": 0.006, "GCC": 0.006036217303822937}, "rate-30": {"ANB_G": 0.0017260692240682548, "SP": 7.838907469342252, "ANB": 0.022949353923967287, "ACC": 0.13184587957059865, "CC": 1, "QCS": 0.7733107082049002, "SCS": {"ori-": 19.62153613768176, "sam_": 15.430745854253551, "ori-av": 0.07432400052152181, "sam_av": 0.11689958980495115, "sam_/ori_av": 1.572837696903853}, "DDC": 0.13041379622306026, "LCC": 0.0018888888888888887, "GCC": 0.004231311706629055}, "rate-35": {"ANB_G": 0.0018322574713820427, "SP": 6.188538681948424, "ANB": 0.01490959391364489, "ACC": 0.16488676525139262, "CC": 1, "QCS": 0.7651035020467944, "SCS": {"ori-": 22.66401346593902, "sam_": 17.72559232128766, "ori-av": 0.07924480232845811, "sam_av": 0.12395519105795566, "sam_/ori_av": 1.5642059468352199}, "DDC": 0.2562331668482628, "LCC": 0.018000000000000002, "GCC": 0.011971268954509178}, "rate-40": {"ANB_G": 0.0016645405102254306, "SP": 6.472781954887218, "ANB": 0.013750708429364869, "ACC": 0.15788566793804396, "CC": 1, "QCS": 0.7442396758596342, "SCS": {"ori-": 24.68297593897213, "sam_": 19.100379307007238, "ori-av": 0.0942098318281379, "sam_av": 0.14580442219089496, "sam_/ori_av": 1.5476561136090168}, "DDC": 0.003471086048649874, "LCC": 0.004958333333333333, "GCC": 0.006276150627615063}}