{"rate-5": {"ANB_G": 0.0020655839977988207, "SP": 16.68979591836735, "ANB": 0.3268707482993197, "ACC": 0.0626680119268897, "CC": 1, "QCS": 0.7577562871962037, "SCS": {"ori-": 3.77801170987516, "sam_": 3.0355399997354913, "ori-av": 0.057242601664775156, "sam_av": 0.09198606059804519, "sam_/ori_av": 1.6069510805384968}, "DDC": 0.8712666658031105, "LCC": 0.0, "GCC": 0}, "rate-10": {"ANB_G": 0.0021436245409999963, "SP": 15.272121212121212, "ANB": 0.14563388991960413, "ACC": 0.0700632594503775, "CC": 1, "QCS": 0.9882347898088171, "SCS": {"ori-": 6.766953639815691, "sam_": 5.407523666089034, "ori-av": 0.06151776036196083, "sam_av": 0.0983186121107097, "sam_/ori_av": 1.598215076950436}, "DDC": 0.662544485582371, "LCC": 0.0, "GCC": 0}, "rate-15": {"ANB_G": 0.0021582567490883923, "SP": 7.092796420581656, "ANB": 0.041167543382308464, "ACC": 0.14453264413354064, "CC": 1, "QCS": 0.9464757994240897, "SCS": {"ori-": 10.532293052143496, "sam_": 8.338694129290394, "ori-av": 0.06839151332560711, "sam_av": 0.1082947289518233, "sam_/ori_av": 1.583452736836511}, "DDC": 0.4559977108216141, "LCC": 0.0, "GCC": 0}, "rate-20": {"ANB_G": 0.0022222382828296595, "SP": 8.212412060301508, "ANB": 0.03642632353687629, "ACC": 0.1261834010922852, "CC": 1, "QCS": 0.9225819292347518, "SCS": {"ori-": 13.729303864863315, "sam_": 10.843635224841053, "ori-av": 0.07004746869828223, "sam_av": 0.11064933902899034, "sam_/ori_av": 1.579633655365819}, "DDC": 0.6004416942929272, "LCC": 0.010833333333333335, "GCC": 0.007177033492822967}, "rate-25": {"ANB_G": 0.0019657539501202743, "SP": 6.919903614457831, "ANB": 0.023870579090555767, "ACC": 0.14781375924084417, "CC": 1, "QCS": 0.8164305598089299, "SCS": {"ori-": 16.575019971593683, "sam_": 13.12520374122732, "ori-av": 0.06964294105711631, "sam_av": 0.11029582975821278, "sam_/ori_av": 1.5837330831240426}, "DDC": 0.006137991206467297, "LCC": 0.00800952380952381, "GCC": 0.013574660633484163}, "rate-30": {"ANB_G": 0.001792964142399689, "SP": 7.456655518394649, "ANB": 0.021666629256357876, "ACC": 0.13770519058167377, "CC": 1, "QCS": 0.7686059144996218, "SCS": {"ori-": 19.735125695793506, "sam_": 15.529324426806953, "ori-av": 0.07419220186388537, "sam_av": 0.116761837795541, "sam_/ori_av": 1.573775071533189}, "DDC": 0.006137991206467297, "LCC": 0.0, "GCC": 0}, "rate-35": {"ANB_G": 0.0017384557578615084, "SP": 6.156545231273025, "ANB": 0.014817658710554679, "ACC": 0.1654435392653323, "CC": 1, "QCS": 0.847818870187925, "SCS": {"ori-": 22.817185392654782, "sam_": 17.81069070962506, "ori-av": 0.08388671100240729, "sam_av": 0.13096096110018426, "sam_/ori_av": 1.5611645698736012}, "DDC": 0.003471086048649874, "LCC": 0.0012380952380952382, "GCC": 0.0024630541871921183}, "rate-40": {"ANB_G": 0.0015853724044288973, "SP": 6.41421052631579, "ANB": 0.013603544035969323, "ACC": 0.15854874785168543, "CC": 1, "QCS": 0.6774911132517245, "SCS": {"ori-": 24.749675353259004, "sam_": 19.24368346955003, "ori-av": 0.08714674420161621, "sam_av": 0.13551889767288755, "sam_/ori_av": 1.555065526709307}, "DDC": 0.06378025264752285, "LCC": 0.005831709956709956, "GCC": 0.0066469719350073855}}