{"rate-5": {"ANB_G": 0.0020070972470678998, "SP": 2.543673469387755, "ANB": 0.03215986394557823, "ACC": 0.4036309881295555, "CC": 1, "QCS": 0.6501532372908656, "SCS": {"ori-": 3.527037965487495, "sam_": 2.8225681568650876, "ori-av": 0.058783966091458244, "sam_av": 0.09408560522883626, "sam_/ori_av": 1.6005317688577603}, "DDC": 0.03000761818613562, "LCC": 0.1783849483849484, "GCC": 0.1864594894561598}, "rate-10": {"ANB_G": 0.002264000261489085, "SP": 2.202020202020202, "ANB": 0.012265512265512262, "ACC": 0.46110305704476834, "CC": 1, "QCS": 0.7476352331358925, "SCS": {"ori-": 6.619435714897956, "sam_": 5.2409866376799785, "ori-av": 0.06754526239691792, "sam_av": 0.10695891097306079, "sam_/ori_av": 1.583514626748142}, "DDC": 0.321858895832577, "LCC": 0.23079607370410174, "GCC": 0.250619229903175}, "rate-15": {"ANB_G": 0.0019906010436153763, "SP": 2.1686534216335542, "ANB": 0.00784331155458761, "ACC": 0.466748595702103, "CC": 1, "QCS": 0.8212920141561898, "SCS": {"ori-": 8.95756626974852, "sam_": 6.89382158745779, "ori-av": 0.09330798197654709, "sam_av": 0.14362128307203728, "sam_/ori_av": 1.5392175463417097}, "DDC": 0.034519151473470955, "LCC": 0.19545558861764412, "GCC": 0.2055410439772192}, "rate-20": {"ANB_G": 0.0020628180704237915, "SP": 2.077638190954774, "ANB": 0.0054426171260342085, "ACC": 0.4857865668303787, "CC": 1, "QCS": 0.7792424030143005, "SCS": {"ori-": 12.207185609743487, "sam_": 9.381440729728167, "ori-av": 0.09688242547415465, "sam_av": 0.14891175761473283, "sam_/ori_av": 1.5370358131099644}, "DDC": 0.18579464985644822, "LCC": 0.2201347672407916, "GCC": 0.22271002799821077}, "rate-25": {"ANB_G": 0.0019336700669718534, "SP": 2.0677911646586344, "ANB": 0.0043056095349138495, "ACC": 0.48741537104107197, "CC": 1, "QCS": 0.7558822473930195, "SCS": {"ori-": 15.198725489607918, "sam_": 11.70485523642692, "ori-av": 0.09869302265979167, "sam_av": 0.15201110696658338, "sam_/ori_av": 1.5402416794000364}, "DDC": 0.10676812069887454, "LCC": 0.2156516548771169, "GCC": 0.21503486316934373}, "rate-30": {"ANB_G": 0.0016503796045424979, "SP": 2.102943143812709, "ANB": 0.0037011514893043915, "ACC": 0.47902413606750166, "CC": 1, "QCS": 0.9561291351401101, "SCS": {"ori-": 17.167867659498132, "sam_": 13.015158188504016, "ori-av": 0.11758813465409679, "sam_av": 0.17828983819868516, "sam_/ori_av": 1.516223033243546}, "DDC": 0.37149155255594357, "LCC": 0.1684097405604883, "GCC": 0.1705022070720558}, "rate-35": {"ANB_G": 0.0017799817313855649, "SP": 2.048481375358166, "ANB": 0.0030128775153970295, "ACC": 0.4911526512846994, "CC": 1, "QCS": 0.8619441118523283, "SCS": {"ori-": 19.402375441338656, "sam_": 14.556816310614105, "ori-av": 0.1328929824749223, "sam_av": 0.19940844261115212, "sam_/ori_av": 1.5005189807428823}, "DDC": 0.00589753146116323, "LCC": 0.1910414165937058, "GCC": 0.1919383393065331}, "rate-40": {"ANB_G": 0.001643573437865842, "SP": 2.05734335839599, "ANB": 0.0026566416040100273, "ACC": 0.48878840739879487, "CC": 1, "QCS": 0.9189785557421335, "SCS": {"ori-": 22.577772151923963, "sam_": 17.021308272528238, "ori-av": 0.12138587178453743, "sam_av": 0.18302482013471225, "sam_/ori_av": 1.507793431344179}, "DDC": 0.28238736431031053, "LCC": 0.17333156198952715, "GCC": 0.17570696721311477}}