{"rate-5": {"ANB_G": 0.002283835723729107, "SP": 2.4351020408163264, "ANB": 0.02989795918367346, "ACC": 0.4230123844267694, "CC": 1, "QCS": 0.7918532125338882, "SCS": {"ori-": 3.4352595729374684, "sam_": 2.7147644660571904, "ori-av": 0.06606268409495132, "sam_av": 0.10441401792527655, "sam_/ori_av": 1.5805294525303148}, "DDC": 0.32730196413981083, "LCC": 0.2141980597661712, "GCC": 0.225}, "rate-10": {"ANB_G": 0.0018809250457189073, "SP": 2.3106930693069305, "ANB": 0.01323932393239324, "ACC": 0.439080166669218, "CC": 1, "QCS": 0.8520019388932965, "SCS": {"ori-": 7.084295581164097, "sam_": 5.613804222322915, "ori-av": 0.06811822674196247, "sam_av": 0.1079577735062099, "sam_/ori_av": 1.5848588354356752}, "DDC": 0.5965006237340025, "LCC": 0.17345989304308324, "GCC": 0.18272313143242788}, "rate-15": {"ANB_G": 0.002154013087132828, "SP": 2.1667991169977925, "ANB": 0.007830866557032166, "ACC": 0.46750448315515136, "CC": 1, "QCS": 0.8513532914741287, "SCS": {"ori-": 9.989860270952489, "sam_": 7.794990495351538, "ori-av": 0.08188410058157777, "sam_av": 0.12778672943199243, "sam_/ori_av": 1.5605804853981848}, "DDC": 0.09907198642142678, "LCC": 0.22086089061701963, "GCC": 0.23356134593333597}, "rate-20": {"ANB_G": 0.002283850276517467, "SP": 2.0613065326633166, "ANB": 0.005360134003350083, "ACC": 0.4903819928222683, "CC": 1, "QCS": 0.7977127024410048, "SCS": {"ori-": 11.714816590317005, "sam_": 8.927647683218241, "ori-av": 0.10459657669925897, "sam_av": 0.15942228005746858, "sam_/ori_av": 1.5241634581966013}, "DDC": 0.011740188769522653, "LCC": 0.25806182459963367, "GCC": 0.26668369885301674}, "rate-25": {"ANB_G": 0.001994599344531199, "SP": 2.0893493975903614, "ANB": 0.004392537893509522, "ACC": 0.48284807725710654, "CC": 1, "QCS": 0.9104172622139595, "SCS": {"ori-": 14.654512172736256, "sam_": 11.192187506925972, "ori-av": 0.10176744564400178, "sam_av": 0.15544704870730516, "sam_/ori_av": 1.527473228040752}, "DDC": 0.05955351187024627, "LCC": 0.21019354366713228, "GCC": 0.2242342458549557}, "rate-30": {"ANB_G": 0.001802010558784347, "SP": 2.0775027870680045, "ANB": 0.0036157811646577304, "ACC": 0.48475725659863306, "CC": 1, "QCS": 0.8186212352860881, "SCS": {"ori-": 17.00391097582912, "sam_": 12.863827085930179, "ori-av": 0.12145650697020799, "sam_av": 0.18376895837043114, "sam_/ori_av": 1.513043335055797}, "DDC": 0.01975238093377929, "LCC": 0.19272556853839493, "GCC": 0.1996132403464379}, "rate-35": {"ANB_G": 0.0017172554274299213, "SP": 2.0634793286942283, "ANB": 0.003055975082454678, "ACC": 0.4877060989338772, "CC": 1, "QCS": 0.8413689292047009, "SCS": {"ori-": 20.001220776065725, "sam_": 15.098377802447956, "ori-av": 0.12195866326869345, "sam_av": 0.1841265585664385, "sam_/ori_av": 1.509745627178446}, "DDC": 0.403307968426724, "LCC": 0.19512686122928294, "GCC": 0.1937062841716319}, "rate-40": {"ANB_G": 0.001728139473981575, "SP": 2.0445864661654136, "ANB": 0.0026245891109683743, "ACC": 0.4917813737035745, "CC": 1, "QCS": 0.8629019429527506, "SCS": {"ori-": 23.11166461841531, "sam_": 17.525455564654138, "ori-av": 0.11329247361968289, "sam_av": 0.17181819181033467, "sam_/ori_av": 1.5165896402537706}, "DDC": 0.0418731533704233, "LCC": 0.1843666521591398, "GCC": 0.18772513248634276}}