{"rate-5": {"ANB_G": 0.0025286107942828545, "SP": 2.163921568627451, "ANB": 0.02375350140056023, "ACC": 0.47069844307007597, "CC": 1, "QCS": 0.8276161812418538, "SCS": {"ori-": 2.9840913641673055, "sam_": 2.405172353894951, "ori-av": 0.05144985110633285, "sam_av": 0.08293697772051555, "sam_/ori_av": 1.6119964574651027}, "DDC": 0.23742907988565876, "LCC": 0.2155150433788204, "GCC": 0.23806881243063263}, "rate-10": {"ANB_G": 0.0020582890993079595, "SP": 2.2334653465346537, "ANB": 0.01245924592459246, "ACC": 0.4543588233737097, "CC": 1, "QCS": 0.8471551052824163, "SCS": {"ori-": 5.72185539012404, "sam_": 4.556820142986355, "ori-av": 0.06357617100137823, "sam_av": 0.10126266984414123, "sam_/ori_av": 1.5927771089257012}, "DDC": 0.011173109090776734, "LCC": 0.18993652154298196, "GCC": 0.22678593927176516}, "rate-15": {"ANB_G": 0.002082781206454047, "SP": 2.1604415011037528, "ANB": 0.007788197993984919, "ACC": 0.4688178469166295, "CC": 1, "QCS": 0.9237745613536104, "SCS": {"ori-": 7.227483122165048, "sam_": 5.609678895475785, "ori-av": 0.0903435390270631, "sam_av": 0.14024197238689462, "sam_/ori_av": 1.5523187811458665}, "DDC": 0.13363822572729678, "LCC": 0.214447632525546, "GCC": 0.21738604763631966}, "rate-20": {"ANB_G": 0.0017664546219382127, "SP": 2.1627135678391958, "ANB": 0.00587229074666261, "ACC": 0.4670510692807708, "CC": 1, "QCS": 0.9253347709845923, "SCS": {"ori-": 10.419156513834212, "sam_": 8.060395372606326, "ori-av": 0.09139610977047555, "sam_av": 0.1414104451334443, "sam_/ori_av": 1.5472260853177506}, "DDC": 0.2329437513587097, "LCC": 0.1826864439562145, "GCC": 0.18440758625516132}, "rate-25": {"ANB_G": 0.0019190184436606414, "SP": 2.071389558232932, "ANB": 0.004320119186423115, "ACC": 0.4867066462071285, "CC": 1, "QCS": 0.8401331162755613, "SCS": {"ori-": 11.790139096967861, "sam_": 8.950355006189957, "ori-av": 0.11336672208622943, "sam_av": 0.17212221165749916, "sam_/ori_av": 1.5182781021628102}, "DDC": 0.04112882435456655, "LCC": 0.2106187058197598, "GCC": 0.21476083962531378}, "rate-30": {"ANB_G": 0.0019341323301171232, "SP": 2.0373690078037905, "ANB": 0.003481104053032852, "ACC": 0.49412333193287516, "CC": 1, "QCS": 0.9297676374051117, "SCS": {"ori-": 14.168076567169837, "sam_": 10.741181842401371, "ori-av": 0.10573191468037192, "sam_av": 0.160316146901513, "sam_/ori_av": 1.5162512415116047}, "DDC": 0.08615458634341155, "LCC": 0.21116307754442679, "GCC": 0.2136650981240078}, "rate-35": {"ANB_G": 0.0016834806264167934, "SP": 2.0711256651657797, "ANB": 0.0030779473136947674, "ACC": 0.4859695048436903, "CC": 1, "QCS": 0.8847688619748658, "SCS": {"ori-": 15.658934804490219, "sam_": 11.796572784028687, "ori-av": 0.128351924626969, "sam_av": 0.1933864390824375, "sam_/ori_av": 1.5066890476670234}, "DDC": 0.24256511481265375, "LCC": 0.18175329590630968, "GCC": 0.1848801252195159}, "rate-40": {"ANB_G": 0.001614219673242272, "SP": 2.0566165413533835, "ANB": 0.0026548154305361393, "ACC": 0.48886182313528265, "CC": 1, "QCS": 0.8752956297746161, "SCS": {"ori-": 17.235908242888904, "sam_": 12.80840131590732, "ori-av": 0.14363256869074087, "sam_av": 0.21347335526512198, "sam_/ori_av": 1.4862461711226316}, "DDC": 0.20487836021304084, "LCC": 0.1739153925018524, "GCC": 0.17193279604699097}}