{"rate-5": {"ANB_G": 0.0025659498748434972, "SP": 2.275918367346939, "ANB": 0.02658163265306122, "ACC": 0.45042992311597696, "CC": 1, "QCS": 0.7693591749841565, "SCS": {"ori-": 3.4820842256598934, "sam_": 2.774097435111467, "ori-av": 0.06218007545821238, "sam_av": 0.09907490839683811, "sam_/ori_av": 1.5933545861233411}, "DDC": 0.08995613013569037, "LCC": 0.2740440154960279, "GCC": 0.2919334186939821}, "rate-10": {"ANB_G": 0.00212776835591501, "SP": 2.2226262626262625, "ANB": 0.012475778190063897, "ACC": 0.4569568039058278, "CC": 1, "QCS": 0.7834368792032352, "SCS": {"ori-": 6.594590173375934, "sam_": 5.196569745109624, "ori-av": 0.07015521461038228, "sam_av": 0.11056531372573668, "sam_/ori_av": 1.5760099137288377}, "DDC": 0.067246471043923, "LCC": 0.2052780907596813, "GCC": 0.22348484848484848}, "rate-15": {"ANB_G": 0.0020693551220969855, "SP": 2.167158836689038, "ANB": 0.00788620835600701, "ACC": 0.4675212064487646, "CC": 1, "QCS": 0.8745243923637981, "SCS": {"ori-": 9.418280455568716, "sam_": 7.305847872728539, "ori-av": 0.08885170241102562, "sam_av": 0.13784618627789696, "sam_/ori_av": 1.5514186283142237}, "DDC": 0.01783023283407803, "LCC": 0.20543973561523574, "GCC": 0.21170288192851483}, "rate-20": {"ANB_G": 0.0021767473872806456, "SP": 2.059246231155779, "ANB": 0.005349728440180701, "ACC": 0.4900122953237927, "CC": 1, "QCS": 0.8751089049025831, "SCS": {"ori-": 11.899661153985804, "sam_": 9.029969893364358, "ori-av": 0.10817873776350731, "sam_av": 0.16418127078844288, "sam_/ori_av": 1.5176852141440618}, "DDC": 0.08261664429357118, "LCC": 0.22582216169964453, "GCC": 0.23111592968326491}, "rate-25": {"ANB_G": 0.0019951747854466983, "SP": 2.0546506024096387, "ANB": 0.004252623396813059, "ACC": 0.490625612904754, "CC": 1, "QCS": 0.9205955926253644, "SCS": {"ori-": 15.358602825686388, "sam_": 11.862266276359966, "ori-av": 0.09480619028201474, "sam_av": 0.14644773180691317, "sam_/ori_av": 1.5447064307856184}, "DDC": 0.5767633548411719, "LCC": 0.2216071058437597, "GCC": 0.2273036625772365}, "rate-30": {"ANB_G": 0.001806545687030529, "SP": 2.0585507246376813, "ANB": 0.003552183639723765, "ACC": 0.488947453885431, "CC": 1, "QCS": 0.8988634566723969, "SCS": {"ori-": 16.788341404136972, "sam_": 12.664788904186048, "ori-av": 0.12165464785606502, "sam_av": 0.18354766527805869, "sam_/ori_av": 1.5087599899612716}, "DDC": 0.04717525756546592, "LCC": 0.17913895113107203, "GCC": 0.185778903804319}, "rate-35": {"ANB_G": 0.001887126036368636, "SP": 2.0269832173557103, "ANB": 0.0029511011992980184, "ACC": 0.49627009330594984, "CC": 1, "QCS": 0.9471453281175064, "SCS": {"ori-": 18.430864628097797, "sam_": 13.737761953126817, "ori-av": 0.12623879882258765, "sam_av": 0.1881885199058468, "sam_/ori_av": 1.4907343990996105}, "DDC": 0.42063612672801454, "LCC": 0.20112270301095034, "GCC": 0.20292565652531241}, "rate-40": {"ANB_G": 0.0017145550744426656, "SP": 2.0441353383458645, "ANB": 0.0026234556239845834, "ACC": 0.4919348138647288, "CC": 1, "QCS": 0.9586238356831697, "SCS": {"ori-": 22.447451734808517, "sam_": 16.857506456529894, "ori-av": 0.1261092794090366, "sam_av": 0.18941018490483028, "sam_/ori_av": 1.5019527967523834}, "DDC": 0.16940466573796886, "LCC": 0.1891760604121507, "GCC": 0.1907345549901664}}