{"rate-5": {"ANB_G": 0.002259653582314456, "SP": 2.4538775510204083, "ANB": 0.030289115646258503, "ACC": 0.4211712355266861, "CC": 1, "QCS": 0.8291571717663581, "SCS": {"ori-": 3.4528269946567596, "sam_": 2.762409187190287, "ori-av": 0.059531499907875166, "sam_av": 0.09525548921345818, "sam_/ori_av": 1.6000854902172092}, "DDC": 0.2232251864473479, "LCC": 0.23337051510580917, "GCC": 0.2334152334152334}, "rate-10": {"ANB_G": 0.0025391810696947558, "SP": 2.157979797979798, "ANB": 0.011816120387548965, "ACC": 0.47145723778016296, "CC": 1, "QCS": 0.7305244760789847, "SCS": {"ori-": 6.542910501505874, "sam_": 5.133022792140143, "ori-av": 0.07789179168459374, "sam_av": 0.12221482838428913, "sam_/ori_av": 1.5690334724764337}, "DDC": 0.2751236369784005, "LCC": 0.3108192637747757, "GCC": 0.2958801498127341}, "rate-15": {"ANB_G": 0.0019473047252959712, "SP": 2.194701986754967, "ANB": 0.00801813413929508, "ACC": 0.4609935878163069, "CC": 1, "QCS": 0.8150497388192735, "SCS": {"ori-": 9.448949245529565, "sam_": 7.345453113131949, "ori-av": 0.08436561826365684, "sam_av": 0.13116880559164196, "sam_/ori_av": 1.5547661273780657}, "DDC": 0.046086868619178545, "LCC": 0.20645315625130065, "GCC": 0.20930232558139536}, "rate-20": {"ANB_G": 0.001866465637629533, "SP": 2.1669849246231156, "ANB": 0.005893863255672299, "ACC": 0.4664273896962466, "CC": 1, "QCS": 0.8167115717283954, "SCS": {"ori-": 12.076966079245153, "sam_": 9.321710498651035, "ori-av": 0.09739488773584801, "sam_av": 0.1503501693330812, "sam_/ori_av": 1.5437172610215149}, "DDC": 0.0045394745442352, "LCC": 0.1980943761671147, "GCC": 0.20237154150197628}, "rate-25": {"ANB_G": 0.0018523290182108003, "SP": 2.111903614457831, "ANB": 0.004483482316362223, "ACC": 0.4778138156847321, "CC": 1, "QCS": 0.8871802703504551, "SCS": {"ori-": 14.599166088715194, "sam_": 11.084485837418898, "ori-av": 0.11586639752948566, "sam_av": 0.1759442196415698, "sam_/ori_av": 1.5185094504797696}, "DDC": 0.06578679720491487, "LCC": 0.19355082759339406, "GCC": 0.20675193044921852}, "rate-30": {"ANB_G": 0.0018891179800304728, "SP": 2.0559420289855073, "ANB": 0.003543429627468147, "ACC": 0.48992841521434827, "CC": 1, "QCS": 0.8920377708723407, "SCS": {"ori-": 17.627155923806484, "sam_": 13.329114157134066, "ori-av": 0.11751437282537656, "sam_av": 0.17772152209512088, "sam_/ori_av": 1.5123386001405177}, "DDC": 0.02182021513865473, "LCC": 0.20094000676828574, "GCC": 0.20561724834150563}, "rate-35": {"ANB_G": 0.0018058780758389039, "SP": 2.0391649611133853, "ANB": 0.0029861062100959342, "ACC": 0.49316465901339307, "CC": 1, "QCS": 0.886360063737405, "SCS": {"ori-": 19.42847863873962, "sam_": 14.570405998063736, "ori-av": 0.1295231909249308, "sam_av": 0.19427207997418314, "sam_/ori_av": 1.4999018985471069}, "DDC": 0.37837397947523455, "LCC": 0.1909922189752637, "GCC": 0.19192512481325893}, "rate-40": {"ANB_G": 0.0017593143361850695, "SP": 2.0386034912718203, "ANB": 0.0026030162688516776, "ACC": 0.4931906955820591, "CC": 1, "QCS": 0.945559102309639, "SCS": {"ori-": 21.97374974025787, "sam_": 16.333586023918294, "ori-av": 0.14085737012985813, "sam_av": 0.2094049490245935, "sam_/ori_av": 1.486645312428739}, "DDC": 0.017582384866265177, "LCC": 0.18597020296423677, "GCC": 0.18933990363823527}}