{"rate-5": {"ANB_G": 0.001087797459324001, "SP": 5.37439365630729, "ANB": 0.009189902639301032, "ACC": 0.18822985475069628, "CC": 1, "QCS": 0.7096568967790218, "SCS": {"ori-": 5.0752849194466805, "sam_": 3.9504083058729056, "ori-av": 0.04160069606103836, "sam_av": 0.06476079189955583, "sam_/ori_av": 1.556723757807705}, "DDC": 0.14383860021549677, "LCC": 0.0, "GCC": 0}, "rate-10": {"ANB_G": 0.001323777549744578, "SP": 5.721831803544437, "ANB": 0.004949509228034001, "ACC": 0.17876442615764326, "CC": 1, "QCS": 0.5834363143165339, "SCS": {"ori-": 12.25761465323594, "sam_": 9.510507303222433, "ori-av": 0.041978132374095686, "sam_av": 0.06514046098097556, "sam_/ori_av": 1.551771298457602}, "DDC": 0.9354916626117915, "LCC": 0.0, "GCC": 0}, "rate-15": {"ANB_G": 0.0009261243305055012, "SP": 4.017305766350256, "ANB": 0.0021070570994066043, "ACC": 0.25111105042623616, "CC": 1, "QCS": 0.7089348885524782, "SCS": {"ori-": 14.791782168364698, "sam_": 11.490467275087786, "ori-av": 0.04565364866779228, "sam_av": 0.07092881034004807, "sam_/ori_av": 1.553628514035657}, "DDC": 0.00031000883459841866, "LCC": 0.0, "GCC": 0}, "rate-20": {"ANB_G": 0.0009722132337552416, "SP": 6.706448462874046, "ANB": 0.002987669352290086, "ACC": 0.15073722155599104, "CC": 1, "QCS": 0.4802626455508093, "SCS": {"ori-": 16.11485848467386, "sam_": 12.197895454767913, "ori-av": 0.054812443825421296, "sam_av": 0.08297888064467968, "sam_/ori_av": 1.5138693853711218}, "DDC": 1.8915899957505644e-09, "LCC": 0.0, "GCC": 0}, "rate-25": {"ANB_G": 0.0008118694198650704, "SP": 6.466577461902618, "ANB": 0.0022891865418352628, "ACC": 0.15556233083228607, "CC": 1, "QCS": 0.49178882842130384, "SCS": {"ori-": 26.118065938435503, "sam_": 20.10470145478963, "ori-av": 0.04836678877488056, "sam_av": 0.0744618572399616, "sam_/ori_av": 1.5395245193254092}, "DDC": 0.0009598412008092749, "LCC": 0.0, "GCC": 0}, "rate-30": {"ANB_G": 0.0007492211196569121, "SP": 4.301018320823841, "ANB": 0.0011517858760725188, "ACC": 0.23470794986741508, "CC": 1, "QCS": 0.40669648553536647, "SCS": {"ori-": 30.175524485770552, "sam_": 23.767034194927042, "ori-av": 0.03858762721965544, "sam_av": 0.06078525369546558, "sam_/ori_av": 1.5752524338812752}, "DDC": 0.00011653553073476264, "LCC": 0.0, "GCC": 0}, "rate-35": {"ANB_G": 0.0006766973715901455, "SP": 5.451029738026274, "ANB": 0.0013306516406655564, "ACC": 0.18474470485632308, "CC": 1, "QCS": 0.5010211175942688, "SCS": {"ori-": 32.02374781746471, "sam_": 24.611177207142408, "ori-av": 0.05355141775495771, "sam_av": 0.08231162945532577, "sam_/ori_av": 1.5370578951237102}, "DDC": 0.06876434426494427, "LCC": 0.0, "GCC": 0}, "rate-40": {"ANB_G": 0.000637606338146171, "SP": 6.4300125796483165, "ANB": 0.0014203538005881143, "ACC": 0.15745574300221596, "CC": 1, "QCS": 0.5668398175881678, "SCS": {"ori-": 37.465452880219786, "sam_": 29.185411483670418, "ori-av": 0.04671502852895235, "sam_av": 0.07278157477224544, "sam_/ori_av": 1.5579905881281426}, "DDC": 0.0011293056289386483, "LCC": 0.0, "GCC": 0}}