{"rate-5": {"ANB_G": 0.0014038908513296503, "SP": 4.628299255282756, "ANB": 0.007622477427064612, "ACC": 0.2193248571193905, "CC": 1, "QCS": 0.7914366333355878, "SCS": {"ori-": 5.993345302338459, "sam_": 4.761452306023843, "ori-av": 0.03793256520467379, "sam_av": 0.060271548177517, "sam_/ori_av": 1.5889130580098694}, "DDC": 0.25808961458360247, "LCC": 0.0, "GCC": 0}, "rate-10": {"ANB_G": 0.0010661792339082777, "SP": 5.90298363600517, "ANB": 0.005139395844869152, "ACC": 0.17821140051919665, "CC": 1, "QCS": 0.5309480948471411, "SCS": {"ori-": 9.336099697907489, "sam_": 6.826836008475589, "ori-av": 0.06394588834183211, "sam_av": 0.09351830148596697, "sam_/ori_av": 1.462459962805602}, "DDC": 1.0392242622003778e-10, "LCC": 0.0, "GCC": 0}, "rate-15": {"ANB_G": 0.0011395730436640614, "SP": 4.812745203954213, "ANB": 0.0026625315670071323, "ACC": 0.2092868422178477, "CC": 1, "QCS": 0.740584343212883, "SCS": {"ori-": 16.24311640016614, "sam_": 12.553447510860877, "ori-av": 0.0458845096049891, "sam_av": 0.07092343226475072, "sam_/ori_av": 1.5456944593135435}, "DDC": 0.00043997388016403516, "LCC": 0.0, "GCC": 0}, "rate-20": {"ANB_G": 0.000937390366782464, "SP": 4.615915017439225, "ANB": 0.00189314922379017, "ACC": 0.21962301751384752, "CC": 1, "QCS": 0.6924589949266933, "SCS": {"ori-": 16.42686107276127, "sam_": 12.56633848547497, "ori-av": 0.054393579711130034, "sam_av": 0.08322078467201967, "sam_/ori_av": 1.5299744034862812}, "DDC": 1.4666314829270277e-09, "LCC": 0.0, "GCC": 0}, "rate-25": {"ANB_G": 0.0008630429147741431, "SP": 4.90421615108298, "ANB": 0.0016349313865506637, "ACC": 0.20569869683947156, "CC": 1, "QCS": 0.44429068752181283, "SCS": {"ori-": 21.662297312119097, "sam_": 16.38981640144965, "ori-av": 0.05498045003075913, "sam_av": 0.0831970375708104, "sam_/ori_av": 1.513211287362423}, "DDC": 3.843347740062342e-08, "LCC": 0.0, "GCC": 0}, "rate-30": {"ANB_G": 0.000770972250629769, "SP": 5.489286056549813, "ANB": 0.0015663942974702763, "ACC": 0.18324043619111685, "CC": 1, "QCS": 0.40707444950178195, "SCS": {"ori-": 28.413799332059387, "sam_": 22.064698959747467, "ori-av": 0.045681349408455606, "sam_av": 0.07094758507957385, "sam_/ori_av": 1.5530974018565544}, "DDC": 5.107054369402064e-05, "LCC": 0.0, "GCC": 0}, "rate-35": {"ANB_G": 0.0006964583912311521, "SP": 5.2352780973978, "ANB": 0.001266151897577822, "ACC": 0.19241249001867158, "CC": 1, "QCS": 0.7093124095972255, "SCS": {"ori-": 35.63742564059755, "sam_": 27.46624669801874, "ori-av": 0.04713945190555231, "sam_av": 0.07266202830163687, "sam_/ori_av": 1.5414270926870575}, "DDC": 1.7244690059592394e-05, "LCC": 0.0, "GCC": 0}, "rate-40": {"ANB_G": 0.0006578067843279487, "SP": 5.174982361145295, "ANB": 0.0010920696733312308, "ACC": 0.19624645174571678, "CC": 1, "QCS": 0.6705865642281662, "SCS": {"ori-": 34.87700668207485, "sam_": 26.568512508149723, "ori-av": 0.05698857300992623, "sam_av": 0.0868252042749991, "sam_/ori_av": 1.5235546301514857}, "DDC": 1.0297934207370574e-05, "LCC": 0.0, "GCC": 0}}