{"rate-5": {"ANB_G": 0.0017630035467464643, "SP": 2.0719805619150375, "ANB": 0.0022520600040231878, "ACC": 0.48570832276043646, "CC": 1, "QCS": 0.24659148224515462, "SCS": {"ori-": 3.267732177779494, "sam_": 2.409994578657392, "ori-av": 0.08169330444448734, "sam_av": 0.1204997289328696, "sam_/ori_av": 1.4750257656030086}, "DDC": 2.5479618415147343e-13, "LCC": 0.0, "GCC": 0}, "rate-10": {"ANB_G": 0.001112814020531463, "SP": 5.761028719139521, "ANB": 0.0049905961416556845, "ACC": 0.17521473919191774, "CC": 1, "QCS": 0.44377380764507124, "SCS": {"ori-": 9.107458319801468, "sam_": 7.013852070565307, "ori-av": 0.04378585730673783, "sam_av": 0.06744088529389719, "sam_/ori_av": 1.5402435727464743}, "DDC": 2.6409751385791935e-07, "LCC": 0.0, "GCC": 0}, "rate-15": {"ANB_G": 0.000926878138972638, "SP": 4.156624922989778, "ANB": 0.002204347013261019, "ACC": 0.24209575614564086, "CC": 1, "QCS": 0.5539969946517964, "SCS": {"ori-": 15.45170267358362, "sam_": 11.957209881595054, "ori-av": 0.04598721033804649, "sam_av": 0.0711738683428277, "sam_/ori_av": 1.547688320723025}, "DDC": 0.00029789059334228707, "LCC": 0.0, "GCC": 0}, "rate-20": {"ANB_G": 0.0009718952681035873, "SP": 5.515979388214893, "ANB": 0.0023643871142486365, "ACC": 0.18428198715632318, "CC": 1, "QCS": 0.3506333568001885, "SCS": {"ori-": 14.043678232113095, "sam_": 10.476867966397045, "ori-av": 0.05125430011720108, "sam_av": 0.07647348880581785, "sam_/ori_av": 1.4920404459908554}, "DDC": 9.075418194726126e-11, "LCC": 0.0, "GCC": 0}, "rate-25": {"ANB_G": 0.0008302596751981214, "SP": 6.762067775771449, "ANB": 0.0024129262042593977, "ACC": 0.15025809755682057, "CC": 1, "QCS": 0.3892851315403119, "SCS": {"ori-": 19.940053923142415, "sam_": 15.173602542039166, "ori-av": 0.0479328219306308, "sam_av": 0.07295001222134215, "sam_/ori_av": 1.5219219166131435}, "DDC": 3.634050398693134e-05, "LCC": 0.0, "GCC": 0}, "rate-30": {"ANB_G": 0.000769953013415467, "SP": 4.631837594052263, "ANB": 0.0012672147920628973, "ACC": 0.2174715036268044, "CC": 1, "QCS": 0.49006070527026385, "SCS": {"ori-": 29.126206501731623, "sam_": 22.48988769909835, "ori-av": 0.04790494490416385, "sam_av": 0.07397989374703405, "sam_/ori_av": 1.5443059979514513}, "DDC": 0.06825683762974977, "LCC": 0.0, "GCC": 0}, "rate-35": {"ANB_G": 0.0006714524171136479, "SP": 5.348901899105479, "ANB": 0.0013001201492094147, "ACC": 0.1879370291167673, "CC": 1, "QCS": 0.5180460744598947, "SCS": {"ori-": 33.51375571009961, "sam_": 25.86247965129486, "ori-av": 0.05124427478608503, "sam_av": 0.0790901518388222, "sam_/ori_av": 1.5433948898482313}, "DDC": 0.013536702520879573, "LCC": 0.0, "GCC": 0}, "rate-40": {"ANB_G": 0.0006761833079035219, "SP": 5.644170973828862, "ANB": 0.001214797534352309, "ACC": 0.1783608478204616, "CC": 1, "QCS": 0.4917471411947942, "SCS": {"ori-": 35.91733571305225, "sam_": 27.574627669893523, "ori-av": 0.05073070015967832, "sam_av": 0.0778944284460269, "sam_/ori_av": 1.535449504951615}, "DDC": 1.5083753883926576e-05, "LCC": 0.0, "GCC": 0}}