{"rate-5": {"ANB_G": 0.0018101391837856804, "SP": 2.582274150680245, "ANB": 0.003324105358571944, "ACC": 0.3998085619463138, "CC": 1, "QCS": 0.22470778976576747, "SCS": {"ori-": 4.197104121132083, "sam_": 3.145764928572356, "ori-av": 0.05380902719400107, "sam_av": 0.08066063919416298, "sam_/ori_av": 1.4990168639056065}, "DDC": 2.544308097540693e-10, "LCC": 0.0, "GCC": 0}, "rate-10": {"ANB_G": 0.0011180039611585397, "SP": 4.294760016648777, "ANB": 0.0034536268518331, "ACC": 0.2370708495220431, "CC": 1, "QCS": 0.6889608346312972, "SCS": {"ori-": 10.2084403147789, "sam_": 7.719187976828916, "ori-av": 0.0505368332414797, "sam_av": 0.07642760373097937, "sam_/ori_av": 1.512314856884404}, "DDC": 6.155185629519444e-06, "LCC": 0.0, "GCC": 0}, "rate-15": {"ANB_G": 0.0009999149674988455, "SP": 5.973181463821985, "ANB": 0.00347289208367457, "ACC": 0.16844715958096143, "CC": 1, "QCS": 0.5120285843905706, "SCS": {"ori-": 15.80117527437452, "sam_": 11.970942437345114, "ori-av": 0.05374549413052558, "sam_av": 0.08143498256697357, "sam_/ori_av": 1.5151964622225198}, "DDC": 0.0001810209355224135, "LCC": 0.0, "GCC": 0}, "rate-20": {"ANB_G": 0.0009162159825370134, "SP": 6.317049607097426, "ANB": 0.0027837956058101823, "ACC": 0.163978570556928, "CC": 1, "QCS": 0.5277103912119989, "SCS": {"ori-": 18.748794636074226, "sam_": 14.419940367036883, "ori-av": 0.04758577318800565, "sam_av": 0.07319766683775067, "sam_/ori_av": 1.5382258589884736}, "DDC": 4.090015104374345e-09, "LCC": 0.0, "GCC": 0}, "rate-25": {"ANB_G": 0.0007940816336825139, "SP": 3.470930397515811, "ANB": 0.0010347279721590497, "ACC": 0.29374384998945463, "CC": 1, "QCS": 0.3889624192565368, "SCS": {"ori-": 20.468188010069834, "sam_": 15.547369496080341, "ori-av": 0.049440067657173514, "sam_av": 0.07510806519845575, "sam_/ori_av": 1.5191739970759919}, "DDC": 3.4134117754547333e-10, "LCC": 0.0, "GCC": 0}, "rate-30": {"ANB_G": 0.0007381128967055251, "SP": 6.111754301217286, "ANB": 0.0017835848922600427, "ACC": 0.16729369916068518, "CC": 1, "QCS": 0.35012684501565877, "SCS": {"ori-": 25.506210484172986, "sam_": 19.413166348081436, "ori-av": 0.05336027297944139, "sam_av": 0.08122663743967128, "sam_/ori_av": 1.5222305453903173}, "DDC": 0.00017177778096533203, "LCC": 0.0, "GCC": 0}, "rate-35": {"ANB_G": 0.0007214285643849519, "SP": 7.041161125815716, "ANB": 0.0018060272423963322, "ACC": 0.14406654684921952, "CC": 1, "QCS": 0.41621849572913205, "SCS": {"ori-": 36.070063034041524, "sam_": 27.664632773960633, "ori-av": 0.04982052905254354, "sam_av": 0.07642163749712882, "sam_/ori_av": 1.5339386985740406}, "DDC": 0.0016868440262793882, "LCC": 0.0, "GCC": 0}, "rate-40": {"ANB_G": 0.0006964991048384621, "SP": 7.550988049334099, "ANB": 0.0017135725998781437, "ACC": 0.13697349947133425, "CC": 1, "QCS": 0.42614186047827773, "SCS": {"ori-": 38.49177033300513, "sam_": 29.437770250534147, "ori-av": 0.05436690725000724, "sam_av": 0.08315754308060494, "sam_/ori_av": 1.52956177363931}, "DDC": 0.012733413895716361, "LCC": 0.0, "GCC": 0}}