{"rate-5": {"ANB_G": 0.0016682926260835295, "SP": 4.735577133935072, "ANB": 0.007847851121712338, "ACC": 0.21414310828660524, "CC": 1, "QCS": 0.8081938685618196, "SCS": {"ori-": 5.609374826008826, "sam_": 4.177325856101675, "ori-av": 0.05723851863274312, "sam_av": 0.08525154808370765, "sam_/ori_av": 1.4894087079839233}, "DDC": 0.2973890853948139, "LCC": 0.0, "GCC": 0}, "rate-10": {"ANB_G": 0.0011274008448532132, "SP": 4.372490087406077, "ANB": 0.0035351049134235606, "ACC": 0.23079097188470835, "CC": 1, "QCS": 0.5990150414208241, "SCS": {"ori-": 9.944119836677823, "sam_": 7.945101125307115, "ori-av": 0.03146873366037286, "sam_av": 0.050285450160171614, "sam_/ori_av": 1.597949593487894}, "DDC": 0.6208207743511276, "LCC": 0.0, "GCC": 0}, "rate-15": {"ANB_G": 0.0009036288530158738, "SP": 6.095241571212922, "ANB": 0.003558129588835839, "ACC": 0.16871304494674091, "CC": 1, "QCS": 0.5427926938690634, "SCS": {"ori-": 15.270347365907561, "sam_": 11.75412600320811, "ori-av": 0.04544746239853441, "sam_av": 0.06996503573338161, "sam_/ori_av": 1.5394706775892035}, "DDC": 0.00011564372955141788, "LCC": 0.0, "GCC": 0}, "rate-20": {"ANB_G": 0.0008959350344834742, "SP": 4.830429532611242, "ANB": 0.0020054604882781377, "ACC": 0.20912876799957777, "CC": 1, "QCS": 0.509413127228618, "SCS": {"ori-": 18.031899464168422, "sam_": 13.76168172852954, "ori-av": 0.04847284802195812, "sam_av": 0.07398753617489, "sam_/ori_av": 1.5263707249339622}, "DDC": 4.471388405202781e-06, "LCC": 0.0, "GCC": 0}, "rate-25": {"ANB_G": 0.0007864141931830642, "SP": 4.578651104872226, "ANB": 0.001498597615105624, "ACC": 0.22165929430380746, "CC": 1, "QCS": 0.6605051457938177, "SCS": {"ori-": 25.338771007487654, "sam_": 19.35881740899811, "ori-av": 0.05300998118721267, "sam_av": 0.0809992360209126, "sam_/ori_av": 1.527999712636224}, "DDC": 8.238583919162323e-05, "LCC": 0.0, "GCC": 0}, "rate-30": {"ANB_G": 0.0007778055298478392, "SP": 4.004881693721514, "ANB": 0.001048458371849796, "ACC": 0.25817271271445935, "CC": 1, "QCS": 0.3098007717908764, "SCS": {"ori-": 31.730796198258048, "sam_": 24.76196271638858, "ori-av": 0.03630525880807557, "sam_av": 0.05666353024345213, "sam_/ori_av": 1.5607526871795268}, "DDC": 1.245043749209529e-07, "LCC": 0.0, "GCC": 0}, "rate-35": {"ANB_G": 0.0006891514416665162, "SP": 5.615477081919897, "ANB": 0.0013798137763587153, "ACC": 0.1798751345480908, "CC": 1, "QCS": 0.34704583583562887, "SCS": {"ori-": 32.39915498362173, "sam_": 25.163010791848265, "ori-av": 0.04879390810786405, "sam_av": 0.07579220118026586, "sam_/ori_av": 1.5533127826678539}, "DDC": 7.2846581722352255e-06, "LCC": 0.0, "GCC": 0}, "rate-40": {"ANB_G": 0.0006573348491353391, "SP": 5.020574288292723, "ANB": 0.001051680431151639, "ACC": 0.20078736159279936, "CC": 1, "QCS": 0.48612130230567346, "SCS": {"ori-": 39.947382426809774, "sam_": 30.679018108038672, "ori-av": 0.04634267102878164, "sam_av": 0.07118101649196908, "sam_/ori_av": 1.5359713825679426}, "DDC": 1.5725029938296053e-05, "LCC": 0.0, "GCC": 0}}