{"rate-5": {"ANB_G": 0.0011540267486068894, "SP": 3.6991307246300535, "ANB": 0.005670442698802633, "ACC": 0.2726521066455324, "CC": 1, "QCS": 0.7210155577543895, "SCS": {"ori-": 6.685861285128345, "sam_": 5.14941435887158, "ori-av": 0.04027627280197798, "sam_av": 0.062041136853874454, "sam_/ori_av": 1.5403892301282556}, "DDC": 0.15440060122091714, "LCC": 0.0, "GCC": 0}, "rate-10": {"ANB_G": 0.0011784541706254638, "SP": 3.649361431794782, "ANB": 0.002777108419072099, "ACC": 0.2786845602744891, "CC": 1, "QCS": 0.5599268598480824, "SCS": {"ori-": 7.772507085759353, "sam_": 6.011980461209388, "ori-av": 0.05251693976864427, "sam_av": 0.08124297920553228, "sam_/ori_av": 1.5469861641488707}, "DDC": 5.6158910854975375e-09, "LCC": 0.0, "GCC": 0}, "rate-15": {"ANB_G": 0.0010864014712688166, "SP": 4.946584833876906, "ANB": 0.0027559949957240977, "ACC": 0.20394177855198317, "CC": 1, "QCS": 0.591955645536774, "SCS": {"ori-": 16.28801344682693, "sam_": 12.717988852138133, "ori-av": 0.0428631932811235, "sam_av": 0.06693678343230595, "sam_/ori_av": 1.561637813433378}, "DDC": 0.4862009451289824, "LCC": 0.0, "GCC": 0}, "rate-20": {"ANB_G": 0.0009185451747485402, "SP": 6.37894024684222, "ANB": 0.0028161990821163503, "ACC": 0.1573595801708742, "CC": 1, "QCS": 0.6480455071839398, "SCS": {"ori-": 20.966579601718156, "sam_": 16.311453898126246, "ori-av": 0.04314111029160114, "sam_av": 0.0671253246836471, "sam_/ori_av": 1.5559480094492442}, "DDC": 0.11853036269471462, "LCC": 0.0, "GCC": 0}, "rate-25": {"ANB_G": 0.0007952378961595848, "SP": 4.376475863047335, "ANB": 0.0014139346160164745, "ACC": 0.23235815433621088, "CC": 1, "QCS": 0.4938209139543083, "SCS": {"ori-": 25.62757337041257, "sam_": 20.364930400890362, "ori-av": 0.033809463549356954, "sam_av": 0.05373332559601678, "sam_/ori_av": 1.589298378472461}, "DDC": 0.003995444945371629, "LCC": 0.0, "GCC": 0}, "rate-30": {"ANB_G": 0.0007411804767630309, "SP": 6.003180276303378, "ANB": 0.0017457014222970594, "ACC": 0.1679254149389562, "CC": 1, "QCS": 0.4579143861150705, "SCS": {"ori-": 30.027727651760458, "sam_": 22.9229102463057, "ori-av": 0.05439805734014576, "sam_av": 0.08305402263154239, "sam_/ori_av": 1.526782879620382}, "DDC": 6.181376161162877e-05, "LCC": 0.0, "GCC": 0}, "rate-35": {"ANB_G": 0.0007075929654423005, "SP": 3.922129192605595, "ANB": 0.0008735812234994312, "ACC": 0.2565591070583245, "CC": 1, "QCS": 0.48893047375026594, "SCS": {"ori-": 31.587154948461908, "sam_": 24.18018336003882, "ori-av": 0.04474101267487522, "sam_av": 0.06849910300294283, "sam_/ori_av": 1.5310136920841135}, "DDC": 4.728109329832364e-05, "LCC": 0.0, "GCC": 0}, "rate-40": {"ANB_G": 0.0006870558462911759, "SP": 6.357801843191949, "ANB": 0.0014014653003379541, "ACC": 0.16040289519699885, "CC": 1, "QCS": 0.40657784260864127, "SCS": {"ori-": 39.93514128230813, "sam_": 30.867951504631066, "ori-av": 0.049424679804836794, "sam_av": 0.0764058205560175, "sam_/ori_av": 1.5459042093488742}, "DDC": 0.1368390132368772, "LCC": 0.0, "GCC": 0}}