{"rate-5": {"ANB_G": 0.0017341345727311741, "SP": 5.3759725621255585, "ANB": 0.009193219668331002, "ACC": 0.18725026942911455, "CC": 1, "QCS": 0.7571392030663898, "SCS": {"ori-": 6.464761149626399, "sam_": 4.978144539237141, "ori-av": 0.04684609528714782, "sam_av": 0.07214702230778465, "sam_/ori_av": 1.5400861451856824}, "DDC": 0.734850502717243, "LCC": 0.0, "GCC": 0}, "rate-10": {"ANB_G": 0.0008330182121144283, "SP": 3.9633945979101406, "ANB": 0.003106283645608113, "ACC": 0.2553308158979238, "CC": 1, "QCS": 0.6725541404374374, "SCS": {"ori-": 9.144902170100371, "sam_": 6.950413854830925, "ori-av": 0.058621167757053665, "sam_av": 0.08910786993372981, "sam_/ori_av": 1.520063030866658}, "DDC": 5.814979826768152e-06, "LCC": 0.0, "GCC": 0}, "rate-15": {"ANB_G": 0.0010677905014896093, "SP": 4.92321947013074, "ANB": 0.002739678400929288, "ACC": 0.20537895260830658, "CC": 1, "QCS": 0.44898725356169933, "SCS": {"ori-": 12.614908472397774, "sam_": 9.631585848333001, "ori-av": 0.052562118634990725, "sam_av": 0.080263215402775, "sam_/ori_av": 1.5270163662950906}, "DDC": 8.046644017767335e-09, "LCC": 0.0, "GCC": 0}, "rate-20": {"ANB_G": 0.0009310773095360355, "SP": 5.392628889341382, "ANB": 0.0022998057012258554, "ACC": 0.1864030496582531, "CC": 1, "QCS": 0.4206142085765366, "SCS": {"ori-": 19.69463610221688, "sam_": 15.239324035452878, "ori-av": 0.047802514811206016, "sam_av": 0.07397730114297514, "sam_/ori_av": 1.5475608644261776}, "DDC": 2.699500715075409e-06, "LCC": 0.0, "GCC": 0}, "rate-25": {"ANB_G": 0.0008154672635856214, "SP": 3.8043753535643665, "ANB": 0.001174361538343541, "ACC": 0.2657694161186779, "CC": 1, "QCS": 0.4225761185874156, "SCS": {"ori-": 26.890126405170967, "sam_": 21.313239475881144, "ori-av": 0.032554632451780835, "sam_av": 0.05160590672126185, "sam_/ori_av": 1.5852093184495115}, "DDC": 4.874198794369011e-05, "LCC": 0.0, "GCC": 0}, "rate-30": {"ANB_G": 0.0007757603242838524, "SP": 5.826734655258049, "ANB": 0.0016841363067892693, "ACC": 0.17422683090733318, "CC": 1, "QCS": 0.40837642416051656, "SCS": {"ori-": 29.09933891553362, "sam_": 22.286336059175262, "ori-av": 0.0489887860530869, "sam_av": 0.07503816854941166, "sam_/ori_av": 1.5317417432654126}, "DDC": 8.224954091140546e-07, "LCC": 0.0, "GCC": 0}, "rate-35": {"ANB_G": 0.0006733276955070795, "SP": 5.2824859796293655, "ANB": 0.0012802648668548205, "ACC": 0.19030677811698762, "CC": 1, "QCS": 0.42980829356968037, "SCS": {"ori-": 35.41806844034643, "sam_": 27.526527727267023, "ori-av": 0.04812237559829678, "sam_av": 0.07480034708496473, "sam_/ori_av": 1.5543776913542933}, "DDC": 0.09072484571139472, "LCC": 0.0, "GCC": 0}, "rate-40": {"ANB_G": 0.0006568543348616058, "SP": 5.990063718653431, "ANB": 0.0013052743182457487, "ACC": 0.16811057734018445, "CC": 1, "QCS": 0.3780727646685178, "SCS": {"ori-": 40.3163364280417, "sam_": 31.06623779972672, "ori-av": 0.0510333372506857, "sam_av": 0.0786487032904474, "sam_/ori_av": 1.5411240480729222}, "DDC": 3.035427536990376e-06, "LCC": 0.0, "GCC": 0}}