{"rate-5": {"ANB_G": 0.001217882954718435, "SP": 2.6805785812654053, "ANB": 0.0035306272715659778, "ACC": 0.3858561208636186, "CC": 1, "QCS": 0.22591118934997498, "SCS": {"ori-": 4.221555782075408, "sam_": 3.099026948421438, "ori-av": 0.08443111564150817, "sam_av": 0.12396107793685752, "sam_/ori_av": 1.4681918744647686}, "DDC": 2.0457113780736336e-10, "LCC": 0.0, "GCC": 0}, "rate-10": {"ANB_G": 0.001315480463695046, "SP": 3.944877215273062, "ANB": 0.0030868733912715537, "ACC": 0.26599463918044847, "CC": 1, "QCS": 0.2409715339084076, "SCS": {"ori-": 7.569692055556839, "sam_": 5.803747525321017, "ori-av": 0.04852366702280025, "sam_av": 0.07440701955539766, "sam_/ori_av": 1.5334170750210485}, "DDC": 4.986233648196503e-11, "LCC": 0.0, "GCC": 0}, "rate-15": {"ANB_G": 0.0011214603090779333, "SP": 4.45435301193914, "ANB": 0.0024122576899016338, "ACC": 0.22957066643796142, "CC": 1, "QCS": 0.6943751973586897, "SCS": {"ori-": 11.839132395417721, "sam_": 8.910260408148261, "ori-av": 0.050594582886400515, "sam_av": 0.07615607186451505, "sam_/ori_av": 1.5052218541954872}, "DDC": 8.865198575236377e-10, "LCC": 0.0, "GCC": 0}, "rate-20": {"ANB_G": 0.0009228553740058042, "SP": 5.044472214376578, "ANB": 0.002117524719568888, "ACC": 0.19948630680620266, "CC": 1, "QCS": 0.44697424739252933, "SCS": {"ori-": 19.800636644665165, "sam_": 15.173547716351834, "ori-av": 0.04925531503648051, "sam_av": 0.07549028714602903, "sam_/ori_av": 1.5326323076020896}, "DDC": 0.0012433590576639286, "LCC": 0.0, "GCC": 0}, "rate-25": {"ANB_G": 0.0008408574978390662, "SP": 4.962896889684415, "ANB": 0.001659504560169354, "ACC": 0.2029499892290093, "CC": 1, "QCS": 0.41678249943107937, "SCS": {"ori-": 24.642019108966117, "sam_": 18.978241903227484, "ori-av": 0.04908768746805999, "sam_av": 0.07561052551086647, "sam_/ori_av": 1.540315492761075}, "DDC": 3.479637859093998e-05, "LCC": 0.0, "GCC": 0}, "rate-30": {"ANB_G": 0.0007180094555716935, "SP": 5.480167967235492, "ANB": 0.0015632128287632562, "ACC": 0.18404020779716318, "CC": 1, "QCS": 0.5671417751908063, "SCS": {"ori-": 30.9475966717978, "sam_": 23.924675610433916, "ori-av": 0.04660782631294849, "sam_av": 0.07206227593504191, "sam_/ori_av": 1.5461411019509768}, "DDC": 0.014124344306178482, "LCC": 0.0, "GCC": 0}, "rate-35": {"ANB_G": 0.0007400168890408581, "SP": 3.657215577518903, "ANB": 0.0007943843281072996, "ACC": 0.2768761486176329, "CC": 1, "QCS": 0.3685721091116169, "SCS": {"ori-": 37.10469746629554, "sam_": 29.176302304500158, "ori-av": 0.035540897956221784, "sam_av": 0.05589329943390835, "sam_/ori_av": 1.5726473625611836}, "DDC": 5.757444020426661e-07, "LCC": 0.0, "GCC": 0}, "rate-40": {"ANB_G": 0.0006566701883549851, "SP": 7.072492411190417, "ANB": 0.0015884102566545778, "ACC": 0.14565527539146886, "CC": 1, "QCS": 0.2730452085932829, "SCS": {"ori-": 34.16296212728813, "sam_": 26.11493988853004, "ori-av": 0.050837741260845434, "sam_av": 0.07772303538252988, "sam_/ori_av": 1.5288451739769002}, "DDC": 5.550673981558063e-07, "LCC": 0.0, "GCC": 0}}