{"rate-5": {"ANB_G": 0.002300238022261405, "SP": 155.69541152425813, "ANB": 0.32499036034507983, "ACC": 0.006729603787761202, "CC": 1, "QCS": 0.7727605897704786, "SCS": {"ori-": 6.702875542557287, "sam_": 5.472193472813199, "ori-av": 0.03132184832970695, "sam_av": 0.05114199507302055, "sam_/ori_av": 1.6327898192558243}, "DDC": 0.17364592244170451, "LCC": 0.0, "GCC": 0}, "rate-10": {"ANB_G": 0.001509078849460877, "SP": 309.1994457709917, "ANB": 0.3230602156928638, "ACC": 0.0033844431972035963, "CC": 1, "QCS": 0.660941144077273, "SCS": {"ori-": 13.377145953697402, "sam_": 10.821590574633824, "ori-av": 0.0357677699296722, "sam_av": 0.05786946831354986, "sam_/ori_av": 1.6179221804248565}, "DDC": 0.1717876024450289, "LCC": 0.0, "GCC": 0}, "rate-15": {"ANB_G": 0.0011571971743945244, "SP": 456.46660554512533, "ANB": 0.318063272028719, "ACC": 0.002297746765972956, "CC": 1, "QCS": 0.6247091475868549, "SCS": {"ori-": 19.89405328331717, "sam_": 15.934561935454735, "ori-av": 0.039629588213779224, "sam_av": 0.06348431049981966, "sam_/ori_av": 1.6019422194688901}, "DDC": 0.004425096830133146, "LCC": 0.0, "GCC": 0}, "rate-20": {"ANB_G": 0.000983092819133907, "SP": 619.233403725185, "ANB": 0.3236824103273216, "ACC": 0.0016902021554649224, "CC": 1, "QCS": 0.5647781756734459, "SCS": {"ori-": 24.41383159276515, "sam_": 19.509977366862728, "ori-av": 0.04238512429299505, "sam_av": 0.06774297696827336, "sam_/ori_av": 1.5982724622909548}, "DDC": 0.02039085502332061, "LCC": 0.0, "GCC": 0}, "rate-25": {"ANB_G": 0.0008770387341269756, "SP": 751.4951522931988, "ANB": 0.31427770196532645, "ACC": 0.001392232237371532, "CC": 1, "QCS": 0.556023893836189, "SCS": {"ori-": 31.781045997923318, "sam_": 25.231673375720263, "ori-av": 0.04553158452424544, "sam_av": 0.07229705838315262, "sam_/ori_av": 1.5878441116990918}, "DDC": 0.0019207632519998574, "LCC": 0.0, "GCC": 0}, "rate-30": {"ANB_G": 0.0007847822787524584, "SP": 899.4701630490567, "ANB": 0.3134927296053936, "ACC": 0.0011642892951845823, "CC": 1, "QCS": 0.5181714661718186, "SCS": {"ori-": 38.13818444204398, "sam_": 30.318367904617165, "ori-av": 0.04685280643985747, "sam_av": 0.0744923044339488, "sam_/ori_av": 1.5899219298543137}, "DDC": 0.0025656928249658817, "LCC": 0.0, "GCC": 0}, "rate-35": {"ANB_G": 0.0007446683249267485, "SP": 1041.3316490256059, "ANB": 0.31101095636042003, "ACC": 0.0010041135925095944, "CC": 1, "QCS": 0.49388410038656116, "SCS": {"ori-": 43.63098906484836, "sam_": 34.72575067533625, "ori-av": 0.04661430455646192, "sam_av": 0.0742003219558467, "sam_/ori_av": 1.5917929627368141}, "DDC": 0.004425096830133146, "LCC": 0.0, "GCC": 0}, "rate-40": {"ANB_G": 0.0006783964531306251, "SP": 1177.3944890201549, "ANB": 0.307715011514558, "ACC": 0.0008884732674562286, "CC": 1, "QCS": 0.47600881722770755, "SCS": {"ori-": 49.82846185673611, "sam_": 39.59081382892708, "ori-av": 0.04805059002578217, "sam_av": 0.0762828782830965, "sam_/ori_av": 1.5875534148938844}, "DDC": 0.0047980776627536414, "LCC": 0.0, "GCC": 0}}