{"rate-5": {"ANB_G": 0.0022205056176110866, "SP": 156.7449365367578, "ANB": 0.3271952448251212, "ACC": 0.006679941071652226, "CC": 1, "QCS": 0.8306212822223659, "SCS": {"ori-": 6.182942292202308, "sam_": 5.05671960375284, "ori-av": 0.030308540648050532, "sam_av": 0.04957568238973373, "sam_/ori_av": 1.635700080891967}, "DDC": 0.04352950696435376, "LCC": 0.0, "GCC": 0}, "rate-10": {"ANB_G": 0.0015244732262147491, "SP": 311.4011829393853, "ANB": 0.325368116288664, "ACC": 0.0033622259119000073, "CC": 1, "QCS": 0.6633481637397791, "SCS": {"ori-": 12.91918469701668, "sam_": 10.475932411964878, "ori-av": 0.03435953376866138, "sam_av": 0.055723044744494035, "sam_/ori_av": 1.6217637037705637}, "DDC": 0.05565039771249802, "LCC": 0.0, "GCC": 0}, "rate-15": {"ANB_G": 0.0011642192657465476, "SP": 462.1445222738381, "ANB": 0.3220282976772614, "ACC": 0.0022656800084164402, "CC": 1, "QCS": 0.5822465556165327, "SCS": {"ori-": 19.70562959985992, "sam_": 15.818852854434432, "ori-av": 0.03925424223079665, "sam_av": 0.0630233181451571, "sam_/ori_av": 1.6055161063767165}, "DDC": 0.004425096830133146, "LCC": 0.0, "GCC": 0}, "rate-20": {"ANB_G": 0.0009847889971108489, "SP": 611.0281091194122, "ANB": 0.3193864445651367, "ACC": 0.0017118493492374826, "CC": 1, "QCS": 0.5898331007619356, "SCS": {"ori-": 26.650215893941176, "sam_": 21.172266015551777, "ori-av": 0.04456557841796183, "sam_av": 0.07081025423261464, "sam_/ori_av": 1.588900149988294}, "DDC": 0.016571728836598965, "LCC": 0.0, "GCC": 0}, "rate-25": {"ANB_G": 0.0008664013566485565, "SP": 748.0197838419114, "ANB": 0.3128223550426764, "ACC": 0.001398787623672002, "CC": 1, "QCS": 0.5627189783022577, "SCS": {"ori-": 31.47397120872478, "sam_": 25.07207205838641, "ori-av": 0.04568065487478198, "sam_av": 0.07267267263300409, "sam_/ori_av": 1.590885087619947}, "DDC": 0.004425096830133146, "LCC": 0.0, "GCC": 0}, "rate-30": {"ANB_G": 0.0007925446795820896, "SP": 906.4410438797863, "ANB": 0.31592499786454586, "ACC": 0.001155302204659698, "CC": 1, "QCS": 0.5158496521927828, "SCS": {"ori-": 37.34373036528065, "sam_": 29.698253939192167, "ori-av": 0.04703240600161291, "sam_av": 0.0748066849853707, "sam_/ori_av": 1.590534938459353}, "DDC": 0.0047980776627536414, "LCC": 0.0, "GCC": 0}, "rate-35": {"ANB_G": 0.0007122036876035521, "SP": 1035.724581933737, "ANB": 0.3093347031192035, "ACC": 0.001011527812519742, "CC": 1, "QCS": 0.4633156844947584, "SCS": {"ori-": 43.97711283495268, "sam_": 34.956438938800666, "ori-av": 0.048009948509773664, "sam_av": 0.07632410248646433, "sam_/ori_av": 1.5897559746585979}, "DDC": 0.0047980776627536414, "LCC": 0.0, "GCC": 0}, "rate-40": {"ANB_G": 0.0006867354991871722, "SP": 1167.490679301009, "ANB": 0.3051244256607403, "ACC": 0.0008966388430331694, "CC": 1, "QCS": 0.45256167678202913, "SCS": {"ori-": 49.81601011408099, "sam_": 39.56902293262788, "ori-av": 0.047579761331500464, "sam_av": 0.07551340254318298, "sam_/ori_av": 1.587090822441534}, "DDC": 0.0047980776627536414, "LCC": 0.0, "GCC": 0}}