{"rate-5": {"ANB_G": 0.0022795854303496277, "SP": 156.37795496609738, "ANB": 0.32642427513885974, "ACC": 0.006690861481858672, "CC": 1, "QCS": 0.8455588623988584, "SCS": {"ori-": 6.7099525316774695, "sam_": 5.42788349570531, "ori-av": 0.029690055449900308, "sam_av": 0.048034367218631066, "sam_/ori_av": 1.6178604751912766}, "DDC": 0.17364592244170451, "LCC": 0.0, "GCC": 0}, "rate-10": {"ANB_G": 0.001536107746159328, "SP": 308.9627680781616, "ANB": 0.3228121258680943, "ACC": 0.003387771049396206, "CC": 1, "QCS": 0.645562541103867, "SCS": {"ori-": 13.482765238941722, "sam_": 10.895659026946193, "ori-av": 0.03474939494572609, "sam_av": 0.056163190860547385, "sam_/ori_av": 1.6162350725319614}, "DDC": 0.016571728836598965, "LCC": 0.0, "GCC": 0}, "rate-15": {"ANB_G": 0.0011597286698023135, "SP": 468.42409979551536, "ANB": 0.32641347751083477, "ACC": 0.0022349971700963028, "CC": 1, "QCS": 0.6227694605419418, "SCS": {"ori-": 19.075939991247665, "sam_": 15.35923285623188, "ori-av": 0.039090040965671445, "sam_av": 0.06294767564029459, "sam_/ori_av": 1.6103251387117943}, "DDC": 0.016571728836598965, "LCC": 0.0, "GCC": 0}, "rate-20": {"ANB_G": 0.0009822293927749415, "SP": 613.65178749324, "ANB": 0.32076009816399964, "ACC": 0.0017041069913947186, "CC": 1, "QCS": 0.5621220294895601, "SCS": {"ori-": 26.438267347780705, "sam_": 21.0784027127576, "ori-av": 0.04391738762089818, "sam_av": 0.0700279159892279, "sam_/ori_av": 1.5945373753493701}, "DDC": 0.016571728836598965, "LCC": 0.0, "GCC": 0}, "rate-25": {"ANB_G": 0.0008682340777549768, "SP": 766.718716362127, "ANB": 0.32065272879486084, "ACC": 0.0013648098978193282, "CC": 1, "QCS": 0.5312892218923538, "SCS": {"ori-": 30.27887702846041, "sam_": 24.216603241087352, "ori-av": 0.043882430476029584, "sam_av": 0.07019305287271696, "sam_/ori_av": 1.5995707646835864}, "DDC": 0.009044226607609063, "LCC": 0.0, "GCC": 0}, "rate-30": {"ANB_G": 0.0007897403379794909, "SP": 894.2686422567386, "ANB": 0.3116778235368948, "ACC": 0.0011707488887867296, "CC": 1, "QCS": 0.5225671998929993, "SCS": {"ori-": 37.52371384483816, "sam_": 29.73333318233752, "ori-av": 0.04731868076272152, "sam_av": 0.07489504579933884, "sam_/ori_av": 1.5827796673981338}, "DDC": 0.016571728836598965, "LCC": 0.0, "GCC": 0}, "rate-35": {"ANB_G": 0.0007322313992989748, "SP": 1035.9937205455242, "ANB": 0.30941516309283207, "ACC": 0.001011485861901546, "CC": 1, "QCS": 0.45784558431696537, "SCS": {"ori-": 43.2519861559602, "sam_": 34.496044012180825, "ori-av": 0.0449604845696052, "sam_av": 0.07171734721867115, "sam_/ori_av": 1.5951195345246456}, "DDC": 0.001534378948583326, "LCC": 0.0, "GCC": 0}, "rate-40": {"ANB_G": 0.0006803532623734289, "SP": 1174.6028812864058, "ANB": 0.3069847976161147, "ACC": 0.0008907915674426952, "CC": 1, "QCS": 0.45131046809511105, "SCS": {"ori-": 50.201968530351955, "sam_": 39.8643426507617, "ori-av": 0.046226490359440105, "sam_av": 0.07341499567359429, "sam_/ori_av": 1.5881585450841371}, "DDC": 0.0047980776627536414, "LCC": 0.0, "GCC": 0}}