{"rate-5": {"ANB_G": 0.0022500587512037764, "SP": 155.78840030525512, "ANB": 0.3251857149270064, "ACC": 0.006722614334257162, "CC": 1, "QCS": 0.8082856721148122, "SCS": {"ori-": 6.664612716233846, "sam_": 5.410455608424416, "ori-av": 0.0329931322585834, "sam_av": 0.05356886741014274, "sam_/ori_av": 1.6236369129883512}, "DDC": 0.17364592244170451, "LCC": 0.0, "GCC": 0}, "rate-10": {"ANB_G": 0.001480487083039027, "SP": 307.16277903130407, "ANB": 0.3209253448965454, "ACC": 0.003413468376054636, "CC": 1, "QCS": 0.6734259024871645, "SCS": {"ori-": 12.798910943449378, "sam_": 10.395319555206903, "ori-av": 0.03368134458802468, "sam_av": 0.05471220818529949, "sam_/ori_av": 1.624406889170104}, "DDC": 0.016571728836598965, "LCC": 0.0, "GCC": 0}, "rate-15": {"ANB_G": 0.0011563599475035644, "SP": 455.7008363334472, "ANB": 0.3175285169926311, "ACC": 0.0023013822037569343, "CC": 1, "QCS": 0.6446672819580511, "SCS": {"ori-": 18.861489122993365, "sam_": 15.08886649650814, "ori-av": 0.040825734032453175, "sam_av": 0.06531976838315212, "sam_/ori_av": 1.5999655592530966}, "DDC": 0.016571728836598965, "LCC": 0.0, "GCC": 0}, "rate-20": {"ANB_G": 0.0009822948889631191, "SP": 612.2216122689823, "ANB": 0.32001131532407373, "ACC": 0.0017122027988548086, "CC": 1, "QCS": 0.5854698052203962, "SCS": {"ori-": 25.659237811187058, "sam_": 20.407435601559705, "ori-av": 0.04334330711349165, "sam_av": 0.06894403919445846, "sam_/ori_av": 1.5906501784446891}, "DDC": 0.016571728836598965, "LCC": 0.0, "GCC": 0}, "rate-25": {"ANB_G": 0.0008911576495039771, "SP": 751.8104716351619, "ANB": 0.3144097452408553, "ACC": 0.0013922637258680236, "CC": 1, "QCS": 0.5831839072052156, "SCS": {"ori-": 31.92787047025586, "sam_": 25.33365759780572, "ori-av": 0.0450958622461241, "sam_av": 0.07156400451357547, "sam_/ori_av": 1.5869306173367659}, "DDC": 0.004425096830133146, "LCC": 0.0, "GCC": 0}, "rate-30": {"ANB_G": 0.0007907249729679374, "SP": 900.385218659502, "ANB": 0.31381200930199027, "ACC": 0.0011620225177342881, "CC": 1, "QCS": 0.5408901431328696, "SCS": {"ori-": 36.79357628821384, "sam_": 29.258960680386995, "ori-av": 0.04616508944568864, "sam_av": 0.07333072852227317, "sam_/ori_av": 1.5884454985957257}, "DDC": 0.0047980776627536414, "LCC": 0.0, "GCC": 0}, "rate-35": {"ANB_G": 0.0007240489940120996, "SP": 1023.1599667900758, "ANB": 0.3055784654080939, "ACC": 0.001023229514879104, "CC": 1, "QCS": 0.4640791468606337, "SCS": {"ori-": 43.66900667464757, "sam_": 34.660004142627784, "ori-av": 0.047517961561096375, "sam_av": 0.0753478350926691, "sam_/ori_av": 1.5856706099606224}, "DDC": 0.0047980776627536414, "LCC": 0.0, "GCC": 0}, "rate-40": {"ANB_G": 0.0006837135441307452, "SP": 1161.2315287007411, "ANB": 0.3034871903480878, "ACC": 0.0009011256931260626, "CC": 1, "QCS": 0.45967911539236106, "SCS": {"ori-": 49.802422295079275, "sam_": 39.478354141081304, "ori-av": 0.04685082059744052, "sam_av": 0.07420743259601749, "sam_/ori_av": 1.583908918770816}, "DDC": 0.001534378948583326, "LCC": 0.0, "GCC": 0}}