{"rate-5": {"ANB_G": 0.002197221900414836, "SP": 154.87879266335096, "ANB": 0.3232747745028378, "ACC": 0.0067676382907098645, "CC": 1, "QCS": 0.8112919610128922, "SCS": {"ori-": 6.313795579423005, "sam_": 5.15609809966624, "ori-av": 0.030649493103995173, "sam_av": 0.05005920485112854, "sam_/ori_av": 1.6332800246084103}, "DDC": 0.17364592244170451, "LCC": 0.0, "GCC": 0}, "rate-10": {"ANB_G": 0.0014966439796563799, "SP": 304.37761615807574, "ANB": 0.31800588695815096, "ACC": 0.003440623446696694, "CC": 1, "QCS": 0.6659912398482619, "SCS": {"ori-": 12.970750812019414, "sam_": 10.510280215038538, "ori-av": 0.036848723897782425, "sam_av": 0.059717501221809875, "sam_/ori_av": 1.6206124637440622}, "DDC": 0.004425096830133146, "LCC": 0.0, "GCC": 0}, "rate-15": {"ANB_G": 0.0011788624693980687, "SP": 460.3666757181051, "ANB": 0.32078678471934735, "ACC": 0.0022765700175186978, "CC": 1, "QCS": 0.5640832949358541, "SCS": {"ori-": 19.61920639343581, "sam_": 15.726284666550683, "ori-av": 0.04104436483982387, "sam_av": 0.06580035425335014, "sam_/ori_av": 1.6031519676364054}, "DDC": 0.016571728836598965, "LCC": 0.0, "GCC": 0}, "rate-20": {"ANB_G": 0.0009783262131189128, "SP": 606.1321139012413, "ANB": 0.31682309628337185, "ACC": 0.0017277466386230755, "CC": 1, "QCS": 0.5961476087140549, "SCS": {"ori-": 25.330436361047376, "sam_": 20.248037529964073, "ori-av": 0.041799399935721744, "sam_av": 0.06682520636951839, "sam_/ori_av": 1.5987120980751115}, "DDC": 0.016571728836598965, "LCC": 0.0, "GCC": 0}, "rate-25": {"ANB_G": 0.0008870100249789129, "SP": 748.7312077145774, "ANB": 0.31312027123726077, "ACC": 0.0013982787091127264, "CC": 1, "QCS": 0.5822128394049612, "SCS": {"ori-": 31.517914784890003, "sam_": 25.14993023835474, "ori-av": 0.043234451008079565, "sam_av": 0.06890391846124587, "sam_/ori_av": 1.5937271517191058}, "DDC": 0.004425096830133146, "LCC": 0.0, "GCC": 0}, "rate-30": {"ANB_G": 0.0007880772515682944, "SP": 898.3648551618256, "ANB": 0.3131070673977069, "ACC": 0.0011668513670200617, "CC": 1, "QCS": 0.4607433653784669, "SCS": {"ori-": 37.88791882508482, "sam_": 30.24554081889475, "ori-av": 0.04586915111995741, "sam_av": 0.07323375500943038, "sam_/ori_av": 1.596579688556015}, "DDC": 0.004425096830133146, "LCC": 0.0, "GCC": 0}, "rate-35": {"ANB_G": 0.0007211297161967164, "SP": 1036.174268880733, "ANB": 0.30946913867884346, "ACC": 0.0010092379011246574, "CC": 1, "QCS": 0.47535224048160046, "SCS": {"ori-": 42.301349827041406, "sam_": 33.63683697930138, "ori-av": 0.04379021721225818, "sam_av": 0.0696414844291954, "sam_/ori_av": 1.5903434342796703}, "DDC": 0.0047980776627536414, "LCC": 0.0, "GCC": 0}, "rate-40": {"ANB_G": 0.0006720188561117389, "SP": 1177.6479508846774, "ANB": 0.3077813107205543, "ACC": 0.0008880887623062169, "CC": 1, "QCS": 0.4590854403988701, "SCS": {"ori-": 50.34722946662675, "sam_": 39.97008529120421, "ori-av": 0.04850407463066161, "sam_av": 0.07701365181349558, "sam_/ori_av": 1.587776952759589}, "DDC": 0.004425096830133146, "LCC": 0.0, "GCC": 0}}