{"rate-5": {"ANB_G": 0.0022241322284822927, "SP": 155.0909888336272, "ANB": 0.32372056477652733, "ACC": 0.006759430269811971, "CC": 1, "QCS": 0.8084143691656833, "SCS": {"ori-": 6.5171199715240355, "sam_": 5.320116178669094, "ori-av": 0.03194666652707861, "sam_av": 0.05215800175165779, "sam_/ori_av": 1.6326586596272152}, "DDC": 0.17364592244170451, "LCC": 0.0, "GCC": 0}, "rate-10": {"ANB_G": 0.0014757391357312123, "SP": 307.21644504808427, "ANB": 0.3209815985828978, "ACC": 0.00341114014361846, "CC": 1, "QCS": 0.6633376904948304, "SCS": {"ori-": 12.825544630065218, "sam_": 10.377182522608058, "ori-av": 0.03562651286129227, "sam_av": 0.05765101401448921, "sam_/ori_av": 1.6182053584347926}, "DDC": 0.17364592244170451, "LCC": 0.0, "GCC": 0}, "rate-15": {"ANB_G": 0.0011688539732414875, "SP": 459.01345841837303, "ANB": 0.31984180057148975, "ACC": 0.0022845125681613815, "CC": 1, "QCS": 0.5812964600043982, "SCS": {"ori-": 19.863238160001686, "sam_": 16.011241458614936, "ori-av": 0.03819853492308017, "sam_av": 0.061581697917749756, "sam_/ori_av": 1.6121481633197692}, "DDC": 0.004425096830133146, "LCC": 0.0, "GCC": 0}, "rate-20": {"ANB_G": 0.0009877647716408087, "SP": 609.1921900076413, "ANB": 0.31842523037049236, "ACC": 0.0017181772224919983, "CC": 1, "QCS": 0.6023172531946523, "SCS": {"ori-": 25.411673151123644, "sam_": 20.37108348389324, "ori-av": 0.040723835178082764, "sam_av": 0.06529193424324757, "sam_/ori_av": 1.6032854950357711}, "DDC": 0.004425096830133146, "LCC": 0.0, "GCC": 0}, "rate-25": {"ANB_G": 0.000847350235327777, "SP": 758.5852335757858, "ANB": 0.3172467477285539, "ACC": 0.0013791562747558902, "CC": 1, "QCS": 0.5146510500350011, "SCS": {"ori-": 31.27668520380832, "sam_": 24.954767498987252, "ori-av": 0.044301253829756825, "sam_av": 0.07069339234840581, "sam_/ori_av": 1.5957424731153227}, "DDC": 0.016571728836598965, "LCC": 0.0, "GCC": 0}, "rate-30": {"ANB_G": 0.0007901924603572672, "SP": 899.4826173272642, "ANB": 0.3134970751316353, "ACC": 0.0011641263242092713, "CC": 1, "QCS": 0.47713445516371883, "SCS": {"ori-": 38.433971741342624, "sam_": 30.56154269191816, "ori-av": 0.04479483885937369, "sam_av": 0.07123902725388849, "sam_/ori_av": 1.5903400719340046}, "DDC": 0.016571728836598965, "LCC": 0.0, "GCC": 0}, "rate-35": {"ANB_G": 0.0007292418616218517, "SP": 1034.7545060470243, "ANB": 0.3090446953802761, "ACC": 0.001011150510071305, "CC": 1, "QCS": 0.4550239415335311, "SCS": {"ori-": 43.81817927951158, "sam_": 34.72801241897964, "ori-av": 0.047525140216390004, "sam_av": 0.07533191414095367, "sam_/ori_av": 1.5850960943608943}, "DDC": 0.0013163599793910574, "LCC": 0.0, "GCC": 0}, "rate-40": {"ANB_G": 0.0006824680297610928, "SP": 1182.09098175951, "ANB": 0.30894349509796215, "ACC": 0.0008856255034989976, "CC": 1, "QCS": 0.5080562177605207, "SCS": {"ori-": 49.30240920532816, "sam_": 39.03854413028974, "ori-av": 0.04805303041454986, "sam_av": 0.07609852656976558, "sam_/ori_av": 1.5836363682637566}, "DDC": 0.0025656928249658817, "LCC": 0.0, "GCC": 0}}