{"rate-5": {"ANB_G": 0.002227545607686218, "SP": 156.6106769120111, "ANB": 0.3269131867899391, "ACC": 0.006690971244194255, "CC": 1, "QCS": 0.8153676600050509, "SCS": {"ori-": 6.717411606406573, "sam_": 5.4610527185136455, "ori-av": 0.031685903803804594, "sam_av": 0.051519365268996656, "sam_/ori_av": 1.6259395846177698}, "DDC": 0.04352950696435376, "LCC": 0.0, "GCC": 0}, "rate-10": {"ANB_G": 0.0014593853488173662, "SP": 313.0109487611996, "ANB": 0.3270555018461216, "ACC": 0.003344718095928519, "CC": 1, "QCS": 0.6320140928907717, "SCS": {"ori-": 13.113414901904177, "sam_": 10.615709580542989, "ori-av": 0.03414951797370879, "sam_av": 0.055290154065328063, "sam_/ori_av": 1.6190610393943228}, "DDC": 0.17364592244170451, "LCC": 0.0, "GCC": 0}, "rate-15": {"ANB_G": 0.0011516078662025704, "SP": 459.166409235971, "ANB": 0.31994860980165585, "ACC": 0.002283537499764049, "CC": 1, "QCS": 0.5616349744573897, "SCS": {"ori-": 19.55169720837112, "sam_": 15.517061259909973, "ori-av": 0.04056368715429693, "sam_av": 0.06438614630668038, "sam_/ori_av": 1.58728534863626}, "DDC": 0.016571728836598965, "LCC": 0.0, "GCC": 0}, "rate-20": {"ANB_G": 0.0009865327565706688, "SP": 613.1178094668829, "ANB": 0.3204805285166925, "ACC": 0.0017060924330923048, "CC": 1, "QCS": 0.5993488255877018, "SCS": {"ori-": 25.816719826205716, "sam_": 20.615907786525334, "ori-av": 0.04246171024046993, "sam_av": 0.06781548613988597, "sam_/ori_av": 1.5970973791642418}, "DDC": 0.004425096830133146, "LCC": 0.0, "GCC": 0}, "rate-25": {"ANB_G": 0.0008518037570743284, "SP": 760.563236661757, "ANB": 0.3180750572285416, "ACC": 0.0013758885345997514, "CC": 1, "QCS": 0.5272763966818593, "SCS": {"ori-": 31.212309807829726, "sam_": 24.841838407400374, "ori-av": 0.04658553702661153, "sam_av": 0.07415474151462798, "sam_/ori_av": 1.591797502994713}, "DDC": 0.016571728836598965, "LCC": 0.0, "GCC": 0}, "rate-30": {"ANB_G": 0.0007926425145386766, "SP": 888.4477999298515, "ANB": 0.30964682481851147, "ACC": 0.0011795218787264373, "CC": 1, "QCS": 0.5161123898016592, "SCS": {"ori-": 37.451558664577846, "sam_": 29.795042377073603, "ori-av": 0.04640837504904318, "sam_av": 0.07375010489374655, "sam_/ori_av": 1.5891550784919604}, "DDC": 0.0019207632519998574, "LCC": 0.0, "GCC": 0}, "rate-35": {"ANB_G": 0.0007397601674900705, "SP": 1029.971413677324, "ANB": 0.30761477239979795, "ACC": 0.0010154006046288494, "CC": 1, "QCS": 0.5221718217798476, "SCS": {"ori-": 43.919953332706584, "sam_": 34.73384399466702, "ori-av": 0.04901780505882431, "sam_av": 0.0775309017738103, "sam_/ori_av": 1.5816885656297455}, "DDC": 0.04759773535261813, "LCC": 0.0, "GCC": 0}, "rate-40": {"ANB_G": 0.0006785513430965695, "SP": 1174.423236798206, "ANB": 0.3069378071666771, "ACC": 0.0008916358036302484, "CC": 1, "QCS": 0.455742601419464, "SCS": {"ori-": 49.10268600583347, "sam_": 38.896169131155524, "ori-av": 0.04895581855018292, "sam_av": 0.07748240862779984, "sam_/ori_av": 1.5827007069318084}, "DDC": 0.0009273351843028799, "LCC": 0.0, "GCC": 0}}