{"rate-5": {"ANB_G": 0.0021065037983284945, "SP": 155.5994666807014, "ANB": 0.3247887955476917, "ACC": 0.006730130020753502, "CC": 1, "QCS": 0.8456222629381478, "SCS": {"ori-": 6.598220456135456, "sam_": 5.388383109068162, "ori-av": 0.028939563404102878, "sam_av": 0.04726651850059791, "sam_/ori_av": 1.6332837451824427}, "DDC": 0.17364592244170451, "LCC": 0.0, "GCC": 0}, "rate-10": {"ANB_G": 0.0015226898889055744, "SP": 305.4130736708362, "ANB": 0.31909127219165223, "ACC": 0.0034372396200363638, "CC": 1, "QCS": 0.6284100681985068, "SCS": {"ori-": 13.071475221631983, "sam_": 10.542408185962145, "ori-av": 0.03671762702705613, "sam_av": 0.059227012280686206, "sam_/ori_av": 1.613040304512151}, "DDC": 0.016571728836598965, "LCC": 0.0, "GCC": 0}, "rate-15": {"ANB_G": 0.0011572806973821192, "SP": 459.7399434139106, "ANB": 0.32034912249574765, "ACC": 0.0022791888541153766, "CC": 1, "QCS": 0.6093105819103662, "SCS": {"ori-": 19.19719642085881, "sam_": 15.431047063724828, "ori-av": 0.041019650471920535, "sam_av": 0.06594464557147363, "sam_/ori_av": 1.6076354823309664}, "DDC": 0.01341907756199523, "LCC": 0.0, "GCC": 0}, "rate-20": {"ANB_G": 0.0009625876999272953, "SP": 609.7500235369333, "ANB": 0.3187172898099123, "ACC": 0.0017162713479505099, "CC": 1, "QCS": 0.5926249536217083, "SCS": {"ori-": 25.255611713148433, "sam_": 20.188768196949844, "ori-av": 0.042951720600592574, "sam_av": 0.06866927958146206, "sam_/ori_av": 1.5987550352177202}, "DDC": 0.004425096830133146, "LCC": 0.0, "GCC": 0}, "rate-25": {"ANB_G": 0.0008911122210321128, "SP": 760.3759388830606, "ANB": 0.3179966243228899, "ACC": 0.0013771019652576487, "CC": 1, "QCS": 0.5198851430515128, "SCS": {"ori-": 31.759047030834754, "sam_": 25.30606785270337, "ori-av": 0.04460540313319488, "sam_av": 0.07108446026040273, "sam_/ori_av": 1.593628916392472}, "DDC": 0.016571728836598965, "LCC": 0.0, "GCC": 0}, "rate-30": {"ANB_G": 0.0007955086777220998, "SP": 901.2123437043177, "ANB": 0.3141006084104395, "ACC": 0.001162101363720164, "CC": 1, "QCS": 0.5150311777051026, "SCS": {"ori-": 38.5275844402808, "sam_": 30.512806775457424, "ori-av": 0.04840148799030251, "sam_av": 0.0766653436569282, "sam_/ori_av": 1.5839460074510212}, "DDC": 0.004425096830133146, "LCC": 0.0, "GCC": 0}, "rate-35": {"ANB_G": 0.000727199029885358, "SP": 1046.221341037312, "ANB": 0.31247274769426375, "ACC": 0.0010001450115324345, "CC": 1, "QCS": 0.4674450794865044, "SCS": {"ori-": 44.537801279944, "sam_": 35.473008469891205, "ori-av": 0.04639354299994167, "sam_av": 0.07390210097894001, "sam_/ori_av": 1.5929393661318976}, "DDC": 0.0047980776627536414, "LCC": 0.0, "GCC": 0}, "rate-40": {"ANB_G": 0.0006787251981658627, "SP": 1185.1688008313506, "ANB": 0.3097485746354566, "ACC": 0.0008829274033504753, "CC": 1, "QCS": 0.5157464717891606, "SCS": {"ori-": 48.765509206113144, "sam_": 38.5901595381063, "ori-av": 0.048716792413699445, "sam_av": 0.07702626654312635, "sam_/ori_av": 1.581102998100222}, "DDC": 0.0009273351843028799, "LCC": 0.0, "GCC": 0}}