{"rate-5": {"ANB_G": 0.0013782006670958638, "SP": 3.7123321316105717, "ANB": 0.005698176747081033, "ACC": 0.3093179026613778, "CC": 1.0, "QCS": 0.5422737989380721, "SCS": {"ori-": 4.971961798087751, "sam_": 3.757234009584998, "ori-av": 0.06104798151635099, "sam_av": 0.09130285674137302, "sam_/ori_av": 1.505947867197532}, "DDC": 0.11912565740721075, "LCC": 0.0, "GCC": 0.0}, "rate-10": {"ANB_G": 0.0012115854098899528, "SP": 4.689917851431575, "ANB": 0.0038678384186913795, "ACC": 0.2258898673378414, "CC": 1.0, "QCS": 0.48542471142778376, "SCS": {"ori-": 9.330278390206285, "sam_": 7.257037697125052, "ori-av": 0.043654666026530176, "sam_av": 0.06770335903919486, "sam_/ori_av": 1.554073540772378}, "DDC": 0.3112625413452373, "LCC": 0.0, "GCC": 0.0}, "rate-15": {"ANB_G": 0.0009928986205681527, "SP": 4.7340220212738, "ANB": 0.002607557277425839, "ACC": 0.2190864593017125, "CC": 1.0, "QCS": 0.6184110839937602, "SCS": {"ori-": 14.728195610020105, "sam_": 11.366010484035469, "ori-av": 0.04610921951437944, "sam_av": 0.07103211394261569, "sam_/ori_av": 1.5415294359953502}, "DDC": 0.09738489783459887, "LCC": 0.0, "GCC": 0.0}, "rate-20": {"ANB_G": 0.0009362888170193295, "SP": 5.695253968983795, "ANB": 0.00245824815130042, "ACC": 0.18019877273779378, "CC": 1.0, "QCS": 0.4870657768312171, "SCS": {"ori-": 17.79153048546774, "sam_": 13.584289352834514, "ori-av": 0.04938720345853243, "sam_av": 0.07521110349101272, "sam_/ori_av": 1.5241721746694545}, "DDC": 0.023955639024625587, "LCC": 0.0, "GCC": 0.0}, "rate-25": {"ANB_G": 0.0008129277364489814, "SP": 5.429333819055609, "ANB": 0.0018548299074772228, "ACC": 0.19255757325162687, "CC": 1.0, "QCS": 0.4904365038281643, "SCS": {"ori-": 24.33329666968885, "sam_": 18.79605874198895, "ori-av": 0.0464413485820282, "sam_av": 0.07155099131781992, "sam_/ori_av": 1.5438120039616625}, "DDC": 0.0010217617735900797, "LCC": 0.0, "GCC": 0.0}, "rate-30": {"ANB_G": 0.0007512339190509884, "SP": 4.8842171704272985, "ANB": 0.0013552746582091056, "ACC": 0.21246355778895967, "CC": 1.0, "QCS": 0.4463228247804767, "SCS": {"ori-": 30.401570301863693, "sam_": 23.573294093430718, "ori-av": 0.04476074291699782, "sam_av": 0.06930899525050721, "sam_/ori_av": 1.5506470201167222}, "DDC": 0.016511931146529914, "LCC": 0.0, "GCC": 0.0}, "rate-35": {"ANB_G": 0.0006969822169706935, "SP": 4.798950697835229, "ANB": 0.0011357102235680836, "ACC": 0.21719842483942772, "CC": 1.0, "QCS": 0.44472312215033505, "SCS": {"ori-": 33.3257021851887, "sam_": 25.7986306629649, "ori-av": 0.04677430225600076, "sam_av": 0.07231727698225301, "sam_/ori_av": 1.5474853244570184}, "DDC": 0.016471237656339288, "LCC": 0.0, "GCC": 0.0}, "rate-40": {"ANB_G": 0.0006629701059662386, "SP": 6.105010419230455, "ANB": 0.0013353414646169188, "ACC": 0.16853242460078893, "CC": 1.0, "QCS": 0.4448662624581119, "SCS": {"ori-": 37.48565488593562, "sam_": 28.884389730952744, "ori-av": 0.048810164156618915, "sam_av": 0.07519717512975775, "sam_/ori_av": 1.5408321717946951}, "DDC": 0.027599936543407245, "LCC": 0.0, "GCC": 0.0}}