{"rate-5": {"ANB_G": 0.0022111283114346495, "SP": 155.57506732278975, "ANB": 0.3247375363924151, "ACC": 0.0067355547226461586, "CC": 1.0, "QCS": 0.8106913685784505, "SCS": {"ori-": 6.569884631209272, "sam_": 5.359568715746068, "ori-av": 0.030908695033737645, "sam_av": 0.050429017089080284, "sam_/ori_av": 1.6315903666583325}, "DDC": 0.14762263934623437, "LCC": 0.0, "GCC": 0.0}, "rate-10": {"ANB_G": 0.001492707440514282, "SP": 307.84350588183753, "ANB": 0.3216388950543373, "ACC": 0.0034036329006967266, "CC": 1.0, "QCS": 0.6501388471019288, "SCS": {"ori-": 13.07166630386364, "sam_": 10.573434215757112, "ori-av": 0.035822030337902364, "sam_av": 0.05795102997917264, "sam_/ori_av": 1.617768269302037}, "DDC": 0.10801525459903401, "LCC": 0.0, "GCC": 0.0}, "rate-15": {"ANB_G": 0.001162760436123754, "SP": 458.95061846629704, "ANB": 0.31979791792339196, "ACC": 0.0022843111411064926, "CC": 1.0, "QCS": 0.5882068917789727, "SCS": {"ori-": 19.625078293196918, "sam_": 15.72403927685103, "ori-av": 0.04009116512058014, "sam_av": 0.06423943090981471, "sam_/ori_av": 1.6024326362784582}, "DDC": 0.011082545779091891, "LCC": 0.0, "GCC": 0.0}, "rate-20": {"ANB_G": 0.0009796608520783185, "SP": 611.4851081275767, "ANB": 0.31962571106155807, "ACC": 0.001711697959524562, "CC": 1.0, "QCS": 0.5910433633583126, "SCS": {"ori-": 25.24565452885806, "sam_": 20.186754872839042, "ori-av": 0.04206435804957241, "sam_av": 0.06726897666047747, "sam_/ori_av": 1.59922449395676}, "DDC": 0.010047574870063802, "LCC": 0.0, "GCC": 0.0}, "rate-25": {"ANB_G": 0.0008708629945080213, "SP": 755.950153825676, "ANB": 0.31614328049651447, "ACC": 0.0013845315442195098, "CC": 1.0, "QCS": 0.5400098646019047, "SCS": {"ori-": 31.509400565057224, "sam_": 25.0968554746332, "ori-av": 0.04485164590437765, "sam_av": 0.071426714193567, "sam_/ori_av": 1.5925480311841411}, "DDC": 0.01121220931838598, "LCC": 0.0, "GCC": 0.0}, "rate-30": {"ANB_G": 0.0007902406365877593, "SP": 897.395555834463, "ANB": 0.3127688610727374, "ACC": 0.0011673780457721033, "CC": 1.0, "QCS": 0.49743857084415327, "SCS": {"ori-": 38.087843622666014, "sam_": 30.286660113592223, "ori-av": 0.046465331891706846, "sam_av": 0.0738761070495885, "sam_/ori_av": 1.589988555257463}, "DDC": 0.005981675714766199, "LCC": 0.0, "GCC": 0.0}, "rate-35": {"ANB_G": 0.0007323998200241491, "SP": 1037.6906357336, "ANB": 0.30992246210272023, "ACC": 0.0010080095239733682, "CC": 1.0, "QCS": 0.4827754367336089, "SCS": {"ori-": 43.64165455681039, "sam_": 34.65949050763509, "ori-av": 0.046668202008775216, "sam_av": 0.07412134465574922, "sam_/ori_av": 1.5883720846278044}, "DDC": 0.012587069497529923, "LCC": 0.0, "GCC": 0.0}, "rate-40": {"ANB_G": 0.0006780319760531778, "SP": 1179.3450918587798, "ANB": 0.30822523982704164, "ACC": 0.0008873501480484334, "CC": 1.0, "QCS": 0.4829279097191447, "SCS": {"ori-": 49.46925914812753, "sam_": 39.217154383936574, "ori-av": 0.0484560612069752, "sam_av": 0.07678074636745677, "sam_/ori_av": 1.584554088189852}, "DDC": 0.002728707537291686, "LCC": 0.0, "GCC": 0.0}}