{"rate-5": {"ANB_G": 0.0018650816676903472, "SP": 3.9689095900985065, "ANB": 0.0062372050212153455, "ACC": 0.26125447482310155, "CC": 1.0, "QCS": 0.7029103508284594, "SCS": {"ori-": 4.798987581171228, "sam_": 3.686827519513929, "ori-av": 0.05383951181014297, "sam_av": 0.08259542748114791, "sam_/ori_av": 1.5359851438435428}, "DDC": 0.012304781086325689, "LCC": 0.39611962554411506, "GCC": 0.3068615736838164}, "rate-10": {"ANB_G": 0.0013276959756662148, "SP": 3.9509496374509845, "ANB": 0.0030932386136802753, "ACC": 0.26214556292243263, "CC": 1.0, "QCS": 0.7735612308932636, "SCS": {"ori-": 8.837540765978556, "sam_": 6.595818816213642, "ori-av": 0.06557010899466222, "sam_av": 0.09784319061697469, "sam_/ori_av": 1.4922049158717106}, "DDC": 0.0004870083623124133, "LCC": 0.38935112577453607, "GCC": 0.2729300997427409}, "rate-15": {"ANB_G": 0.0010751593418599102, "SP": 3.8284036085067945, "ANB": 0.001975142184711448, "ACC": 0.26928333695852874, "CC": 1.0, "QCS": 0.7655639365805352, "SCS": {"ori-": 12.25734027144382, "sam_": 8.927398986056216, "ori-av": 0.07932918571063377, "sam_av": 0.11551919699665732, "sam_/ori_av": 1.4565876752454492}, "DDC": 0.01395042900550716, "LCC": 0.3663769605012194, "GCC": 0.24909976699629954}, "rate-20": {"ANB_G": 0.0009240370845238202, "SP": 3.838004265111258, "ANB": 0.0014858661073880953, "ACC": 0.2688973198980777, "CC": 1.0, "QCS": 0.7747393032838757, "SCS": {"ori-": 15.967773410575992, "sam_": 11.449084133317431, "ori-av": 0.0828319327911712, "sam_av": 0.11871396974192028, "sam_/ori_av": 1.4340064613760362}, "DDC": 0.00817007788826618, "LCC": 0.36637424416885944, "GCC": 0.23539826899747532}, "rate-25": {"ANB_G": 0.0008388065155570501, "SP": 3.7977451744484396, "ANB": 0.0011715850814273203, "ACC": 0.27127561939944295, "CC": 1.0, "QCS": 0.8255493120024212, "SCS": {"ori-": 18.7867500853403, "sam_": 13.048041866823088, "ori-av": 0.09514259832974417, "sam_av": 0.13200941577466968, "sam_/ori_av": 1.3878626905232492}, "DDC": 0.041491992287894706, "LCC": 0.36433835926655417, "GCC": 0.23383311230190137}, "rate-30": {"ANB_G": 0.0007661968074671908, "SP": 3.809324253918125, "ANB": 0.000980224792016094, "ACC": 0.27008055889929505, "CC": 1.0, "QCS": 0.7976143086891063, "SCS": {"ori-": 20.148897810104227, "sam_": 13.78598012496499, "ori-av": 0.089114952042496, "sam_av": 0.12186974323118749, "sam_/ori_av": 1.3678146319355031}, "DDC": 0.06581070192169283, "LCC": 0.3619357886538947, "GCC": 0.22599315600065467}, "rate-35": {"ANB_G": 0.000700119068862703, "SP": 3.7801881621871543, "ANB": 0.0008311474326418988, "ACC": 0.2716456384688472, "CC": 1.0, "QCS": 0.7836982520348089, "SCS": {"ori-": 22.840736328558584, "sam_": 15.346060024082302, "ori-av": 0.09753112666820166, "sam_av": 0.13095703956932173, "sam_/ori_av": 1.3436140121454052}, "DDC": 0.14156555500383303, "LCC": 0.3586851372270602, "GCC": 0.21712137048126817}, "rate-40": {"ANB_G": 0.0006609782201014465, "SP": 3.826825717176689, "ANB": 0.0007394260311736039, "ACC": 0.26834253998277086, "CC": 1.0, "QCS": 0.7872180815985346, "SCS": {"ori-": 25.122058265935443, "sam_": 16.895247204029364, "ori-av": 0.09279244063362838, "sam_av": 0.12480012375388297, "sam_/ori_av": 1.3449441882884567}, "DDC": 0.18324453296610904, "LCC": 0.3527733170837455, "GCC": 0.21104817485949537}}