{"rate_5": {"GD": 0.014898077138741039, "AD": 7.165975103734441, "ANB_G": 0.002984119712544576, "SP": 3.8949802020341435, "ANB": 0.006031208754237795, "ACC": 0.26557936443049096, "CC": 1.0, "QCS": 0.8417504668518105, "SCS": {"ori-": 6.923114064993987, "sam_": 5.4403457071750205, "ori-av": 0.05311105236336523, "sam_av": 0.08344114965603558, "sam_/ori_av": 1.5724880233482696}, "DDC": 0.02247782923481023, "LCC": 0.345687520876212, "GCC": 0.20923326133909287}, "rate_10": {"GD": 0.008352884949600278, "AD": 8.010416666666666, "ANB_G": 0.002023897746888222, "SP": 4.041894768856448, "ANB": 0.003175255499850162, "ACC": 0.25568076786959026, "CC": 1.0, "QCS": 0.8435125916830977, "SCS": {"ori-": 14.085900652024133, "sam_": 10.76168867394162, "ori-av": 0.06192439170988599, "sam_av": 0.0946106441636376, "sam_/ori_av": 1.5282058927759166}, "DDC": 0.053028164532379796, "LCC": 0.274040348036471, "GCC": 0.16003051833484336}, "rate_15": {"GD": 0.006254282506961352, "AD": 8.968641114982578, "ANB_G": 0.0015765658214265525, "SP": 3.9842219079692294, "ANB": 0.0020824995868591943, "ACC": 0.25864360311149265, "CC": 1.0, "QCS": 0.8089164925642589, "SCS": {"ori-": 19.777159451382477, "sam_": 14.930875211153232, "ori-av": 0.06608834241176711, "sam_av": 0.09978197153642154, "sam_/ori_av": 1.5100844320422666}, "DDC": 0.7141068120549031, "LCC": 0.23515720546078564, "GCC": 0.13857911385098473}, "rate_20": {"GD": 0.00516133829971982, "AD": 9.868478829064298, "ANB_G": 0.0013187410544153659, "SP": 3.9815090320139452, "ANB": 0.0015601826436493658, "ACC": 0.2586055751145284, "CC": 1.0, "QCS": 0.8109537035215413, "SCS": {"ori-": 24.897825339008328, "sam_": 18.560609980359526, "ori-av": 0.07028475259107814, "sam_av": 0.10479829144593056, "sam_/ori_av": 1.4912897430059422}, "DDC": 0.7087082375278289, "LCC": 0.22816500956780777, "GCC": 0.13270953324576734}, "rate_25": {"GD": 0.0039664082009068175, "AD": 9.479715600167294, "ANB_G": 0.0010539365800721543, "SP": 4.031421876667909, "ANB": 0.0012689082782201364, "ACC": 0.25494829241014605, "CC": 1.0, "QCS": 0.8096391274189033, "SCS": {"ori-": 28.164315426652724, "sam_": 20.638744096455895, "ori-av": 0.07491489719047581, "sam_av": 0.10978158519634125, "sam_/ori_av": 1.4655604680708896}, "DDC": 0.864998366785127, "LCC": 0.21612363696506326, "GCC": 0.11249073194164519}, "rate_30": {"GD": 0.004361780063225758, "AD": 12.509585221331474, "ANB_G": 0.0011009827893501438, "SP": 4.167037338976303, "ANB": 0.0011046520191755537, "ACC": 0.2486504127878363, "CC": 1.0, "QCS": 0.824832309825031, "SCS": {"ori-": 37.09191322032427, "sam_": 25.830559029958295, "ori-av": 0.09728341548721496, "sam_av": 0.1354724796096332, "sam_/ori_av": 1.3926613113619823}, "DDC": 0.9853870155788546, "LCC": 0.25879262174057555, "GCC": 0.17018425339628027}, "rate_35": {"GD": 0.0038815765754671083, "AD": 12.991636798088411, "ANB_G": 0.00097295646554117, "SP": 4.215671124732682, "ANB": 0.0009610493498902259, "ACC": 0.2455912319621793, "CC": 1.0, "QCS": 0.8593206471579464, "SCS": {"ori-": 39.78098128145882, "sam_": 27.197937093489315, "ori-av": 0.10283437189878382, "sam_av": 0.140616602523535, "sam_/ori_av": 1.3674480412433467}, "DDC": 0.9410318302947317, "LCC": 0.2626677656007087, "GCC": 0.1719407607400937}, "rate_40": {"GD": 0.003460136868826638, "AD": 13.235023523261892, "ANB_G": 0.0008724221024586851, "SP": 4.326200274010981, "ANB": 0.0008698222473878077, "ACC": 0.23989420438659925, "CC": 1.0, "QCS": 0.8720959330365415, "SCS": {"ori-": 43.84614183742255, "sam_": 29.752956246683492, "ori-av": 0.10661538489370057, "sam_av": 0.14468426966609896, "sam_/ori_av": 1.357056620196016}, "DDC": 0.9650263747112587, "LCC": 0.26182734977402944, "GCC": 0.17412503129245477}}