{
    "rate_100": {
        "GD": 0.0015254796060331793,
        "AD": 14.58663599288926,
        "SP": 4.676703943069292,
        "ANB_G": 0.002984119712544576,
        "ANB": 0.0003845522375347049,
        "ACC": 0.22106890435015003,
        "CC": 1,
        "QCS":0,
        "SCS": {
            "ori-": 6.923114064993987,
            "sam_": 5.4403457071750205,
            "ori-av": 0.05311105236336523,
            "sam_av": 0.08344114965603558,
            "sam_/ori_av": 1.5724880233482696
        },
        "DDC": 1.0,
        "LCC": 0.32209185736151735,
        "GCC": 0.17139316719935488
    }
}