{"rate_100": {"GD": 0.0015254796060331793, "AD": 14.58663599288926, "SP": 4.676703943069292, "ANB": 0.0003845522375347049, "ACC": 0.22106890435015003, "CC": 1, "DDC": 1.0, "LCC": 0.32209185736151735, "GCC": 0.17139316719935488}}