{"rate-5": {"ANB_G": 0.0003659261052598071, "SP": 55.44560331528034, "ANB": 0.00023534689526451348, "ACC": 0.005422117002689222, "CC": 320.8, "QCS": 0.25472018505353644, "SCS": {"ori-": 9.588129677933116, "sam_": 8.001620668887057, "ori-av": 0.013699345945206573, "sam_av": 0.022863672285140545, "sam_/ori_av": 1.6700674712877337}, "DDC": 0.03579765963892025, "LCC": 0.04992473356490093, "GCC": 0.2311888595208073}, "rate-10": {"ANB_G": 0.0003804023646060229, "SP": 93.89937659048037, "ANB": 0.0008716657727340967, "ACC": 0.021760634753641168, "CC": 474.4, "QCS": 0.39908513490363373, "SCS": {"ori-": 17.334761397590018, "sam_": 14.366784457623348, "ori-av": 0.015905241357403815, "sam_av": 0.026357849102430254, "sam_/ori_av": 1.6579582639277586}, "DDC": 0.2323604459130159, "LCC": 0.08979631909150596, "GCC": 0.17983362069529316}, "rate-15": {"ANB_G": 0.000397357066562113, "SP": 108.8868444810226, "ANB": 0.0009851816800734475, "ACC": 0.04760233595815107, "CC": 524.2, "QCS": 0.42536688250245946, "SCS": {"ori-": 24.797371492526693, "sam_": 20.020794521097223, "ori-av": 0.019315290600100364, "sam_av": 0.03119279779754113, "sam_/ori_av": 1.6157805363468054}, "DDC": 0.39613621603593147, "LCC": 0.1466002297048116, "GCC": 0.1852788484684808}, "rate-20": {"ANB_G": 0.00036024999680321504, "SP": 121.7995941880102, "ANB": 0.0009281387995050941, "ACC": 0.061881682894051715, "CC": 577.0, "QCS": 0.4872398598184004, "SCS": {"ori-": 30.82000798753482, "sam_": 24.66911246804053, "ori-av": 0.0215962597009614, "sam_av": 0.03457142386717561, "sam_/ori_av": 1.6008242203766083}, "DDC": 0.3772518709098501, "LCC": 0.1700769428421612, "GCC": 0.18988081531644724}, "rate-25": {"ANB_G": 0.0003491109006768359, "SP": 133.0099645449813, "ANB": 0.0009207898266412878, "ACC": 0.07674495795490525, "CC": 600.4, "QCS": 0.52899631724573, "SCS": {"ori-": 35.75254056885347, "sam_": 28.44001156688828, "ori-av": 0.023320482583917255, "sam_av": 0.03709873093803021, "sam_/ori_av": 1.5910753579961767}, "DDC": 0.2616407802954592, "LCC": 0.19152080452579567, "GCC": 0.19136703094130733}, "rate-30": {"ANB_G": 0.0003708650558577901, "SP": 135.54135433507724, "ANB": 0.0008633395480528525, "ACC": 0.09831882918095984, "CC": 578.4, "QCS": 0.5540048269964046, "SCS": {"ori-": 40.61249172706322, "sam_": 31.629183703872428, "ori-av": 0.026785214577553625, "sam_av": 0.04170837195223124, "sam_/ori_av": 1.5575628437778366}, "DDC": 0.4630724753022154, "LCC": 0.21335810784443918, "GCC": 0.18946516973522948}, "rate-35": {"ANB_G": 0.0003828587836833798, "SP": 131.57463734461084, "ANB": 0.0008212875955630137, "ACC": 0.11377152306578457, "CC": 552.8, "QCS": 0.5201010855613621, "SCS": {"ori-": 43.610487495289675, "sam_": 33.473720852692296, "ori-av": 0.029592026173275006, "sam_av": 0.045400350569001824, "sam_/ori_av": 1.534692781244036}, "DDC": 0.6071799136514736, "LCC": 0.22829930035447932, "GCC": 0.18043026955833466}, "rate-40": {"ANB_G": 0.000386728271440021, "SP": 122.61931715065505, "ANB": 0.0007708390707261035, "ACC": 0.12819969193670938, "CC": 519.8, "QCS": 0.5293149343078069, "SCS": {"ori-": 46.92476543265814, "sam_": 35.48384572807902, "ori-av": 0.03236244406064066, "sam_av": 0.04892517814746944, "sam_/ori_av": 1.512232076472909}, "DDC": 0.6782667881659883, "LCC": 0.24186612130841376, "GCC": 0.16844428720502852}}