{"rate-5": {"ANB_G": 0.0003143481734579977, "SP": 60.7131364901432, "ANB": 0.00011210452444971044, "ACC": 0.0030741114483899944, "CC": 347.4, "QCS": 0.5491161340684318, "SCS": {"ori-": 9.491995577232213, "sam_": 7.956220595078138, "ori-av": 0.012772824123346262, "sam_av": 0.021412690857358908, "sam_/ori_av": 1.6771683790210665}, "DDC": 0.005965177756943785, "LCC": 0.03503030906796597, "GCC": 0.20341864657082048}, "rate-10": {"ANB_G": 0.00030482045484170534, "SP": 91.60635791072482, "ANB": 0.0007616842819374683, "ACC": 0.018970018967252915, "CC": 497.2, "QCS": 0.7007335143212916, "SCS": {"ori-": 18.43806960769627, "sam_": 15.164241260981541, "ori-av": 0.01619196892020151, "sam_av": 0.026637258657248187, "sam_/ori_av": 1.6451129589160391}, "DDC": 3.2374491429898455e-06, "LCC": 0.09194336900812179, "GCC": 0.20090767994639722}, "rate-15": {"ANB_G": 0.00035231468160859254, "SP": 111.3888403227432, "ANB": 0.000963428214016024, "ACC": 0.04362136987592145, "CC": 534.4, "QCS": 0.8032822000006652, "SCS": {"ori-": 24.626164714995724, "sam_": 20.114806311740214, "ori-av": 0.01898915837339011, "sam_av": 0.031014010915187507, "sam_/ori_av": 1.6338428871127708}, "DDC": 0.041531359786059416, "LCC": 0.13365292272760745, "GCC": 0.18069696581275513}, "rate-20": {"ANB_G": 0.00039073814795714866, "SP": 124.81415364065728, "ANB": 0.0008731077701294554, "ACC": 0.06724588682105022, "CC": 555.8, "QCS": 0.7357838414003754, "SCS": {"ori-": 30.537395789984874, "sam_": 24.412867841027285, "ori-av": 0.021965118773981326, "sam_av": 0.03511346162240035, "sam_/ori_av": 1.5991332573473829}, "DDC": 0.38902883237725544, "LCC": 0.17189204910044076, "GCC": 0.17318723809813485}, "rate-25": {"ANB_G": 0.00037898151764903694, "SP": 124.59562932687398, "ANB": 0.0009342273958200363, "ACC": 0.08452528027215715, "CC": 568.6, "QCS": 0.7820491777189634, "SCS": {"ori-": 36.38645790560378, "sam_": 28.71668809636467, "ori-av": 0.024666732712947715, "sam_av": 0.03892957259632558, "sam_/ori_av": 1.578693781881463}, "DDC": 0.5658064205958397, "LCC": 0.19659458188282258, "GCC": 0.18014662765124867}, "rate-30": {"ANB_G": 0.00037602060188336175, "SP": 135.70369468265284, "ANB": 0.0008631447746465364, "ACC": 0.09734446561984117, "CC": 583.2, "QCS": 0.7804413472879652, "SCS": {"ori-": 39.919370043738574, "sam_": 31.082964248223004, "ori-av": 0.02635144571748512, "sam_av": 0.04103078225042473, "sam_/ori_av": 1.5574142750940019}, "DDC": 0.5048381677157063, "LCC": 0.2134163934888075, "GCC": 0.17608566295191758}, "rate-35": {"ANB_G": 0.00037231037105473467, "SP": 133.89829979670384, "ANB": 0.0008171038477793021, "ACC": 0.11214438373220474, "CC": 554.0, "QCS": 0.7668930695436671, "SCS": {"ori-": 44.841650567185084, "sam_": 34.38028538336901, "ori-av": 0.02969231427629551, "sam_av": 0.04553086498774064, "sam_/ori_av": 1.5335843598417565}, "DDC": 0.4206250332479288, "LCC": 0.22186942612832167, "GCC": 0.1753789684449751}, "rate-40": {"ANB_G": 0.0003759194259983753, "SP": 129.6377492440775, "ANB": 0.0007740221671146419, "ACC": 0.12523241195532023, "CC": 530.4, "QCS": 0.7767754259962382, "SCS": {"ori-": 47.376956293928544, "sam_": 35.81990727905654, "ori-av": 0.03233449291347645, "sam_av": 0.04888746728695092, "sam_/ori_av": 1.512141972005658}, "DDC": 0.5278373899533386, "LCC": 0.24021578035117871, "GCC": 0.1755154975251348}}