{"rate-5": {"ANB_G": 0.001738338974953035, "SP": 232.4761904761905, "ANB": 9.5230510775429e-07, "ACC": 0.002380579681614332, "CC": 222.2, "QCS": 0.2861855205018672, "SCS": {"ori-": 8.273306530092446, "sam_": 6.930483742010341, "ori-av": 0.015107159109120891, "sam_av": 0.02530400296629237, "sam_/ori_av": 1.676171346600853}, "DDC": 0.1409280993608061, "LCC": 0.0, "GCC": 0.0}, "rate-10": {"ANB_G": 0.001338690601842607, "SP": 449.4842968142967, "ANB": 9.290652909703445e-07, "ACC": 0.0013611370468101433, "CC": 412.6, "QCS": 0.21732899467996708, "SCS": {"ori-": 16.00517446558072, "sam_": 13.530327052448394, "ori-av": 0.01526361298664361, "sam_av": 0.025807135571385153, "sam_/ori_av": 1.6907415193585187}, "DDC": 0.0372996034387, "LCC": 0.0006276150627615063, "GCC": 0.003550295857988166}, "rate-15": {"ANB_G": 0.0010748183002542572, "SP": 638.0209096082327, "ANB": 1.916052903134824e-06, "ACC": 0.0011417363177762636, "CC": 555.4, "QCS": 0.250958297438295, "SCS": {"ori-": 24.5369651737089, "sam_": 20.490523770656417, "ori-av": 0.017146644741910258, "sam_av": 0.02864015694854985, "sam_/ori_av": 1.6706394065462622}, "DDC": 0.024741183221843065, "LCC": 0.0008368200836820083, "GCC": 0.003278553736420724}, "rate-20": {"ANB_G": 0.0009499598623174104, "SP": 791.8315317933227, "ANB": 4.191472659168476e-06, "ACC": 0.0011161360736706607, "CC": 650.2, "QCS": 0.22954428855824055, "SCS": {"ori-": 31.148646671312843, "sam_": 26.032297588430396, "ori-av": 0.017676135898995804, "sam_av": 0.029542989127867514, "sam_/ori_av": 1.6715544452600035}, "DDC": 0.013440798002478504, "LCC": 0.0011262203626220362, "GCC": 0.002849985186545583}, "rate-25": {"ANB_G": 0.0008474319543992045, "SP": 894.1399270044379, "ANB": 4.710319107958664e-05, "ACC": 0.001624110360100034, "CC": 719.0, "QCS": 0.27931051178489213, "SCS": {"ori-": 37.446525451513175, "sam_": 31.195609942541118, "ori-av": 0.018872988996234134, "sam_av": 0.03144393832921633, "sam_/ori_av": 1.6661501894367086}, "DDC": 0.0020573605289490706, "LCC": 0.0019562993956299393, "GCC": 0.0057244503481271155}, "rate-30": {"ANB_G": 0.0007833090852241832, "SP": 916.3519961692791, "ANB": 0.0002511247558234764, "ACC": 0.004199276647595096, "CC": 734.0, "QCS": 0.31521459037890026, "SCS": {"ori-": 43.949748579279714, "sam_": 36.237345382117915, "ori-av": 0.020546759250824505, "sam_av": 0.033878936448827224, "sam_/ori_av": 1.6490889687475305}, "DDC": 0.0022616000513915545, "LCC": 0.0028229658355071988, "GCC": 0.006571033001686435}, "rate-35": {"ANB_G": 0.000723406677075062, "SP": 862.2849097658069, "ANB": 0.0006464076096296859, "ACC": 0.015185887422043293, "CC": 721.4, "QCS": 0.4591137946017264, "SCS": {"ori-": 49.882889452369334, "sam_": 40.67152541038449, "ori-av": 0.02279236597108395, "sam_av": 0.037165131754263524, "sam_/ori_av": 1.630743491123941}, "DDC": 0.013098981325341352, "LCC": 0.004765405042377385, "GCC": 0.007378692275670515}, "rate-40": {"ANB_G": 0.0006733335753724287, "SP": 813.2489609224606, "ANB": 0.0007724162872860992, "ACC": 0.024950605830001298, "CC": 676.8, "QCS": 0.5065128273317523, "SCS": {"ori-": 54.72100383677491, "sam_": 44.104183627973526, "ori-av": 0.025670254771399455, "sam_av": 0.041379453332814134, "sam_/ori_av": 1.6120768349704928}, "DDC": 0.016027502981081975, "LCC": 0.005117526513609432, "GCC": 0.008361471509993288}}