{"rate-5": {"ANB_G": 0.001673443521742098, "SP": 16.97647430330781, "ANB": 0.03356402164560464, "ACC": 0.0619627699664698, "CC": 1.0, "QCS": 0.8133468716202016, "SCS": {"ori-": 6.52130238105283, "sam_": 5.250070470449782, "ori-av": 0.036017642445732946, "sam_av": 0.058002576367440814, "sam_/ori_av": 1.6105356303823797}, "DDC": 0.035310473760308804, "LCC": 0.025547827346990525, "GCC": 0.03055321580844279}, "rate-10": {"ANB_G": 0.0013014072752752797, "SP": 13.189572608381345, "ANB": 0.012777329778177504, "ACC": 0.07935509477475199, "CC": 1.0, "QCS": 0.7473333682248955, "SCS": {"ori-": 11.26229353216724, "sam_": 8.952783417261392, "ori-av": 0.04033450685862035, "sam_av": 0.0641146940957936, "sam_/ori_av": 1.5900460765941657}, "DDC": 0.03747753700441758, "LCC": 0.030950169027458306, "GCC": 0.032492248523376614}, "rate-15": {"ANB_G": 0.0010950762629472939, "SP": 10.843661803221726, "ANB": 0.006874065505043108, "ACC": 0.09542821190095782, "CC": 1.0, "QCS": 0.7275444914506054, "SCS": {"ori-": 16.332467572134497, "sam_": 12.83812692460366, "ori-av": 0.04601675804425764, "sam_av": 0.07233251276733257, "sam_/ori_av": 1.572219162993256}, "DDC": 0.006671394289469656, "LCC": 0.04400556342098111, "GCC": 0.03586657401992016}, "rate-20": {"ANB_G": 0.0009368235419793064, "SP": 9.1979675037057, "ANB": 0.004292129583091987, "ACC": 0.11208675287430911, "CC": 1.0, "QCS": 0.7391537728906556, "SCS": {"ori-": 20.87360642569381, "sam_": 16.090785037241645, "ori-av": 0.05053964617438904, "sam_av": 0.07792272713039228, "sam_/ori_av": 1.5418236085207986}, "DDC": 0.008023019647770302, "LCC": 0.04178339544515338, "GCC": 0.0328423172765314}, "rate-25": {"ANB_G": 0.0008361345573419356, "SP": 8.585425949829325, "ANB": 0.003176476528404238, "ACC": 0.12026509720271861, "CC": 1.0, "QCS": 0.6678622044077083, "SCS": {"ori-": 24.06433807988074, "sam_": 18.12360126928218, "ori-av": 0.057369979636567994, "sam_av": 0.08638742189750628, "sam_/ori_av": 1.5061387042146777}, "DDC": 0.0017548960679533599, "LCC": 0.04632444316294458, "GCC": 0.03427264911594443}, "rate-30": {"ANB_G": 0.0007655901788671086, "SP": 7.774113304913946, "ANB": 0.0023636124580997705, "ACC": 0.13287473775640102, "CC": 1.0, "QCS": 0.7677079494679118, "SCS": {"ori-": 27.56938755377425, "sam_": 20.6020739288901, "ori-av": 0.05906261115568906, "sam_av": 0.08826171471192959, "sam_/ori_av": 1.4945207163530543}, "DDC": 0.016428873747378402, "LCC": 0.05216373863328712, "GCC": 0.03436828348588018}, "rate-35": {"ANB_G": 0.0007059775164441743, "SP": 7.417238765175155, "ANB": 0.0019184570299477302, "ACC": 0.13886047504898985, "CC": 1.0, "QCS": 0.759933901138543, "SCS": {"ori-": 30.141384528765123, "sam_": 22.155344184078636, "ori-av": 0.06540564800090792, "sam_av": 0.09613746463700998, "sam_/ori_av": 1.4701419697171563}, "DDC": 0.004592596449738928, "LCC": 0.05797820088731169, "GCC": 0.03758295499607404}, "rate-40": {"ANB_G": 0.0006561859535761125, "SP": 6.928698772116936, "ANB": 0.0015507974815895755, "ACC": 0.14917102473994054, "CC": 1.0, "QCS": 0.7939964555764467, "SCS": {"ori-": 32.55816625954187, "sam_": 23.725037112888355, "ori-av": 0.06627930989783118, "sam_av": 0.09654184267115981, "sam_/ori_av": 1.4567184508235116}, "DDC": 0.028919150338134948, "LCC": 0.06530438372047606, "GCC": 0.03599415514413158}}