{"rate-5": {"ANB_G": 0.0018536030882905417, "SP": 34.89856450514678, "ANB": 0.004459478960467502, "ACC": 0.1967674915522409, "CC": 30.2, "QCS": 0.6810150498435521, "SCS": {"ori-": 5.895977185413683, "sam_": 4.693867958098881, "ori-av": 0.03628154536893603, "sam_av": 0.05777307158575373, "sam_/ori_av": 1.5925049198951453}, "DDC": 0.007599849411817639, "LCC": 0.31122086589475423, "GCC": 0.2548836005747681}, "rate-10": {"ANB_G": 0.0013089250306269479, "SP": 42.56216579755952, "ANB": 0.0024252671232087445, "ACC": 0.22517959389767034, "CC": 37.2, "QCS": 0.7293255926196414, "SCS": {"ori-": 10.114430550910111, "sam_": 7.795968265816178, "ori-av": 0.04497401347507213, "sam_av": 0.06931537306150079, "sam_/ori_av": 1.541469087860744}, "DDC": 0.0023164533049950366, "LCC": 0.3287165306882741, "GCC": 0.23300850221882324}, "rate-15": {"ANB_G": 0.0011024864946086476, "SP": 50.80007142542506, "ANB": 0.0016727239858426509, "ACC": 0.23554556855531988, "CC": 45.0, "QCS": 0.7062767211606149, "SCS": {"ori-": 14.568925306384974, "sam_": 10.901953992977795, "ori-av": 0.05426127268240187, "sam_av": 0.08116001627541986, "sam_/ori_av": 1.4965464706072595}, "DDC": 0.010517451010892543, "LCC": 0.3246433267964393, "GCC": 0.23107211193031452}, "rate-20": {"ANB_G": 0.0009603555396462382, "SP": 52.11747167685057, "ANB": 0.001295019625821367, "ACC": 0.24264746131703077, "CC": 44.4, "QCS": 0.7285955072875023, "SCS": {"ori-": 18.10538415847334, "sam_": 13.25347144205385, "ori-av": 0.06182517311384707, "sam_av": 0.09048825716508761, "sam_/ori_av": 1.4641860719086006}, "DDC": 0.0015897505934854284, "LCC": 0.328264965746016, "GCC": 0.22751519560307285}, "rate-25": {"ANB_G": 0.0008551850141380053, "SP": 44.828790414755645, "ANB": 0.0011166022818014025, "ACC": 0.24553763172237275, "CC": 39.0, "QCS": 0.7622568484704785, "SCS": {"ori-": 20.742030906820787, "sam_": 14.854355896101207, "ori-av": 0.07010310156344639, "sam_av": 0.10040848100431184, "sam_/ori_av": 1.4324535710311221}, "DDC": 0.005663773341104061, "LCC": 0.3403445317370802, "GCC": 0.22966030981250313}, "rate-30": {"ANB_G": 0.0007753775393429104, "SP": 51.98760847268593, "ANB": 0.000918316213255381, "ACC": 0.24936426712996726, "CC": 46.2, "QCS": 0.7548729987529592, "SCS": {"ori-": 23.57206720179525, "sam_": 16.720460831209543, "ori-av": 0.0698102844951063, "sam_av": 0.0989949251914833, "sam_/ori_av": 1.4186499747653296}, "DDC": 0.021458392814914795, "LCC": 0.3370159698219662, "GCC": 0.22412309514626383}, "rate-35": {"ANB_G": 0.0007227583590027215, "SP": 49.84416832208477, "ANB": 0.000808614400935045, "ACC": 0.24965284012690594, "CC": 43.6, "QCS": 0.7404271063620029, "SCS": {"ori-": 26.533506841342795, "sam_": 18.55782400711444, "ori-av": 0.07463727005459087, "sam_av": 0.10440043269368662, "sam_/ori_av": 1.3988345036835401}, "DDC": 0.07119298224628656, "LCC": 0.3368796084625956, "GCC": 0.21544921767160066}, "rate-40": {"ANB_G": 0.000676924315223339, "SP": 44.93187706705655, "ANB": 0.0007304965082489444, "ACC": 0.2504655855901804, "CC": 39.6, "QCS": 0.8110538291742196, "SCS": {"ori-": 28.179036974102463, "sam_": 19.35068218918841, "ori-av": 0.0795811470200433, "sam_av": 0.10928661780930848, "sam_/ori_av": 1.3734560428710174}, "DDC": 0.14300220753459872, "LCC": 0.3413846830065131, "GCC": 0.2117048703632169}}