{"rate-5": {"ANB_G": 0.0016620430766838188, "SP": 4.157750234642948, "ANB": 0.006633929064375934, "ACC": 0.2482701518481094, "CC": 1, "QCS": 0.7073374707159411, "SCS": {"ori-": 4.687277171282428, "sam_": 3.572080029541628, "ori-av": 0.05859096464103035, "sam_av": 0.0893020007385407, "sam_/ori_av": 1.5241599329464508}, "DDC": 1.5279570112602947e-05, "LCC": 0.41485031666751765, "GCC": 0.32724062727178316}, "rate-10": {"ANB_G": 0.0013467622790257457, "SP": 3.841825669784661, "ANB": 0.002978852903338217, "ACC": 0.2690163116642935, "CC": 1, "QCS": 0.7770579274697321, "SCS": {"ori-": 8.758483002479446, "sam_": 6.548940853427139, "ori-av": 0.06440061031234887, "sam_av": 0.09630795372686969, "sam_/ori_av": 1.4954509477436204}, "DDC": 0.0017592947235143264, "LCC": 0.37716460070025887, "GCC": 0.2394695521572911}, "rate-15": {"ANB_G": 0.0010879949780406907, "SP": 3.8605747566087665, "ANB": 0.0019976080702575182, "ACC": 0.26862427363688307, "CC": 1, "QCS": 0.7955282695640141, "SCS": {"ori-": 11.895029481390196, "sam_": 8.673915601112029, "ori-av": 0.07625018898327049, "sam_av": 0.11120404616810294, "sam_/ori_av": 1.4584101056130028}, "DDC": 9.889572109278433e-05, "LCC": 0.3607497989001168, "GCC": 0.2403538393014367}, "rate-20": {"ANB_G": 0.0009372721674476994, "SP": 4.026010500756466, "ANB": 0.0015842986914955367, "ACC": 0.2567941909926864, "CC": 1, "QCS": 0.8081002297415143, "SCS": {"ori-": 17.010847199627857, "sam_": 12.255136816223331, "ori-av": 0.08505423599813929, "sam_av": 0.1225513681622333, "sam_/ori_av": 1.4408614306395549}, "DDC": 9.68490380089948e-05, "LCC": 0.3715779302683664, "GCC": 0.2447466967768}, "rate-25": {"ANB_G": 0.0008403190370141167, "SP": 3.7035817931208417, "ANB": 0.0011321531796988445, "ACC": 0.27714082110989413, "CC": 1, "QCS": 0.783213994836877, "SCS": {"ori-": 18.803406462207658, "sam_": 13.109173559607061, "ori-av": 0.08547002937367117, "sam_av": 0.11917430508733692, "sam_/ori_av": 1.3943402846664783}, "DDC": 0.013516864467412848, "LCC": 0.36247334025241973, "GCC": 0.24024405256516787}, "rate-30": {"ANB_G": 0.000764431630920643, "SP": 3.792905758258138, "ANB": 0.000974496077549942, "ACC": 0.27044388849246237, "CC": 1, "QCS": 0.8448350172569902, "SCS": {"ori-": 18.830703174234884, "sam_": 12.674106641866834, "ori-av": 0.09706548027956126, "sam_av": 0.130660893215122, "sam_/ori_av": 1.3461108196116844}, "DDC": 0.06108155757320277, "LCC": 0.3720562323888947, "GCC": 0.2298491644621057}, "rate-35": {"ANB_G": 0.0007009840456202952, "SP": 3.7389150984252075, "ANB": 0.0008188086990807798, "ACC": 0.27394046660094024, "CC": 1, "QCS": 0.844603820196939, "SCS": {"ori-": 23.512588554895107, "sam_": 15.843596163243822, "ori-av": 0.09636306784793076, "sam_av": 0.12986554232167066, "sam_/ori_av": 1.3476692390762164}, "DDC": 0.38493778468714157, "LCC": 0.3594895840581114, "GCC": 0.2180788552736772}, "rate-40": {"ANB_G": 0.0006435804154507501, "SP": 3.693340033363415, "ANB": 0.0007045095562028279, "ACC": 0.27694173443310005, "CC": 1, "QCS": 0.7777979354554383, "SCS": {"ori-": 25.779127198376973, "sam_": 17.288626010077618, "ori-av": 0.09013680838593346, "sam_av": 0.12089948258795537, "sam_/ori_av": 1.3412887005085334}, "DDC": 0.2736419425611083, "LCC": 0.3505007832363502, "GCC": 0.20667008905160228}}