{"rate-5": {"ANB_G": 0.0019360808765836333, "SP": 4.022674841890126, "ANB": 0.006350157230861602, "ACC": 0.25779155803385256, "CC": 1, "QCS": 0.6824159271479574, "SCS": {"ori-": 4.832288782079246, "sam_": 3.6563586227792286, "ori-av": 0.05893035100096641, "sam_av": 0.08917947860437143, "sam_/ori_av": 1.5133030278898043}, "DDC": 0.00016349485591415913, "LCC": 0.4097013225377675, "GCC": 0.32568271998755155}, "rate-10": {"ANB_G": 0.0013280790413762007, "SP": 3.601031786019409, "ANB": 0.0027264484130182453, "ACC": 0.28287487144998075, "CC": 1, "QCS": 0.7745976707380134, "SCS": {"ori-": 8.42245926362792, "sam_": 6.180763542579307, "ori-av": 0.06478814818175323, "sam_av": 0.09508866988583549, "sam_/ori_av": 1.4676861826499314}, "DDC": 0.0001306477162769104, "LCC": 0.39863595719049333, "GCC": 0.28261886933732683}, "rate-15": {"ANB_G": 0.0010680275120842507, "SP": 3.6555528628337233, "ANB": 0.0018544363567274606, "ACC": 0.2797925607227241, "CC": 1, "QCS": 0.7393109637308121, "SCS": {"ori-": 11.522325148774307, "sam_": 8.338027118308803, "ori-av": 0.08230232249124506, "sam_av": 0.11911467311869718, "sam_/ori_av": 1.4472820391109626}, "DDC": 0.04764893762120703, "LCC": 0.3739804648438059, "GCC": 0.26608332407219765}, "rate-20": {"ANB_G": 0.0009300415848042897, "SP": 3.9428501365142132, "ANB": 0.0015407592337770774, "ACC": 0.2625790890215704, "CC": 1, "QCS": 0.7279776312775924, "SCS": {"ori-": 14.854149854779754, "sam_": 10.72244866883146, "ori-av": 0.0700667445980177, "sam_av": 0.1011551761210515, "sam_/ori_av": 1.4436973874181296}, "DDC": 0.014015527245362702, "LCC": 0.36525869191239957, "GCC": 0.22638800491407765}, "rate-25": {"ANB_G": 0.000841112973151806, "SP": 4.092928712666668, "ANB": 0.0012951962783361278, "ACC": 0.2535747769551478, "CC": 1, "QCS": 0.8325601450714653, "SCS": {"ori-": 21.335555122152446, "sam_": 14.808959367123736, "ori-av": 0.09877571815811317, "sam_av": 0.1371199941400346, "sam_/ori_av": 1.3881953651862355}, "DDC": 0.0015104197688069476, "LCC": 0.37001217419806454, "GCC": 0.24343282558407792}, "rate-30": {"ANB_G": 0.0007482019188991142, "SP": 3.7393360410072, "ANB": 0.0009558046200304244, "ACC": 0.2748984627884564, "CC": 1, "QCS": 0.8329073130089653, "SCS": {"ori-": 20.93422915814972, "sam_": 14.356919386169594, "ori-av": 0.0844122143473779, "sam_av": 0.11578160795298059, "sam_/ori_av": 1.3716214987147428}, "DDC": 0.20606685647670697, "LCC": 0.35578527103830304, "GCC": 0.2214080635860797}, "rate-35": {"ANB_G": 0.0006860369678890477, "SP": 3.8725425397234163, "ANB": 0.0008587571120249351, "ACC": 0.26566439575389866, "CC": 1, "QCS": 0.7856386776622454, "SCS": {"ori-": 22.076935322358946, "sam_": 14.566032775231909, "ori-av": 0.1051282634398045, "sam_av": 0.13872412166887532, "sam_/ori_av": 1.3195701815079206}, "DDC": 0.016301930194245418, "LCC": 0.3611614306378811, "GCC": 0.2211306008893257}, "rate-40": {"ANB_G": 0.0006634139562663644, "SP": 3.877775590012853, "ANB": 0.0007527532278349085, "ACC": 0.2651552916321587, "CC": 1, "QCS": 0.7833650075804517, "SCS": {"ori-": 25.296260134020386, "sam_": 16.97139683192679, "ori-av": 0.09438903035082234, "sam_av": 0.12665221516363276, "sam_/ori_av": 1.3418107453047836}, "DDC": 0.23930589084851184, "LCC": 0.3495733800579771, "GCC": 0.21048716665553074}}