{"rate-5": {"ANB_G": 0.0018647234768472418, "SP": 3.7665938615650467, "ANB": 0.005812171978077827, "ACC": 0.2724269994769268, "CC": 1, "QCS": 0.7482823112594159, "SCS": {"ori-": 4.946480886450721, "sam_": 3.889143167966267, "ori-av": 0.04946480886450721, "sam_av": 0.07778286335932534, "sam_/ori_av": 1.5724889096890327}, "DDC": 0.012431192775590794, "LCC": 0.369655871797449, "GCC": 0.27728890326755096}, "rate-10": {"ANB_G": 0.0013295262775502063, "SP": 3.8855549957282745, "ANB": 0.003024690771203636, "ACC": 0.2656749610660125, "CC": 1, "QCS": 0.7810863676610238, "SCS": {"ori-": 8.711419427153498, "sam_": 6.494866608518254, "ori-av": 0.06312622773299637, "sam_av": 0.09412850157272831, "sam_/ori_av": 1.4911155783117849}, "DDC": 2.12676699695713e-07, "LCC": 0.3901158002290572, "GCC": 0.26882485937585565}, "rate-15": {"ANB_G": 0.0010585580424052402, "SP": 3.805368768254951, "ANB": 0.001959056402412672, "ACC": 0.2708037256716148, "CC": 1, "QCS": 0.7760420210578579, "SCS": {"ori-": 12.696299716770922, "sam_": 9.174924254217784, "ori-av": 0.08464199811180614, "sam_av": 0.12233232338957045, "sam_/ori_av": 1.445291062576028}, "DDC": 0.0036324618108624085, "LCC": 0.37222723584187856, "GCC": 0.24985927161110108}, "rate-20": {"ANB_G": 0.0008807629386024981, "SP": 3.971891975328915, "ANB": 0.0015559643849889632, "ACC": 0.2602333352344584, "CC": 1, "QCS": 0.7149940842470199, "SCS": {"ori-": 15.77790256241926, "sam_": 11.165525936671019, "ori-av": 0.09391608668106703, "sam_av": 0.13292292781751214, "sam_/ori_av": 1.415337164429666}, "DDC": 1.536018392478411e-06, "LCC": 0.37746920327372857, "GCC": 0.25794766390066165}, "rate-25": {"ANB_G": 0.0008433639011625828, "SP": 3.6211289189818747, "ANB": 0.0010976251754530463, "ACC": 0.2822583245238703, "CC": 1, "QCS": 0.8772388843738995, "SCS": {"ori-": 17.49999708727932, "sam_": 12.284835981332094, "ori-av": 0.09408600584558774, "sam_av": 0.132095010551958, "sam_/ori_av": 1.4039814886897202}, "DDC": 0.13357988559861667, "LCC": 0.3584125309001047, "GCC": 0.21603843169298517}, "rate-30": {"ANB_G": 0.0007861973590387148, "SP": 3.8121905159417584, "ANB": 0.0009812248834409486, "ACC": 0.26910726235631005, "CC": 1, "QCS": 0.864901179141355, "SCS": {"ori-": 20.641234739864753, "sam_": 14.056674644935196, "ori-av": 0.08323078524139013, "sam_av": 0.11336027939463868, "sam_/ori_av": 1.3619993980095881}, "DDC": 0.00019604994855315638, "LCC": 0.3610799481444705, "GCC": 0.22964394378026862}, "rate-35": {"ANB_G": 0.0007123439297428158, "SP": 3.7645822480489883, "ANB": 0.0008264819874585921, "ACC": 0.2726008733390545, "CC": 1, "QCS": 0.7787585077451055, "SCS": {"ori-": 23.021273639259782, "sam_": 15.27034078407657, "ori-av": 0.09754776965788044, "sam_av": 0.12940966766166584, "sam_/ori_av": 1.3266286673240348}, "DDC": 0.040967868688778, "LCC": 0.3528523816819028, "GCC": 0.21171829930876984}, "rate-40": {"ANB_G": 0.0006591251165911138, "SP": 3.8311198621708096, "ANB": 0.0007405492707744708, "ACC": 0.2683402900394645, "CC": 1, "QCS": 0.7614280063681249, "SCS": {"ori-": 23.1438017150016, "sam_": 15.368376080827312, "ori-av": 0.0890146219807754, "sam_av": 0.11821827754482549, "sam_/ori_av": 1.3280770609839498}, "DDC": 0.34444313016955175, "LCC": 0.35831781388746037, "GCC": 0.2128648791441025}}