{"rate-5": {"ANB_G": 0.0019389643463632172, "SP": 4.215520644193574, "ANB": 0.006755295470994899, "ACC": 0.24966160900552725, "CC": 1, "QCS": 0.6425404313141571, "SCS": {"ori-": 4.904278934516168, "sam_": 3.8200156786242405, "ori-av": 0.04715652821650162, "sam_av": 0.07346183997354308, "sam_/ori_av": 1.5578296951011836}, "DDC": 0.04878529086420913, "LCC": 0.38711033998560124, "GCC": 0.28072180942271574}, "rate-10": {"ANB_G": 0.0012851643040204446, "SP": 4.229494622007054, "ANB": 0.003385214488476996, "ACC": 0.24483838322339901, "CC": 1, "QCS": 0.8184693439788323, "SCS": {"ori-": 8.86674944237846, "sam_": 6.632830712198837, "ori-av": 0.07267827411785623, "sam_av": 0.10873492970817765, "sam_/ori_av": 1.4961132611907018}, "DDC": 3.7720801204788046e-07, "LCC": 0.40146355486546825, "GCC": 0.31419866054045636}, "rate-15": {"ANB_G": 0.0010922153730305848, "SP": 3.940615750865483, "ANB": 0.002053502619319469, "ACC": 0.2618891333856783, "CC": 1, "QCS": 0.7151241329190666, "SCS": {"ori-": 12.145485797624973, "sam_": 8.922241320678243, "ori-av": 0.07497213455324057, "sam_av": 0.11015112741578077, "sam_/ori_av": 1.4692275746471946}, "DDC": 0.016146140823426025, "LCC": 0.35143998894386574, "GCC": 0.24147712486337375}, "rate-20": {"ANB_G": 0.0009497900286518071, "SP": 3.62015987598773, "ANB": 0.001371811453396719, "ACC": 0.28241756402933166, "CC": 1, "QCS": 0.7473803972635584, "SCS": {"ori-": 15.80637971146992, "sam_": 11.325210050654617, "ori-av": 0.08781322061927734, "sam_av": 0.12583566722949574, "sam_/ori_av": 1.4329922800015316}, "DDC": 0.025759540512410584, "LCC": 0.35055468299498527, "GCC": 0.2111146531547025}, "rate-25": {"ANB_G": 0.0008380309848293273, "SP": 3.7577186932436146, "ANB": 0.0011548235733850967, "ACC": 0.2727776805817891, "CC": 1, "QCS": 0.881592440262736, "SCS": {"ori-": 18.42664783279909, "sam_": 12.74638718004828, "ori-av": 0.08570533875720507, "sam_av": 0.11802210351896557, "sam_/ori_av": 1.3770682810473542}, "DDC": 0.008326426352391114, "LCC": 0.36648937429542183, "GCC": 0.24061956855127287}, "rate-30": {"ANB_G": 0.0007716999199118373, "SP": 3.859311873339628, "ANB": 0.000997666389860304, "ACC": 0.2671766833849118, "CC": 1, "QCS": 0.7057441062946169, "SCS": {"ori-": 19.291565732013066, "sam_": 13.138750859382691, "ori-av": 0.0901475034206218, "sam_av": 0.12279206410638029, "sam_/ori_av": 1.3621238464413294}, "DDC": 0.05396234287311863, "LCC": 0.36317121921103857, "GCC": 0.22806375976079335}, "rate-35": {"ANB_G": 0.0006886499225119983, "SP": 3.6218174343529843, "ANB": 0.0007838019235733885, "ACC": 0.28234935853660087, "CC": 1, "QCS": 0.7594179103871893, "SCS": {"ori-": 22.75961790245675, "sam_": 15.724750829918522, "ori-av": 0.091038471609827, "sam_av": 0.12579800663934818, "sam_/ori_av": 1.3818114958969623}, "DDC": 0.2553162675897418, "LCC": 0.35794865789999997, "GCC": 0.2135352109569705}, "rate-40": {"ANB_G": 0.0006658279080424955, "SP": 3.8405268411409192, "ANB": 0.0007430098982843102, "ACC": 0.2674101471589129, "CC": 1, "QCS": 0.8078230458208921, "SCS": {"ori-": 24.34912077499295, "sam_": 16.655299291439857, "ori-av": 0.08951882637865055, "sam_av": 0.12246543596646953, "sam_/ori_av": 1.3680411252093498}, "DDC": 0.039967596863007326, "LCC": 0.34879016427153786, "GCC": 0.21210906016404066}}