{"rate-5": {"ANB_G": 0.0018467075066159742, "SP": 3.81524170416568, "ANB": 0.005914373328079157, "ACC": 0.2701285721287723, "CC": 1, "QCS": 0.818449487926734, "SCS": {"ori-": 5.052275722524358, "sam_": 3.9666124510851146, "ori-av": 0.0495321149267094, "sam_av": 0.07777671472715911, "sam_/ori_av": 1.5702280195836997}, "DDC": 9.070866196392302e-06, "LCC": 0.37426729835075834, "GCC": 0.24488962960443522}, "rate-10": {"ANB_G": 0.0013025651616881085, "SP": 3.8557777826458413, "ANB": 0.002993477759586833, "ACC": 0.26752319977316596, "CC": 1, "QCS": 0.714615913530367, "SCS": {"ori-": 8.60800527457275, "sam_": 6.449465027516753, "ori-av": 0.06237684981574457, "sam_av": 0.09347050764517034, "sam_/ori_av": 1.498480733177029}, "DDC": 6.263415628660063e-05, "LCC": 0.3740274910316876, "GCC": 0.28243263457059214}, "rate-15": {"ANB_G": 0.0010637415054079978, "SP": 3.7131326639161975, "ANB": 0.001894645715025277, "ACC": 0.2783792664909234, "CC": 1, "QCS": 0.6944741883523486, "SCS": {"ori-": 11.631500241956703, "sam_": 8.309217343002372, "ori-av": 0.08077430723581043, "sam_av": 0.1154057964305885, "sam_/ori_av": 1.4287438714104448}, "DDC": 7.958596219581615e-05, "LCC": 0.37053301677152195, "GCC": 0.26495594822499396}, "rate-20": {"ANB_G": 0.0009409841516717494, "SP": 4.032984548824357, "ANB": 0.001587950025562488, "ACC": 0.25642730251810053, "CC": 1, "QCS": 0.7474469150471349, "SCS": {"ori-": 16.44204151590614, "sam_": 11.54827697579325, "ori-av": 0.09134467508836745, "sam_av": 0.128314188619925, "sam_/ori_av": 1.404725436877333}, "DDC": 0.0001296018864759274, "LCC": 0.37347842756596067, "GCC": 0.25031783347656555}, "rate-25": {"ANB_G": 0.0008487804113342695, "SP": 3.878298197281473, "ANB": 0.0012053175030491943, "ACC": 0.2660185553468807, "CC": 1, "QCS": 0.7783536888549858, "SCS": {"ori-": 18.778170725413865, "sam_": 13.28999780435167, "ori-av": 0.08857627700666917, "sam_av": 0.12537733777690255, "sam_/ori_av": 1.4154731042428268}, "DDC": 0.00031720984648819783, "LCC": 0.3618950307345357, "GCC": 0.22880976884963283}, "rate-30": {"ANB_G": 0.00078211060214336, "SP": 3.8328196244574073, "ANB": 0.0009884227580102597, "ACC": 0.2682269208781349, "CC": 1, "QCS": 0.8436342541631345, "SCS": {"ori-": 20.888418562960066, "sam_": 14.514461642312781, "ori-av": 0.09494735710436393, "sam_av": 0.13194965129375255, "sam_/ori_av": 1.3897137879121433}, "DDC": 0.25661570365096287, "LCC": 0.3551888463303834, "GCC": 0.2135439036397503}, "rate-35": {"ANB_G": 0.0007066867438853997, "SP": 3.7814508036476626, "ANB": 0.0008315249039305434, "ACC": 0.2708913997532175, "CC": 1, "QCS": 0.6864697979537938, "SCS": {"ori-": 22.43800776807669, "sam_": 15.338029382636087, "ori-av": 0.09427734356334744, "sam_av": 0.1288910032154293, "sam_/ori_av": 1.3671471675357931}, "DDC": 0.05036246721971005, "LCC": 0.3531716737102705, "GCC": 0.21419190370677094}, "rate-40": {"ANB_G": 0.0006609797873244833, "SP": 3.7844227035305056, "ANB": 0.000728334476466259, "ACC": 0.2709502351694925, "CC": 1, "QCS": 0.7147493965341282, "SCS": {"ori-": 25.604563705072845, "sam_": 17.000270692370822, "ori-av": 0.10408359229704409, "sam_av": 0.13821358286480342, "sam_/ori_av": 1.32790942178817}, "DDC": 0.47106150947794034, "LCC": 0.35718325878471047, "GCC": 0.2100928258903094}}