{"rate-5": {"ANB_G": 0.0017586621606119777, "SP": 3.8188644158487057, "ANB": 0.005921984066909048, "ACC": 0.26905259933724923, "CC": 1, "QCS": 0.7437768425338627, "SCS": {"ori-": 5.19650227930445, "sam_": 4.086612491792057, "ori-av": 0.04330418566087042, "sam_av": 0.0681102081965343, "sam_/ori_av": 1.572831982800188}, "DDC": 0.017892160830192294, "LCC": 0.3431329934119312, "GCC": 0.2334789057350033}, "rate-10": {"ANB_G": 0.0012250562290473976, "SP": 3.6694122543757803, "ANB": 0.002798126052804801, "ACC": 0.2790393695971027, "CC": 1, "QCS": 0.7261678747274642, "SCS": {"ori-": 8.554635836193617, "sam_": 6.442764627510772, "ori-av": 0.06024391433939167, "sam_av": 0.09074316376775735, "sam_/ori_av": 1.5062627447569943}, "DDC": 0.0005084807357765841, "LCC": 0.3710487462657025, "GCC": 0.2381598484460601}, "rate-15": {"ANB_G": 0.001038884385424176, "SP": 3.6498144455118005, "ANB": 0.0018504290820613141, "ACC": 0.28120075047017634, "CC": 1, "QCS": 0.7340139516959218, "SCS": {"ori-": 11.320260119237505, "sam_": 8.130301801332216, "ori-av": 0.07350818259245133, "sam_av": 0.10558833508223657, "sam_/ori_av": 1.436416074488551}, "DDC": 4.053702639295054e-05, "LCC": 0.3679228187333518, "GCC": 0.23164844768843157}, "rate-20": {"ANB_G": 0.0009286139276945422, "SP": 3.5931712240737945, "ANB": 0.0013576812691485814, "ACC": 0.2844885389375476, "CC": 1, "QCS": 0.7560812722545563, "SCS": {"ori-": 14.118251085708858, "sam_": 9.935603647876933, "ori-av": 0.0784347282539381, "sam_av": 0.11039559608752147, "sam_/ori_av": 1.4074836305941898}, "DDC": 0.001979023571001659, "LCC": 0.3619902027100718, "GCC": 0.2406680033119607}, "rate-25": {"ANB_G": 0.0008445987783538779, "SP": 3.8551113804378856, "ANB": 0.0011956077807528827, "ACC": 0.26765904536674007, "CC": 1, "QCS": 0.8009212979854121, "SCS": {"ori-": 18.673224973426848, "sam_": 13.013552679098119, "ori-av": 0.09244170778924182, "sam_av": 0.12884705622869425, "sam_/ori_av": 1.393819514049363}, "DDC": 3.010591008711927e-06, "LCC": 0.3624446758979011, "GCC": 0.2284746649450109}, "rate-30": {"ANB_G": 0.0007655555238729654, "SP": 3.8608945928735543, "ANB": 0.0009982186297535077, "ACC": 0.2668965327349356, "CC": 1, "QCS": 0.7554330092075346, "SCS": {"ori-": 19.65314438116957, "sam_": 13.421658363758304, "ori-av": 0.09183712327649332, "sam_av": 0.12543605947437667, "sam_/ori_av": 1.3658535350320946}, "DDC": 0.007485834529154856, "LCC": 0.3605823454506913, "GCC": 0.22704052249329917}, "rate-35": {"ANB_G": 0.0006842616899130225, "SP": 3.685634743338326, "ANB": 0.0008028803418051806, "ACC": 0.2775632471206188, "CC": 1, "QCS": 0.7815857495447723, "SCS": {"ori-": 21.035879582102798, "sam_": 14.30641823873624, "ori-av": 0.08875898557849282, "sam_av": 0.12022200200618689, "sam_/ori_av": 1.3544769717976348}, "DDC": 0.011947984926306887, "LCC": 0.3599583625626608, "GCC": 0.2206004252187899}, "rate-40": {"ANB_G": 0.000655674073409457, "SP": 3.7217046790822326, "ANB": 0.0007119290293178724, "ACC": 0.274792639151413, "CC": 1, "QCS": 0.8427017340036982, "SCS": {"ori-": 22.97540357898045, "sam_": 15.192419247694534, "ori-av": 0.10636760916194653, "sam_av": 0.14067054858976422, "sam_/ori_av": 1.3224942226123637}, "DDC": 0.0851960334739108, "LCC": 0.34811573542240715, "GCC": 0.21072662956371252}}