{"rate-5": {"ANB_G": 0.0019235965619738248, "SP": 3.6820083682008367, "ANB": 0.0056344713617664625, "ACC": 0.2781220557510916, "CC": 1, "QCS": 0.7339756137048254, "SCS": {"ori-": 4.624612131527575, "sam_": 3.4965400986582797, "ori-av": 0.05505490632770923, "sam_av": 0.08325095472995904, "sam_/ori_av": 1.512144153591243}, "DDC": 0.0001286473658017595, "LCC": 0.39928027673223976, "GCC": 0.3233738084694805}, "rate-10": {"ANB_G": 0.0013489479763584768, "SP": 4.196841113715525, "ANB": 0.003350986492364282, "ACC": 0.24832328720847727, "CC": 1, "QCS": 0.7165948446187158, "SCS": {"ori-": 9.428592694253458, "sam_": 7.121692364344678, "ori-av": 0.0628572846283564, "sam_av": 0.09495589819126238, "sam_/ori_av": 1.5106586094625147}, "DDC": 0.0005445094870590861, "LCC": 0.3793757158874027, "GCC": 0.2595385573027746}, "rate-15": {"ANB_G": 0.0010690008037387844, "SP": 3.879905903971051, "ANB": 0.002011107474840121, "ACC": 0.26530699137574343, "CC": 1, "QCS": 0.8018142956309253, "SCS": {"ori-": 13.027561212658702, "sam_": 9.527886635964228, "ori-av": 0.07847928441360663, "sam_av": 0.11479381489113527, "sam_/ori_av": 1.462727594280058}, "DDC": 0.002225709050947544, "LCC": 0.3734873139764301, "GCC": 0.24772527513338863}, "rate-20": {"ANB_G": 0.0009223187031128067, "SP": 3.6291088369689684, "ANB": 0.0013764967732821797, "ACC": 0.28246242021234147, "CC": 1, "QCS": 0.875244173889693, "SCS": {"ori-": 16.389587724583173, "sam_": 11.777099194206725, "ori-av": 0.07730937605935459, "sam_av": 0.11110470937930873, "sam_/ori_av": 1.437144044391299}, "DDC": 0.0009769366271561442, "LCC": 0.36701071239481714, "GCC": 0.23679432624113475}, "rate-25": {"ANB_G": 0.0008312056816274175, "SP": 3.813367754229199, "ANB": 0.001178127200263486, "ACC": 0.27062649382651355, "CC": 1, "QCS": 0.7531410954671288, "SCS": {"ori-": 17.86814392226299, "sam_": 12.290853246004263, "ori-av": 0.1116758995141437, "sam_av": 0.1536356655750533, "sam_/ori_av": 1.375728033026458}, "DDC": 0.050526365252245964, "LCC": 0.36430437668676, "GCC": 0.22883068311600296}, "rate-30": {"ANB_G": 0.0007604532085656443, "SP": 3.8428770810438992, "ANB": 0.000991931989198851, "ACC": 0.2687764974743348, "CC": 1, "QCS": 0.7396839277436045, "SCS": {"ori-": 21.046756246258713, "sam_": 14.703449092470635, "ori-av": 0.09071877692352893, "sam_av": 0.12675387148681583, "sam_/ori_av": 1.3972175969001714}, "DDC": 0.007746702736882605, "LCC": 0.3575862724867666, "GCC": 0.22100084841402604}, "rate-35": {"ANB_G": 0.0007125804785493581, "SP": 3.903083490385177, "ANB": 0.0008678874410717981, "ACC": 0.26367309811374173, "CC": 1, "QCS": 0.7500723441825654, "SCS": {"ori-": 22.83326622382233, "sam_": 15.325579567940693, "ori-av": 0.09757806078556552, "sam_av": 0.13098785955504866, "sam_/ori_av": 1.342390476921892}, "DDC": 0.01030392385925838, "LCC": 0.36197363185740566, "GCC": 0.22114388597759765}, "rate-40": {"ANB_G": 0.0006729437041565087, "SP": 3.8913662591954497, "ANB": 0.000756308202771502, "ACC": 0.26386523665021816, "CC": 1, "QCS": 0.8056764127677658, "SCS": {"ori-": 27.041981507285303, "sam_": 18.192537805875244, "ori-av": 0.10090291607196009, "sam_av": 0.13576520750653168, "sam_/ori_av": 1.3455033094356672}, "DDC": 0.018864104388365943, "LCC": 0.356684443965402, "GCC": 0.2131096792822007}}