{"rate-5": {"ANB_G": 0.0018748505974981581, "SP": 4.372911239177917, "ANB": 0.007085947981466212, "ACC": 0.23924445220266546, "CC": 1, "QCS": 0.7686913409155446, "SCS": {"ori-": 5.334119162186932, "sam_": 4.18581338296142, "ori-av": 0.04849199238351756, "sam_av": 0.07610569787202583, "sam_/ori_av": 1.5694487714613716}, "DDC": 0.0004799118470163455, "LCC": 0.3855292725449856, "GCC": 0.2567244781389552}, "rate-10": {"ANB_G": 0.001314425810221669, "SP": 3.4265547985717104, "ANB": 0.0025435584890688766, "ACC": 0.2968792043361674, "CC": 1, "QCS": 0.707613828090198, "SCS": {"ori-": 8.635720753665936, "sam_": 6.410271399669213, "ori-av": 0.06642862118204566, "sam_av": 0.09861955999491097, "sam_/ori_av": 1.4845944148779935}, "DDC": 1.1713081657149793e-05, "LCC": 0.38214862177483144, "GCC": 0.26504666590346276}, "rate-15": {"ANB_G": 0.0010331354742768367, "SP": 4.137463125121051, "ANB": 0.0021909658694979368, "ACC": 0.2510404396394347, "CC": 1, "QCS": 0.7235334900222948, "SCS": {"ori-": 13.281140019914424, "sam_": 9.757463334507651, "ori-av": 0.07218010880388274, "sam_av": 0.10605938407073534, "sam_/ori_av": 1.4693713521394713}, "DDC": 0.00309928161473505, "LCC": 0.3711320010134689, "GCC": 0.24017545514574096}, "rate-20": {"ANB_G": 0.0009231686159600596, "SP": 3.7319592143262197, "ANB": 0.0014303451383906888, "ACC": 0.2751676534496088, "CC": 1, "QCS": 0.7432518838451303, "SCS": {"ori-": 16.00599861149985, "sam_": 11.360076521213628, "ori-av": 0.08513829048670134, "sam_av": 0.12085187788525137, "sam_/ori_av": 1.4194773843166197}, "DDC": 8.061004175718978e-06, "LCC": 0.36230122930686426, "GCC": 0.25218614464892747}, "rate-25": {"ANB_G": 0.0008546211563815408, "SP": 3.7842048019951977, "ANB": 0.0011659149087082077, "ACC": 0.2712437208946878, "CC": 1, "QCS": 0.7881198490037189, "SCS": {"ori-": 16.254524168539362, "sam_": 11.153645926310142, "ori-av": 0.08646023493903916, "sam_av": 0.11865580772670364, "sam_/ori_av": 1.3723743384500948}, "DDC": 0.009025197803664176, "LCC": 0.36128767748525814, "GCC": 0.23194648515825475}, "rate-30": {"ANB_G": 0.0007670344448306762, "SP": 3.8443029150546377, "ANB": 0.000992429488853675, "ACC": 0.26796246688613856, "CC": 1, "QCS": 0.8224177955198835, "SCS": {"ori-": 21.881033889847988, "sam_": 15.068947776220336, "ori-av": 0.09856321572003598, "sam_av": 0.13575628627225528, "sam_/ori_av": 1.3773524461485145}, "DDC": 0.18772373243104645, "LCC": 0.3566140016463502, "GCC": 0.22730735533007057}, "rate-35": {"ANB_G": 0.0007032928516334496, "SP": 3.779621900477022, "ANB": 0.0008309781466299005, "ACC": 0.271716116909058, "CC": 1, "QCS": 0.7993124386952046, "SCS": {"ori-": 23.40928822009734, "sam_": 15.994421284219067, "ori-av": 0.09835835386595522, "sam_av": 0.1344069015480594, "sam_/ori_av": 1.3665021451175554}, "DDC": 0.01871887455021315, "LCC": 0.3494493968088405, "GCC": 0.21857817092733223}, "rate-40": {"ANB_G": 0.0006747780897357765, "SP": 3.897776273689392, "ANB": 0.0007579849002588002, "ACC": 0.263676224696311, "CC": 1, "QCS": 0.8134300267305415, "SCS": {"ori-": 24.24335093603404, "sam_": 15.983808059526442, "ori-av": 0.10822924525015197, "sam_av": 0.14271257196005752, "sam_/ori_av": 1.3186137594344642}, "DDC": 0.07521216420439958, "LCC": 0.34933914454731174, "GCC": 0.2110480014385821}}