{"rate_5": {"GD": 0.014898077138741039, "AD": 7.16597510373444, "ANB_G": 0.002984119712544576, "SP": 3.894980202034144, "ANB": 0.006031208754237795, "ACC": 0.26557936443049096, "CC": 1, "QCS": 0.8662115656030027, "SCS": {"ori-": 6.67308049637946, "sam_": 5.261745143692667, "ori-av": 0.05133138843368815, "sam_av": 0.0809499252875795, "sam_/ori_av": 1.5770063455843144}, "DDC": 0.02247782923481023, "LCC": 0.345687520876212, "GCC": 0.20923326133909287}, "rate_10": {"GD": 0.008352884949600278, "AD": 8.010416666666666, "ANB_G": 0.002023897746888222, "SP": 4.041894768856448, "ANB": 0.003175255499850162, "ACC": 0.25568076786959026, "CC": 1, "QCS": 0.88314979989976, "SCS": {"ori-": 13.893455033158512, "sam_": 10.644081754037042, "ori-av": 0.06258313077999329, "sam_av": 0.09589262841474813, "sam_/ori_av": 1.532244028376466}, "DDC": 0.053028164532379796, "LCC": 0.274040348036471, "GCC": 0.16003051833484336}, "rate_15": {"GD": 0.006254282506961352, "AD": 8.968641114982578, "ANB_G": 0.0015765658214265523, "SP": 3.984221907969229, "ANB": 0.0020824995868591943, "ACC": 0.25864360311149265, "CC": 1, "QCS": 0.8596431667134083, "SCS": {"ori-": 19.260271923373647, "sam_": 14.531558366197512, "ori-av": 0.06781785888511847, "sam_av": 0.10233491807181347, "sam_/ori_av": 1.5089671032694487}, "DDC": 0.7141068120549031, "LCC": 0.23515720546078564, "GCC": 0.13857911385098473}, "rate_20": {"GD": 0.004877440634111026, "AD": 9.325666492420282, "ANB_G": 0.0012783057468946436, "SP": 3.999731522045813, "ANB": 0.0015697182218973327, "ACC": 0.25722066389632814, "CC": 1, "QCS": 0.8226971561734611, "SCS": {"ori-": 24.158136816537517, "sam_": 18.02923476981716, "ori-av": 0.06425036387376999, "sam_av": 0.09590018494583595, "sam_/ori_av": 1.4926014292190943}, "DDC": 0.7750792119540301, "LCC": 0.22192247923389827, "GCC": 0.12317034288861192}, "rate_25": {"GD": 0.0039664082009068175, "AD": 9.479715600167294, "ANB_G": 0.0010539365800721543, "SP": 4.031421876667909, "ANB": 0.0012689082782201364, "ACC": 0.25494829241014605, "CC": 1, "QCS": 0.7388940190522113, "SCS": {"ori-": 27.714199966944612, "sam_": 20.29967152631756, "ori-av": 0.07613791199710059, "sam_av": 0.11153665673800857, "sam_/ori_av": 1.4649292817782553}, "DDC": 0.864998366785127, "LCC": 0.21612363696506323, "GCC": 0.11249073194164518}, "rate_30": {"GD": 0.004361780063225758, "AD": 12.509585221331474, "ANB_G": 0.0011009827893501438, "SP": 4.167037338976303, "ANB": 0.0011046520191755537, "ACC": 0.24865041278783628, "CC": 1, "QCS": 0.8445350534763935, "SCS": {"ori-": 35.807358771018, "sam_": 24.79202580163816, "ori-av": 0.09730260535602718, "sam_av": 0.13473927066107697, "sam_/ori_av": 1.3847447369787294}, "DDC": 0.9853870155788546, "LCC": 0.25879262174057555, "GCC": 0.17018425339628027}, "rate_35": {"GD": 0.0038815765754671083, "AD": 12.991636798088411, "ANB_G": 0.00097295646554117, "SP": 4.215671124732682, "ANB": 0.0009610493498902259, "ACC": 0.2455912319621793, "CC": 1, "QCS": 0.8757324246141999, "SCS": {"ori-": 40.014816116136494, "sam_": 27.468698977153466, "ori-av": 0.1015604469952703, "sam_av": 0.13943502018859627, "sam_/ori_av": 1.372926412928153}, "DDC": 0.9410318302947317, "LCC": 0.2626677656007087, "GCC": 0.1719407607400937}, "rate_40": {"GD": 0.003460601525851672, "AD": 13.236800836382645, "ANB_G": 0.000872425249398951, "SP": 4.325443730375928, "ANB": 0.0008696244064790572, "ACC": 0.23992968478044954, "CC": 1, "QCS": 0.9156708418667043, "SCS": {"ori-": 42.68821010509307, "sam_": 28.986729436838566, "ori-av": 0.10163859548831683, "sam_av": 0.13803204493732651, "sam_/ori_av": 1.3580672211590432}, "DDC": 0.9650263747112587, "LCC": 0.26181847268601754, "GCC": 0.1741221058995181}}