{"rate_5": {"GD": 0.014898077138741039, "AD": 7.16597510373444, "ANB_G": 0.002984119712544576, "SP": 3.894980202034144, "ANB": 0.006031208754237795, "ACC": 0.26557936443049096, "CC": 1, "QCS": 0.8230896645581088, "SCS": {"ori-": 6.752421106997286, "sam_": 5.34002853217351, "ori-av": 0.05039120229102452, "sam_av": 0.0797019183906494, "sam_/ori_av": 1.5816633612023498}, "DDC": 0.02247782923481023, "LCC": 0.345687520876212, "GCC": 0.20923326133909287}, "rate_10": {"GD": 0.008352884949600278, "AD": 8.010416666666666, "ANB_G": 0.002023897746888222, "SP": 4.041894768856448, "ANB": 0.003175255499850162, "ACC": 0.25568076786959026, "CC": 1, "QCS": 0.8018902463334083, "SCS": {"ori-": 13.996697865489391, "sam_": 10.746865753175939, "ori-av": 0.05880965489701425, "sam_av": 0.09030979624517596, "sam_/ori_av": 1.5356287399292488}, "DDC": 0.053028164532379796, "LCC": 0.274040348036471, "GCC": 0.16003051833484336}, "rate_15": {"GD": 0.006254282506961352, "AD": 8.968641114982578, "ANB_G": 0.0015765658214265523, "SP": 3.984221907969229, "ANB": 0.0020824995868591943, "ACC": 0.25864360311149265, "CC": 1, "QCS": 0.7852826085332327, "SCS": {"ori-": 19.51142532589275, "sam_": 14.774299155103712, "ori-av": 0.06681994974620804, "sam_av": 0.10119382982947749, "sam_/ori_av": 1.5144254105821162}, "DDC": 0.7141068120549031, "LCC": 0.23515720546078564, "GCC": 0.13857911385098473}, "rate_20": {"GD": 0.004877440634111026, "AD": 9.325666492420282, "ANB_G": 0.0012783057468946436, "SP": 3.999731522045813, "ANB": 0.0015697182218973327, "ACC": 0.25722066389632814, "CC": 1, "QCS": 0.8683406582173896, "SCS": {"ori-": 24.48919905596827, "sam_": 18.339159411258258, "ori-av": 0.06802555293324519, "sam_av": 0.10188421895143476, "sam_/ori_av": 1.497734521194054}, "DDC": 0.7750792119540301, "LCC": 0.22192247923389827, "GCC": 0.12317034288861192}, "rate_25": {"GD": 0.0039664082009068175, "AD": 9.479715600167294, "ANB_G": 0.0010539365800721543, "SP": 4.031421876667909, "ANB": 0.0012689082782201364, "ACC": 0.25494829241014605, "CC": 1, "QCS": 0.8327842185950122, "SCS": {"ori-": 28.590380095392394, "sam_": 21.141727438689063, "ori-av": 0.07219792953381918, "sam_av": 0.10677640120550032, "sam_/ori_av": 1.4789399349116208}, "DDC": 0.864998366785127, "LCC": 0.21612363696506323, "GCC": 0.11249073194164518}, "rate_30": {"GD": 0.004361780063225758, "AD": 12.509585221331474, "ANB_G": 0.0011009827893501438, "SP": 4.167037338976303, "ANB": 0.0011046520191755537, "ACC": 0.24865041278783628, "CC": 1, "QCS": 0.8063454737036597, "SCS": {"ori-": 36.575373076999774, "sam_": 25.40301424138888, "ori-av": 0.09832089536827897, "sam_av": 0.1365753453838112, "sam_/ori_av": 1.389077518794384}, "DDC": 0.9853870155788546, "LCC": 0.25879262174057555, "GCC": 0.17018425339628027}, "rate_35": {"GD": 0.0038815765754671083, "AD": 12.991636798088411, "ANB_G": 0.00097295646554117, "SP": 4.215671124732682, "ANB": 0.0009610493498902259, "ACC": 0.2455912319621793, "CC": 1, "QCS": 0.8674685803180061, "SCS": {"ori-": 38.81527991110394, "sam_": 26.516203823454784, "ori-av": 0.09851593886066991, "sam_av": 0.1346000194083999, "sam_/ori_av": 1.3662765737711067}, "DDC": 0.9410318302947317, "LCC": 0.2626677656007087, "GCC": 0.1719407607400937}, "rate_40": {"GD": 0.0034600548705281033, "AD": 13.234709879769994, "ANB_G": 0.0008724350104656649, "SP": 4.326281616323128, "ANB": 0.0008698435189129522, "ACC": 0.23989042477824205, "CC": 1, "QCS": 0.8290043160992547, "SCS": {"ori-": 42.75721549379322, "sam_": 28.920704338548298, "ori-av": 0.11076998832588916, "sam_av": 0.14984820900802226, "sam_/ori_av": 1.352787079539664}, "DDC": 0.9650263747112587, "LCC": 0.2618693822242583, "GCC": 0.17412666928652315}}