{"rate_5": {"GD": 0.014898077138741039, "AD": 7.16597510373444, "ANB_G": 0.002984119712544576, "SP": 3.894980202034144, "ANB": 0.006031208754237795, "ACC": 0.26557936443049096, "CC": 1, "QCS": 0.8431954547927286, "SCS": {"ori-": 7.741991805575678, "sam_": 5.975757229671847, "ori-av": 0.06345894922603014, "sam_av": 0.09796323327330896, "sam_/ori_av": 1.5437260538995112}, "DDC": 0.02247782923481023, "LCC": 0.345687520876212, "GCC": 0.20923326133909287}, "rate_10": {"GD": 0.008352884949600278, "AD": 8.010416666666666, "ANB_G": 0.002023897746888222, "SP": 4.041894768856448, "ANB": 0.003175255499850162, "ACC": 0.25568076786959026, "CC": 1, "QCS": 0.8191848341845936, "SCS": {"ori-": 14.989616751535628, "sam_": 11.354338923494057, "ori-av": 0.06813462159788922, "sam_av": 0.10322126294085505, "sam_/ori_av": 1.5149605372440023}, "DDC": 0.053028164532379796, "LCC": 0.274040348036471, "GCC": 0.16003051833484336}, "rate_15": {"GD": 0.006254282506961352, "AD": 8.968641114982578, "ANB_G": 0.0015765658214265523, "SP": 3.984221907969229, "ANB": 0.0020824995868591943, "ACC": 0.25864360311149265, "CC": 1, "QCS": 0.7827511407638594, "SCS": {"ori-": 21.04234862245785, "sam_": 15.744586686782055, "ori-av": 0.06876584517143089, "sam_av": 0.10290579533844481, "sam_/ori_av": 1.496466670072973}, "DDC": 0.7141068120549031, "LCC": 0.23515720546078564, "GCC": 0.13857911385098473}, "rate_20": {"GD": 0.006296928962154997, "AD": 12.039728175640356, "ANB_G": 0.0014804822844982541, "SP": 3.9086190718864757, "ANB": 0.001522040330657499, "ACC": 0.26414521998732965, "CC": 1, "QCS": 0.7265242782159256, "SCS": {"ori-": 26.891890768263607, "sam_": 19.80863901675025, "ori-av": 0.07511701331917209, "sam_av": 0.11066278780307401, "sam_/ori_av": 1.4732053753637404}, "DDC": 0.44322433982302367, "LCC": 0.2531351309034458, "GCC": 0.17086629467438905}, "rate_25": {"GD": 0.0039664082009068175, "AD": 9.479715600167294, "ANB_G": 0.0010539365800721543, "SP": 4.031421876667909, "ANB": 0.0012689082782201364, "ACC": 0.25494829241014605, "CC": 1, "QCS": 0.8064566822074811, "SCS": {"ori-": 29.426347158956425, "sam_": 21.472769766158603, "ori-av": 0.07177157843647909, "sam_av": 0.10474521837150538, "sam_/ori_av": 1.459424756335955}, "DDC": 0.864998366785127, "LCC": 0.21612363696506323, "GCC": 0.11249073194164518}, "rate_30": {"GD": 0.004361780063225758, "AD": 12.509585221331474, "ANB_G": 0.0011009827893501438, "SP": 4.167037338976303, "ANB": 0.0011046520191755537, "ACC": 0.24865041278783628, "CC": 1, "QCS": 0.7651148793489634, "SCS": {"ori-": 39.310298634040706, "sam_": 27.481490040037027, "ori-av": 0.0927129684765111, "sam_av": 0.12962967000017467, "sam_/ori_av": 1.398182715215471}, "DDC": 0.9853870155788546, "LCC": 0.25879262174057555, "GCC": 0.17018425339628027}, "rate_35": {"GD": 0.0038815765754671083, "AD": 12.991636798088411, "ANB_G": 0.00097295646554117, "SP": 4.215671124732682, "ANB": 0.0009610493498902259, "ACC": 0.2455912319621793, "CC": 1, "QCS": 0.8171425048918031, "SCS": {"ori-": 41.06873810120311, "sam_": 27.86955146309987, "ori-av": 0.1047671890336814, "sam_av": 0.14219158909744833, "sam_/ori_av": 1.3572148915032496}, "DDC": 0.9410318302947317, "LCC": 0.2626677656007087, "GCC": 0.1719407607400937}, "rate_40": {"GD": 0.003459371551373642, "AD": 13.232096184004181, "ANB_G": 0.0008723353194084812, "SP": 4.327040510576072, "ANB": 0.0008700419745230288, "ACC": 0.23985131514077326, "CC": 1, "QCS": 0.8428621905772955, "SCS": {"ori-": 47.531401630514296, "sam_": 32.333878449897036, "ori-av": 0.11481014886597656, "sam_av": 0.1562023113521596, "sam_/ori_av": 1.3605270343696019}, "DDC": 0.9650263747112587, "LCC": 0.26176103904959547, "GCC": 0.1741274036588755}}