{"rate_5": {"GD": 0.014898077138741039, "AD": 7.16597510373444, "ANB_G": 0.002984119712544576, "SP": 3.894980202034144, "ANB": 0.006031208754237795, "ACC": 0.26557936443049096, "CC": 1, "QCS": 0.8602984140051193, "SCS": {"ori-": 6.690725506403806, "sam_": 5.278944660344722, "ori-av": 0.05068731444245307, "sam_av": 0.07998401000522307, "sam_/ori_av": 1.5779887114759545}, "DDC": 0.02247782923481023, "LCC": 0.345687520876212, "GCC": 0.20923326133909287}, "rate_10": {"GD": 0.008352884949600278, "AD": 8.010416666666666, "ANB_G": 0.002023897746888222, "SP": 4.041894768856448, "ANB": 0.003175255499850162, "ACC": 0.25568076786959026, "CC": 1, "QCS": 0.8539411858954585, "SCS": {"ori-": 13.805307773563058, "sam_": 10.562673001227104, "ori-av": 0.05704672633703743, "sam_av": 0.08729481819195954, "sam_/ori_av": 1.530233613690881}, "DDC": 0.053028164532379796, "LCC": 0.274040348036471, "GCC": 0.16003051833484336}, "rate_15": {"GD": 0.006254282506961352, "AD": 8.968641114982578, "ANB_G": 0.0015765658214265523, "SP": 3.984221907969229, "ANB": 0.0020824995868591943, "ACC": 0.25864360311149265, "CC": 1, "QCS": 0.8315034549463775, "SCS": {"ori-": 19.262285419324797, "sam_": 14.538234664159425, "ori-av": 0.06551797761675102, "sam_av": 0.0988995555384995, "sam_/ori_av": 1.5095025691576565}, "DDC": 0.7141068120549031, "LCC": 0.23515720546078564, "GCC": 0.13857911385098473}, "rate_20": {"GD": 0.004877440634111026, "AD": 9.325666492420282, "ANB_G": 0.0012783057468946436, "SP": 3.999731522045813, "ANB": 0.0015697182218973327, "ACC": 0.25722066389632814, "CC": 1, "QCS": 0.8431652435382361, "SCS": {"ori-": 24.626045578928483, "sam_": 18.457430973986437, "ori-av": 0.07373067538601343, "sam_av": 0.11052353876638585, "sam_/ori_av": 1.4990170398920821}, "DDC": 0.7750792119540301, "LCC": 0.22192247923389827, "GCC": 0.12317034288861192}, "rate_25": {"GD": 0.0039664082009068175, "AD": 9.479715600167294, "ANB_G": 0.0010539365800721543, "SP": 4.031421876667909, "ANB": 0.0012689082782201364, "ACC": 0.25494829241014605, "CC": 1, "QCS": 0.789116437959692, "SCS": {"ori-": 27.284022648097444, "sam_": 19.880996246345337, "ori-av": 0.07931401932586467, "sam_av": 0.11558718747875196, "sam_/ori_av": 1.4573361489077687}, "DDC": 0.864998366785127, "LCC": 0.21612363696506323, "GCC": 0.11249073194164518}, "rate_30": {"GD": 0.004361780063225758, "AD": 12.509585221331474, "ANB_G": 0.0011009827893501438, "SP": 4.167037338976303, "ANB": 0.0011046520191755537, "ACC": 0.24865041278783628, "CC": 1, "QCS": 0.8998400817571386, "SCS": {"ori-": 36.90756713600577, "sam_": 25.833337701690354, "ori-av": 0.09512259571135506, "sam_av": 0.13316153454479565, "sam_/ori_av": 1.39989382700266}, "DDC": 0.9853870155788546, "LCC": 0.25879262174057555, "GCC": 0.17018425339628027}, "rate_35": {"GD": 0.0038815765754671083, "AD": 12.991636798088411, "ANB_G": 0.00097295646554117, "SP": 4.215671124732682, "ANB": 0.0009610493498902259, "ACC": 0.2455912319621793, "CC": 1, "QCS": 0.8863159623625343, "SCS": {"ori-": 39.34807356040789, "sam_": 26.983170615946896, "ori-av": 0.10037773867450993, "sam_av": 0.13766923783646376, "sam_/ori_av": 1.3715116484430596}, "DDC": 0.9410318302947317, "LCC": 0.2626677656007087, "GCC": 0.1719407607400937}, "rate_40": {"GD": 0.0034600548705281033, "AD": 13.234709879769994, "ANB_G": 0.0008724350123716158, "SP": 4.326593483185224, "ANB": 0.0008699250740547162, "ACC": 0.23987654571280248, "CC": 1, "QCS": 0.871368655523162, "SCS": {"ori-": 42.641642326174704, "sam_": 28.829013987185917, "ori-av": 0.10299913605356209, "sam_av": 0.13927059897191263, "sam_/ori_av": 1.3521530792208634}, "DDC": 0.9650263747112587, "LCC": 0.2618693822242583, "GCC": 0.17412666928652315}}