{"rate_5": {"GD": 0.014898077138741039, "AD": 7.16597510373444, "ANB_G": 0.002984119712544576, "SP": 3.894980202034144, "ANB": 0.006031208754237795, "ACC": 0.26557936443049096, "CC": 1, "QCS": 0.8159572353000933, "SCS": {"ori-": 6.75735140961371, "sam_": 5.345252969992355, "ori-av": 0.04968640742363022, "sam_av": 0.07860666132341698, "sam_/ori_av": 1.5820556445792187}, "DDC": 0.02247782923481023, "LCC": 0.345687520876212, "GCC": 0.20923326133909287}, "rate_10": {"GD": 0.008352884949600278, "AD": 8.010416666666666, "ANB_G": 0.002023897746888222, "SP": 4.041894768856448, "ANB": 0.003175255499850162, "ACC": 0.25568076786959026, "CC": 1, "QCS": 0.8593968921022681, "SCS": {"ori-": 13.744425836374075, "sam_": 10.500483937773968, "ori-av": 0.06304782493749576, "sam_av": 0.09633471502544924, "sam_/ori_av": 1.5279625446389844}, "DDC": 0.053028164532379796, "LCC": 0.274040348036471, "GCC": 0.16003051833484336}, "rate_15": {"GD": 0.006254282506961352, "AD": 8.968641114982578, "ANB_G": 0.0015765658214265523, "SP": 3.984221907969229, "ANB": 0.0020824995868591943, "ACC": 0.25864360311149265, "CC": 1, "QCS": 0.7854020918644163, "SCS": {"ori-": 19.80946596586334, "sam_": 15.06569718352346, "ori-av": 0.06152008063932714, "sam_av": 0.09357575890387242, "sam_/ori_av": 1.5210604071291394}, "DDC": 0.7141068120549031, "LCC": 0.23515720546078564, "GCC": 0.13857911385098473}, "rate_20": {"GD": 0.004877440634111026, "AD": 9.325666492420282, "ANB_G": 0.0012783057468946436, "SP": 3.999731522045813, "ANB": 0.0015697182218973327, "ACC": 0.25722066389632814, "CC": 1, "QCS": 0.7940411814626939, "SCS": {"ori-": 24.32385447534375, "sam_": 18.168585729985534, "ori-av": 0.07030015744319003, "sam_av": 0.10502072676292216, "sam_/ori_av": 1.4938903493607398}, "DDC": 0.7750792119540301, "LCC": 0.22192247923389827, "GCC": 0.12317034288861192}, "rate_25": {"GD": 0.0039664082009068175, "AD": 9.479715600167294, "ANB_G": 0.0010539365800721543, "SP": 4.031421876667909, "ANB": 0.0012689082782201364, "ACC": 0.25494829241014605, "CC": 1, "QCS": 0.8809442792801201, "SCS": {"ori-": 27.806627263872723, "sam_": 20.3985555047689, "ori-av": 0.07515304665911547, "sam_av": 0.11026246218794, "sam_/ori_av": 1.4671722184208487}, "DDC": 0.864998366785127, "LCC": 0.21612363696506323, "GCC": 0.11249073194164518}, "rate_30": {"GD": 0.004361780063225758, "AD": 12.509585221331474, "ANB_G": 0.0011009827893501438, "SP": 4.167037338976303, "ANB": 0.0011046520191755537, "ACC": 0.24865041278783628, "CC": 1, "QCS": 0.8083260608389996, "SCS": {"ori-": 36.858968483557085, "sam_": 25.642927365037053, "ori-av": 0.10295801252390248, "sam_av": 0.14325657745830755, "sam_/ori_av": 1.3914077588186686}, "DDC": 0.9853870155788546, "LCC": 0.25879262174057555, "GCC": 0.17018425339628027}, "rate_35": {"GD": 0.0038815765754671083, "AD": 12.991636798088411, "ANB_G": 0.00097295646554117, "SP": 4.215671124732682, "ANB": 0.0009610493498902259, "ACC": 0.2455912319621793, "CC": 1, "QCS": 0.8499437636031884, "SCS": {"ori-": 39.657998718442656, "sam_": 27.15206058779154, "ori-av": 0.10895054592978752, "sam_av": 0.1491871460867667, "sam_/ori_av": 1.3693106795711643}, "DDC": 0.9410318302947317, "LCC": 0.2626677656007087, "GCC": 0.1719407607400937}, "rate_40": {"GD": 0.003460601525851672, "AD": 13.236800836382645, "ANB_G": 0.0008724799206487122, "SP": 4.325642029594553, "ANB": 0.0008696762629692848, "ACC": 0.2399230515207289, "CC": 1, "QCS": 0.9015736611162916, "SCS": {"ori-": 43.612239631537484, "sam_": 29.69445502094765, "ori-av": 0.10285905573475822, "sam_av": 0.14006818406107382, "sam_/ori_av": 1.3617486866909072}, "DDC": 0.9650263747112587, "LCC": 0.26181847268601754, "GCC": 0.17412230833083378}}