{"rate-5": {"ANB_G": 0.0018037765748219032, "SP": 232.43333333333334, "ANB": 7.739734403274223e-07, "ACC": 0.0023682543024139335, "CC": 223, "QCS": 0.2985550797201204, "SCS": {"ori-": 8.616587981639576, "sam_": 7.000928174281721, "ori-av": 0.016319295419771923, "sam_av": 0.0265186673268247, "sam_/ori_av": 1.6249884964209638}, "DDC": 0.05565039771249802, "LCC": 0.0, "GCC": 0}, "rate-10": {"ANB_G": 0.001382066622454017, "SP": 446.1928571428572, "ANB": 1.0149452758499563e-06, "ACC": 0.001397900078983935, "CC": 408, "QCS": 0.22769817659700844, "SCS": {"ori-": 15.798590775287417, "sam_": 13.387241515639639, "ori-av": 0.01493250545868376, "sam_av": 0.025306694736558864, "sam_/ori_av": 1.6947386898052101}, "DDC": 0.0009273351843028799, "LCC": 0.0, "GCC": 0}, "rate-15": {"ANB_G": 0.00106133644771722, "SP": 631.8679725067958, "ANB": 2.3765494229852983e-06, "ACC": 0.0011890727350585054, "CC": 551, "QCS": 0.21011952359156416, "SCS": {"ori-": 23.047005104966104, "sam_": 19.420279133011633, "ori-av": 0.016094277307937225, "sam_av": 0.027123294878507866, "sam_/ori_av": 1.6852757262441014}, "DDC": 0.007124589989793373, "LCC": 0.0, "GCC": 0}, "rate-20": {"ANB_G": 0.0009304420828866684, "SP": 789.0837320707216, "ANB": 4.046192799708332e-06, "ACC": 0.0011137287210884685, "CC": 642, "QCS": 0.09711838364687435, "SCS": {"ori-": 30.16104320950846, "sam_": 25.323788178543026, "ori-av": 0.017393911885529675, "sam_av": 0.029208521543878922, "sam_/ori_av": 1.679238214847923}, "DDC": 5.682643630422479e-05, "LCC": 0.0, "GCC": 0}, "rate-25": {"ANB_G": 0.0008447151765651943, "SP": 908.530073291192, "ANB": 1.8662703791551894e-05, "ACC": 0.001261170917870676, "CC": 725, "QCS": 0.25746835195353734, "SCS": {"ori-": 36.87438960355555, "sam_": 30.721075338162766, "ori-av": 0.018382048655810345, "sam_av": 0.03062918777483825, "sam_/ori_av": 1.6662553966832598}, "DDC": 0.00025762729052836164, "LCC": 0.002329149232914923, "GCC": 0.009299442033477991}, "rate-30": {"ANB_G": 0.0007790290258593033, "SP": 885.3642171676343, "ANB": 0.00039281442295678446, "ACC": 0.00665636748811935, "CC": 719, "QCS": 0.27128414986179367, "SCS": {"ori-": 43.68042957256922, "sam_": 36.059054455710076, "ori-av": 0.02120409202551904, "sam_av": 0.0350087907336991, "sam_/ori_av": 1.651039369738924}, "DDC": 0.010141637434328832, "LCC": 0.0048034136946270845, "GCC": 0.008495575221238939}, "rate-35": {"ANB_G": 0.0007249349972531308, "SP": 822.5042508643542, "ANB": 0.0007557013574916837, "ACC": 0.015865221121066687, "CC": 683, "QCS": 0.4578150558035497, "SCS": {"ori-": 49.35451894021049, "sam_": 39.88070153823795, "ori-av": 0.023682590662289102, "sam_av": 0.038273226044374234, "sam_/ori_av": 1.6160911865659395}, "DDC": 0.001043902314148859, "LCC": 0.004628821220816442, "GCC": 0.006859756097560976}, "rate-40": {"ANB_G": 0.0006745355995871375, "SP": 810.4526020634794, "ANB": 0.0007341461383620733, "ACC": 0.025554523914190348, "CC": 661, "QCS": 0.3329707079727488, "SCS": {"ori-": 53.29202208040608, "sam_": 42.94900921700992, "ori-av": 0.025895054460838715, "sam_av": 0.0417385901039941, "sam_/ori_av": 1.6118363514977612}, "DDC": 0.0022321735126752396, "LCC": 0.0038037643789277775, "GCC": 0.006915254237288135}}