{"rate-5": {"ANB_G": 0.001959943992192943, "SP": 230.4809523809524, "ANB": 1.1978160386019627e-06, "ACC": 0.002457940810878889, "CC": 220, "QCS": 0.262032899301496, "SCS": {"ori-": 8.01582757873592, "sam_": 6.797615772552424, "ori-av": 0.01462742258893416, "sam_av": 0.024808816688147533, "sam_/ori_av": 1.6960484006878789}, "DDC": 0.3600142745904197, "LCC": 0.0, "GCC": 0}, "rate-10": {"ANB_G": 0.0012965696086535772, "SP": 447.5625374625373, "ANB": 1.2307933661890868e-06, "ACC": 0.0013788342029239131, "CC": 415, "QCS": 0.18941875018027243, "SCS": {"ori-": 16.184575342293336, "sam_": 13.702567299935513, "ori-av": 0.015592076437662174, "sam_av": 0.026401863776369005, "sam_/ori_av": 1.6932872207191165}, "DDC": 0.0009273351843028799, "LCC": 0.0, "GCC": 0}, "rate-15": {"ANB_G": 0.0010691754994958994, "SP": 627.6860515657331, "ANB": 3.846874933920063e-06, "ACC": 0.001262437777437675, "CC": 547, "QCS": 0.26233314692502036, "SCS": {"ori-": 24.098751308460656, "sam_": 20.209241203511308, "ori-av": 0.017164352783803887, "sam_av": 0.02878809288249474, "sam_/ori_av": 1.6772023533365559}, "DDC": 2.9937932424117797e-05, "LCC": 0.0026731752673175265, "GCC": 0.01054481546572935}, "rate-20": {"ANB_G": 0.0009462430081285079, "SP": 783.9323860277576, "ANB": 4.233954124892125e-06, "ACC": 0.0011570605288732554, "CC": 640, "QCS": 0.27142963766109945, "SCS": {"ori-": 31.243614119443837, "sam_": 26.151428410633514, "ori-av": 0.017513236614038027, "sam_av": 0.029317744854970306, "sam_/ori_av": 1.6740335039766538}, "DDC": 0.028052548580356218, "LCC": 0.0015690376569037657, "GCC": 0.0027752081406105457}, "rate-25": {"ANB_G": 0.0008474068277844348, "SP": 890.9885158350307, "ANB": 7.666874174117977e-05, "ACC": 0.0018391328463418593, "CC": 720, "QCS": 0.38523003492727814, "SCS": {"ori-": 37.33864589618571, "sam_": 31.181148348713418, "ori-av": 0.018763138641299353, "sam_av": 0.031337837536395394, "sam_/ori_av": 1.6701809934622558}, "DDC": 5.682643630422479e-05, "LCC": 0.002807996280799628, "GCC": 0.009168704156479218}, "rate-30": {"ANB_G": 0.0007864604526898359, "SP": 954.4369674810843, "ANB": 0.0003832895366106488, "ACC": 0.003550274852142621, "CC": 777, "QCS": 0.38881835249173585, "SCS": {"ori-": 43.82951222958794, "sam_": 36.4062845488367, "ori-av": 0.019445213943916566, "sam_av": 0.03230371299808048, "sam_/ori_av": 1.6612680678777871}, "DDC": 0.000842669438864796, "LCC": 0.0012319851231985123, "GCC": 0.0022770398481973433}, "rate-35": {"ANB_G": 0.0007205582579242495, "SP": 837.7118213877446, "ANB": 0.0006486719858987236, "ACC": 0.016877777080244283, "CC": 693, "QCS": 0.4160025758714678, "SCS": {"ori-": 49.79148394188365, "sam_": 40.73985531673958, "ori-av": 0.023376283540790445, "sam_av": 0.038253385273933876, "sam_/ori_av": 1.6364186038034503}, "DDC": 0.006021096195803821, "LCC": 0.00818751731509425, "GCC": 0.00993958292730462}, "rate-40": {"ANB_G": 0.000677736871825936, "SP": 817.7734994400902, "ANB": 0.0008374273272226048, "ACC": 0.02248705809233688, "CC": 683, "QCS": 0.5841399759509177, "SCS": {"ori-": 56.19051221061415, "sam_": 44.97739262273904, "ori-av": 0.026281811136863495, "sam_av": 0.042074268122300314, "sam_/ori_av": 1.6008892196659135}, "DDC": 0.05771217538557838, "LCC": 0.004554854620924527, "GCC": 0.006487889273356401}}