{"rate-5": {"ANB_G": 0.0018211958736302225, "SP": 229.98095238095237, "ANB": 1.197816038601963e-06, "ACC": 0.0024859058226601167, "CC": 219, "QCS": 0.2695087410032275, "SCS": {"ori-": 8.140282440315792, "sam_": 6.890726836484184, "ori-av": 0.014854530000576262, "sam_av": 0.025148638089358338, "sam_/ori_av": 1.6929945335451697}, "DDC": 0.0047980776627536414, "LCC": 0.0, "GCC": 0}, "rate-10": {"ANB_G": 0.0013307817026616065, "SP": 438.24481074481054, "ANB": 1.4099013560449593e-06, "ACC": 0.0014949153470689605, "CC": 388, "QCS": 0.3090441802399712, "SCS": {"ori-": 15.73255996320298, "sam_": 13.294999317575485, "ori-av": 0.015515345131363887, "sam_av": 0.026222878338413184, "sam_/ori_av": 1.690125364043903}, "DDC": 0.020719413360180683, "LCC": 0.0, "GCC": 0}, "rate-15": {"ANB_G": 0.0010895381991638338, "SP": 638.8658019758018, "ANB": 1.4775805841594022e-06, "ACC": 0.0011177798516642991, "CC": 550, "QCS": 0.1765604312318126, "SCS": {"ori-": 24.47519138322478, "sam_": 20.339650067552395, "ori-av": 0.01690275648012761, "sam_av": 0.02809343931982375, "sam_/ori_av": 1.6620625962903095}, "DDC": 0.0021041055390147445, "LCC": 0.0, "GCC": 0}, "rate-20": {"ANB_G": 0.0009279950124512912, "SP": 781.365160357464, "ANB": 3.835319348411484e-06, "ACC": 0.001128407784072054, "CC": 633, "QCS": 0.3073648067206352, "SCS": {"ori-": 29.897969911745516, "sam_": 25.121337941016005, "ori-av": 0.017282063532800877, "sam_av": 0.029042009180365324, "sam_/ori_av": 1.6804711500593894}, "DDC": 0.000883942709807517, "LCC": 0.0, "GCC": 0}, "rate-25": {"ANB_G": 0.0008662063570773962, "SP": 925.3723627481628, "ANB": 1.5301301931256806e-05, "ACC": 0.0012856479179366592, "CC": 741, "QCS": 0.30256045977641277, "SCS": {"ori-": 38.88282673534862, "sam_": 32.516679983050956, "ori-av": 0.018893501815038204, "sam_av": 0.031600272092372164, "sam_/ori_av": 1.6725471223772852}, "DDC": 0.097563317018044, "LCC": 0.001576011157601116, "GCC": 0.003676470588235294}, "rate-30": {"ANB_G": 0.000764437710729676, "SP": 826.9573669636725, "ANB": 0.0008319245903454669, "ACC": 0.00780823662340132, "CC": 691, "QCS": 0.26056787433735185, "SCS": {"ori-": 43.51315348883875, "sam_": 35.71774394895609, "ori-av": 0.021456190083253824, "sam_av": 0.03522459955518352, "sam_/ori_av": 1.6416987087878054}, "DDC": 0.00291250940759602, "LCC": 0.0038805623329847797, "GCC": 0.0055762081784386614}, "rate-35": {"ANB_G": 0.0007119603309855781, "SP": 862.2459085934669, "ANB": 0.000631203407808149, "ACC": 0.013531327230575093, "CC": 707, "QCS": 0.32656327366856935, "SCS": {"ori-": 51.79431603401129, "sam_": 42.13328464411857, "ori-av": 0.023205338724915453, "sam_av": 0.037753839286844594, "sam_/ori_av": 1.6269462701834423}, "DDC": 0.17447570780236477, "LCC": 0.003374497891976231, "GCC": 0.004824120603015076}, "rate-40": {"ANB_G": 0.000658510929719008, "SP": 864.1290643576149, "ANB": 0.0007230398550123644, "ACC": 0.021716946730318442, "CC": 722, "QCS": 0.482991563516451, "SCS": {"ori-": 55.44182963245868, "sam_": 44.8984553503145, "ori-av": 0.025478782000210788, "sam_av": 0.04126696263815671, "sam_/ori_av": 1.6196599444123863}, "DDC": 0.004650562319415519, "LCC": 0.0057804113098230735, "GCC": 0.008136206117221637}}