{"rate-5": {"ANB_G": 0.0018551449962468888, "SP": 232.50000000000006, "ANB": 9.951087089924e-07, "ACC": 0.0023837300856326686, "CC": 220, "QCS": 0.2808157250965121, "SCS": {"ori-": 7.963690784767756, "sam_": 6.75920877795674, "ori-av": 0.01432318486469021, "sam_av": 0.02431370064013216, "sam_/ori_av": 1.6975065859877827}, "DDC": 0.17801443068676193, "LCC": 0.0, "GCC": 0}, "rate-10": {"ANB_G": 0.0013372065009385036, "SP": 452.63809523809493, "ANB": 6.911731403412602e-07, "ACC": 0.00132173452674483, "CC": 413, "QCS": 0.221385950255453, "SCS": {"ori-": 15.690414276619876, "sam_": 13.230696502684738, "ori-av": 0.014914842468269844, "sam_av": 0.02515341540434361, "sam_/ori_av": 1.6864687279034642}, "DDC": 0.016571728836598965, "LCC": 0.0, "GCC": 0}, "rate-15": {"ANB_G": 0.0010865075576348543, "SP": 637.0076286286805, "ANB": 1.5754516072131964e-06, "ACC": 0.0011362591860509747, "CC": 555, "QCS": 0.27647446874993803, "SCS": {"ori-": 24.28609758487036, "sam_": 20.34500319468955, "ori-av": 0.017151198859371726, "sam_av": 0.028735880218488066, "sam_/ori_av": 1.675444407945061}, "DDC": 0.0021041055390147445, "LCC": 0.0015109251510925152, "GCC": 0.005847953216374269}, "rate-20": {"ANB_G": 0.0009776150391536686, "SP": 792.0999234014189, "ANB": 3.335234743840163e-06, "ACC": 0.0011431247184495424, "CC": 654, "QCS": 0.1610824433564284, "SCS": {"ori-": 31.885977849497422, "sam_": 26.551128722260366, "ori-av": 0.018055480095978155, "sam_av": 0.03006922845103099, "sam_/ori_av": 1.665379612792954}, "DDC": 0.002230868430378341, "LCC": 0.002789400278940028, "GCC": 0.00558659217877095}, "rate-25": {"ANB_G": 0.0008470488006026073, "SP": 898.8479535802901, "ANB": 2.7455800139834635e-05, "ACC": 0.0016301339553186707, "CC": 734, "QCS": 0.1828855741963226, "SCS": {"ori-": 37.244629734943146, "sam_": 31.068648487210265, "ori-av": 0.018275088191826862, "sam_av": 0.030489350821599866, "sam_/ori_av": 1.668355878864408}, "DDC": 0.00495776124080427, "LCC": 0.0002789400278940028, "GCC": 0.0018359853121175031}, "rate-30": {"ANB_G": 0.0007804478656144431, "SP": 888.6995524842459, "ANB": 0.00014685549901391877, "ACC": 0.003867491056283931, "CC": 704, "QCS": 0.3239234809106603, "SCS": {"ori-": 43.98138773139841, "sam_": 35.989099379112474, "ori-av": 0.02141255488383564, "sam_av": 0.035042939999135804, "sam_/ori_av": 1.6365604286478563}, "DDC": 2.298066842709723e-06, "LCC": 0.0032766648352422407, "GCC": 0.008547008547008548}, "rate-35": {"ANB_G": 0.0007214760652254195, "SP": 905.2833400347773, "ANB": 0.0005698926996859234, "ACC": 0.012852594766975294, "CC": 768, "QCS": 0.44311120237082174, "SCS": {"ori-": 52.158473504305825, "sam_": 42.44208717583917, "ori-av": 0.022697333987948574, "sam_av": 0.036938283007692925, "sam_/ori_av": 1.6274282709725185}, "DDC": 0.019279890362959518, "LCC": 0.004216996030560417, "GCC": 0.006885471654808354}, "rate-40": {"ANB_G": 0.0006716583259279574, "SP": 832.8051278339946, "ANB": 0.000738673103548338, "ACC": 0.02336017853997144, "CC": 691, "QCS": 0.6031037228679766, "SCS": {"ori-": 55.45245604494336, "sam_": 44.82385796660765, "ori-av": 0.024822048363895864, "sam_av": 0.04012878958514561, "sam_/ori_av": 1.6166590684559978}, "DDC": 0.0002143253093387365, "LCC": 0.004551650721585363, "GCC": 0.007439824945295405}}