{"rate-5": {"ANB_G": 0.001787986091586011, "SP": 233.40000000000003, "ANB": 6.818337450503479e-07, "ACC": 0.002311140795654364, "CC": 226, "QCS": 0.255058691272678, "SCS": {"ori-": 7.865314513492847, "sam_": 6.694450649630537, "ori-av": 0.013798797392092714, "sam_av": 0.02348930052501943, "sam_/ori_av": 1.7022715717588386}, "DDC": 0.05565039771249802, "LCC": 0.0, "GCC": 0}, "rate-10": {"ANB_G": 0.0012893003407701202, "SP": 449.29444444444437, "ANB": 7.095431905828882e-07, "ACC": 0.0013634895966562152, "CC": 410, "QCS": 0.23382648553936947, "SCS": {"ori-": 16.874899345997907, "sam_": 14.178858899746787, "ori-av": 0.01660915289960424, "sam_av": 0.027911139566430685, "sam_/ori_av": 1.6804673745339382}, "DDC": 0.0025656928249658817, "LCC": 0.0, "GCC": 0}, "rate-15": {"ANB_G": 0.0010769249872214428, "SP": 645.6596002037178, "ANB": 9.515238352452433e-07, "ACC": 0.001071318210537138, "CC": 564, "QCS": 0.2525747284642464, "SCS": {"ori-": 23.94168357610272, "sam_": 20.23381850401626, "ori-av": 0.015426342510375463, "sam_av": 0.026074508381464252, "sam_/ori_av": 1.6902586185887574}, "DDC": 0.006599414590780839, "LCC": 0.0, "GCC": 0}, "rate-20": {"ANB_G": 0.0009535989782198147, "SP": 759.0987918683585, "ANB": 1.1779643315931118e-05, "ACC": 0.0014222562905299692, "CC": 623, "QCS": 0.35019167791729866, "SCS": {"ori-": 30.65744575438832, "sam_": 25.577941268939217, "ori-av": 0.01786564437901417, "sam_av": 0.029811120360069016, "sam_/ori_av": 1.6686283308698657}, "DDC": 0.049928454425312685, "LCC": 0.0012203626220362624, "GCC": 0.002542372881355932}, "rate-25": {"ANB_G": 0.0008599411605308134, "SP": 894.2352666325773, "ANB": 1.621250058530433e-05, "ACC": 0.0014073526700201225, "CC": 716, "QCS": 0.5094981745782104, "SCS": {"ori-": 37.182093968811984, "sam_": 30.98645214211841, "ori-av": 0.018855017225563885, "sam_av": 0.03142642205083003, "sam_/ori_av": 1.6667405643216102}, "DDC": 0.000881187078976442, "LCC": 0.0032820282924885436, "GCC": 0.011837655016910935}, "rate-30": {"ANB_G": 0.000772555070297496, "SP": 863.6535358008, "ANB": 0.00040288815445266307, "ACC": 0.00693902349426312, "CC": 683, "QCS": 0.24755291488584993, "SCS": {"ori-": 42.1871456359486, "sam_": 34.90372360900607, "ori-av": 0.02043950854454874, "sam_av": 0.03382143760562604, "sam_/ori_av": 1.6547089442933933}, "DDC": 7.833066184237403e-06, "LCC": 0.00019758251975825197, "GCC": 0.0010148849797023004}, "rate-35": {"ANB_G": 0.0007214083428211282, "SP": 912.9125374672836, "ANB": 0.0005811604766787421, "ACC": 0.010238426362118922, "CC": 738, "QCS": 0.390262417560363, "SCS": {"ori-": 50.21209712848112, "sam_": 41.207156451398504, "ori-av": 0.02245621517373932, "sam_av": 0.03685792169176968, "sam_/ori_av": 1.6413238565184376}, "DDC": 0.0066101822683405365, "LCC": 0.0027701556375391494, "GCC": 0.005947955390334572}, "rate-40": {"ANB_G": 0.000682557721030779, "SP": 810.9128524687804, "ANB": 0.0008073724201457741, "ACC": 0.02319527610117974, "CC": 673, "QCS": 0.5193727732758506, "SCS": {"ori-": 52.75736362310379, "sam_": 42.79946570261752, "ori-av": 0.024885548878822543, "sam_av": 0.040376854436431624, "sam_/ori_av": 1.6225020646738515}, "DDC": 0.02820710718974906, "LCC": 0.005695385224796989, "GCC": 0.007977606717984604}}