{"rate-5": {"ANB_G": 0.0014973420526785467, "SP": 232.8, "ANB": 1.1720015352487606e-06, "ACC": 0.002375121338530099, "CC": 223, "QCS": 0.2977417512387596, "SCS": {"ori-": 8.147410801134773, "sam_": 6.886064185638, "ori-av": 0.014976858090321274, "sam_av": 0.02531641244719853, "sam_/ori_av": 1.6903687204968008}, "DDC": 0.04543042781104345, "LCC": 0.0, "GCC": 0}, "rate-10": {"ANB_G": 0.0013196227714246218, "SP": 450.5349206349206, "ANB": 8.358372859940817e-07, "ACC": 0.0013518801896884977, "CC": 414, "QCS": 0.2455123458694445, "SCS": {"ori-": 16.261619759101546, "sam_": 13.7196913772938, "ori-av": 0.01522623572949583, "sam_av": 0.025692305949988392, "sam_/ori_av": 1.6873708253588895}, "DDC": 0.14868250690885843, "LCC": 0.0, "GCC": 0}, "rate-15": {"ANB_G": 0.0010823707906650708, "SP": 637.8799804770391, "ANB": 1.016091524065458e-06, "ACC": 0.001110449684328721, "CC": 545, "QCS": 0.29470625598456973, "SCS": {"ori-": 25.183850922220564, "sam_": 20.91047922135883, "ori-av": 0.017685288568975114, "sam_av": 0.02936865059179611, "sam_/ori_av": 1.6606260326063802}, "DDC": 0.007271545293925152, "LCC": 0.0, "GCC": 0}, "rate-20": {"ANB_G": 0.0009559326783597803, "SP": 777.2345655178026, "ANB": 6.840985441674571e-06, "ACC": 0.0011500462448752716, "CC": 627, "QCS": 0.33669354528236567, "SCS": {"ori-": 31.149883136796397, "sam_": 25.809933173024678, "ori-av": 0.018237636496953393, "sam_av": 0.030222404183869647, "sam_/ori_av": 1.6571447834766482}, "DDC": 0.0021041055390147445, "LCC": 0.0012726638772663878, "GCC": 0.005888125613346418}, "rate-25": {"ANB_G": 0.0008553401392116121, "SP": 872.2218649799102, "ANB": 9.163296471123193e-05, "ACC": 0.0019241016724510648, "CC": 695, "QCS": 0.22156640725139373, "SCS": {"ori-": 37.49364249288504, "sam_": 31.124196359286746, "ori-av": 0.019630179315646618, "sam_av": 0.03259078152804895, "sam_/ori_av": 1.6602386052618394}, "DDC": 5.682643630422479e-05, "LCC": 0.0016039051603905163, "GCC": 0.0032590983161325366}, "rate-30": {"ANB_G": 0.0007888942266304944, "SP": 923.228322787321, "ANB": 0.00019637122633980525, "ACC": 0.0038114671583343957, "CC": 726, "QCS": 0.30968930739543427, "SCS": {"ori-": 43.50123089780633, "sam_": 36.00903369932456, "ori-av": 0.02034669359111615, "sam_av": 0.033684783628928495, "sam_/ori_av": 1.655540910275273}, "DDC": 1.432356154351666e-06, "LCC": 0.0018589520158010923, "GCC": 0.004506196019526849}, "rate-35": {"ANB_G": 0.0007268082876758119, "SP": 896.6032662178471, "ANB": 0.0006677502973524066, "ACC": 0.012100185201772721, "CC": 751, "QCS": 0.4919865543880644, "SCS": {"ori-": 50.067934079193805, "sam_": 40.913160492882774, "ori-av": 0.021901983411720824, "sam_av": 0.03579454111363322, "sam_/ori_av": 1.6343059183616133}, "DDC": 0.00291250940759602, "LCC": 0.0035084359255258568, "GCC": 0.006901311249137336}, "rate-40": {"ANB_G": 0.0006730907640739816, "SP": 794.8859616029948, "ANB": 0.0007752924499269674, "ACC": 0.027269964416411642, "CC": 670, "QCS": 0.5675425614776807, "SCS": {"ori-": 55.303618127031996, "sam_": 44.4561001108275, "ori-av": 0.02593978336164728, "sam_av": 0.041703658640551124, "sam_/ori_av": 1.6077103674740472}, "DDC": 0.019736049715230464, "LCC": 0.005931667995651482, "GCC": 0.00959744068248467}}