{"rate-5": {"ANB_G": 0.0015754872588248947, "SP": 234.1666666666667, "ANB": 6.22625815600904e-07, "ACC": 0.00231785187061607, "CC": 225, "QCS": 0.29178214715244793, "SCS": {"ori-": 8.623015504184206, "sam_": 7.2086017996228176, "ori-av": 0.01528903458188689, "sam_av": 0.025562417729158928, "sam_/ori_av": 1.6719445294108397}, "DDC": 0.06553096600330743, "LCC": 0.0, "GCC": 0}, "rate-10": {"ANB_G": 0.0013579875057423154, "SP": 450.4930735930734, "ANB": 8.725773864773385e-07, "ACC": 0.0013553362357095408, "CC": 413, "QCS": 0.20262975049765697, "SCS": {"ori-": 16.09067217460142, "sam_": 13.611438566688271, "ori-av": 0.01565240483910644, "sam_av": 0.026481397989665898, "sam_/ori_av": 1.6918421330059121}, "DDC": 0.01938911107943686, "LCC": 0.0031380753138075313, "GCC": 0.01775147928994083}, "rate-15": {"ANB_G": 0.0010747012057582416, "SP": 655.6629148629147, "ANB": 7.652970274901048e-07, "ACC": 0.0010104622060054425, "CC": 579, "QCS": 0.21115809194038299, "SCS": {"ori-": 26.069120948026804, "sam_": 21.567616100710758, "ori-av": 0.01763810618946333, "sam_av": 0.02918486617146246, "sam_/ori_av": 1.654648512599212}, "DDC": 0.10717573735405794, "LCC": 0.0, "GCC": 0}, "rate-20": {"ANB_G": 0.000939566503058427, "SP": 816.8070519489129, "ANB": 2.5009961857271912e-06, "ACC": 0.0010167201550667665, "CC": 688, "QCS": 0.281397432844435, "SCS": {"ori-": 31.302715041318113, "sam_": 26.325209457690388, "ori-av": 0.017180414402479756, "sam_av": 0.028897046605587694, "sam_/ori_av": 1.6819761112058393}, "DDC": 0.034759641026338994, "LCC": 0.0, "GCC": 0}, "rate-25": {"ANB_G": 0.0008426488278321735, "SP": 900.1112273357667, "ANB": 2.1095745014134996e-05, "ACC": 0.0014660124085178995, "CC": 721, "QCS": 0.34940219059592903, "SCS": {"ori-": 38.28131952999641, "sam_": 31.882981179332386, "ori-av": 0.01931449017658749, "sam_av": 0.03217253398519918, "sam_/ori_av": 1.6657200729117805}, "DDC": 0.00495776124080427, "LCC": 0.0027615062761506275, "GCC": 0.00505902192242833}, "rate-30": {"ANB_G": 0.0007817138553268392, "SP": 930.0309209261105, "ANB": 0.00013629309419622456, "ACC": 0.003110782683095179, "CC": 744, "QCS": 0.28235766123487727, "SCS": {"ori-": 44.7561824650367, "sam_": 36.723254827605764, "ori-av": 0.020325241809735106, "sam_av": 0.03335445488429225, "sam_/ori_av": 1.6410360671978126}, "DDC": 0.00031996296076708397, "LCC": 0.002943813508667065, "GCC": 0.009029345372460496}, "rate-35": {"ANB_G": 0.0007232557772966983, "SP": 849.321870324311, "ANB": 0.0005900217077196925, "ACC": 0.018233658940157473, "CC": 712, "QCS": 0.4866535845747283, "SCS": {"ori-": 48.04203679625292, "sam_": 39.38182252822296, "ori-av": 0.02230363825267081, "sam_av": 0.03656622333168334, "sam_/ori_av": 1.6394734759161826}, "DDC": 0.036237508346198544, "LCC": 0.0032852547198899567, "GCC": 0.006307339449541285}, "rate-40": {"ANB_G": 0.0006696463154471305, "SP": 810.3276136717441, "ANB": 0.000776542417370512, "ACC": 0.02608130418709619, "CC": 679, "QCS": 0.4448071683894375, "SCS": {"ori-": 53.366410720879, "sam_": 43.31455822268354, "ori-av": 0.025412576533751906, "sam_av": 0.04125196021207956, "sam_/ori_av": 1.6232891677587455}, "DDC": 0.00024279098258706, "LCC": 0.006745694850958009, "GCC": 0.011366948411541825}}