{"rate-5": {"ANB_G": 0.001897107693745725, "SP": 233.76666666666668, "ANB": 6.409383395891659e-07, "ACC": 0.0023360915369196066, "CC": 224, "QCS": 0.2869654492063298, "SCS": {"ori-": 9.080840260924266, "sam_": 7.414756860040293, "ori-av": 0.016043887386791987, "sam_av": 0.026200554275760752, "sam_/ori_av": 1.6330552343149807}, "DDC": 0.05565039771249802, "LCC": 0.0, "GCC": 0}, "rate-10": {"ANB_G": 0.0013640726492997301, "SP": 450.3238095238094, "ANB": 6.176929393747472e-07, "ACC": 0.0013438106408379697, "CC": 410, "QCS": 0.19591974145449306, "SCS": {"ori-": 15.706384593937665, "sam_": 13.312111496707763, "ori-av": 0.014873470259410668, "sam_av": 0.02521233238012834, "sam_/ori_av": 1.6951210403756392}, "DDC": 0.016571728836598965, "LCC": 0.0, "GCC": 0}, "rate-15": {"ANB_G": 0.0010927389439506071, "SP": 645.3099678099678, "ANB": 1.1062077936327085e-06, "ACC": 0.0010756276327243467, "CC": 562, "QCS": 0.20336072706701344, "SCS": {"ori-": 24.155272508543323, "sam_": 20.270910495204358, "ori-av": 0.017131398942229308, "sam_av": 0.028753064532204765, "sam_/ori_av": 1.67838392119442}, "DDC": 0.050151971700952314, "LCC": 0.0, "GCC": 0}, "rate-20": {"ANB_G": 0.0009425755195930841, "SP": 772.4981737511681, "ANB": 6.549561783842972e-06, "ACC": 0.001314007340497921, "CC": 644, "QCS": 0.47904005407258654, "SCS": {"ori-": 30.503698639777173, "sam_": 25.600303335632297, "ori-av": 0.01751073400676072, "sam_av": 0.02939185227971561, "sam_/ori_av": 1.678504868406299}, "DDC": 0.00573981937877821, "LCC": 0.0018644363129465063, "GCC": 0.004922067268252666}, "rate-25": {"ANB_G": 0.000851138127320058, "SP": 865.4463510211666, "ANB": 6.956661417651877e-05, "ACC": 0.0018915521947318226, "CC": 697, "QCS": 0.3861934046269897, "SCS": {"ori-": 36.66859770059207, "sam_": 30.544399973207078, "ori-av": 0.018519493788177816, "sam_av": 0.030852929265865737, "sam_/ori_av": 1.66597044275374}, "DDC": 0.00172396771737926, "LCC": 0.0005997210599721061, "GCC": 0.0015329586101175269}, "rate-30": {"ANB_G": 0.0007715320487785603, "SP": 916.7426622496573, "ANB": 0.00029454992400668005, "ACC": 0.003706332601593496, "CC": 720, "QCS": 0.25838928490212554, "SCS": {"ori-": 45.717928633352344, "sam_": 37.43852020824806, "ori-av": 0.021874607001603992, "sam_av": 0.0358263351275101, "sam_/ori_av": 1.6378047443267472}, "DDC": 2.544704492235539e-05, "LCC": 0.00302185030218503, "GCC": 0.00446594715295869}, "rate-35": {"ANB_G": 0.0007113542314123829, "SP": 891.8807830081789, "ANB": 0.0006890616059840235, "ACC": 0.010721993545931787, "CC": 732, "QCS": 0.32621827927226726, "SCS": {"ori-": 49.334757304368765, "sam_": 40.19187663649708, "ori-av": 0.02250673234688356, "sam_av": 0.03667142028877471, "sam_/ori_av": 1.6293533740739796}, "DDC": 0.0006803149314706936, "LCC": 0.003694851110447167, "GCC": 0.0070788107597923545}, "rate-40": {"ANB_G": 0.0006803760751474701, "SP": 870.5313164697874, "ANB": 0.0007183255806953272, "ACC": 0.02142879301100416, "CC": 727, "QCS": 0.4873375146852085, "SCS": {"ori-": 56.88770789247297, "sam_": 45.854909449255416, "ori-av": 0.025216182576450783, "sam_av": 0.04065151546919806, "sam_/ori_av": 1.6121201274598254}, "DDC": 0.019205047817286047, "LCC": 0.004073462059939409, "GCC": 0.006392694063926941}}