{"rate-5": {"ANB_G": 0.0003585930992443959, "SP": 64.78374867188256, "ANB": 3.551063855978434e-05, "ACC": 0.002350845298664839, "CC": 344, "QCS": 0.15113009342505282, "SCS": {"ori-": 9.697225980233414, "sam_": 8.165526274562309, "ori-av": 0.013033905887410503, "sam_av": 0.021950339447748143, "sam_/ori_av": 1.6840952848178885}, "DDC": 3.279320808624586e-05, "LCC": 0.024417214584578604, "GCC": 0.1875}, "rate-10": {"ANB_G": 0.00026589443694551284, "SP": 98.14988317337072, "ANB": 0.0007967412265673362, "ACC": 0.009493424738698053, "CC": 534, "QCS": 0.2680205519323754, "SCS": {"ori-": 17.690596582660742, "sam_": 14.844821764015627, "ori-av": 0.014500489002180936, "sam_av": 0.024335773383632176, "sam_/ori_av": 1.6782726003220976}, "DDC": 1.4305336086706255e-05, "LCC": 0.06448329680547257, "GCC": 0.20498614958448755}, "rate-15": {"ANB_G": 0.000402860456480707, "SP": 103.46717470700113, "ANB": 0.0009945401888570356, "ACC": 0.0471655752635358, "CC": 532, "QCS": 0.7606725438554988, "SCS": {"ori-": 23.971631265701777, "sam_": 19.645887159945893, "ori-av": 0.018611514957842995, "sam_av": 0.030506035962648902, "sam_/ori_av": 1.6390947234412796}, "DDC": 0.011165059992919946, "LCC": 0.11872456980230194, "GCC": 0.15907282132908873}, "rate-20": {"ANB_G": 0.0003443656845433842, "SP": 122.81895606065203, "ANB": 0.0009362343238378694, "ACC": 0.06307965397706157, "CC": 563, "QCS": 0.6086311605580772, "SCS": {"ori-": 30.863519376926213, "sam_": 24.677224862424392, "ori-av": 0.022528116333522783, "sam_av": 0.036025145784561154, "sam_/ori_av": 1.599119307234499}, "DDC": 0.7490027306076856, "LCC": 0.16386327471238546, "GCC": 0.14448838139245568}, "rate-25": {"ANB_G": 0.000409602610513587, "SP": 126.65822243060313, "ANB": 0.0008666564123080857, "ACC": 0.08875945337661068, "CC": 572, "QCS": 0.6276309558047324, "SCS": {"ori-": 35.58107007760947, "sam_": 28.22269129564978, "ori-av": 0.02423778615640972, "sam_av": 0.0384505331003403, "sam_/ori_av": 1.5863879998038517}, "DDC": 0.9827309869310357, "LCC": 0.18380394646214035, "GCC": 0.15395621996796582}, "rate-30": {"ANB_G": 0.000386109679055929, "SP": 129.57760095230793, "ANB": 0.0008690612014525964, "ACC": 0.10361007591630841, "CC": 551, "QCS": 0.3660791685887323, "SCS": {"ori-": 40.861707141911175, "sam_": 31.45421551118596, "ori-av": 0.02818048768407667, "sam_av": 0.04338512484301512, "sam_/ori_av": 1.5395448556246882}, "DDC": 0.15339285877055298, "LCC": 0.20971634840501244, "GCC": 0.1749652264626619}, "rate-35": {"ANB_G": 0.00038433461039966225, "SP": 144.69586877326304, "ANB": 0.0007956113153432413, "ACC": 0.1123802953223397, "CC": 559, "QCS": 0.44717585866615367, "SCS": {"ori-": 44.016106386889454, "sam_": 34.01229416813094, "ori-av": 0.029227162275491006, "sam_av": 0.04516904936006765, "sam_/ori_av": 1.5454476536008088}, "DDC": 0.9999999950399805, "LCC": 0.227832666990016, "GCC": 0.17922456297624384}, "rate-40": {"ANB_G": 0.00039245099010243984, "SP": 108.25488043636307, "ANB": 0.0008060373284457413, "ACC": 0.12899374788504342, "CC": 505, "QCS": 0.4162176496689671, "SCS": {"ori-": 47.49325477806462, "sam_": 36.059861069423256, "ori-av": 0.03252962656031823, "sam_av": 0.04939706995811405, "sam_/ori_av": 1.518525577492237}, "DDC": 0.3273709433123291, "LCC": 0.24447512558099108, "GCC": 0.18686104925164432}}