{"rate-5": {"ANB_G": 0.00032066713588448537, "SP": 60.55188564056489, "ANB": 0.00010129838098761519, "ACC": 0.004369134566663541, "CC": 323, "QCS": 0.2091285795174016, "SCS": {"ori-": 10.28704182367722, "sam_": 8.472728826762879, "ori-av": 0.014407621601788823, "sam_av": 0.02373313396852347, "sam_/ori_av": 1.6472624437594066}, "DDC": 0.0008040129431167164, "LCC": 0.0514205111485446, "GCC": 0.2349869451697128}, "rate-10": {"ANB_G": 0.00035010323742294463, "SP": 96.3806296902715, "ANB": 0.0007945368205383407, "ACC": 0.02141519884138052, "CC": 472, "QCS": 0.3812968518990184, "SCS": {"ori-": 18.686572880315953, "sam_": 15.41301943691332, "ori-av": 0.017175158897349222, "sam_av": 0.028332756317855368, "sam_/ori_av": 1.6496357609959686}, "DDC": 2.310455725629268e-07, "LCC": 0.07869919507758416, "GCC": 0.19350862777321282}, "rate-15": {"ANB_G": 0.00045949125309755715, "SP": 113.23135009942962, "ANB": 0.0010000535898224009, "ACC": 0.051273002755766676, "CC": 494, "QCS": 0.4999862166245721, "SCS": {"ori-": 24.083830799667393, "sam_": 19.37174590014416, "ori-av": 0.019970008954948087, "sam_av": 0.032125615091449684, "sam_/ori_av": 1.6086930738951788}, "DDC": 0.9037242189330499, "LCC": 0.16051848023589177, "GCC": 0.1533669262482822}, "rate-20": {"ANB_G": 0.00042396108972724147, "SP": 133.2736104420139, "ANB": 0.000790697380905898, "ACC": 0.06130243931723815, "CC": 593, "QCS": 0.4147589305661634, "SCS": {"ori-": 31.468419191358276, "sam_": 25.070312940940948, "ori-av": 0.021822759494700607, "sam_av": 0.034771585216284255, "sam_/ori_av": 1.5933633519046073}, "DDC": 0.9112303585108875, "LCC": 0.17696633976615314, "GCC": 0.17035274356103022}, "rate-25": {"ANB_G": 0.0003628302026745873, "SP": 126.662303270327, "ANB": 0.0009825162306086785, "ACC": 0.08319217769265769, "CC": 568, "QCS": 0.46583008444118446, "SCS": {"ori-": 35.77229335868641, "sam_": 28.465300477076056, "ori-av": 0.023880035619950876, "sam_av": 0.038004406511450005, "sam_/ori_av": 1.5914719356489881}, "DDC": 0.09772966427998797, "LCC": 0.1896586200909046, "GCC": 0.18282906060331552}, "rate-30": {"ANB_G": 0.00040427727749092654, "SP": 141.60259774386694, "ANB": 0.000825989545051713, "ACC": 0.09761971547322863, "CC": 603, "QCS": 0.5068918766719943, "SCS": {"ori-": 41.68565382971688, "sam_": 32.19778559184959, "ori-av": 0.02699848045966119, "sam_av": 0.04170697615524558, "sam_/ori_av": 1.5447897602074518}, "DDC": 0.9620462729462469, "LCC": 0.21135871931451938, "GCC": 0.16494470314318976}, "rate-35": {"ANB_G": 0.0003358309474208933, "SP": 159.31454984483605, "ANB": 0.0007651697844428633, "ACC": 0.09844420141822917, "CC": 648, "QCS": 0.5089537727644651, "SCS": {"ori-": 46.76892713186235, "sam_": 36.33826616288843, "ori-av": 0.028072585313242707, "sam_av": 0.043623368742963305, "sam_/ori_av": 1.5539491021649798}, "DDC": 1.141309269314661e-13, "LCC": 0.2224000218324852, "GCC": 0.22162514807629577}, "rate-40": {"ANB_G": 0.00036143469215871256, "SP": 126.43359312455836, "ANB": 0.0007545835424153143, "ACC": 0.1272430854760948, "CC": 511, "QCS": 0.4143825038440391, "SCS": {"ori-": 46.889783691664256, "sam_": 35.88278098692506, "ori-av": 0.03191952599840998, "sam_av": 0.0488201101862926, "sam_/ori_av": 1.5294747857071718}, "DDC": 0.5324188590722914, "LCC": 0.22985837792617744, "GCC": 0.1780747933461438}}