{"rate-5": {"ANB_G": 0.0003030121068101491, "SP": 47.161061745272264, "ANB": 0.0001919269852621452, "ACC": 0.007062043776040014, "CC": 329, "QCS": 0.3057372802237563, "SCS": {"ori-": 9.741122395409375, "sam_": 8.106331922829227, "ori-av": 0.013681351678945752, "sam_av": 0.022770595288846143, "sam_/ori_av": 1.6643527498739645}, "DDC": 0.00025762729052836164, "LCC": 0.06404316278793265, "GCC": 0.19136960600375236}, "rate-10": {"ANB_G": 0.0004749611989120993, "SP": 86.86424512987013, "ANB": 0.0009075815172127598, "ACC": 0.026876793141007493, "CC": 457, "QCS": 0.38570033862076986, "SCS": {"ori-": 17.350257914454406, "sam_": 14.314939189269081, "ori-av": 0.016215194312574212, "sam_av": 0.02675689568087679, "sam_/ori_av": 1.6501125527757583}, "DDC": 0.9642070029795693, "LCC": 0.10970315393268854, "GCC": 0.1388888888888889}, "rate-15": {"ANB_G": 0.0005000544182976728, "SP": 100.5954730903186, "ANB": 0.0010430889739108965, "ACC": 0.05530202556251944, "CC": 509, "QCS": 0.3050645547716221, "SCS": {"ori-": 25.210001843543978, "sam_": 20.43987769773562, "ori-av": 0.020297908086589354, "sam_av": 0.03291445684015398, "sam_/ori_av": 1.621568917335884}, "DDC": 0.8006038828150178, "LCC": 0.12833420298449888, "GCC": 0.11556456643792888}, "rate-20": {"ANB_G": 0.00037515719134541086, "SP": 106.71890456892821, "ANB": 0.0010071225345069572, "ACC": 0.06739567437952147, "CC": 557, "QCS": 0.2914165884471217, "SCS": {"ori-": 30.51757425156554, "sam_": 24.56618099286503, "ori-av": 0.021582442893610707, "sam_av": 0.034747073540120264, "sam_/ori_av": 1.6099694418932915}, "DDC": 0.07381184954682996, "LCC": 0.15208784643250217, "GCC": 0.16562918981038116}, "rate-25": {"ANB_G": 0.00037619250751812206, "SP": 130.01887227218717, "ANB": 0.0009078872713020088, "ACC": 0.08496080080460258, "CC": 563, "QCS": 0.5756683559349685, "SCS": {"ori-": 35.33317314734914, "sam_": 28.05865373590303, "ori-av": 0.024502893999548643, "sam_av": 0.03891630199154373, "sam_/ori_av": 1.5882328835222725}, "DDC": 0.9827160546527041, "LCC": 0.1951457797295381, "GCC": 0.1881296779999561}, "rate-30": {"ANB_G": 0.0004359982933044445, "SP": 141.3424475213625, "ANB": 0.0007737943458508687, "ACC": 0.10911144920452553, "CC": 552, "QCS": 0.6407246813837387, "SCS": {"ori-": 39.50840259766894, "sam_": 30.827724885143958, "ori-av": 0.027322546748042145, "sam_av": 0.04263862363090451, "sam_/ori_av": 1.5605654928181198}, "DDC": 0.3209851361632099, "LCC": 0.22616463607104514, "GCC": 0.1759221395272757}, "rate-35": {"ANB_G": 0.0003930786949802445, "SP": 146.0606402494112, "ANB": 0.0007674196525618223, "ACC": 0.11214582515477327, "CC": 564, "QCS": 0.4839828784512906, "SCS": {"ori-": 43.78781325774243, "sam_": 33.557310706640784, "ori-av": 0.029546432697532002, "sam_av": 0.04528651917225477, "sam_/ori_av": 1.532723751657422}, "DDC": 0.5762083202228934, "LCC": 0.23159330178008045, "GCC": 0.1841490949447017}, "rate-40": {"ANB_G": 0.00040031352050472, "SP": 111.33027295857322, "ANB": 0.0007660169818885829, "ACC": 0.129202020801611, "CC": 515, "QCS": 0.7048158436898552, "SCS": {"ori-": 48.00259689838729, "sam_": 36.16420352156641, "ori-av": 0.03261045984944789, "sam_av": 0.049136146089084794, "sam_/ori_av": 1.506760294578204}, "DDC": 0.8889337326247921, "LCC": 0.2452504396293128, "GCC": 0.17153164635023743}}