{"rate-5": {"ANB_G": 0.0003389033679274942, "SP": 71.4118326118326, "ANB": 0.00010111410159706103, "ACC": 0.0027699002888590825, "CC": 328, "QCS": 0.26152616676515245, "SCS": {"ori-": 8.976307817145326, "sam_": 7.61789349728173, "ori-av": 0.012678400871674189, "sam_av": 0.02151947315616308, "sam_/ori_av": 1.697333391961239}, "DDC": 3.279320808624586e-05, "LCC": 0.04707112970711297, "GCC": 0.24170616113744076}, "rate-10": {"ANB_G": 0.00033406995360737166, "SP": 97.26149152594935, "ANB": 0.0008757485164002987, "ACC": 0.016817326728707865, "CC": 485, "QCS": 0.2513268623274887, "SCS": {"ori-": 18.937322994529094, "sam_": 15.580180769664558, "ori-av": 0.016878184487102578, "sam_av": 0.02777215823469618, "sam_/ori_av": 1.6454470121426985}, "DDC": 0.001043902314148859, "LCC": 0.09105055025557116, "GCC": 0.17932148626817448}, "rate-15": {"ANB_G": 0.0003791256701859915, "SP": 104.7490035134772, "ANB": 0.000988194884195717, "ACC": 0.04387407618397694, "CC": 526, "QCS": 0.6473380928271767, "SCS": {"ori-": 24.39332304104874, "sam_": 19.943611672983135, "ori-av": 0.01890955274499902, "sam_av": 0.03092032817516765, "sam_/ori_av": 1.6351697257009477}, "DDC": 6.326831047953618e-08, "LCC": 0.14970547772129048, "GCC": 0.20409134157944814}, "rate-20": {"ANB_G": 0.0005588220173474759, "SP": 114.47443490927076, "ANB": 0.0008429076465303202, "ACC": 0.09001752174384808, "CC": 521, "QCS": 0.47255025715420446, "SCS": {"ori-": 30.95703423170376, "sam_": 24.695099641015084, "ori-av": 0.023136796884681433, "sam_av": 0.03691345237819893, "sam_/ori_av": 1.5954435076809979}, "DDC": 0.9999954546362675, "LCC": 0.1942627730013686, "GCC": 0.12357336220898754}, "rate-25": {"ANB_G": 0.00035119137261957457, "SP": 141.25251182013514, "ANB": 0.0010087921077006755, "ACC": 0.07616681239826463, "CC": 582, "QCS": 0.4666599145430179, "SCS": {"ori-": 36.49392986638667, "sam_": 28.959589175557454, "ori-av": 0.023883461954441538, "sam_av": 0.037905221433975726, "sam_/ori_av": 1.5870907453149439}, "DDC": 1.0488343527015331e-10, "LCC": 0.16557589018237442, "GCC": 0.18234965034965034}, "rate-30": {"ANB_G": 0.00040226388566456304, "SP": 124.91249341208041, "ANB": 0.0008906936949732086, "ACC": 0.10372442103077355, "CC": 549, "QCS": 0.506374285688228, "SCS": {"ori-": 39.38913796686753, "sam_": 30.839490188320994, "ori-av": 0.027015869661774713, "sam_av": 0.04230382741882167, "sam_/ori_av": 1.5658880483376845}, "DDC": 1.0, "LCC": 0.21866755394370987, "GCC": 0.16298348815553385}, "rate-35": {"ANB_G": 0.0004351506561582485, "SP": 131.425651694568, "ANB": 0.0007177205297648779, "ACC": 0.1227579359705815, "CC": 532, "QCS": 0.543132765622583, "SCS": {"ori-": 42.4167636857084, "sam_": 32.21368678812942, "ori-av": 0.029620645031919277, "sam_av": 0.044991182664985224, "sam_/ori_av": 1.518912995193137}, "DDC": 0.4762445314346415, "LCC": 0.23721780877613705, "GCC": 0.16118495559396792}, "rate-40": {"ANB_G": 0.0003559462433000476, "SP": 135.15035595664853, "ANB": 0.0007803664636438839, "ACC": 0.12072087716630629, "CC": 544, "QCS": 0.5044463267502436, "SCS": {"ori-": 48.906930137448896, "sam_": 36.89009530003302, "ori-av": 0.03238869545526417, "sam_av": 0.04886105337752718, "sam_/ori_av": 1.508583556414457}, "DDC": 4.154936394940023e-10, "LCC": 0.23871713334441652, "GCC": 0.2021689007436877}}