{"rate-5": {"ANB_G": 0.000386097228315916, "SP": 51.046049602571344, "ANB": 0.00037170995868677196, "ACC": 0.007398611764785992, "CC": 314, "QCS": 0.3425561212176764, "SCS": {"ori-": 9.930718590058524, "sam_": 8.205878347236283, "ori-av": 0.014821968044863468, "sam_av": 0.02449515924548144, "sam_/ori_av": 1.6526252904701277}, "DDC": 0.0039844111565666696, "LCC": 0.056948595337716665, "GCC": 0.2425531914893617}, "rate-10": {"ANB_G": 0.00034036611693545366, "SP": 95.85965897242149, "ANB": 0.0007643548279913449, "ACC": 0.018561113879955498, "CC": 508, "QCS": 0.33977601087068754, "SCS": {"ori-": 17.535331674304512, "sam_": 14.640577241885262, "ori-av": 0.015408903052991663, "sam_av": 0.025730364221239477, "sam_/ori_av": 1.6698375045096987}, "DDC": 1.2105584445976092e-07, "LCC": 0.0770213562792938, "GCC": 0.2112}, "rate-15": {"ANB_G": 0.00042201739233897414, "SP": 103.11858186673139, "ANB": 0.0009616439708929621, "ACC": 0.04698160252196178, "CC": 547, "QCS": 0.5075525766465907, "SCS": {"ori-": 26.53300129297406, "sam_": 21.158801849819387, "ori-av": 0.019889806066697196, "sam_av": 0.03172234160392712, "sam_/ori_av": 1.5949045203131422}, "DDC": 0.9998615800450715, "LCC": 0.14969608217920977, "GCC": 0.166044776119403}, "rate-20": {"ANB_G": 0.0003634901513014905, "SP": 121.14955878237103, "ANB": 0.001074050476321844, "ACC": 0.06425526223244091, "CC": 560, "QCS": 0.5051066771486655, "SCS": {"ori-": 30.04002154324076, "sam_": 23.99929882484829, "ori-av": 0.021365591424780055, "sam_av": 0.034138405156256456, "sam_/ori_av": 1.5978216786764137}, "DDC": 0.8888700945219916, "LCC": 0.16958012182655707, "GCC": 0.18109366369446855}, "rate-25": {"ANB_G": 0.0003326204119478868, "SP": 145.37249802224568, "ANB": 0.0009264917416959992, "ACC": 0.07052522838471455, "CC": 605, "QCS": 0.566337651936059, "SCS": {"ori-": 35.05934110214571, "sam_": 28.142796958324812, "ori-av": 0.022914602027546215, "sam_av": 0.036787969880163154, "sam_/ori_av": 1.6054378703998184}, "DDC": 0.17583502908623105, "LCC": 0.18645439803458422, "GCC": 0.18802102210945995}, "rate-30": {"ANB_G": 0.00030152260717174575, "SP": 139.79501804778616, "ANB": 0.0009387854131418759, "ACC": 0.0849673324117205, "CC": 592, "QCS": 0.4919807294138774, "SCS": {"ori-": 40.54565327142953, "sam_": 32.02272691647975, "ori-av": 0.025726937354967977, "sam_av": 0.04063797832040577, "sam_/ori_av": 1.5795886529244574}, "DDC": 8.637535131583718e-14, "LCC": 0.20850429273958507, "GCC": 0.21438635381638518}, "rate-35": {"ANB_G": 0.0003877497515313968, "SP": 146.36389916722777, "ANB": 0.0007997477390696031, "ACC": 0.11210816339241333, "CC": 571, "QCS": 0.3654962452272485, "SCS": {"ori-": 43.50263930159877, "sam_": 33.54184624101231, "ori-av": 0.029118232464256204, "sam_av": 0.04490206993442076, "sam_/ori_av": 1.5420602878124503}, "DDC": 0.9997680065536018, "LCC": 0.23109897347157946, "GCC": 0.167847423700605}, "rate-40": {"ANB_G": 0.00033434847832724846, "SP": 127.24483449463654, "ANB": 0.0008318685344416456, "ACC": 0.11219343961478709, "CC": 571, "QCS": 0.5135661656601559, "SCS": {"ori-": 46.15277747193703, "sam_": 35.21627377731307, "ori-av": 0.03004738116662567, "sam_av": 0.04585452314754306, "sam_/ori_av": 1.526073866246778}, "DDC": 1.3751222383007189e-11, "LCC": 0.22983985203177973, "GCC": 0.196112038248162}}