{"rate-5": {"ANB_G": 0.0003224482408460203, "SP": 55.26372628403589, "ANB": 0.00016496691042407335, "ACC": 0.0043458439209543035, "CC": 318, "QCS": 0.27867488351475633, "SCS": {"ori-": 8.843416979387463, "sam_": 7.50772635596259, "ori-av": 0.012742675762806143, "sam_av": 0.02163609900853772, "sam_/ori_av": 1.6979243144277496}, "DDC": 0.01691085615451149, "LCC": 0.05603476021886065, "GCC": 0.20300751879699247}, "rate-10": {"ANB_G": 0.00038022026857865206, "SP": 100.57448605848037, "ANB": 0.0008061145447031272, "ACC": 0.021911078638306148, "CC": 465, "QCS": 0.4355251641812885, "SCS": {"ori-": 16.57723806023098, "sam_": 13.804108741782521, "ori-av": 0.015292655037113448, "sam_av": 0.02546883531694192, "sam_/ori_av": 1.6654292701386448}, "DDC": 0.944344426666502, "LCC": 0.10243254197623819, "GCC": 0.167574931880109}, "rate-15": {"ANB_G": 0.00036196391884982444, "SP": 114.30772219788878, "ANB": 0.0009795197054578084, "ACC": 0.04665281010676768, "CC": 508, "QCS": 0.3315774544810655, "SCS": {"ori-": 24.712176693885343, "sam_": 19.94673254509158, "ori-av": 0.01945840684557901, "sam_av": 0.0314121772363647, "sam_/ori_av": 1.6143242088445493}, "DDC": 1.1123357790410182e-10, "LCC": 0.13734380412014957, "GCC": 0.23210161662817552}, "rate-20": {"ANB_G": 0.00036852223685971417, "SP": 105.19518337808043, "ANB": 0.001108847480775518, "ACC": 0.07065836902344799, "CC": 542, "QCS": 0.5188875550045091, "SCS": {"ori-": 29.81842796459031, "sam_": 23.803541860181642, "ori-av": 0.021893118916732974, "sam_av": 0.03495380596208758, "sam_/ori_av": 1.596565847699858}, "DDC": 1.7339661562143505e-07, "LCC": 0.16796761184042697, "GCC": 0.19931241942415126}, "rate-25": {"ANB_G": 0.00035996983588681974, "SP": 136.68034705687273, "ANB": 0.0008953720780692368, "ACC": 0.07375714793570827, "CC": 634, "QCS": 0.6023712903228093, "SCS": {"ori-": 35.28465938380675, "sam_": 28.21186493720749, "ori-av": 0.022135921821710633, "sam_av": 0.03539757206675971, "sam_/ori_av": 1.5991008800926565}, "DDC": 0.9999995966438078, "LCC": 0.19172243367204356, "GCC": 0.18208661417322836}, "rate-30": {"ANB_G": 0.00035925245799396275, "SP": 141.14850519850518, "ANB": 0.0008646413303294611, "ACC": 0.0957211937310706, "CC": 572, "QCS": 0.6133398240970289, "SCS": {"ori-": 39.96809838263696, "sam_": 31.029985937914752, "ori-av": 0.02671664330390171, "sam_av": 0.04148393841967213, "sam_/ori_av": 1.5527376679694562}, "DDC": 0.03278046511386168, "LCC": 0.21781937734941803, "GCC": 0.18750272090087214}, "rate-35": {"ANB_G": 0.0004358841708752518, "SP": 102.18772654378445, "ANB": 0.0008502979367742196, "ACC": 0.12756349791298427, "CC": 499, "QCS": 0.5403097163601818, "SCS": {"ori-": 41.452252725196665, "sam_": 31.693829299237517, "ori-av": 0.03016903400669335, "sam_av": 0.04613366710223802, "sam_/ori_av": 1.5291728297300713}, "DDC": 0.9999163170490178, "LCC": 0.23165775693314467, "GCC": 0.15208682077228355}, "rate-40": {"ANB_G": 0.00040759191359500705, "SP": 107.20940014918381, "ANB": 0.0007684439888937596, "ACC": 0.13550465838620235, "CC": 503, "QCS": 0.6482018781996769, "SCS": {"ori-": 46.46985498335426, "sam_": 35.01758704127091, "ori-av": 0.033192753559538754, "sam_av": 0.050025124344672725, "sam_/ori_av": 1.5071098050043148}, "DDC": 1.0, "LCC": 0.24572005437224112, "GCC": 0.15198374388182273}}