{"rate-5": {"ANB_G": 0.0003835397706381623, "SP": 50.69565283477732, "ANB": 0.00037161781899149477, "ACC": 0.0061472207042719725, "CC": 324, "QCS": 0.22046084860034185, "SCS": {"ori-": 9.281165295329005, "sam_": 7.828769473253041, "ori-av": 0.01289050735462362, "sam_av": 0.021746581870147334, "sam_/ori_av": 1.687022959755512}, "DDC": 0.00019104833274474764, "LCC": 0.043483399445742546, "GCC": 0.2810304449648712}, "rate-10": {"ANB_G": 0.00029164954190339813, "SP": 107.54914360956262, "ANB": 0.0008939141998329884, "ACC": 0.012537658960927543, "CC": 489, "QCS": 0.29208044689680884, "SCS": {"ori-": 16.286894111243583, "sam_": 13.604112385024886, "ori-av": 0.014672877577696922, "sam_av": 0.024511914207252045, "sam_/ori_av": 1.670559443943747}, "DDC": 0.00011338280944717116, "LCC": 0.07981144140305114, "GCC": 0.1987179487179487}, "rate-15": {"ANB_G": 0.00033117319869724375, "SP": 109.92980252695772, "ANB": 0.0009371299982575171, "ACC": 0.0428508176472895, "CC": 556, "QCS": 0.31850164299948536, "SCS": {"ori-": 26.414779831808602, "sam_": 21.272470329738507, "ori-av": 0.0197715417902759, "sam_av": 0.0318450154636804, "sam_/ori_av": 1.6106490733738585}, "DDC": 7.279643304825001e-07, "LCC": 0.1272268950354895, "GCC": 0.1989816427710036}, "rate-20": {"ANB_G": 0.0003565072441816439, "SP": 105.18961555641317, "ANB": 0.0009336066586577449, "ACC": 0.06753566985195499, "CC": 550, "QCS": 0.48685926331600937, "SCS": {"ori-": 29.98730965569091, "sam_": 24.145050406069966, "ori-av": 0.022017114284648247, "sam_av": 0.03545528693989716, "sam_/ori_av": 1.6103512241210864}, "DDC": 0.08615872685588188, "LCC": 0.1808853373710637, "GCC": 0.17933012870212436}, "rate-25": {"ANB_G": 0.00032349570187164417, "SP": 133.03465776089573, "ANB": 0.0008598332769906867, "ACC": 0.07562989777560318, "CC": 599, "QCS": 0.4373597772087706, "SCS": {"ori-": 36.203560420104886, "sam_": 28.45211161397866, "ori-av": 0.02400766606107751, "sam_av": 0.03773489603975949, "sam_/ori_av": 1.5717852765761886}, "DDC": 0.00012563083255812124, "LCC": 0.18847185446166934, "GCC": 0.2104971577223239}, "rate-30": {"ANB_G": 0.000383320919419612, "SP": 147.17836035576764, "ANB": 0.0007651035479741381, "ACC": 0.09914031431729198, "CC": 608, "QCS": 0.5196995125548798, "SCS": {"ori-": 41.24635271875335, "sam_": 32.33649639788903, "ori-av": 0.02610528653085655, "sam_av": 0.04093227392137852, "sam_/ori_av": 1.5679687665177093}, "DDC": 0.5871737527239382, "LCC": 0.21247063976005512, "GCC": 0.19349788352629646}, "rate-35": {"ANB_G": 0.00040422361410749424, "SP": 109.88255090748436, "ANB": 0.0008797806536562226, "ACC": 0.11984774449252443, "CC": 501, "QCS": 0.654403421944469, "SCS": {"ori-": 42.681836676928874, "sam_": 32.253385923913775, "ori-av": 0.031109210405924837, "sam_av": 0.04701659755672562, "sam_/ori_av": 1.5113401125658648}, "DDC": 1.0, "LCC": 0.236933205471673, "GCC": 0.1504231269777305}, "rate-40": {"ANB_G": 0.0004011378111896616, "SP": 139.92594688910577, "ANB": 0.0007383909416746406, "ACC": 0.12437885522687234, "CC": 542, "QCS": 0.43408803083027414, "SCS": {"ori-": 49.19041566156135, "sam_": 36.9443446208992, "ori-av": 0.03283739363255097, "sam_av": 0.04932489268477864, "sam_/ori_av": 1.5020952404664658}, "DDC": 0.8589150817438989, "LCC": 0.25764811479741834, "GCC": 0.1702683645111784}}