{"rate-5": {"ANB_G": 0.00041687815061445144, "SP": 59.67070221445222, "ANB": 0.0001671414072326123, "ACC": 0.0048497740567703, "CC": 325, "QCS": 0.22278049241750605, "SCS": {"ori-": 9.59830570121337, "sam_": 7.993000341220492, "ori-av": 0.01363395696195081, "sam_av": 0.022707387333012762, "sam_/ori_av": 1.6655023480258724}, "DDC": 0.15709796960766165, "LCC": 0.041736401673640164, "GCC": 0.19436619718309858}, "rate-10": {"ANB_G": 0.000539672658189666, "SP": 69.13296462166586, "ANB": 0.0010994084706046822, "ACC": 0.03437812344763613, "CC": 438, "QCS": 0.5467472006703654, "SCS": {"ori-": 17.58777026185506, "sam_": 14.372104482510748, "ori-av": 0.016976612221867818, "sam_av": 0.027745375448862446, "sam_/ori_av": 1.6343293400507335}, "DDC": 0.21734406798771355, "LCC": 0.11101706072136253, "GCC": 0.12816659510519537}, "rate-15": {"ANB_G": 0.00041213956982696605, "SP": 103.84676571410552, "ANB": 0.0010475611359365494, "ACC": 0.0502534467589697, "CC": 516, "QCS": 0.46921652176058365, "SCS": {"ori-": 22.243068844298065, "sam_": 18.354221980692476, "ori-av": 0.017486689343001623, "sam_av": 0.028858839592283768, "sam_/ori_av": 1.6503318053072986}, "DDC": 0.07709455312597147, "LCC": 0.15821588695331737, "GCC": 0.17589928057553958}, "rate-20": {"ANB_G": 0.0002887692619459851, "SP": 144.1900027811725, "ANB": 0.0007334920008644662, "ACC": 0.045656674045176544, "CC": 640, "QCS": 0.5105868730566544, "SCS": {"ori-": 32.785861582793835, "sam_": 26.327358308161802, "ori-av": 0.02088271438394512, "sam_av": 0.03353803606135261, "sam_/ori_av": 1.6060189994810758}, "DDC": 1.2638736723857846e-09, "LCC": 0.15498530340660527, "GCC": 0.2193151212004617}, "rate-25": {"ANB_G": 0.00036663835100324163, "SP": 123.30001661456535, "ANB": 0.000939735805841838, "ACC": 0.08062033798584262, "CC": 596, "QCS": 0.573082782319827, "SCS": {"ori-": 36.442848579523606, "sam_": 28.9279838478544, "ori-av": 0.023664187389301043, "sam_av": 0.0375688101920187, "sam_/ori_av": 1.5875808272632324}, "DDC": 0.034513980634711006, "LCC": 0.2012967163697767, "GCC": 0.19340130009820886}, "rate-30": {"ANB_G": 0.0004059520172127033, "SP": 107.98229032946034, "ANB": 0.0009221779037670749, "ACC": 0.11414558997148753, "CC": 517, "QCS": 0.6381121922442425, "SCS": {"ori-": 39.61670043277944, "sam_": 30.558923675229035, "ori-av": 0.028378725238380687, "sam_av": 0.043780692944454205, "sam_/ori_av": 1.5427293712701087}, "DDC": 0.7333618857269439, "LCC": 0.21663751005861842, "GCC": 0.18699418728940376}, "rate-35": {"ANB_G": 0.00035060543448186323, "SP": 140.12446025972162, "ANB": 0.0008114418638721603, "ACC": 0.11089400811277164, "CC": 545, "QCS": 0.531342271510446, "SCS": {"ori-": 43.64678164086171, "sam_": 33.54127663640946, "ori-av": 0.029491068676257913, "sam_av": 0.045326049508661426, "sam_/ori_av": 1.5369415739468142}, "DDC": 0.03621524465463399, "LCC": 0.21940654406351437, "GCC": 0.2101688282647585}, "rate-40": {"ANB_G": 0.000429128461929475, "SP": 112.28281109579072, "ANB": 0.0007609083462051573, "ACC": 0.14167842097959044, "CC": 472, "QCS": 0.6363360930048882, "SCS": {"ori-": 45.920995354773815, "sam_": 34.35824221398685, "ori-av": 0.03381516594607792, "sam_av": 0.05060124037406016, "sam_/ori_av": 1.4964066849398143}, "DDC": 1.0, "LCC": 0.24626420741445207, "GCC": 0.14578249603783552}}