{"rate-5": {"ANB_G": 0.00034999925181426273, "SP": 47.58801789372466, "ANB": 0.0001808517938898409, "ACC": 0.00481629392219373, "CC": 349, "QCS": 0.5745956120959425, "SCS": {"ori-": 9.150195074255038, "sam_": 7.74359486543178, "ori-av": 0.012432330263933476, "sam_av": 0.021042377351716796, "sam_/ori_av": 1.692552957088125}, "DDC": 3.839783245862538e-05, "LCC": 0.04703128113169953, "GCC": 0.25862068965517243}, "rate-10": {"ANB_G": 0.00040052411445339693, "SP": 78.67632159769728, "ANB": 0.0009551346885194937, "ACC": 0.0330598004475454, "CC": 429, "QCS": 0.7207088729729914, "SCS": {"ori-": 17.796366372660422, "sam_": 14.66506161572241, "ori-av": 0.017111890742942715, "sam_av": 0.02820204156869694, "sam_/ori_av": 1.648096168468585}, "DDC": 0.31111336304590587, "LCC": 0.11155951644623717, "GCC": 0.1574223245109321}, "rate-15": {"ANB_G": 0.0003275560414471542, "SP": 111.21338731144631, "ANB": 0.0010009554984862377, "ACC": 0.04224175341577242, "CC": 553, "QCS": 0.8112644988083281, "SCS": {"ori-": 24.03534941924726, "sam_": 19.642569454959506, "ori-av": 0.018460329815090062, "sam_av": 0.030172917749553774, "sam_/ori_av": 1.6344733843752601}, "DDC": 0.22568215428794947, "LCC": 0.13947642346299527, "GCC": 0.20138363420170793}, "rate-20": {"ANB_G": 0.0003274600049667656, "SP": 128.7917110220069, "ANB": 0.0008809802767892928, "ACC": 0.05736809360578849, "CC": 592, "QCS": 0.7828395608494939, "SCS": {"ori-": 30.44695341550256, "sam_": 24.438806626886336, "ori-av": 0.021085147794669364, "sam_av": 0.03384876264111681, "sam_/ori_av": 1.6053367503392257}, "DDC": 0.06809997317070726, "LCC": 0.157595508749169, "GCC": 0.18029497341226047}, "rate-25": {"ANB_G": 0.000332248012692695, "SP": 124.71761989384017, "ANB": 0.0009587540707308482, "ACC": 0.0767882835636341, "CC": 595, "QCS": 0.9286747282061297, "SCS": {"ori-": 36.2974274509307, "sam_": 28.621052573512348, "ori-av": 0.023942894096919985, "sam_av": 0.037758644556084894, "sam_/ori_av": 1.5770292598396518}, "DDC": 5.1841864134871685e-12, "LCC": 0.18855019603659898, "GCC": 0.19682367700729927}, "rate-30": {"ANB_G": 0.00033590592726901575, "SP": 120.80201590103212, "ANB": 0.0009085048106436118, "ACC": 0.09697320479944321, "CC": 584, "QCS": 0.8665690927186193, "SCS": {"ori-": 41.861872932214524, "sam_": 32.48973977580266, "ori-av": 0.02697285627075678, "sam_av": 0.04186822136057044, "sam_/ori_av": 1.5522353635926498}, "DDC": 0.05017736595746913, "LCC": 0.20525506167872806, "GCC": 0.17040673211781207}, "rate-35": {"ANB_G": 0.00035581975483496743, "SP": 127.7943442893832, "ANB": 0.0008680646927306391, "ACC": 0.10780754404117655, "CC": 579, "QCS": 0.8116278909358572, "SCS": {"ori-": 44.31718590496778, "sam_": 33.98949039782487, "ori-av": 0.029041406228681375, "sam_av": 0.04454716959085829, "sam_/ori_av": 1.5339191649357318}, "DDC": 0.5667447594218801, "LCC": 0.22767808771072515, "GCC": 0.16807594542719304}, "rate-40": {"ANB_G": 0.00037984210000551, "SP": 127.42035448075336, "ANB": 0.0007639556872878443, "ACC": 0.1267801658386379, "CC": 513, "QCS": 0.7167045488476369, "SCS": {"ori-": 47.0571738845739, "sam_": 35.7226958345331, "ori-av": 0.03327947233703953, "sam_av": 0.05052715110966492, "sam_/ori_av": 1.5182677957735824}, "DDC": 0.624691171657969, "LCC": 0.24328627865659924, "GCC": 0.17970905309621832}}