{"rate-5": {"ANB_G": 0.0002970718563804918, "SP": 52.634954193093726, "ANB": 0.00010481811734719942, "ACC": 0.0022493507482399585, "CC": 360, "QCS": 0.6610618999600774, "SCS": {"ori-": 9.931375334050113, "sam_": 8.30454496607838, "ori-av": 0.013067599123750148, "sam_av": 0.021854065700206263, "sam_/ori_av": 1.6723856841067963}, "DDC": 0.021146829648027277, "LCC": 0.01706183170618317, "GCC": 0.09740259740259741}, "rate-10": {"ANB_G": 0.0002865339919567696, "SP": 84.56150723309497, "ANB": 0.0008518559698047802, "ACC": 0.02198956834799062, "CC": 486, "QCS": 0.6917524161089024, "SCS": {"ori-": 18.10995453049966, "sam_": 15.037910823821191, "ori-av": 0.016315274351801495, "sam_av": 0.02709533481769584, "sam_/ori_av": 1.6607342440860662}, "DDC": 1.9231727321766812e-11, "LCC": 0.10280935274013055, "GCC": 0.2}, "rate-15": {"ANB_G": 0.0003247244241611098, "SP": 128.64591400676744, "ANB": 0.0008864545574318833, "ACC": 0.035329550802583466, "CC": 552, "QCS": 0.7782059506700241, "SCS": {"ori-": 23.9570840227722, "sam_": 19.756280731929795, "ori-av": 0.017985798815895047, "sam_av": 0.02966408518307777, "sam_/ori_av": 1.6493059600367583}, "DDC": 5.462639229847355e-10, "LCC": 0.13917520853049584, "GCC": 0.23561988672120832}, "rate-20": {"ANB_G": 0.00046663798529533246, "SP": 113.32811914372668, "ANB": 0.0008160297468778655, "ACC": 0.07375907631767961, "CC": 552, "QCS": 0.6705310533469345, "SCS": {"ori-": 31.400973852167844, "sam_": 24.906289891324835, "ori-av": 0.022754328878382496, "sam_av": 0.03609607230626788, "sam_/ori_av": 1.586338691824067}, "DDC": 0.917146827426906, "LCC": 0.18719997340212519, "GCC": 0.17294327294327294}, "rate-25": {"ANB_G": 0.0004167618537242165, "SP": 131.4243243201871, "ANB": 0.0008137172666808607, "ACC": 0.09109206429000336, "CC": 585, "QCS": 0.7344478574815403, "SCS": {"ori-": 34.9383810795116, "sam_": 27.893451493125085, "ori-av": 0.023016061317201318, "sam_av": 0.03675026547183806, "sam_/ori_av": 1.5967226088493398}, "DDC": 0.9999999841023757, "LCC": 0.19029166110432336, "GCC": 0.1452555520136011}, "rate-30": {"ANB_G": 0.00039276198038838, "SP": 141.2038123080003, "ANB": 0.0008639671342772728, "ACC": 0.09589622584937486, "CC": 589, "QCS": 0.892441433076678, "SCS": {"ori-": 40.30531311825765, "sam_": 31.14897476954044, "ori-av": 0.026978121230426807, "sam_av": 0.041698761405007286, "sam_/ori_av": 1.545651049932197}, "DDC": 0.9999999640402127, "LCC": 0.21498658402956455, "GCC": 0.1626020826546545}, "rate-35": {"ANB_G": 0.00034223812882491094, "SP": 140.6243331499421, "ANB": 0.0008295152331649171, "ACC": 0.10625758601370291, "CC": 546, "QCS": 0.7889308747321674, "SCS": {"ori-": 45.5397745525163, "sam_": 34.85395021145528, "ori-av": 0.030400383546406073, "sam_av": 0.04653397892050104, "sam_/ori_av": 1.5307036784410004}, "DDC": 6.997957768817287e-12, "LCC": 0.22483873097984733, "GCC": 0.19791084794994973}, "rate-40": {"ANB_G": 0.00033222282428432636, "SP": 136.50068881077274, "ANB": 0.0008213265033063578, "ACC": 0.11490268832975307, "CC": 553, "QCS": 0.7237298326066751, "SCS": {"ori-": 48.520959207849984, "sam_": 36.566114344761324, "ori-av": 0.032005909767711074, "sam_av": 0.048240256391505705, "sam_/ori_av": 1.5072296566983554}, "DDC": 3.267763837300208e-11, "LCC": 0.2352509058538106, "GCC": 0.2084603217468462}}