{"rate-5": {"ANB_G": 0.00044589081190666056, "SP": 59.36745476745477, "ANB": 0.00034342307223671025, "ACC": 0.004896459134395106, "CC": 320, "QCS": 0.4939146576823277, "SCS": {"ori-": 9.565080436387882, "sam_": 7.961485850706184, "ori-av": 0.013510000616367066, "sam_av": 0.02249007302459374, "sam_/ori_av": 1.6646981494099649}, "DDC": 5.682643630422479e-05, "LCC": 0.03973627488271839, "GCC": 0.15079365079365079}, "rate-10": {"ANB_G": 0.0003639957189787411, "SP": 113.21333715555271, "ANB": 0.0007277226515532579, "ACC": 0.019525691446695605, "CC": 441, "QCS": 0.7936266691914236, "SCS": {"ori-": 18.087772957253332, "sam_": 14.788164510172427, "ori-av": 0.017526911780284236, "sam_av": 0.02865923354684579, "sam_/ori_av": 1.6351559194292367}, "DDC": 0.9998550683536659, "LCC": 0.10779048052592403, "GCC": 0.12202271894466837}, "rate-15": {"ANB_G": 0.0003301155817936998, "SP": 108.11994778690472, "ANB": 0.0008417356558148868, "ACC": 0.04411837754497577, "CC": 538, "QCS": 0.8804680295872332, "SCS": {"ori-": 26.020139528920016, "sam_": 20.762846587906388, "ori-av": 0.019623031318944203, "sam_av": 0.0313165106906582, "sam_/ori_av": 1.5959058609066703}, "DDC": 0.07603932222401832, "LCC": 0.13678152336645216, "GCC": 0.16545123062898814}, "rate-20": {"ANB_G": 0.0004757804210429214, "SP": 126.17177446615165, "ANB": 0.000925600719681643, "ACC": 0.07154491341091687, "CC": 532, "QCS": 0.8541427142260684, "SCS": {"ori-": 30.71231771919482, "sam_": 24.6360235078678, "ori-av": 0.022885482652157094, "sam_av": 0.036715385257627124, "sam_/ori_av": 1.6043089768162035}, "DDC": 0.9576515707724925, "LCC": 0.17015401586021406, "GCC": 0.17576733932508054}, "rate-25": {"ANB_G": 0.00044539338026467466, "SP": 144.65998316016515, "ANB": 0.0008067170842328389, "ACC": 0.08678992712739367, "CC": 567, "QCS": 0.8101943078693525, "SCS": {"ori-": 35.20592183922408, "sam_": 27.858226963443673, "ori-av": 0.02500420585172165, "sam_av": 0.039571345118527945, "sam_/ori_av": 1.5825875595966301}, "DDC": 0.836105270644566, "LCC": 0.19956209531328656, "GCC": 0.16658683781971453}, "rate-30": {"ANB_G": 0.00041320021689198475, "SP": 125.53018308338771, "ANB": 0.0008535243092981433, "ACC": 0.10087362186062639, "CC": 567, "QCS": 0.7599146199147483, "SCS": {"ori-": 41.6852923772501, "sam_": 32.04398002477278, "ori-av": 0.02760615389221861, "sam_av": 0.042442357648705666, "sam_/ori_av": 1.5374237865372822}, "DDC": 0.541967454120889, "LCC": 0.21524275149539934, "GCC": 0.1495578481945468}, "rate-35": {"ANB_G": 0.0003783480538718012, "SP": 126.75422170631393, "ANB": 0.0008607145682958762, "ACC": 0.112812093349599, "CC": 548, "QCS": 0.7805715551439806, "SCS": {"ori-": 43.17475324690557, "sam_": 33.09826410798284, "ori-av": 0.029734678544700802, "sam_av": 0.045589895465541104, "sam_/ori_av": 1.5332230814940475}, "DDC": 0.46210549247855637, "LCC": 0.23699773058573526, "GCC": 0.1845170578483553}, "rate-40": {"ANB_G": 0.0004025760202083161, "SP": 131.55033849299963, "ANB": 0.0007203346562143555, "ACC": 0.1278312491886954, "CC": 566, "QCS": 0.7731535834184413, "SCS": {"ori-": 48.53145562258938, "sam_": 36.88265321841161, "ori-av": 0.03209752355991361, "sam_av": 0.04878657833123229, "sam_/ori_av": 1.5199483611303126}, "DDC": 0.9892087737043319, "LCC": 0.23749933349662933, "GCC": 0.15893202178113472}}