{"rate-5": {"ANB_G": 0.0003594093044718051, "SP": 61.22583680687129, "ANB": 0.0001116733106758137, "ACC": 0.003914634614914995, "CC": 314, "QCS": 0.6251256033970648, "SCS": {"ori-": 8.997680512607397, "sam_": 7.6241304816348325, "ori-av": 0.013040116684938256, "sam_av": 0.022098928932274876, "sam_/ori_av": 1.6946879745178838}, "DDC": 1.9304737773895297e-06, "LCC": 0.04166168559474, "GCC": 0.17647058823529413}, "rate-10": {"ANB_G": 0.0002991314513986531, "SP": 97.67366250023846, "ANB": 0.0005836348662267679, "ACC": 0.016978725717718118, "CC": 508, "QCS": 0.722105755541092, "SCS": {"ori-": 17.799054696000066, "sam_": 14.848685209954082, "ori-av": 0.015370513554404202, "sam_av": 0.02564539759922985, "sam_/ori_av": 1.66848020454603}, "DDC": 1.2105584445976092e-07, "LCC": 0.11137991380730738, "GCC": 0.22871664548919948}, "rate-15": {"ANB_G": 0.0003616222262881476, "SP": 115.23917649518367, "ANB": 0.0009079895808031305, "ACC": 0.04541162857755838, "CC": 517, "QCS": 0.7817597115831636, "SCS": {"ori-": 23.89159526143813, "sam_": 19.578273988254658, "ori-av": 0.019205462428808787, "sam_av": 0.03147632473995926, "sam_/ori_av": 1.6389256367367546}, "DDC": 2.641619926135874e-07, "LCC": 0.14319969206053876, "GCC": 0.2122436295835923}, "rate-20": {"ANB_G": 0.00036871855453747483, "SP": 130.27201795593862, "ANB": 0.0008978556246060146, "ACC": 0.06229673158999692, "CC": 578, "QCS": 0.7647976475135859, "SCS": {"ori-": 29.061583681212927, "sam_": 23.619765300003966, "ori-av": 0.020181655334175645, "sam_av": 0.03280522958333884, "sam_/ori_av": 1.6254974649074705}, "DDC": 0.3441440321879222, "LCC": 0.17509558130691014, "GCC": 0.16928331124477522}, "rate-25": {"ANB_G": 0.0003245927983143207, "SP": 146.36098204728722, "ANB": 0.0008013324751872123, "ACC": 0.06866305634590768, "CC": 643, "QCS": 0.8882231355240007, "SCS": {"ori-": 37.5077556024556, "sam_": 29.707434502519074, "ori-av": 0.023010893007641475, "sam_av": 0.0364508398803915, "sam_/ori_av": 1.5840688959045126}, "DDC": 9.658940314238862e-15, "LCC": 0.19871771560058574, "GCC": 0.2175741540175463}, "rate-30": {"ANB_G": 0.0003557579275455275, "SP": 120.5164756387267, "ANB": 0.0009041887338019289, "ACC": 0.09768266375459128, "CC": 551, "QCS": 0.7633043415643023, "SCS": {"ori-": 41.33259920056989, "sam_": 31.913384503517143, "ori-av": 0.02785215579553227, "sam_av": 0.04300995216107432, "sam_/ori_av": 1.544223451743491}, "DDC": 0.04200054654276353, "LCC": 0.21472310684059479, "GCC": 0.18012002702595287}, "rate-35": {"ANB_G": 0.0003606986903400266, "SP": 144.26013208178125, "ANB": 0.0009240524587933847, "ACC": 0.10163025402346647, "CC": 557, "QCS": 0.7576222987599741, "SCS": {"ori-": 45.663600885729565, "sam_": 34.912111165527214, "ori-av": 0.02946038766821262, "sam_av": 0.04504788537487382, "sam_/ori_av": 1.5291002237380573}, "DDC": 0.7947081681051266, "LCC": 0.21107603934937477, "GCC": 0.18011310821728593}, "rate-40": {"ANB_G": 0.00040476256705025503, "SP": 133.0829906612914, "ANB": 0.0007390893540092572, "ACC": 0.13248840760119615, "CC": 513, "QCS": 0.6900721238222848, "SCS": {"ori-": 47.149844798279396, "sam_": 35.44083098829276, "ori-av": 0.03207472435257102, "sam_av": 0.048218817671146615, "sam_/ori_av": 1.5033275778496762}, "DDC": 0.9996584065801584, "LCC": 0.23686479211085854, "GCC": 0.15260319750882922}}