{"rate-5": {"ANB_G": 0.00034551757503295305, "SP": 68.12055003819711, "ANB": 3.761142361210161e-05, "ACC": 0.0025495933348561157, "CC": 341, "QCS": 0.5346281072780583, "SCS": {"ori-": 8.686168235156474, "sam_": 7.393567026465178, "ori-av": 0.011801859015158253, "sam_av": 0.020091214745829287, "sam_/ori_av": 1.7023771187254673}, "DDC": 0.0003829736678082618, "LCC": 0.04275752141860928, "GCC": 0.1956521739130435}, "rate-10": {"ANB_G": 0.0003030413950552423, "SP": 96.41424590734933, "ANB": 0.0006220810851262157, "ACC": 0.018451481293504587, "CC": 507, "QCS": 0.6961745685498804, "SCS": {"ori-": 18.275008660066565, "sam_": 14.988444483327559, "ori-av": 0.015891311878318753, "sam_av": 0.02606685997100445, "sam_/ori_av": 1.6403214643700164}, "DDC": 7.833066184237403e-06, "LCC": 0.07419396909459673, "GCC": 0.1907608695652174}, "rate-15": {"ANB_G": 0.0003891636803844101, "SP": 96.2570604259129, "ANB": 0.0010139539937355686, "ACC": 0.05539185171975973, "CC": 481, "QCS": 0.8066345554893877, "SCS": {"ori-": 24.572154111424364, "sam_": 19.833140510391868, "ori-av": 0.020476795092853637, "sam_av": 0.03305523418398645, "sam_/ori_av": 1.614277724326238}, "DDC": 0.11348468689193647, "LCC": 0.1267884515549312, "GCC": 0.14790156750379235}, "rate-20": {"ANB_G": 0.000392190742249931, "SP": 138.0105394498912, "ANB": 0.0007569776360674609, "ACC": 0.06894653415024937, "CC": 556, "QCS": 0.7571996854191646, "SCS": {"ori-": 29.757564375478374, "sam_": 24.08562535663197, "ori-av": 0.021074762305579586, "sam_av": 0.03411561665245321, "sam_/ori_av": 1.618790103431963}, "DDC": 0.02369121094676996, "LCC": 0.16807901166098935, "GCC": 0.1714017815283638}, "rate-25": {"ANB_G": 0.00033078945116339463, "SP": 120.13778690171742, "ANB": 0.0010879535908982195, "ACC": 0.07933452613486326, "CC": 556, "QCS": 0.8727062778911767, "SCS": {"ori-": 36.75060936921794, "sam_": 28.879613021288705, "ori-av": 0.025240803138199135, "sam_av": 0.039669798106165804, "sam_/ori_av": 1.5716535598714765}, "DDC": 7.539524560229438e-12, "LCC": 0.18715364827974554, "GCC": 0.20760965557845157}, "rate-30": {"ANB_G": 0.00036913259601463, "SP": 155.6301395260029, "ANB": 0.0007414331050827649, "ACC": 0.09600251416593594, "CC": 614, "QCS": 0.6973759087727589, "SCS": {"ori-": 39.05295483015953, "sam_": 30.750178564479125, "ori-av": 0.024748387091355847, "sam_av": 0.038973610347882284, "sam_/ori_av": 1.5747939534005044}, "DDC": 0.004449915223618484, "LCC": 0.20571003546633418, "GCC": 0.1762242346257496}, "rate-35": {"ANB_G": 0.0004039835117787612, "SP": 159.98934064197843, "ANB": 0.0007642339811066977, "ACC": 0.1148591289212318, "CC": 534, "QCS": 0.8278517582324506, "SCS": {"ori-": 45.9384149781718, "sam_": 35.0803882742544, "ori-av": 0.03133589016246371, "sam_av": 0.04785864703172497, "sam_/ori_av": 1.5272790012856683}, "DDC": 0.9985843927401505, "LCC": 0.2198780965481766, "GCC": 0.14793846153846155}, "rate-40": {"ANB_G": 0.0003884333908842146, "SP": 129.9609108099538, "ANB": 0.0008204080912651672, "ACC": 0.1304821748963595, "CC": 456, "QCS": 0.8324373536042431, "SCS": {"ori-": 46.58931601228586, "sam_": 34.9599537133709, "ori-av": 0.035082316274311645, "sam_av": 0.05265053270085979, "sam_/ori_av": 1.5007712800141457}, "DDC": 0.9996318910842541, "LCC": 0.24687374850484325, "GCC": 0.16621505073797915}}