{"rate-5": {"ANB_G": 0.00030293561243485863, "SP": 63.702489177489184, "ANB": 1.8427939055414803e-05, "ACC": 0.002091665905030946, "CC": 352, "QCS": 0.4934357956928442, "SCS": {"ori-": 9.328890752776603, "sam_": 7.884119298419359, "ori-av": 0.012405439830819952, "sam_av": 0.020968402389413186, "sam_/ori_av": 1.6902586829142079}, "DDC": 1.0582364872613326e-05, "LCC": 0.0502092050209205, "GCC": 0.3317307692307692}, "rate-10": {"ANB_G": 0.000313676449579923, "SP": 93.25289216800901, "ANB": 0.0008527423247289374, "ACC": 0.019032734395965565, "CC": 483, "QCS": 0.6909343067184739, "SCS": {"ori-": 18.713239173553742, "sam_": 15.307561148152468, "ori-av": 0.016858774030228597, "sam_av": 0.027581191257932375, "sam_/ori_av": 1.636014054668386}, "DDC": 3.506375018669239e-06, "LCC": 0.08404513569926411, "GCC": 0.2043103448275862}, "rate-15": {"ANB_G": 0.0003260406664678558, "SP": 123.7356081925473, "ANB": 0.0010747087906159815, "ACC": 0.035089966952578606, "CC": 537, "QCS": 0.8044933587768207, "SCS": {"ori-": 24.98554266680509, "sam_": 20.359922498701675, "ori-av": 0.01916069222914501, "sam_av": 0.031226874998008705, "sam_/ori_av": 1.629736265504543}, "DDC": 9.668260017359209e-05, "LCC": 0.14609112193650275, "GCC": 0.2038875681722836}, "rate-20": {"ANB_G": 0.0003728064318761665, "SP": 124.66985040674994, "ANB": 0.000849040202663975, "ACC": 0.06702586730541668, "CC": 580, "QCS": 0.7730368860034441, "SCS": {"ori-": 30.312174505002677, "sam_": 24.51025180424919, "ori-av": 0.020933822171963174, "sam_av": 0.03385393895614529, "sam_/ori_av": 1.6171886184017614}, "DDC": 0.00513783336767204, "LCC": 0.1616438164921334, "GCC": 0.1828832406671962}, "rate-25": {"ANB_G": 0.0003568769890828242, "SP": 125.23012166709255, "ANB": 0.0009128325629025487, "ACC": 0.08116592541413034, "CC": 570, "QCS": 0.7628631413438046, "SCS": {"ori-": 35.74169868532205, "sam_": 28.415617826970706, "ori-av": 0.024149796409001386, "sam_av": 0.038399483549960416, "sam_/ori_av": 1.5900541312906358}, "DDC": 4.165365962927048e-06, "LCC": 0.19644065983377074, "GCC": 0.21358880090497737}, "rate-30": {"ANB_G": 0.00040925175343987957, "SP": 130.74073952379598, "ANB": 0.000841720446795208, "ACC": 0.10284814476913573, "CC": 562, "QCS": 0.7318711734818482, "SCS": {"ori-": 40.39216922422031, "sam_": 31.20438502531347, "ori-av": 0.02729200623258129, "sam_av": 0.04216808787204523, "sam_/ori_av": 1.5450710186964862}, "DDC": 0.7643510940454727, "LCC": 0.2194450237985634, "GCC": 0.16151146390264703}, "rate-35": {"ANB_G": 0.0003322310618478241, "SP": 134.22701848794554, "ANB": 0.0008496979505868783, "ACC": 0.10619939172241016, "CC": 557, "QCS": 0.7950259511763741, "SCS": {"ori-": 44.86081646778385, "sam_": 34.365084900955814, "ori-av": 0.03002732025956081, "sam_av": 0.04600412972015504, "sam_/ori_av": 1.532075767084382}, "DDC": 0.0026955373611555755, "LCC": 0.22019547723801136, "GCC": 0.19890050385924982}, "rate-40": {"ANB_G": 0.00039934736210308616, "SP": 122.04617573207832, "ANB": 0.0007336010212221173, "ACC": 0.13099849273010314, "CC": 524, "QCS": 0.7165503752499731, "SCS": {"ori-": 47.483664472725884, "sam_": 36.19688870644759, "ori-av": 0.032214155001849314, "sam_av": 0.04911382456777149, "sam_/ori_av": 1.5246038446438226}, "DDC": 0.6395549114379184, "LCC": 0.24824335038579212, "GCC": 0.16930114220754613}}