{"rate-5": {"ANB_G": 0.000284768717637423, "SP": 61.23137254901962, "ANB": 3.768513536832325e-05, "ACC": 0.0023281192810387617, "CC": 358, "QCS": 0.5830712343173455, "SCS": {"ori-": 10.000110951611406, "sam_": 8.273956911317935, "ori-av": 0.013227659988903975, "sam_av": 0.021888774897666493, "sam_/ori_av": 1.6547730222902535}, "DDC": 8.745010161570477e-06, "LCC": 0.022698744769874477, "GCC": 0.2423076923076923}, "rate-10": {"ANB_G": 0.00028390171228118296, "SP": 103.05604279589551, "ANB": 0.0006984798278248673, "ACC": 0.015310369001264037, "CC": 495, "QCS": 0.7068327295112428, "SCS": {"ori-": 18.03989522250067, "sam_": 14.956554667235874, "ori-av": 0.01596450904646077, "sam_av": 0.026471778172098892, "sam_/ori_av": 1.6581642501538445}, "DDC": 4.835768153799158e-06, "LCC": 0.10408750929603215, "GCC": 0.20828105395232122}, "rate-15": {"ANB_G": 0.00031122133799541213, "SP": 103.69798833411863, "ANB": 0.0010211672240666102, "ACC": 0.042033209892264424, "CC": 553, "QCS": 0.8249218625046768, "SCS": {"ori-": 23.94869428729151, "sam_": 19.746318247972884, "ori-av": 0.018281446020833213, "sam_av": 0.030147050760263944, "sam_/ori_av": 1.6490517613272437}, "DDC": 1.508612046396962e-08, "LCC": 0.12054649537896946, "GCC": 0.17146735032423466}, "rate-20": {"ANB_G": 0.0003306874369043977, "SP": 120.9890038738475, "ANB": 0.0009562296837405341, "ACC": 0.06446829569441336, "CC": 577, "QCS": 0.8244820157039985, "SCS": {"ori-": 31.38050897444358, "sam_": 24.834988227754053, "ori-av": 0.02228729330571277, "sam_av": 0.03527697191442337, "sam_/ori_av": 1.5828288985356975}, "DDC": 5.79977676995469e-09, "LCC": 0.16728824570556872, "GCC": 0.2010410743187087}, "rate-25": {"ANB_G": 0.0004219277847288913, "SP": 119.8460120211444, "ANB": 0.0009321128047387838, "ACC": 0.09180909795477558, "CC": 543, "QCS": 0.8127245212425623, "SCS": {"ori-": 36.57008433807837, "sam_": 28.570566529338144, "ori-av": 0.025537768392512827, "sam_av": 0.03990302587896389, "sam_/ori_av": 1.5625102892961733}, "DDC": 0.8778437079382935, "LCC": 0.20475613039163687, "GCC": 0.15575680542315432}, "rate-30": {"ANB_G": 0.00034804951491687575, "SP": 125.44341388118862, "ANB": 0.0009472351842325762, "ACC": 0.09624280799601315, "CC": 567, "QCS": 0.8723034903918669, "SCS": {"ori-": 39.68426499652003, "sam_": 30.966387391786302, "ori-av": 0.026211535664808473, "sam_av": 0.0409067204647111, "sam_/ori_av": 1.5606380712608279}, "DDC": 0.02350364452602194, "LCC": 0.21266373698105573, "GCC": 0.18817928680499416}, "rate-35": {"ANB_G": 0.000415249682722767, "SP": 120.55015277761271, "ANB": 0.0007835701616905569, "ACC": 0.11735841958622227, "CC": 586, "QCS": 0.7038894496103152, "SCS": {"ori-": 44.89244598258584, "sam_": 34.2999489877289, "ori-av": 0.028198772602126783, "sam_av": 0.04309038817553881, "sam_/ori_av": 1.5280944594123536}, "DDC": 1.0, "LCC": 0.21948076748081363, "GCC": 0.15363584900805394}, "rate-40": {"ANB_G": 0.0004214708552229471, "SP": 129.07153862701117, "ANB": 0.0007005285307858802, "ACC": 0.13249280811587116, "CC": 543, "QCS": 0.8022974380680472, "SCS": {"ori-": 46.064690328192114, "sam_": 34.95880439056278, "ori-av": 0.03133652403278375, "sam_av": 0.04756299917083372, "sam_/ori_av": 1.51781349842995}, "DDC": 1.0, "LCC": 0.24341573699910757, "GCC": 0.14705646573365794}}