{"rate-5": {"ANB_G": 0.00034144710580426177, "SP": 57.87631649291634, "ANB": 0.0003619800068655131, "ACC": 0.00615182797278419, "CC": 326, "QCS": 0.4733836330938341, "SCS": {"ori-": 9.513432612566477, "sam_": 7.924914773109836, "ori-av": 0.013361562658098985, "sam_av": 0.022260996553679316, "sam_/ori_av": 1.6660473870686092}, "DDC": 0.008276758093849201, "LCC": 0.04242424242424243, "GCC": 0.15}, "rate-10": {"ANB_G": 0.0003369487253354088, "SP": 80.74710144927535, "ANB": 0.000783262202202541, "ACC": 0.020065941797539767, "CC": 515, "QCS": 0.7179735507179584, "SCS": {"ori-": 19.05225045186072, "sam_": 15.530735182370607, "ori-av": 0.015929975294197925, "sam_av": 0.025971129067509376, "sam_/ori_av": 1.6303307813018817}, "DDC": 1.2017126516106202e-08, "LCC": 0.09458087821058536, "GCC": 0.2011861313868613}, "rate-15": {"ANB_G": 0.0004104232990341747, "SP": 104.60763065436979, "ANB": 0.0008208565042300764, "ACC": 0.05026227001242102, "CC": 549, "QCS": 0.8021552725624166, "SCS": {"ori-": 25.66734848668545, "sam_": 20.87836956970484, "ori-av": 0.019041059708223628, "sam_av": 0.030976809450600655, "sam_/ori_av": 1.62684272436907}, "DDC": 0.09407541380580264, "LCC": 0.135663336237138, "GCC": 0.1446084563422567}, "rate-20": {"ANB_G": 0.0003913681434599154, "SP": 127.07325532907115, "ANB": 0.0009872615812974415, "ACC": 0.06202966063749208, "CC": 514, "QCS": 0.6536695665283361, "SCS": {"ori-": 29.835757242831882, "sam_": 23.727183925176387, "ori-av": 0.022775387208268612, "sam_av": 0.03622470828271204, "sam_/ori_av": 1.590519974543425}, "DDC": 0.9991682843451527, "LCC": 0.1752491982413871, "GCC": 0.13766682103313266}, "rate-25": {"ANB_G": 0.0003685515095458582, "SP": 126.3399017242284, "ANB": 0.0009245207538797683, "ACC": 0.07922478756701319, "CC": 589, "QCS": 0.7275040906357334, "SCS": {"ori-": 37.931516055888906, "sam_": 29.824191611100694, "ori-av": 0.0253892343078239, "sam_av": 0.039925289974699726, "sam_/ori_av": 1.5725283200996898}, "DDC": 0.9511842455650272, "LCC": 0.20433080980463628, "GCC": 0.17852232433605905}, "rate-30": {"ANB_G": 0.0003609071646570434, "SP": 125.50036817427642, "ANB": 0.0009213680028448601, "ACC": 0.09573263531874616, "CC": 584, "QCS": 0.7082147307166743, "SCS": {"ori-": 40.16214804953535, "sam_": 31.34489548999566, "ori-av": 0.0265271783682532, "sam_av": 0.041406731162477756, "sam_/ori_av": 1.5609172821799955}, "DDC": 0.7318862207432058, "LCC": 0.21427658716851952, "GCC": 0.19191124677154262}, "rate-35": {"ANB_G": 0.00036784947009941015, "SP": 114.1006539260404, "ANB": 0.0008585019123474603, "ACC": 0.11604739241745665, "CC": 547, "QCS": 0.718767313967029, "SCS": {"ori-": 42.97680085486766, "sam_": 33.30205454245064, "ori-av": 0.0284992048109202, "sam_av": 0.044167181090783346, "sam_/ori_av": 1.5497688929853777}, "DDC": 0.10184523613134, "LCC": 0.2249540583947594, "GCC": 0.17850917986916048}, "rate-40": {"ANB_G": 0.00033812269749730216, "SP": 130.60943224057144, "ANB": 0.0007942466889936864, "ACC": 0.11728589570451427, "CC": 576, "QCS": 0.8088621304522522, "SCS": {"ori-": 48.226151448588894, "sam_": 36.41777524014008, "ori-av": 0.031033559490726444, "sam_av": 0.046869723603783886, "sam_/ori_av": 1.510291580242017}, "DDC": 1.4721184349308913e-07, "LCC": 0.22729516001234001, "GCC": 0.18654450719964455}}