{"rate-5": {"ANB_G": 0.0017769627874607518, "SP": 15.227634360499286, "ANB": 0.02988998815230942, "ACC": 0.06830373091255179, "CC": 1, "QCS": 0.8136739551525741, "SCS": {"ori-": 5.788388398631999, "sam_": 4.697060194348346, "ori-av": 0.03326659999213792, "sam_av": 0.05398919763618788, "sam_/ori_av": 1.6229250253692127}, "DDC": 0.0011617448804942532, "LCC": 0.0209205020920502, "GCC": 0.029315960912052116}, "rate-10": {"ANB_G": 0.0011866906519548495, "SP": 14.676487984402725, "ANB": 0.014335941283441017, "ACC": 0.07083897173096607, "CC": 1, "QCS": 0.6905543205165058, "SCS": {"ori-": 11.514400698793771, "sam_": 9.129441697064188, "ori-av": 0.041122859638549183, "sam_av": 0.06521029783617277, "sam_/ori_av": 1.5857432680835177}, "DDC": 0.00655550477300193, "LCC": 0.03196756172697596, "GCC": 0.028735632183908046}, "rate-15": {"ANB_G": 0.0010865510517245232, "SP": 9.820878846009727, "ANB": 0.0061598315963754995, "ACC": 0.10580699484798202, "CC": 1, "QCS": 0.8067996700511414, "SCS": {"ori-": 17.95752755458004, "sam_": 14.056923743643903, "ori-av": 0.04906428293601104, "sam_av": 0.07681379094887379, "sam_/ori_av": 1.565574514745345}, "DDC": 0.30610371823079907, "LCC": 0.030914070838868397, "GCC": 0.02102157477411027}, "rate-20": {"ANB_G": 0.0009107910959717797, "SP": 8.438052981089443, "ANB": 0.0038942685764866186, "ACC": 0.12133980722733474, "CC": 1, "QCS": 0.7648696114777322, "SCS": {"ori-": 19.90663380816804, "sam_": 15.338120458171959, "ori-av": 0.04903111775410847, "sam_av": 0.07555724363631507, "sam_/ori_av": 1.5410059386211707}, "DDC": 0.02205193454746468, "LCC": 0.038925109206228464, "GCC": 0.02664613927048792}, "rate-25": {"ANB_G": 0.0008171554959009914, "SP": 8.112441437481063, "ANB": 0.002978409312178005, "ACC": 0.12631733499068126, "CC": 1, "QCS": 0.7372301970466373, "SCS": {"ori-": 24.350515305693797, "sam_": 18.547000451877047, "ori-av": 0.0541122562348751, "sam_av": 0.08243111311945354, "sam_/ori_av": 1.5233353560727536}, "DDC": 3.092213894551055e-05, "LCC": 0.055987924539466535, "GCC": 0.03636363636363636}, "rate-30": {"ANB_G": 0.0007697451109767476, "SP": 7.65617649791622, "ANB": 0.002322462141631612, "ACC": 0.13449704556463837, "CC": 1, "QCS": 0.7950478881494475, "SCS": {"ori-": 26.016380137723665, "sam_": 19.508555039029577, "ori-av": 0.0596705966461552, "sam_av": 0.08948878458270448, "sam_/ori_av": 1.4997132526321166}, "DDC": 1.5799824226281345e-05, "LCC": 0.04821839418003404, "GCC": 0.031126119512553223}, "rate-35": {"ANB_G": 0.0006884207344572617, "SP": 7.041761533242695, "ANB": 0.0018062067363954217, "ACC": 0.14588306164369286, "CC": 1, "QCS": 0.7189583887439288, "SCS": {"ori-": 27.133372358506172, "sam_": 19.83752846325208, "ori-av": 0.06650336362378964, "sam_av": 0.09724278658456903, "sam_/ori_av": 1.4622235821735678}, "DDC": 0.10701854606243955, "LCC": 0.056792115179107955, "GCC": 0.03164477008590197}, "rate-40": {"ANB_G": 0.0006631832625060218, "SP": 6.87750895616266, "ANB": 0.0015374075218840264, "ACC": 0.15034782612275352, "CC": 1, "QCS": 0.7894747389258263, "SCS": {"ori-": 30.323931801678675, "sam_": 21.76410600331034, "ori-av": 0.07118293850159313, "sam_av": 0.1021789014239922, "sam_/ori_av": 1.4354409016383238}, "DDC": 0.03484529161015393, "LCC": 0.07083045650802677, "GCC": 0.040818577968999945}}