{"rate-5": {"ANB_G": 0.0017330529518551408, "SP": 19.95677306737542, "ANB": 0.03982515350288952, "ACC": 0.052035662915666456, "CC": 1, "QCS": 0.8023647339961044, "SCS": {"ori-": 6.267113052478526, "sam_": 5.070074109931237, "ori-av": 0.03560859688908253, "sam_av": 0.05761447852194588, "sam_/ori_av": 1.617993505933683}, "DDC": 0.00019104833274474764, "LCC": 0.039982611530728684, "GCC": 0.0528169014084507}, "rate-10": {"ANB_G": 0.0013418367684541902, "SP": 14.90460251046025, "ANB": 0.014575055042411161, "ACC": 0.06900650701572125, "CC": 1, "QCS": 0.7581103400943942, "SCS": {"ori-": 12.101667816347868, "sam_": 9.587994401197575, "ori-av": 0.04353117919549593, "sam_av": 0.06897837698703291, "sam_/ori_av": 1.5845740515609543}, "DDC": 5.682643630422479e-05, "LCC": 0.05120624958491071, "GCC": 0.06319862424763542}, "rate-15": {"ANB_G": 0.001097234443216615, "SP": 10.180558678139608, "ANB": 0.006411004663505304, "ACC": 0.10064419042519479, "CC": 1, "QCS": 0.7668152705754112, "SCS": {"ori-": 16.91530661764985, "sam_": 13.246595422195643, "ori-av": 0.045228092560561095, "sam_av": 0.070837408674843, "sam_/ori_av": 1.5662258712323684}, "DDC": 0.019279890362959518, "LCC": 0.02940526206812462, "GCC": 0.024983563445101907}, "rate-20": {"ANB_G": 0.0009583253990262855, "SP": 9.311126510469009, "ANB": 0.004351375136371205, "ACC": 0.11104600897758084, "CC": 1, "QCS": 0.7552157049779544, "SCS": {"ori-": 20.305745938396772, "sam_": 15.740938304472664, "ori-av": 0.049526209605845785, "sam_av": 0.07678506489986665, "sam_/ori_av": 1.5503925196569734}, "DDC": 0.03554334068239717, "LCC": 0.03990567857640495, "GCC": 0.029764065335753175}, "rate-25": {"ANB_G": 0.0008330357552525977, "SP": 8.849552779388095, "ANB": 0.003287082403428847, "ACC": 0.11612912490994055, "CC": 1, "QCS": 0.5999870604754091, "SCS": {"ori-": 24.471532890456107, "sam_": 18.311866672949506, "ori-av": 0.05612736901480758, "sam_av": 0.08399938840802526, "sam_/ori_av": 1.496585175511513}, "DDC": 0.001797874298019475, "LCC": 0.04586288117594544, "GCC": 0.03333064970614282}, "rate-30": {"ANB_G": 0.0007600214870465082, "SP": 7.717703351609889, "ANB": 0.002343929990094169, "ACC": 0.13368925837213166, "CC": 1, "QCS": 0.7777650481613214, "SCS": {"ori-": 26.05738930654613, "sam_": 19.380853087285363, "ori-av": 0.05544125384371517, "sam_av": 0.0824717152650441, "sam_/ori_av": 1.4875514088755246}, "DDC": 0.01191820812895883, "LCC": 0.057290490148456684, "GCC": 0.03961920761584768}, "rate-35": {"ANB_G": 0.0006972096293660881, "SP": 7.178771757849006, "ANB": 0.001847166444797909, "ACC": 0.143437026996845, "CC": 1, "QCS": 0.7999613381959229, "SCS": {"ori-": 30.70109327356123, "sam_": 22.3958452125357, "ori-av": 0.06852922605705632, "sam_av": 0.09998145184167724, "sam_/ori_av": 1.4589607616235782}, "DDC": 0.003325545818772979, "LCC": 0.04650167935561565, "GCC": 0.02947028102462074}, "rate-40": {"ANB_G": 0.0006676675797127668, "SP": 7.092403259769738, "ANB": 0.0015936184304916941, "ACC": 0.14530099384395792, "CC": 1, "QCS": 0.8194629994213916, "SCS": {"ori-": 30.728567352962592, "sam_": 22.2332002393993, "ori-av": 0.06859055212714864, "sam_av": 0.09925535821160401, "sam_/ori_av": 1.447070407417205}, "DDC": 0.0007851170976588273, "LCC": 0.0628378864499246, "GCC": 0.035140836332051124}}