{"rate-5": {"ANB_G": 0.001725347257347187, "SP": 14.793444032174591, "ANB": 0.02897782359700544, "ACC": 0.06977280359813512, "CC": 1, "QCS": 0.9077713569910975, "SCS": {"ori-": 6.341546393697825, "sam_": 5.066420148861934, "ori-av": 0.03644566892929784, "sam_av": 0.05823471435473487, "sam_/ori_av": 1.5978500619019045}, "DDC": 0.0003829736678082618, "LCC": 0.023221757322175737, "GCC": 0.020316027088036117}, "rate-10": {"ANB_G": 0.0013421404784387672, "SP": 12.71058511687003, "ANB": 0.012275246453742172, "ACC": 0.08238687190702669, "CC": 1, "QCS": 0.7757714652331079, "SCS": {"ori-": 11.621081701313244, "sam_": 9.262043242156667, "ori-av": 0.04091930176518748, "sam_av": 0.0652256566349061, "sam_/ori_av": 1.594007077862641}, "DDC": 1.6827582093204008e-05, "LCC": 0.03404811715481172, "GCC": 0.04462809917355372}, "rate-15": {"ANB_G": 0.0010817655448334732, "SP": 12.021837325212344, "ANB": 0.007696813774589621, "ACC": 0.0887438073199021, "CC": 1, "QCS": 0.6896818492274371, "SCS": {"ori-": 15.69645787787191, "sam_": 12.289470080200926, "ori-av": 0.04459220988031793, "sam_av": 0.06982653454659617, "sam_/ori_av": 1.5658908749758136}, "DDC": 0.0007791328941876285, "LCC": 0.024858461821685787, "GCC": 0.019099590723055934}, "rate-20": {"ANB_G": 0.0009495296548804382, "SP": 9.565884802585341, "ANB": 0.004484756441144158, "ACC": 0.10853042731956075, "CC": 1, "QCS": 0.804419428772862, "SCS": {"ori-": 20.731214820251484, "sam_": 15.97278540247215, "ori-av": 0.05343096603157599, "sam_av": 0.08233394537356778, "sam_/ori_av": 1.5409406097002074}, "DDC": 4.835768153799158e-06, "LCC": 0.051262583620463445, "GCC": 0.0423072036590014}, "rate-25": {"ANB_G": 0.000850917092426665, "SP": 9.098180818290245, "ANB": 0.0033911979976089775, "ACC": 0.11369360678722847, "CC": 1, "QCS": 0.7792484084680299, "SCS": {"ori-": 24.99990242251932, "sam_": 18.829895979412907, "ori-av": 0.06067937481194009, "sam_av": 0.09140726203598498, "sam_/ori_av": 1.506397557972177}, "DDC": 0.03735239323382966, "LCC": 0.04762772011701663, "GCC": 0.031204992798847815}, "rate-30": {"ANB_G": 0.0007693711576198665, "SP": 8.293620134663723, "ANB": 0.0025448779255630607, "ACC": 0.12496262220443795, "CC": 1, "QCS": 0.7567352222411896, "SCS": {"ori-": 27.621773571950115, "sam_": 20.638392820906752, "ori-av": 0.06057406485076779, "sam_av": 0.09051926675836294, "sam_/ori_av": 1.4943568172512296}, "DDC": 0.027490665081746912, "LCC": 0.05979099707164874, "GCC": 0.03901866775476895}, "rate-35": {"ANB_G": 0.0007112071008263102, "SP": 7.641554623056824, "ANB": 0.0019855170771470323, "ACC": 0.13540819779674731, "CC": 1, "QCS": 0.6857395516418803, "SCS": {"ori-": 30.43801088339001, "sam_": 22.500841569105823, "ori-av": 0.06476172528380854, "sam_av": 0.09574826199619499, "sam_/ori_av": 1.4784699075973131}, "DDC": 0.00031091271260108577, "LCC": 0.05683378876448645, "GCC": 0.03831082499475194}, "rate-40": {"ANB_G": 0.0006516445228881483, "SP": 6.587913555938415, "ANB": 0.001461656697865139, "ACC": 0.1559728798710161, "CC": 1, "QCS": 0.848013170559199, "SCS": {"ori-": 31.189961186984295, "sam_": 22.657181433522457, "ori-av": 0.0715366082270282, "sam_av": 0.10393202492441495, "sam_/ori_av": 1.4528508899188626}, "DDC": 0.011766403154292782, "LCC": 0.06584431207096066, "GCC": 0.03552857905454833}}