{"rate-5": {"ANB_G": 0.001659927474482797, "SP": 15.816469742024333, "ANB": 0.031127037273160366, "ACC": 0.06620789019892738, "CC": 1, "QCS": 0.8189279826939135, "SCS": {"ori-": 7.201128167774027, "sam_": 5.745295092402165, "ori-av": 0.03711921735965994, "sam_av": 0.05922984631342438, "sam_/ori_av": 1.5956652787026058}, "DDC": 0.006599414590780839, "LCC": 0.026290097629009763, "GCC": 0.03745743473325766}, "rate-10": {"ANB_G": 0.001335712230231691, "SP": 11.654908103134789, "ANB": 0.011168666774774415, "ACC": 0.08827282859797123, "CC": 1, "QCS": 0.7807998427095828, "SCS": {"ori-": 11.125137085949037, "sam_": 8.886677639659206, "ori-av": 0.03784060233315999, "sam_av": 0.060453589385436775, "sam_/ori_av": 1.5975852829504478}, "DDC": 0.02316751942518891, "LCC": 0.03127842269551144, "GCC": 0.02800169707254985}, "rate-15": {"ANB_G": 0.0010547627135637084, "SP": 9.750302931206148, "ANB": 0.006110546739669102, "ACC": 0.10502117905268324, "CC": 1, "QCS": 0.6730066120521393, "SCS": {"ori-": 16.06817960935256, "sam_": 12.572706435406685, "ori-av": 0.04869145336167442, "sam_av": 0.07619822082064658, "sam_/ori_av": 1.5649198280169438}, "DDC": 0.001477632930603212, "LCC": 0.04530170550045027, "GCC": 0.0354}, "rate-20": {"ANB_G": 0.0009194955293894486, "SP": 8.652505643390281, "ANB": 0.0040065474572723945, "ACC": 0.11839866405990444, "CC": 1, "QCS": 0.7698831228869926, "SCS": {"ori-": 22.011885216711576, "sam_": 16.888193574254228, "ori-av": 0.05025544570025474, "sam_av": 0.07711503915184578, "sam_/ori_av": 1.5344613519456838}, "DDC": 6.669270220305279e-05, "LCC": 0.04779646569826757, "GCC": 0.034723042399905514}, "rate-25": {"ANB_G": 0.0008297054333314422, "SP": 8.238851360226702, "ANB": 0.0030313447907147017, "ACC": 0.12480016359216012, "CC": 1, "QCS": 0.681135753188711, "SCS": {"ori-": 22.88201537926837, "sam_": 17.15316476833054, "ori-av": 0.05990056382007427, "sam_av": 0.08980714538392953, "sam_/ori_av": 1.499270451838932}, "DDC": 0.004485937631352521, "LCC": 0.05467515827713085, "GCC": 0.036106194690265485}, "rate-30": {"ANB_G": 0.0007756479859792665, "SP": 8.25445080580783, "ANB": 0.0025312110278464125, "ACC": 0.12570105677426194, "CC": 1, "QCS": 0.6651371947170848, "SCS": {"ori-": 27.868746598585357, "sam_": 20.90187723608521, "ori-av": 0.06248597892059497, "sam_av": 0.09373039119320721, "sam_/ori_av": 1.5000227701052193}, "DDC": 0.023116668867759316, "LCC": 0.046985358276346784, "GCC": 0.030334782836485566}, "rate-35": {"ANB_G": 0.0007096415247426559, "SP": 7.182840134289818, "ANB": 0.0018483827008340273, "ACC": 0.1426966271111514, "CC": 1, "QCS": 0.7259359220433599, "SCS": {"ori-": 30.702025956825853, "sam_": 22.774552620584416, "ori-av": 0.06265719583025685, "sam_av": 0.09295735763503843, "sam_/ori_av": 1.4835863048653988}, "DDC": 0.011165059992919946, "LCC": 0.05736735990806549, "GCC": 0.03776607919432364}, "rate-40": {"ANB_G": 0.0006533818974493804, "SP": 6.839645035140974, "ANB": 0.001527503278875487, "ACC": 0.15158808590252248, "CC": 1, "QCS": 0.7786536064352914, "SCS": {"ori-": 32.26158498346009, "sam_": 23.617363160543597, "ori-av": 0.06401108131638907, "sam_av": 0.09371969508152221, "sam_/ori_av": 1.4641167303250462}, "DDC": 0.14038616695739214, "LCC": 0.06526128743623957, "GCC": 0.03480293629293017}}