{"rate-5": {"ANB_G": 0.0017234236172176652, "SP": 16.901327158057246, "ANB": 0.03340614949171687, "ACC": 0.06150189189352386, "CC": 1, "QCS": 0.8660359335579464, "SCS": {"ori-": 5.692605236162414, "sam_": 4.664651974234732, "ori-av": 0.028181214040407992, "sam_av": 0.04618467301222507, "sam_/ori_av": 1.6388461102492813}, "DDC": 0.0003829736678082618, "LCC": 0.011954572624028692, "GCC": 0.012080536912751677}, "rate-10": {"ANB_G": 0.0011677619867366514, "SP": 15.886025980853907, "ANB": 0.01560380081850516, "ACC": 0.06562741455466206, "CC": 1, "QCS": 0.7903637630254837, "SCS": {"ori-": 11.68749368027104, "sam_": 9.168687382049102, "ori-av": 0.04393794616643248, "sam_av": 0.06893749911315114, "sam_/ori_av": 1.5689740902322311}, "DDC": 5.682643630422479e-05, "LCC": 0.05883702536422201, "GCC": 0.07236563690224292}, "rate-15": {"ANB_G": 0.0010947931272866282, "SP": 10.262130630749002, "ANB": 0.0064679683175621495, "ACC": 0.10090354327008788, "CC": 1, "QCS": 0.7381293941332083, "SCS": {"ori-": 16.78433053942128, "sam_": 13.194872165016227, "ori-av": 0.04393803806131225, "sam_av": 0.06908310034039909, "sam_/ori_av": 1.5722845941368337}, "DDC": 0.20809614739199922, "LCC": 0.03900217053982744, "GCC": 0.036187462922681435}, "rate-20": {"ANB_G": 0.0009344743683280032, "SP": 9.262683122814623, "ANB": 0.004326012106185663, "ACC": 0.11129341382317956, "CC": 1, "QCS": 0.6712854130721314, "SCS": {"ori-": 21.040077838932312, "sam_": 16.201564999042848, "ori-av": 0.051068150094495904, "sam_av": 0.0786483737817614, "sam_/ori_av": 1.5400670209559457}, "DDC": 0.02521472625099619, "LCC": 0.040805824675502256, "GCC": 0.026366808840635907}, "rate-25": {"ANB_G": 0.0008347236581908756, "SP": 8.371371575789313, "ANB": 0.003086839018337225, "ACC": 0.12258266628254724, "CC": 1, "QCS": 0.6324210054681404, "SCS": {"ori-": 23.47852242475116, "sam_": 17.916104464474227, "ori-av": 0.05511390240551915, "sam_av": 0.084113166499879, "sam_/ori_av": 1.5261696745947686}, "DDC": 3.092213894551055e-05, "LCC": 0.04510984061871875, "GCC": 0.03068929122351222}, "rate-30": {"ANB_G": 0.0007540509656201617, "SP": 8.310526069995753, "ANB": 0.0025507767166768162, "ACC": 0.12366738013378388, "CC": 1, "QCS": 0.756703169263489, "SCS": {"ori-": 26.499781547564755, "sam_": 19.77357466378659, "ori-av": 0.06134208691565916, "sam_av": 0.09154432714716014, "sam_/ori_av": 1.4923575598760903}, "DDC": 0.01900816461725552, "LCC": 0.046130937727338436, "GCC": 0.032634778435450325}, "rate-35": {"ANB_G": 0.0006967385658356764, "SP": 7.581677644074119, "ANB": 0.001967616634999731, "ACC": 0.1367379839406139, "CC": 1, "QCS": 0.76060294592978, "SCS": {"ori-": 30.099058443666706, "sam_": 22.16132022174601, "ori-av": 0.06431422744373227, "sam_av": 0.09470649667412825, "sam_/ori_av": 1.472559034577315}, "DDC": 0.01031137799486248, "LCC": 0.06691389432017131, "GCC": 0.035894879282102415}, "rate-40": {"ANB_G": 0.0006569247224050989, "SP": 6.93099912489403, "ANB": 0.0015513991956301449, "ACC": 0.14912331462528855, "CC": 1, "QCS": 0.7042232504199951, "SCS": {"ori-": 33.1234023884948, "sam_": 24.194161679960732, "ori-av": 0.06872075184335022, "sam_av": 0.10039071236498229, "sam_/ori_av": 1.4608500296071283}, "DDC": 0.013570753585216977, "LCC": 0.06908203574636135, "GCC": 0.038306274681878014}}