{"rate-5": {"ANB_G": 0.0016541395171695802, "SP": 15.454979254931887, "ANB": 0.030367603476747704, "ACC": 0.06727778124179623, "CC": 1, "QCS": 0.7925028561195158, "SCS": {"ori-": 6.34726086750102, "sam_": 5.119773355214293, "ori-av": 0.03733682863235894, "sam_av": 0.060232627708403444, "sam_/ori_av": 1.6132229199616934}, "DDC": 0.00020548608881854058, "LCC": 0.024476987447698745, "GCC": 0.025485436893203883}, "rate-10": {"ANB_G": 0.0012648162667460267, "SP": 15.440686542969178, "ANB": 0.015136987990533708, "ACC": 0.06730863103429884, "CC": 1, "QCS": 0.6390549603909078, "SCS": {"ori-": 11.296810983083072, "sam_": 9.003977775540891, "ori-av": 0.04034575351101097, "sam_av": 0.06431412696814923, "sam_/ori_av": 1.5940742549422686}, "DDC": 0.15993397860012593, "LCC": 0.01773818313936453, "GCC": 0.02375061850569025}, "rate-15": {"ANB_G": 0.0011175910460573314, "SP": 11.227798427385565, "ANB": 0.007142317337559756, "ACC": 0.09222353806005475, "CC": 1, "QCS": 0.6986537257221542, "SCS": {"ori-": 16.25393038222286, "sam_": 12.904419360565926, "ori-av": 0.042999815825986394, "sam_av": 0.06827735111410543, "sam_/ori_av": 1.587852175702643}, "DDC": 0.00913274863115432, "LCC": 0.04381482418093296, "GCC": 0.03816793893129771}, "rate-20": {"ANB_G": 0.0009295735011575783, "SP": 9.718927963847271, "ANB": 0.004564883750705379, "ACC": 0.10628382183903912, "CC": 1, "QCS": 0.6247919668784074, "SCS": {"ori-": 19.70818477305643, "sam_": 15.183041187803727, "ori-av": 0.05186364413962218, "sam_av": 0.07991074309370383, "sam_/ori_av": 1.5407853501110724}, "DDC": 1.6599984173915061e-06, "LCC": 0.03943215983093599, "GCC": 0.03917703585068375}, "rate-25": {"ANB_G": 0.0008515265240919795, "SP": 8.053721467465072, "ANB": 0.002953819709993748, "ACC": 0.12741716023107358, "CC": 1, "QCS": 0.7241379955190099, "SCS": {"ori-": 23.396536039575075, "sam_": 17.564944895916476, "ori-av": 0.05762693605806669, "sam_av": 0.0865268221473718, "sam_/ori_av": 1.5014996122678583}, "DDC": 0.00011557035456755127, "LCC": 0.03581546422353064, "GCC": 0.029571869942621745}, "rate-30": {"ANB_G": 0.0007591645112544255, "SP": 7.644787581866272, "ANB": 0.0023184883397998116, "ACC": 0.13457116138053155, "CC": 1, "QCS": 0.8300111370282364, "SCS": {"ori-": 28.031120309946786, "sam_": 20.77121256551648, "ori-av": 0.06229137846654841, "sam_av": 0.09231650029118435, "sam_/ori_av": 1.4820108747594978}, "DDC": 0.007530033463420849, "LCC": 0.04614545487783777, "GCC": 0.033144631117604094}, "rate-35": {"ANB_G": 0.0007147624704621526, "SP": 7.528773213328045, "ANB": 0.00195180066168252, "ACC": 0.13686893198286149, "CC": 1, "QCS": 0.7234216103261331, "SCS": {"ori-": 29.303501869643668, "sam_": 21.48587832145733, "ori-av": 0.06182173390220183, "sam_av": 0.09065771443652883, "sam_/ori_av": 1.4664375894073716}, "DDC": 8.313186620489965e-05, "LCC": 0.06245852335402578, "GCC": 0.03885271090949001}, "rate-40": {"ANB_G": 0.000645757645521731, "SP": 6.48965829846583, "ANB": 0.0014359556103755796, "ACC": 0.15771220688071838, "CC": 1, "QCS": 0.7884939336219147, "SCS": {"ori-": 31.588379625232452, "sam_": 23.125033878198057, "ori-av": 0.0640737923432707, "sam_av": 0.09362361894007311, "sam_/ori_av": 1.4611842926120457}, "DDC": 0.002307424579258144, "LCC": 0.07302892630011443, "GCC": 0.038448878831516146}}