{"rate-5": {"ANB_G": 0.0017273602176442256, "SP": 15.288720472268274, "ANB": 0.03001832031989135, "ACC": 0.06773255630278224, "CC": 1, "QCS": 0.8086383246102528, "SCS": {"ori-": 6.4550307929039885, "sam_": 5.200843851338744, "ori-av": 0.03667631132331812, "sam_av": 0.05910049831066755, "sam_/ori_av": 1.6114079136713115}, "DDC": 0.16228487449527473, "LCC": 0.025732217573221756, "GCC": 0.021739130434782608}, "rate-10": {"ANB_G": 0.0012611596415721582, "SP": 12.107976078336876, "ANB": 0.011643580794902384, "ACC": 0.08494128879750566, "CC": 1, "QCS": 0.7833277881040668, "SCS": {"ori-": 10.649134236607587, "sam_": 8.523504639806168, "ori-av": 0.03776288736385669, "sam_av": 0.0604503875163558, "sam_/ori_av": 1.6007882801412476}, "DDC": 0.004221077999134959, "LCC": 0.024693029234008804, "GCC": 0.019347037484885126}, "rate-15": {"ANB_G": 0.0011268121095642423, "SP": 11.755826255205793, "ANB": 0.007511051854194015, "ACC": 0.08829758612834437, "CC": 1, "QCS": 0.7686022770152262, "SCS": {"ori-": 16.627537479550785, "sam_": 12.988106824639539, "ori-av": 0.047507249941573675, "sam_av": 0.07421775328365451, "sam_/ori_av": 1.5622405711745153}, "DDC": 4.926755140521877e-06, "LCC": 0.0443392884815479, "GCC": 0.03616133518776078}, "rate-20": {"ANB_G": 0.0009632002670708197, "SP": 9.209774833654093, "ANB": 0.004298311431232504, "ACC": 0.11212182303726603, "CC": 1, "QCS": 0.8071420835504438, "SCS": {"ori-": 21.439081470087423, "sam_": 16.583557580030178, "ori-av": 0.05104543207163672, "sam_av": 0.07896932180966751, "sam_/ori_av": 1.5470399329531122}, "DDC": 0.00018772482936857404, "LCC": 0.03755666478127164, "GCC": 0.029754525167369206}, "rate-25": {"ANB_G": 0.0008263584295793115, "SP": 9.444464254751992, "ANB": 0.003536207811872687, "ACC": 0.10934052389877462, "CC": 1, "QCS": 0.6465675314402024, "SCS": {"ori-": 25.10845464104649, "sam_": 18.891484536744773, "ori-av": 0.0597820348596345, "sam_av": 0.08995945017497511, "sam_/ori_av": 1.5047907015242257}, "DDC": 3.709970586229794e-05, "LCC": 0.047919056463358756, "GCC": 0.03934774902516838}, "rate-30": {"ANB_G": 0.0007761808329562028, "SP": 7.317807990605354, "ANB": 0.002204399159317983, "ACC": 0.14044916393824713, "CC": 1, "QCS": 0.8004476154298911, "SCS": {"ori-": 28.492478015079623, "sam_": 21.312543318187192, "ori-av": 0.05985814709050341, "sam_av": 0.08954850133692098, "sam_/ori_av": 1.4960119163315697}, "DDC": 0.03883411920731683, "LCC": 0.05078084401216228, "GCC": 0.029900332225913623}, "rate-35": {"ANB_G": 0.0006985950571783187, "SP": 7.710315560356752, "ANB": 0.0020060734111679397, "ACC": 0.13407129674397164, "CC": 1, "QCS": 0.8598404560332094, "SCS": {"ori-": 28.882886801859655, "sam_": 21.31447246191874, "ori-av": 0.06361869339616665, "sam_av": 0.0938963544577918, "sam_/ori_av": 1.4759239689674222}, "DDC": 0.002404754803774223, "LCC": 0.0605307151370733, "GCC": 0.03899966949432632}, "rate-40": {"ANB_G": 0.0006547570034669771, "SP": 6.9681785489649135, "ANB": 0.00156112439156812, "ACC": 0.14851007303761743, "CC": 1, "QCS": 0.7500241866159011, "SCS": {"ori-": 32.38257976792992, "sam_": 23.527611709980665, "ori-av": 0.06555178090674073, "sam_av": 0.09525348870437517, "sam_/ori_av": 1.4531029880010506}, "DDC": 0.000983707733653194, "LCC": 0.06541195558480616, "GCC": 0.037054409005628515}}