{"rate-5": {"ANB_G": 0.0015927374475587458, "SP": 18.365428979939125, "ANB": 0.03648199365533426, "ACC": 0.05655995917317671, "CC": 1, "QCS": 0.8443004606812211, "SCS": {"ori-": 6.335979024606591, "sam_": 5.11436594336247, "ori-av": 0.033347258024245215, "sam_av": 0.05383543098276285, "sam_/ori_av": 1.6143885336426056}, "DDC": 0.007271545293925152, "LCC": 0.011257222554293683, "GCC": 0.015267175572519083}, "rate-10": {"ANB_G": 0.0013035114693723308, "SP": 11.83968980700563, "ANB": 0.011362358288265853, "ACC": 0.087246218428263, "CC": 1, "QCS": 0.775373909825526, "SCS": {"ori-": 11.138717538848635, "sam_": 8.761762630103117, "ori-av": 0.042192111889578165, "sam_av": 0.06637698962199332, "sam_/ori_av": 1.5732085133759097}, "DDC": 8.282561333894378e-06, "LCC": 0.029834960483496056, "GCC": 0.02816326530612245}, "rate-15": {"ANB_G": 0.001078981002334572, "SP": 11.303822724171527, "ANB": 0.0071954069302873624, "ACC": 0.09095456583851196, "CC": 1, "QCS": 0.7306445718880961, "SCS": {"ori-": 15.797383771896435, "sam_": 12.4788065802105, "ori-av": 0.045657178531492586, "sam_av": 0.0721318299434133, "sam_/ori_av": 1.5798573688398092}, "DDC": 0.0034617727674907117, "LCC": 0.057166736873849835, "GCC": 0.04462003253544039}, "rate-20": {"ANB_G": 0.0009135230132524002, "SP": 9.097502567167838, "ANB": 0.00423953013987845, "ACC": 0.11258344645775509, "CC": 1, "QCS": 0.73873598615948, "SCS": {"ori-": 20.903134730216863, "sam_": 16.058194539647427, "ori-av": 0.050007499354585795, "sam_av": 0.07683346669687764, "sam_/ori_av": 1.536438887937152}, "DDC": 0.004315680026465318, "LCC": 0.044226008338886756, "GCC": 0.030792917628945343}, "rate-25": {"ANB_G": 0.000840046644454348, "SP": 8.340539887314767, "ANB": 0.003073927926011206, "ACC": 0.12363851338164424, "CC": 1, "QCS": 0.687482681415209, "SCS": {"ori-": 24.463151449057666, "sam_": 18.696545472469605, "ori-av": 0.05341299443025691, "sam_av": 0.08164430337322971, "sam_/ori_av": 1.52854757993086}, "DDC": 0.0023379983499649537, "LCC": 0.047349655674757206, "GCC": 0.033006782215523736}, "rate-30": {"ANB_G": 0.0007569360770991402, "SP": 7.935816794680389, "ANB": 0.002420033773440476, "ACC": 0.1299630483168328, "CC": 1, "QCS": 0.765178752003025, "SCS": {"ori-": 27.397203538713338, "sam_": 20.64388343737624, "ori-av": 0.05523629745708334, "sam_av": 0.08324146547329128, "sam_/ori_av": 1.5070066116934606}, "DDC": 0.0007453390694361905, "LCC": 0.059616545851632036, "GCC": 0.038842463633549984}, "rate-35": {"ANB_G": 0.0007096789004716562, "SP": 7.485493160052155, "ANB": 0.0019388619312562536, "ACC": 0.1372284924101197, "CC": 1, "QCS": 0.6905101790940895, "SCS": {"ori-": 31.11741474193521, "sam_": 22.805972303897, "ori-av": 0.07040139081885795, "sam_av": 0.10319444481401358, "sam_/ori_av": 1.4658012237220117}, "DDC": 0.005984489767022594, "LCC": 0.06303272668177821, "GCC": 0.04282603435760948}, "rate-40": {"ANB_G": 0.0006593656417297069, "SP": 7.253608718243225, "ANB": 0.0016357856966369962, "ACC": 0.14274376403488637, "CC": 1, "QCS": 0.8333475517877349, "SCS": {"ori-": 35.829719568124304, "sam_": 26.12197657632016, "ori-av": 0.06916934279560677, "sam_av": 0.10085705241822455, "sam_/ori_av": 1.45811783576221}, "DDC": 0.00013333532271242454, "LCC": 0.05998186283129559, "GCC": 0.03452371525853195}}