{"rate-5": {"ANB_G": 0.0012949466199239188, "SP": 40.689068373841515, "ANB": 0.005051656242353947, "ACC": 0.16445382386072757, "CC": 36, "QCS": 0.6338612171728084, "SCS": {"ori-": 6.388279019518597, "sam_": 5.104213523499915, "ori-av": 0.033272286559992696, "sam_av": 0.053168890869790784, "sam_/ori_av": 1.597993296130185}, "DDC": 0.013822443002570628, "LCC": 0.28433801288387583, "GCC": 0.28502833753148615}, "rate-10": {"ANB_G": 0.001332591713239289, "SP": 41.8259366298481, "ANB": 0.0024006877195708915, "ACC": 0.22721074192976246, "CC": 35, "QCS": 0.7370345707431535, "SCS": {"ori-": 10.549257270685366, "sam_": 8.085739900348718, "ori-av": 0.04667812951630693, "sam_av": 0.07155522035706831, "sam_/ori_av": 1.5329496082757688}, "DDC": 0.0002840354065039019, "LCC": 0.3258257914145717, "GCC": 0.22532124339353254}, "rate-15": {"ANB_G": 0.0011169955351291148, "SP": 38.52274733929309, "ANB": 0.001725981998289118, "ACC": 0.24553562009359767, "CC": 34, "QCS": 0.6783657958458642, "SCS": {"ori-": 14.144595435316969, "sam_": 10.580431108904031, "ori-av": 0.05749835542811776, "sam_av": 0.08601976511304091, "sam_/ori_av": 1.4960387035865665}, "DDC": 0.001279553907751585, "LCC": 0.32726153023249493, "GCC": 0.22347270588777934}, "rate-20": {"ANB_G": 0.0009625036960306953, "SP": 64.98020405786843, "ANB": 0.0012275942179742296, "ACC": 0.23756090015497872, "CC": 57, "QCS": 0.7600892620583752, "SCS": {"ori-": 18.066855031114777, "sam_": 13.373187183122385, "ori-av": 0.05441823804552644, "sam_av": 0.08056136857302641, "sam_/ori_av": 1.4804111905576318}, "DDC": 0.006515793608495191, "LCC": 0.3411248254971687, "GCC": 0.22584037538635648}, "rate-25": {"ANB_G": 0.0008496421663899917, "SP": 54.71149387619097, "ANB": 0.0010880292796466844, "ACC": 0.24148077548231392, "CC": 48, "QCS": 0.7507633159880661, "SCS": {"ori-": 20.200870719135022, "sam_": 14.570919181948225, "ori-av": 0.062735623351351, "sam_av": 0.09050260361458524, "sam_/ori_av": 1.4426030822667564}, "DDC": 0.08466132330179066, "LCC": 0.33028038448894376, "GCC": 0.22376444710665083}, "rate-30": {"ANB_G": 0.000792533317493515, "SP": 50.605093239144374, "ANB": 0.0009330404916154792, "ACC": 0.2481392075947016, "CC": 46, "QCS": 0.726807037580107, "SCS": {"ori-": 23.40940766572916, "sam_": 16.678994228965436, "ori-av": 0.07008804690338072, "sam_av": 0.09987421693991279, "sam_/ori_av": 1.4249821667536768}, "DDC": 0.033215061549092706, "LCC": 0.339399079510266, "GCC": 0.21935303493991837}, "rate-35": {"ANB_G": 0.0007102001970651126, "SP": 46.78193232456226, "ANB": 0.0008160917301295498, "ACC": 0.24822459504371994, "CC": 42, "QCS": 0.7995919048571426, "SCS": {"ori-": 26.27273455082001, "sam_": 18.08901849488775, "ori-av": 0.07257661478127075, "sam_av": 0.09993932870103729, "sam_/ori_av": 1.3770183274906314}, "DDC": 0.0131790109666593, "LCC": 0.34315039574569306, "GCC": 0.21527703952543958}, "rate-40": {"ANB_G": 0.0006747612724817655, "SP": 42.64724896533509, "ANB": 0.0007293010655733236, "ACC": 0.25192702287259044, "CC": 37, "QCS": 0.8212885948251951, "SCS": {"ori-": 27.311163459291752, "sam_": 18.7551727923161, "ori-av": 0.07848035476807974, "sam_av": 0.10778834938112701, "sam_/ori_av": 1.3734437070226866}, "DDC": 0.11496470650457313, "LCC": 0.33880847467050246, "GCC": 0.2139753693318561}}