{"rate-5": {"ANB_G": 0.0016672953458484812, "SP": 45.828374097730695, "ANB": 0.004459905342197254, "ACC": 0.1664647266069234, "CC": 42, "QCS": 0.5623732375857673, "SCS": {"ori-": 6.546043231277878, "sam_": 5.1696667815325466, "ori-av": 0.0376209381107924, "sam_av": 0.05942145725899479, "sam_/ori_av": 1.5794783501676801}, "DDC": 0.00031091271260108577, "LCC": 0.28571719920729666, "GCC": 0.27814864263462397}, "rate-10": {"ANB_G": 0.0012810478879424182, "SP": 43.45970413186059, "ANB": 0.002422395612260403, "ACC": 0.22461499162314405, "CC": 39, "QCS": 0.7064266760984763, "SCS": {"ori-": 9.959890752457811, "sam_": 7.699426748125899, "ori-av": 0.04407031306397262, "sam_av": 0.06813651989491946, "sam_/ori_av": 1.5460865865874893}, "DDC": 0.0095381529712254, "LCC": 0.32888442324907957, "GCC": 0.23317008990570864}, "rate-15": {"ANB_G": 0.0011037509825012682, "SP": 58.878023815302356, "ANB": 0.0015945344177290442, "ACC": 0.23244482319817797, "CC": 53, "QCS": 0.8252389140708388, "SCS": {"ori-": 15.440320182498404, "sam_": 11.425223189129854, "ori-av": 0.053612222855897236, "sam_av": 0.07934182770229065, "sam_/ori_av": 1.4799205008818843}, "DDC": 3.1534136815336566e-05, "LCC": 0.32639592732502637, "GCC": 0.24064369373286526}, "rate-20": {"ANB_G": 0.0009588333061002435, "SP": 53.53880295151943, "ANB": 0.0012793777638415147, "ACC": 0.24050188510393547, "CC": 43, "QCS": 0.6939649422487013, "SCS": {"ori-": 18.574144968453222, "sam_": 13.48755027727815, "ori-av": 0.06778885024982928, "sam_av": 0.0984492720969208, "sam_/ori_av": 1.4522929911644096}, "DDC": 0.005361999912624538, "LCC": 0.3241281458203942, "GCC": 0.2247884687869611}, "rate-25": {"ANB_G": 0.0008526288832485213, "SP": 48.252082654093215, "ANB": 0.001113421392338845, "ACC": 0.2412028225537341, "CC": 40, "QCS": 0.7926124704849087, "SCS": {"ori-": 20.517654517240388, "sam_": 14.710125583917616, "ori-av": 0.06978794053483126, "sam_av": 0.1000688815232491, "sam_/ori_av": 1.4338993349904714}, "DDC": 0.013555493579319067, "LCC": 0.3438624129575471, "GCC": 0.22740762121717548}, "rate-30": {"ANB_G": 0.000758233873685295, "SP": 56.83637408139072, "ANB": 0.0009356071694411478, "ACC": 0.24365933759942926, "CC": 51, "QCS": 0.7642056909353813, "SCS": {"ori-": 24.08752387805305, "sam_": 17.079652210420438, "ori-av": 0.07126486354453565, "sam_av": 0.10106303083089016, "sam_/ori_av": 1.4181326646017178}, "DDC": 0.0035367307451437124, "LCC": 0.32685338453999974, "GCC": 0.22161861145705788}, "rate-35": {"ANB_G": 0.0007291979427908548, "SP": 57.01064792036452, "ANB": 0.0007876926508738632, "ACC": 0.24943285662760514, "CC": 50, "QCS": 0.7253298627258712, "SCS": {"ori-": 27.171000871861782, "sam_": 19.074518401669785, "ori-av": 0.07304032492435963, "sam_av": 0.10255117420252573, "sam_/ori_av": 1.4040350218694597}, "DDC": 0.15285667904220546, "LCC": 0.3299435582000467, "GCC": 0.2136632982452399}, "rate-40": {"ANB_G": 0.0006774502937743497, "SP": 40.43089244459778, "ANB": 0.0007353024333569868, "ACC": 0.25127292460456235, "CC": 36, "QCS": 0.8060683692043545, "SCS": {"ori-": 29.255904207259643, "sam_": 19.97260792898477, "ori-av": 0.08311336422516945, "sam_av": 0.11348072686923166, "sam_/ori_av": 1.3653728004775674}, "DDC": 0.1900297966807647, "LCC": 0.3453944860061373, "GCC": 0.21094064262848577}}