{"rate-5": {"ANB_G": 0.001871007459378662, "SP": 36.1628194064912, "ANB": 0.004350744271288161, "ACC": 0.19596149812782857, "CC": 31, "QCS": 0.7825695446621245, "SCS": {"ori-": 5.697247157107298, "sam_": 4.564869217706672, "ori-av": 0.033513218571219396, "sam_av": 0.053704343737725556, "sam_/ori_av": 1.6024824241693685}, "DDC": 0.032821636564214995, "LCC": 0.30801315949344504, "GCC": 0.21555967525410727}, "rate-10": {"ANB_G": 0.0013463696896128567, "SP": 47.336810441112995, "ANB": 0.0022964836095752607, "ACC": 0.2293288935097207, "CC": 43, "QCS": 0.7255792309741785, "SCS": {"ori-": 10.30376201507125, "sam_": 7.988905042808802, "ori-av": 0.043660008538437496, "sam_av": 0.06770258510854917, "sam_/ori_av": 1.550677321763348}, "DDC": 0.0006555081649622929, "LCC": 0.32085112624464524, "GCC": 0.2209806787189726}, "rate-15": {"ANB_G": 0.001082235829794559, "SP": 51.76491622905726, "ANB": 0.0017085541595867149, "ACC": 0.23266327903427125, "CC": 47, "QCS": 0.6454714661872796, "SCS": {"ori-": 13.532038549572626, "sam_": 10.169280298852524, "ori-av": 0.051649002097605444, "sam_av": 0.0776280938843704, "sam_/ori_av": 1.5029931021255762}, "DDC": 0.00011851581642630116, "LCC": 0.3426297922481613, "GCC": 0.23221070440305677}, "rate-20": {"ANB_G": 0.0009356404605138205, "SP": 53.18130846861704, "ANB": 0.0012779156253586918, "ACC": 0.24347089576936062, "CC": 47, "QCS": 0.7284042643824575, "SCS": {"ori-": 18.307987999908597, "sam_": 13.552857342590341, "ori-av": 0.057212462499714366, "sam_av": 0.08470535839118963, "sam_/ori_av": 1.4805403349246247}, "DDC": 0.00048443525488184314, "LCC": 0.3424482073223471, "GCC": 0.23848871625447013}, "rate-25": {"ANB_G": 0.0008583462220012546, "SP": 44.97164056268458, "ANB": 0.0011126834226242036, "ACC": 0.246445114185791, "CC": 40, "QCS": 0.8262413038210779, "SCS": {"ori-": 20.531233865146763, "sam_": 14.762146521669584, "ori-av": 0.06798421809651246, "sam_av": 0.09776255974615618, "sam_/ori_av": 1.4380184472721225}, "DDC": 0.0025400862137048286, "LCC": 0.33788819922967545, "GCC": 0.23373171847165944}, "rate-30": {"ANB_G": 0.0007891323544019733, "SP": 59.48380435300357, "ANB": 0.0008869103378356707, "ACC": 0.2480896080377954, "CC": 52, "QCS": 0.720882047982427, "SCS": {"ori-": 23.886265609637633, "sam_": 17.154688741165874, "ori-av": 0.06490833046097183, "sam_av": 0.0932320040280754, "sam_/ori_av": 1.4363642288432308}, "DDC": 0.009058303688431857, "LCC": 0.33404142453607927, "GCC": 0.23037701424008153}, "rate-35": {"ANB_G": 0.0007150327204836836, "SP": 44.96031128711933, "ANB": 0.0008406099056706751, "ACC": 0.2474598088769075, "CC": 41, "QCS": 0.7619238399525198, "SCS": {"ori-": 26.08176224265877, "sam_": 18.201036503772766, "ori-av": 0.07581907628679875, "sam_av": 0.10581997967309748, "sam_/ori_av": 1.3956907002245071}, "DDC": 0.022563227000230612, "LCC": 0.34129561183465695, "GCC": 0.217745100025976}, "rate-40": {"ANB_G": 0.0006719532851463979, "SP": 43.882483979044075, "ANB": 0.000737120158131395, "ACC": 0.24975328863636415, "CC": 39, "QCS": 0.8049717099717314, "SCS": {"ori-": 27.17155576296643, "sam_": 18.731853752930256, "ori-av": 0.07807918322691502, "sam_av": 0.10765433191339227, "sam_/ori_av": 1.378784042867424}, "DDC": 0.18030684033730116, "LCC": 0.33990105401436665, "GCC": 0.2140629456391535}}