{"rate-5": {"ANB_G": 0.001277348360330644, "SP": 31.97146513558384, "ANB": 0.004749672295959775, "ACC": 0.19719254747173176, "CC": 29, "QCS": 0.773945749441524, "SCS": {"ori-": 5.867299596567732, "sam_": 4.669516169749418, "ori-av": 0.036670622478548326, "sam_av": 0.058368952121867726, "sam_/ori_av": 1.5917087896725108}, "DDC": 0.00010255807523418259, "LCC": 0.30415437819841973, "GCC": 0.24328294265254913}, "rate-10": {"ANB_G": 0.001308121413727456, "SP": 38.241409807196305, "ANB": 0.0024236525786292176, "ACC": 0.2311536056645245, "CC": 33, "QCS": 0.6577729557926384, "SCS": {"ori-": 10.667435029744713, "sam_": 8.092472516307058, "ori-av": 0.05333717514872356, "sam_av": 0.08092472516307059, "sam_/ori_av": 1.5172293046533274}, "DDC": 0.0002840354065039019, "LCC": 0.33570528016397627, "GCC": 0.21722453894699284}, "rate-15": {"ANB_G": 0.001059917181764177, "SP": 50.62836526377411, "ANB": 0.0017152379348694291, "ACC": 0.2320356780077136, "CC": 46, "QCS": 0.7638095771348802, "SCS": {"ori-": 14.818860898060834, "sam_": 11.171232263082878, "ori-av": 0.050063719250205516, "sam_av": 0.07548129907488431, "sam_/ori_av": 1.5077045853834452}, "DDC": 0.02429259603140055, "LCC": 0.33183734222575706, "GCC": 0.2151328248698658}, "rate-20": {"ANB_G": 0.0009209023098244487, "SP": 51.15308842626895, "ANB": 0.0013476454437550852, "ACC": 0.23724337968700784, "CC": 43, "QCS": 0.691946592850683, "SCS": {"ori-": 16.537344843253564, "sam_": 12.050520796824754, "ori-av": 0.0574213362612971, "sam_av": 0.08368417220017191, "sam_/ori_av": 1.4573706856866788}, "DDC": 0.00015721785086109108, "LCC": 0.3325803501033969, "GCC": 0.24684957806630456}, "rate-25": {"ANB_G": 0.0008471382752207775, "SP": 46.83535120027812, "ANB": 0.0011067094387891391, "ACC": 0.24540830091004065, "CC": 42, "QCS": 0.7608645477669521, "SCS": {"ori-": 20.958916074042637, "sam_": 15.12203537046485, "ori-av": 0.06590854111334163, "sam_av": 0.09510714069474749, "sam_/ori_av": 1.4430169305552312}, "DDC": 0.0038446910747156338, "LCC": 0.329764505650308, "GCC": 0.22362727235082197}, "rate-30": {"ANB_G": 0.0007825192819425574, "SP": 45.47354187034141, "ANB": 0.0009406827352645869, "ACC": 0.24997162186984573, "CC": 41, "QCS": 0.7025033886815908, "SCS": {"ori-": 22.04535236811853, "sam_": 15.479974755106314, "ori-av": 0.07204363518992983, "sam_av": 0.10117630558893015, "sam_/ori_av": 1.404375352828843}, "DDC": 0.009711968105313828, "LCC": 0.3271670315800626, "GCC": 0.22166548826789267}, "rate-35": {"ANB_G": 0.0007250803795725699, "SP": 57.581825847084104, "ANB": 0.0008081172740988761, "ACC": 0.2446474802668203, "CC": 49, "QCS": 0.8041488363013041, "SCS": {"ori-": 28.14583481172677, "sam_": 19.70616358850222, "ori-av": 0.07368019584221668, "sam_av": 0.10317363135341477, "sam_/ori_av": 1.4002898631588487}, "DDC": 0.018708229922942188, "LCC": 0.3340194083945292, "GCC": 0.21403854523067342}, "rate-40": {"ANB_G": 0.0006711374844678759, "SP": 56.24963839953961, "ANB": 0.0007191947780403262, "ACC": 0.24795371689114157, "CC": 51, "QCS": 0.8476250643178269, "SCS": {"ori-": 27.230383700353855, "sam_": 18.720450634598837, "ori-av": 0.0760625243026644, "sam_av": 0.10458352309831753, "sam_/ori_av": 1.374967818345914}, "DDC": 0.0507352572869435, "LCC": 0.3313823564680137, "GCC": 0.21218094447437197}}