{"rate-5": {"ANB_G": 0.00184927974192317, "SP": 31.45226692245911, "ANB": 0.004818316368941196, "ACC": 0.19753637728807483, "CC": 27, "QCS": 0.7227258207504265, "SCS": {"ori-": 5.7496621815956015, "sam_": 4.58659138051502, "ori-av": 0.03463651916623856, "sam_av": 0.05526013711463879, "sam_/ori_av": 1.5954298654959185}, "DDC": 2.1900850445510933e-05, "LCC": 0.3175634169971919, "GCC": 0.2835558080090883}, "rate-10": {"ANB_G": 0.0013067902006904148, "SP": 35.096726712560994, "ANB": 0.0024514556496699176, "ACC": 0.2320414333509962, "CC": 28, "QCS": 0.7228369182726265, "SCS": {"ori-": 9.873157263897232, "sam_": 7.5588211373196605, "ori-av": 0.04746710223027516, "sam_av": 0.0726809724742275, "sam_/ori_av": 1.5311862123294013}, "DDC": 0.00022461648804861234, "LCC": 0.3392025909741269, "GCC": 0.24115140050595985}, "rate-15": {"ANB_G": 0.001088876064800258, "SP": 40.67102709826209, "ANB": 0.0016737032398010958, "ACC": 0.24553951320682504, "CC": 35, "QCS": 0.6397678042271353, "SCS": {"ori-": 13.727827373343054, "sam_": 10.17726158319508, "ori-av": 0.06074259899709316, "sam_av": 0.09006426179818654, "sam_/ori_av": 1.4827199244881926}, "DDC": 0.01765786513664569, "LCC": 0.3324566748628664, "GCC": 0.23080063251047536}, "rate-20": {"ANB_G": 0.0009668446244009134, "SP": 54.76259169965728, "ANB": 0.0012735117284426796, "ACC": 0.2424116981175381, "CC": 47, "QCS": 0.7559278911099536, "SCS": {"ori-": 18.005809332485565, "sam_": 13.148991211791492, "ori-av": 0.06208899769822609, "sam_av": 0.09068269801235511, "sam_/ori_av": 1.4605276518249537}, "DDC": 0.0004994787731932293, "LCC": 0.32259356508851306, "GCC": 0.2299753170360333}, "rate-25": {"ANB_G": 0.0008601830612626789, "SP": 44.279787457536344, "ANB": 0.001148637044983117, "ACC": 0.24423186803719907, "CC": 38, "QCS": 0.7575525947336503, "SCS": {"ori-": 19.981857053850728, "sam_": 14.395068424498392, "ori-av": 0.06796550018316574, "sam_av": 0.09792563554080538, "sam_/ori_av": 1.440813872875174}, "DDC": 0.006676337107891173, "LCC": 0.3391466980310519, "GCC": 0.2305939872584296}, "rate-30": {"ANB_G": 0.0007703644475806933, "SP": 43.84954497616541, "ANB": 0.0009375347896492878, "ACC": 0.25275908930217417, "CC": 39, "QCS": 0.7329841649264497, "SCS": {"ori-": 23.72219982007317, "sam_": 16.560295578451157, "ori-av": 0.07459811264173952, "sam_av": 0.10415280238019596, "sam_/ori_av": 1.3961854890403735}, "DDC": 0.06405056267587983, "LCC": 0.34526277507187864, "GCC": 0.22552981068098332}, "rate-35": {"ANB_G": 0.0007270055409784169, "SP": 50.07073704798307, "ANB": 0.0008062025824600881, "ACC": 0.24976559154865646, "CC": 44, "QCS": 0.7233467979879582, "SCS": {"ori-": 26.729507871350496, "sam_": 18.667459157660925, "ori-av": 0.0746634298082416, "sam_av": 0.10428748132771466, "sam_/ori_av": 1.3967678901914449}, "DDC": 0.011084625913588164, "LCC": 0.34310503226421885, "GCC": 0.21740619574588702}, "rate-40": {"ANB_G": 0.0006811946457899214, "SP": 50.86361738842237, "ANB": 0.0007107728773889311, "ACC": 0.2526150347189129, "CC": 45, "QCS": 0.8219712124366348, "SCS": {"ori-": 28.155922287084824, "sam_": 19.287847295147525, "ori-av": 0.07821089524190229, "sam_av": 0.10715470719526403, "sam_/ori_av": 1.3700739118742984}, "DDC": 0.23876047823347057, "LCC": 0.3427590216877275, "GCC": 0.20916242447578978}}