{"rate-5": {"ANB_G": 0.0018181501887269628, "SP": 43.53805367690583, "ANB": 0.004175163906703774, "ACC": 0.18383541067583128, "CC": 40, "QCS": 0.6615000968595801, "SCS": {"ori-": 6.056361572532122, "sam_": 4.8236034529944485, "ori-av": 0.03256108372329098, "sam_av": 0.05186670379563923, "sam_/ori_av": 1.5929047152241715}, "DDC": 6.30220066593079e-05, "LCC": 0.2749076507616455, "GCC": 0.25516464959189417}, "rate-10": {"ANB_G": 0.001346246204092531, "SP": 48.68523479607878, "ANB": 0.0021770208765976755, "ACC": 0.2240611805146271, "CC": 44, "QCS": 0.6037814375165478, "SCS": {"ori-": 10.434279165312505, "sam_": 8.059160654220925, "ori-av": 0.044590936603899595, "sam_av": 0.06888171499334124, "sam_/ori_av": 1.544746987604592}, "DDC": 3.052980418050133e-05, "LCC": 0.34920484190089285, "GCC": 0.22000688366604385}, "rate-15": {"ANB_G": 0.0010559330822556346, "SP": 53.582870482560295, "ANB": 0.0015802003908109577, "ACC": 0.2347751462720754, "CC": 46, "QCS": 0.7485562670962859, "SCS": {"ori-": 14.88056042664682, "sam_": 11.120045553449057, "ori-av": 0.055524479203906046, "sam_av": 0.08298541457797803, "sam_/ori_av": 1.4945734884468789}, "DDC": 7.259953892790882e-05, "LCC": 0.3354872499621763, "GCC": 0.24575515422024435}, "rate-20": {"ANB_G": 0.0009468142943010215, "SP": 51.649557388752285, "ANB": 0.0013059968804579045, "ACC": 0.2402938976605419, "CC": 44, "QCS": 0.688871687651324, "SCS": {"ori-": 17.242652008184304, "sam_": 12.767920544021168, "ori-av": 0.05864847621831396, "sam_av": 0.08685660234028006, "sam_/ori_av": 1.480969463161562}, "DDC": 0.006115435470992137, "LCC": 0.3421051968809044, "GCC": 0.23092404402812633}, "rate-25": {"ANB_G": 0.0008486955880478526, "SP": 59.287732240279006, "ANB": 0.001046184825765648, "ACC": 0.24019225677992778, "CC": 50, "QCS": 0.7423083518927326, "SCS": {"ori-": 21.148323144297645, "sam_": 15.327658241369797, "ori-av": 0.06447659495212697, "sam_av": 0.09346133074005973, "sam_/ori_av": 1.4495388723528833}, "DDC": 0.009767138222229299, "LCC": 0.33133086229617387, "GCC": 0.23222305303381302}, "rate-30": {"ANB_G": 0.0007738037165484953, "SP": 50.22110549105321, "ANB": 0.0009466399159659522, "ACC": 0.24501503527509486, "CC": 43, "QCS": 0.824702963241813, "SCS": {"ori-": 23.72637047055718, "sam_": 16.60770122950944, "ori-av": 0.07278027751704656, "sam_av": 0.1018877376043524, "sam_/ori_av": 1.399936096430634}, "DDC": 0.039452895097059626, "LCC": 0.32965994631347006, "GCC": 0.22088018881021795}, "rate-35": {"ANB_G": 0.0007317459035638782, "SP": 54.316498138961386, "ANB": 0.0008022228556068189, "ACC": 0.24709807350208607, "CC": 49, "QCS": 0.7099420440753217, "SCS": {"ori-": 27.30877016502887, "sam_": 19.01223239463721, "ori-av": 0.07671002855345188, "sam_av": 0.10681029435189443, "sam_/ori_av": 1.392390230665454}, "DDC": 0.0074331184829442565, "LCC": 0.33736108182408886, "GCC": 0.21954421385555217}, "rate-40": {"ANB_G": 0.0006619958230214123, "SP": 49.62449869770558, "ANB": 0.0007341579770716908, "ACC": 0.2475650731232141, "CC": 43, "QCS": 0.7942684710749122, "SCS": {"ori-": 29.518159293330882, "sam_": 20.696637951554436, "ori-av": 0.07416622938022835, "sam_av": 0.10400320578670572, "sam_/ori_av": 1.4022986830503679}, "DDC": 0.11241388510206307, "LCC": 0.33938486616953284, "GCC": 0.21502958280016723}}