{"rate-5": {"ANB_G": 0.0019406088710876871, "SP": 33.47842589358481, "ANB": 0.004045651312286711, "ACC": 0.20674158540099652, "CC": 28, "QCS": 0.6675160296648033, "SCS": {"ori-": 5.442964743491848, "sam_": 4.32185309072641, "ori-av": 0.03534392690579122, "sam_av": 0.05612796221722611, "sam_/ori_av": 1.5880511061160372}, "DDC": 0.00029911864974185853, "LCC": 0.3220533073125164, "GCC": 0.23391546213122977}, "rate-10": {"ANB_G": 0.0012537767902727165, "SP": 44.697624976084036, "ANB": 0.002427211775863528, "ACC": 0.21736317957484727, "CC": 38, "QCS": 0.7802103815068695, "SCS": {"ori-": 10.139033518442822, "sam_": 7.769181842328314, "ori-av": 0.045671322155147846, "sam_av": 0.069992629210165, "sam_/ori_av": 1.53252907748973}, "DDC": 0.0005084807357765841, "LCC": 0.3135331456700961, "GCC": 0.24560805048609927}, "rate-15": {"ANB_G": 0.0011376841048143303, "SP": 39.3407057859952, "ANB": 0.0017939017696489202, "ACC": 0.24086864721253237, "CC": 34, "QCS": 0.7654717467537844, "SCS": {"ori-": 14.980335375463197, "sam_": 11.232775010942918, "ori-av": 0.057616674521012295, "sam_av": 0.08640596162263783, "sam_/ori_av": 1.4996693637902745}, "DDC": 0.03469261478267749, "LCC": 0.3275901861925174, "GCC": 0.21808335382916225}, "rate-20": {"ANB_G": 0.0009874877354572001, "SP": 43.89950750906297, "ANB": 0.0013541978718027029, "ACC": 0.24609178454909847, "CC": 39, "QCS": 0.7525264064624788, "SCS": {"ori-": 18.277061712631824, "sam_": 13.258265636886737, "ori-av": 0.06216687657357763, "sam_av": 0.09019228324412747, "sam_/ori_av": 1.450809308995609}, "DDC": 0.0006786964759157854, "LCC": 0.3227560537770149, "GCC": 0.21965184672927773}, "rate-25": {"ANB_G": 0.0008298194740136912, "SP": 45.77804626566094, "ANB": 0.0010894983161116381, "ACC": 0.24638860800443607, "CC": 40, "QCS": 0.701822112920685, "SCS": {"ori-": 21.46631247681211, "sam_": 15.318423966717013, "ori-av": 0.07453580721115316, "sam_av": 0.10637794421331259, "sam_/ori_av": 1.427205905370469}, "DDC": 0.003818347099723507, "LCC": 0.33985179958517, "GCC": 0.22908022663459962}, "rate-30": {"ANB_G": 0.0007718008591046654, "SP": 40.43667094863699, "ANB": 0.0009552328603622927, "ACC": 0.2495652751241783, "CC": 36, "QCS": 0.7226742694734344, "SCS": {"ori-": 22.745012928223257, "sam_": 16.11802854317937, "ori-av": 0.07020065718587425, "sam_av": 0.09949400335295908, "sam_/ori_av": 1.417280227014445}, "DDC": 0.005376078380459615, "LCC": 0.33814317413232364, "GCC": 0.22543497065959422}, "rate-35": {"ANB_G": 0.0007216611712751996, "SP": 51.3794504023257, "ANB": 0.0007999386049371705, "ACC": 0.25021267584862644, "CC": 45, "QCS": 0.7246117075501016, "SCS": {"ori-": 25.866977055090125, "sam_": 18.173621414648924, "ori-av": 0.07390564872882893, "sam_av": 0.10384926522656528, "sam_/ori_av": 1.4051600522120309}, "DDC": 0.09565401227412806, "LCC": 0.3331679277132664, "GCC": 0.21404180343571289}, "rate-40": {"ANB_G": 0.0006759067564383741, "SP": 55.229702182941494, "ANB": 0.000720749176253754, "ACC": 0.2481678272119637, "CC": 49, "QCS": 0.8191002953422452, "SCS": {"ori-": 28.717304228257028, "sam_": 19.86242271744807, "ori-av": 0.07637580911770486, "sam_av": 0.10565118466727697, "sam_/ori_av": 1.3833069120676027}, "DDC": 0.04239671748156404, "LCC": 0.3343254921629707, "GCC": 0.21134771128166194}}