{"rate-5": {"ANB_G": 0.0019398240232147076, "SP": 27.5709362054681, "ANB": 0.004622777507624187, "ACC": 0.21713327033738122, "CC": 23, "QCS": 0.6698906165546384, "SCS": {"ori-": 6.043968613595788, "sam_": 4.826359320013755, "ori-av": 0.040293124090638587, "sam_av": 0.0643514576001834, "sam_/ori_av": 1.5970828535267225}, "DDC": 0.004545678282084742, "LCC": 0.32275724646332105, "GCC": 0.263238414844791}, "rate-10": {"ANB_G": 0.001356640584616334, "SP": 42.21996272617896, "ANB": 0.0025287889686746133, "ACC": 0.22254947142964374, "CC": 38, "QCS": 0.7115747562460564, "SCS": {"ori-": 10.296309204681446, "sam_": 7.9635065584982145, "ori-av": 0.04400132138752755, "sam_av": 0.06806415861964286, "sam_/ori_av": 1.546866241133751}, "DDC": 0.0006555081649622929, "LCC": 0.3411113673034229, "GCC": 0.22413229147737598}, "rate-15": {"ANB_G": 0.0010998854911328229, "SP": 63.3456841985084, "ANB": 0.00159292634244748, "ACC": 0.22621158012479275, "CC": 56, "QCS": 0.6554336745640361, "SCS": {"ori-": 15.164105051047589, "sam_": 11.505229882768601, "ori-av": 0.047685864940401224, "sam_av": 0.07235993636961384, "sam_/ori_av": 1.5174294617503694}, "DDC": 8.672518189789535e-05, "LCC": 0.2941440533536251, "GCC": 0.233622175176013}, "rate-20": {"ANB_G": 0.000952971571759014, "SP": 55.20514775539613, "ANB": 0.0012900951396612448, "ACC": 0.24076104304522122, "CC": 46, "QCS": 0.7121540322339209, "SCS": {"ori-": 17.361916778887498, "sam_": 12.819692741722529, "ori-av": 0.059868678547887924, "sam_av": 0.08841167408084502, "sam_/ori_av": 1.4767600726334063}, "DDC": 0.0009241425508117462, "LCC": 0.32939885672181074, "GCC": 0.22467162920862208}, "rate-25": {"ANB_G": 0.0008749474301638805, "SP": 40.86239513380315, "ANB": 0.0011187712329492091, "ACC": 0.2494197458307036, "CC": 37, "QCS": 0.7330557603920708, "SCS": {"ori-": 21.213096621053946, "sam_": 15.086014983703432, "ori-av": 0.07024204179156936, "sam_av": 0.09990738399803598, "sam_/ori_av": 1.4223302946473737}, "DDC": 0.001728602704881732, "LCC": 0.3409735488819566, "GCC": 0.22748799548065154}, "rate-30": {"ANB_G": 0.0007873561619419248, "SP": 59.331648004232946, "ANB": 0.0008762959089885056, "ACC": 0.25274802558625925, "CC": 53, "QCS": 0.8336188204471038, "SCS": {"ori-": 23.419333772989127, "sam_": 16.689639082830894, "ori-av": 0.06807945864241026, "sam_av": 0.0970327853652959, "sam_/ori_av": 1.4252872643268801}, "DDC": 0.025270288584658962, "LCC": 0.34077909082954966, "GCC": 0.21765506869360216}, "rate-35": {"ANB_G": 0.0007208944194854528, "SP": 45.79969495263124, "ANB": 0.0008086282607334277, "ACC": 0.25139326773273407, "CC": 38, "QCS": 0.7669233235935642, "SCS": {"ori-": 26.818286165752802, "sam_": 18.6724845578198, "ori-av": 0.07575787052472543, "sam_av": 0.10549426303852995, "sam_/ori_av": 1.392518853920258}, "DDC": 0.07380636700128052, "LCC": 0.336885912300789, "GCC": 0.21438969090518753}, "rate-40": {"ANB_G": 0.0006781165949676518, "SP": 34.252689340277016, "ANB": 0.000748537896113655, "ACC": 0.25051885277909897, "CC": 29, "QCS": 0.8031575589161324, "SCS": {"ori-": 27.59449838494436, "sam_": 18.898679251431428, "ori-av": 0.08212648328852487, "sam_av": 0.11249213840137755, "sam_/ori_av": 1.3697425470681943}, "DDC": 0.0635172049398931, "LCC": 0.3445433611613632, "GCC": 0.21301062779099347}}