{"rate_5": {"ANB": [{"max": 0.15181717055709376, "min": 0.0, "sm": 0.007229389074147322, "value": [9525, 25, 4, 3, 1, 0, 1, 1, 0, 1, 0, 0, 0, 0, 0, 0, 0, 0, 0, 0, 1, 1]}, 0.0003845522375347049], "ACC": [{"max": 0.34937337864006723, "min": 0.0695403009388886, "sm": 0.013325384652437076, "value": [4, 2, 15, 43, 88, 201, 378, 607, 792, 796, 950, 1091, 1385, 1301, 1365, 432, 92, 12, 5, 2, 1, 1]}, 0.22106890435015003], "LCC": [{"max": 1.0, "min": 0, "sm": 0.047619047619047616, "value": [1579, 213, 518, 704, 814, 757, 704, 1120, 608, 464, 417, 232, 244, 86, 368, 68, 71, 66, 35, 14, 2, 479]}, 0.32209185736151735]}}