{"rate-5": {"ANB_G": 0.0020543010327644653, "SP": 2.769795918367347, "ANB": 0.03687074829931973, "ACC": 0.36632526162127726, "CC": 1, "QCS": 0.534404633528002, "SCS": {"ori-": 2.7914142119569787, "sam_": 2.175101888042003, "ori-av": 0.07753928366547164, "sam_av": 0.12083899378011129, "sam_/ori_av": 1.558422880219631}, "DDC": 3.0705539190156728e-06, "LCC": 0.0, "GCC": 0}, "rate-10": {"ANB_G": 0.0018708840772205348, "SP": 3.292121212121212, "ANB": 0.02338899196042053, "ACC": 0.3076034586635633, "CC": 1, "QCS": 0.8043248448691286, "SCS": {"ori-": 5.927575644025604, "sam_": 4.491524230380455, "ori-av": 0.08467965205750863, "sam_av": 0.12832926372515585, "sam_/ori_av": 1.5154675368529311}, "DDC": 1.3377948882009605e-07, "LCC": 0.0, "GCC": 0}, "rate-15": {"ANB_G": 0.0017965573875970908, "SP": 3.500939597315436, "ANB": 0.016898240522401593, "ACC": 0.2887942442705252, "CC": 1, "QCS": 0.8997781567495712, "SCS": {"ori-": 8.300713306826523, "sam_": 6.409363902350562, "ori-av": 0.07830861610213702, "sam_av": 0.12093139438397287, "sam_/ori_av": 1.5442923193310356}, "DDC": 1.0706454508513374e-06, "LCC": 0.0, "GCC": 0}, "rate-20": {"ANB_G": 0.0018008930173122604, "SP": 3.6296482412060302, "ANB": 0.013281051723262776, "ACC": 0.2779897616820839, "CC": 1, "QCS": 0.7595467589575676, "SCS": {"ori-": 10.685199430358807, "sam_": 8.217090351604137, "ori-av": 0.07524788331238597, "sam_av": 0.11573366692400193, "sam_/ori_av": 1.5380321921288105}, "DDC": 3.0469534639809837e-07, "LCC": 0.0, "GCC": 0}, "rate-25": {"ANB_G": 0.0017673428103949051, "SP": 3.703678714859438, "ANB": 0.010901930301852571, "ACC": 0.2718172375085837, "CC": 1, "QCS": 0.789895070150688, "SCS": {"ori-": 12.453300172254787, "sam_": 9.712259155087708, "ori-av": 0.07982884725804351, "sam_av": 0.12451614301394497, "sam_/ori_av": 1.5597888143298824}, "DDC": 3.0469534639809837e-07, "LCC": 0.0, "GCC": 0}, "rate-30": {"ANB_G": 0.0017803292625956804, "SP": 3.716722408026756, "ANB": 0.009116518147740792, "ACC": 0.2710985282242878, "CC": 1, "QCS": 0.7155380890978844, "SCS": {"ori-": 14.921744967115066, "sam_": 11.725138033083686, "ori-av": 0.07173915849574551, "sam_av": 0.1127417118565739, "sam_/ori_av": 1.5715505202540123}, "DDC": 3.7104867998127844e-06, "LCC": 0.0, "GCC": 0}, "rate-35": {"ANB_G": 0.001774256256899756, "SP": 4.1766844044207945, "ANB": 0.009128403460979293, "ACC": 0.24123472896995835, "CC": 1, "QCS": 0.6558165120814116, "SCS": {"ori-": 18.48142309752396, "sam_": 14.380666934223257, "ori-av": 0.07831111482001679, "sam_av": 0.12187005876460387, "sam_/ori_av": 1.556229394061099}, "DDC": 5.4541544537434206e-06, "LCC": 0.0, "GCC": 0}, "rate-40": {"ANB_G": 0.0017935097137540745, "SP": 3.7673057644110277, "ANB": 0.006953029558821675, "ACC": 0.2672121345579043, "CC": 1, "QCS": 0.5990131250387142, "SCS": {"ori-": 21.26696781261366, "sam_": 16.387365594731566, "ori-av": 0.07761667084895496, "sam_av": 0.11961580726081435, "sam_/ori_av": 1.541109737798357}, "DDC": 1.3466107083526246e-05, "LCC": 0.0, "GCC": 0}}