{"rate-5": {"ANB_G": 0.0017556257370800795, "SP": 2.6351020408163266, "ANB": 0.03406462585034013, "ACC": 0.38580064008846904, "CC": 1, "QCS": 0.5281945815317365, "SCS": {"ori-": 2.4675305084646397, "sam_": 1.9222985743221268, "ori-av": 0.08225101694882132, "sam_av": 0.1281532382881418, "sam_/ori_av": 1.5580748183074988}, "DDC": 1.0706454508513374e-06, "LCC": 0.0, "GCC": 0}, "rate-10": {"ANB_G": 0.0018428196581652117, "SP": 3.242424242424242, "ANB": 0.022881880024737164, "ACC": 0.31202522030776886, "CC": 1, "QCS": 0.7708053887168173, "SCS": {"ori-": 4.797958088721961, "sam_": 3.7404629511996976, "ori-av": 0.07996596814536601, "sam_av": 0.12468209837332325, "sam_/ori_av": 1.5591895060492496}, "DDC": 3.8129560353539205e-07, "LCC": 0.0, "GCC": 0}, "rate-15": {"ANB_G": 0.0017994427654810582, "SP": 3.472930648769575, "ANB": 0.016708990870064697, "ACC": 0.29111351174329353, "CC": 1, "QCS": 0.8812758834359999, "SCS": {"ori-": 7.355081099074166, "sam_": 5.7803220274601355, "ori-av": 0.07210863822621731, "sam_av": 0.11333964759725756, "sam_/ori_av": 1.5717901542072037}, "DDC": 1.7922659900637683e-07, "LCC": 0.0, "GCC": 0}, "rate-20": {"ANB_G": 0.0019951847821741545, "SP": 3.631708542713568, "ANB": 0.013291457286432157, "ACC": 0.27771538562112363, "CC": 1, "QCS": 0.7439439385301808, "SCS": {"ori-": 10.235621044578968, "sam_": 8.00477147812868, "ori-av": 0.07417116698970266, "sam_av": 0.11601118084244463, "sam_/ori_av": 1.5641007894422196}, "DDC": 9.045816332986512e-06, "LCC": 0.0, "GCC": 0}, "rate-25": {"ANB_G": 0.0018337375249682696, "SP": 3.7119036144578312, "ANB": 0.01093509521958803, "ACC": 0.2710890559702238, "CC": 1, "QCS": 0.7580442402931956, "SCS": {"ori-": 14.23709790011456, "sam_": 10.972049261878592, "ori-av": 0.08474463035782476, "sam_av": 0.13061963406998323, "sam_/ori_av": 1.541332276964999}, "DDC": 5.296834793000471e-07, "LCC": 0.0, "GCC": 0}, "rate-30": {"ANB_G": 0.001800867042132505, "SP": 3.9317502787068004, "ANB": 0.009838088183579867, "ACC": 0.2565546897351751, "CC": 1, "QCS": 0.6099247056580678, "SCS": {"ori-": 15.120596376020174, "sam_": 11.834631872961307, "ori-av": 0.07714589987765395, "sam_av": 0.12076154972409496, "sam_/ori_av": 1.5653657539235561}, "DDC": 1.0706454508513374e-06, "LCC": 0.0, "GCC": 0}, "rate-35": {"ANB_G": 0.001762150416357447, "SP": 3.7689725747032337, "ANB": 0.007956817743400096, "ACC": 0.266955594068314, "CC": 1, "QCS": 0.5987187227067607, "SCS": {"ori-": 17.702848920052755, "sam_": 13.883047706921298, "ori-av": 0.07696890834805546, "sam_av": 0.12072215397322868, "sam_/ori_av": 1.5684535036838494}, "DDC": 9.075560154281348e-06, "LCC": 0.0, "GCC": 0}, "rate-40": {"ANB_G": 0.0017443577919948286, "SP": 3.845250626566416, "ANB": 0.007148870921021145, "ACC": 0.2619782440797982, "CC": 1, "QCS": 0.5248712091775707, "SCS": {"ori-": 21.075636443890613, "sam_": 16.58522456302355, "ori-av": 0.07120147447260342, "sam_av": 0.11206232812853752, "sam_/ori_av": 1.5738765097014438}, "DDC": 4.9790132577332e-05, "LCC": 0.0, "GCC": 0}}