{"rate-5": {"ANB_G": 0.001807893000793372, "SP": 2.8081632653061224, "ANB": 0.03767006802721088, "ACC": 0.3607897191024073, "CC": 1, "QCS": 0.5444249022134121, "SCS": {"ori-": 3.64228134089986, "sam_": 2.8671921679231387, "ori-av": 0.07588086126874709, "sam_av": 0.11946634033013077, "sam_/ori_av": 1.574393573460073}, "DDC": 1.8680803384962807e-05, "LCC": 0.0, "GCC": 0}, "rate-10": {"ANB_G": 0.0017525129817214556, "SP": 3.2547474747474747, "ANB": 0.023007627293341583, "ACC": 0.3106266962708931, "CC": 1, "QCS": 0.7319331105606517, "SCS": {"ori-": 6.965604881296666, "sam_": 5.335723830618753, "ori-av": 0.08930262668329059, "sam_av": 0.13681343155432701, "sam_/ori_av": 1.5320202398920721}, "DDC": 9.609609974425837e-08, "LCC": 0.0, "GCC": 0}, "rate-15": {"ANB_G": 0.001688861075848728, "SP": 3.461208053691275, "ANB": 0.01662978414656267, "ACC": 0.2921663094637761, "CC": 1, "QCS": 0.8742995779828356, "SCS": {"ori-": 10.574038182981514, "sam_": 8.251305814357524, "ori-av": 0.08010634987107208, "sam_av": 0.1250197850660231, "sam_/ori_av": 1.5606725967072195}, "DDC": 5.918643135593982e-07, "LCC": 0.0, "GCC": 0}, "rate-20": {"ANB_G": 0.0017417293112187886, "SP": 3.4952763819095476, "ANB": 0.012602405969240138, "ACC": 0.2895951949959798, "CC": 1, "QCS": 0.9352382074754145, "SCS": {"ori-": 13.52796817011501, "sam_": 10.589379490850883, "ori-av": 0.0777469435064081, "sam_av": 0.12171700564196417, "sam_/ori_av": 1.565553578732416}, "DDC": 4.416180432453842e-08, "LCC": 0.0, "GCC": 0}, "rate-25": {"ANB_G": 0.0018269601831914356, "SP": 3.6843052208835343, "ANB": 0.01082381137453038, "ACC": 0.2734295823977852, "CC": 1, "QCS": 0.8620476826636371, "SCS": {"ori-": 17.830326837139825, "sam_": 13.88150426619532, "ori-av": 0.08254780943120289, "sam_av": 0.12853244690921592, "sam_/ori_av": 1.5570667204238484}, "DDC": 1.9735069454074328e-05, "LCC": 0.0, "GCC": 0}, "rate-30": {"ANB_G": 0.0017471508331816173, "SP": 3.753846153846154, "ANB": 0.009241094475993805, "ACC": 0.26816312813756105, "CC": 1, "QCS": 0.7620529624054271, "SCS": {"ori-": 20.973523217494076, "sam_": 16.340871145251484, "ori-av": 0.07944516370262908, "sam_av": 0.1237944783731173, "sam_/ori_av": 1.5582380676625198}, "DDC": 1.2450035101418955e-05, "LCC": 0.0, "GCC": 0}, "rate-35": {"ANB_G": 0.0017936236461080393, "SP": 3.75440032746623, "ANB": 0.007914943469730547, "ACC": 0.26819933615727193, "CC": 1, "QCS": 0.7550868731854488, "SCS": {"ori-": 24.259363718690928, "sam_": 18.906145029436615, "ori-av": 0.07927896640095074, "sam_av": 0.12356957535579487, "sam_/ori_av": 1.5586678404817471}, "DDC": 9.045816332986512e-06, "LCC": 0.0, "GCC": 0}, "rate-40": {"ANB_G": 0.001754197954241995, "SP": 3.764498746867168, "ANB": 0.006945976750922532, "ACC": 0.2675188273845767, "CC": 1, "QCS": 0.7716502324207575, "SCS": {"ori-": 29.259216913207663, "sam_": 22.772823735139742, "ori-av": 0.079943215609857, "sam_av": 0.12444165975486197, "sam_/ori_av": 1.55662564741164}, "DDC": 7.057453171199768e-06, "LCC": 0.0, "GCC": 0}}