{"rate-5": {"ANB_G": 0.001579302056867763, "SP": 2.709387755102041, "ANB": 0.03561224489795918, "ACC": 0.37502158916043116, "CC": 1, "QCS": 0.6806233496485907, "SCS": {"ori-": 3.1106424941738866, "sam_": 2.447602904617576, "ori-av": 0.07406291652794968, "sam_av": 0.11655251926750361, "sam_/ori_av": 1.5736960510260127}, "DDC": 2.074646485050735e-06, "LCC": 0.0, "GCC": 0}, "rate-10": {"ANB_G": 0.0018322103143576134, "SP": 3.086060606060606, "ANB": 0.02128633271490414, "ACC": 0.32900809799857655, "CC": 1, "QCS": 0.9266280411246139, "SCS": {"ori-": 6.877379696560004, "sam_": 5.19490660501587, "ori-av": 0.09551916245222228, "sam_av": 0.14430296125044084, "sam_/ori_av": 1.5107226397909397}, "DDC": 9.609609974425837e-08, "LCC": 0.0, "GCC": 0}, "rate-15": {"ANB_G": 0.0017139734899580936, "SP": 3.4381208053691275, "ANB": 0.016473789225467075, "ACC": 0.2942818068522604, "CC": 1, "QCS": 0.9306169673289749, "SCS": {"ori-": 9.214699182521976, "sam_": 7.19103256068439, "ori-av": 0.0808306945835261, "sam_av": 0.12615846597691913, "sam_/ori_av": 1.560774240861604}, "DDC": 3.8129560353539205e-07, "LCC": 0.0, "GCC": 0}, "rate-20": {"ANB_G": 0.0017509823804006893, "SP": 3.575929648241206, "ANB": 0.013009745698187908, "ACC": 0.2822619521182875, "CC": 1, "QCS": 0.8802350571181715, "SCS": {"ori-": 11.796026768108696, "sam_": 9.188805888919056, "ori-av": 0.08079470389115545, "sam_av": 0.12587405327286377, "sam_/ori_av": 1.5579493111632423}, "DDC": 1.7922659900637683e-07, "LCC": 0.0, "GCC": 0}, "rate-25": {"ANB_G": 0.0017850129421525666, "SP": 3.657574297188755, "ANB": 0.01071602539189014, "ACC": 0.2760408112103982, "CC": 1, "QCS": 0.6350956462637718, "SCS": {"ori-": 15.14580412981326, "sam_": 11.843311883153312, "ori-av": 0.07352332101851097, "sam_av": 0.11498361051605158, "sam_/ori_av": 1.5639066478934234}, "DDC": 2.3467923657705114e-06, "LCC": 0.0, "GCC": 0}, "rate-30": {"ANB_G": 0.0017598299289726571, "SP": 3.7504347826086954, "ANB": 0.009229646921505689, "ACC": 0.26832548360450126, "CC": 1, "QCS": 0.6709301705320173, "SCS": {"ori-": 16.306057345305746, "sam_": 12.739079895428425, "ori-av": 0.07839450646781608, "sam_av": 0.12249115284065794, "sam_/ori_av": 1.5624966385998642}, "DDC": 3.7104867998127844e-06, "LCC": 0.0, "GCC": 0}, "rate-35": {"ANB_G": 0.0018076785740647134, "SP": 3.7634056487924683, "ANB": 0.007940820829863415, "ACC": 0.2673401822352329, "CC": 1, "QCS": 0.7027414665944077, "SCS": {"ori-": 20.797269645948347, "sam_": 16.180826639881055, "ori-av": 0.08123933455448573, "sam_av": 0.12641270812407074, "sam_/ori_av": 1.55605297381268}, "DDC": 1.1285781569281284e-06, "LCC": 0.0, "GCC": 0}, "rate-40": {"ANB_G": 0.0017921833226389474, "SP": 4.006679197994988, "ANB": 0.007554470346721073, "ACC": 0.25182595287607057, "CC": 1, "QCS": 0.6290613404439216, "SCS": {"ori-": 22.783213451953216, "sam_": 17.845530261844868, "ori-av": 0.07397147224660135, "sam_av": 0.11588006663535629, "sam_/ori_av": 1.5665507676938315}, "DDC": 8.549188248985207e-05, "LCC": 0.0, "GCC": 0}}