{"rate-5": {"ANB_G": 0.0018414433611741758, "SP": 2.6881632653061223, "ANB": 0.03517006802721088, "ACC": 0.3781105521702201, "CC": 1, "QCS": 0.6291630739616433, "SCS": {"ori-": 2.2860675416597442, "sam_": 1.808482043598195, "ori-av": 0.0672372806370513, "sam_av": 0.10638129668224676, "sam_/ori_av": 1.582177263481192}, "DDC": 1.2067953316652336e-06, "LCC": 0.0, "GCC": 0}, "rate-10": {"ANB_G": 0.0018213229740679355, "SP": 3.325050505050505, "ANB": 0.02372500515357658, "ACC": 0.3046315677803, "CC": 1, "QCS": 0.9512863441892029, "SCS": {"ori-": 4.795911104957052, "sam_": 3.790706810832062, "ori-av": 0.06660987645773683, "sam_av": 0.10529741141200172, "sam_/ori_av": 1.5808077872477615}, "DDC": 2.074646485050735e-06, "LCC": 0.0, "GCC": 0}, "rate-15": {"ANB_G": 0.0017943643029408854, "SP": 3.5068456375838926, "ANB": 0.016938146199891164, "ACC": 0.2878518567744622, "CC": 1, "QCS": 0.9483616209186879, "SCS": {"ori-": 7.811995865471871, "sam_": 6.1125819746760675, "ori-av": 0.07658819475952815, "sam_av": 0.11985454852306014, "sam_/ori_av": 1.5649219687104499}, "DDC": 9.609609974425837e-08, "LCC": 0.0, "GCC": 0}, "rate-20": {"ANB_G": 0.0018165739895350727, "SP": 3.616683417085427, "ANB": 0.013215572813562764, "ACC": 0.27892596154215515, "CC": 1, "QCS": 0.8291553207077336, "SCS": {"ori-": 10.08275903308959, "sam_": 7.90356963474283, "ori-av": 0.07638453812946659, "sam_av": 0.11975105507186105, "sam_/ori_av": 1.5677394667084479}, "DDC": 3.0469534639809837e-07, "LCC": 0.0, "GCC": 0}, "rate-25": {"ANB_G": 0.00182167100116539, "SP": 3.6900562248995983, "ANB": 0.010847000906853218, "ACC": 0.27296631462490867, "CC": 1, "QCS": 0.8190201200683283, "SCS": {"ori-": 12.629650184394169, "sam_": 9.861092188784298, "ori-av": 0.07701006209996444, "sam_av": 0.12025722181444265, "sam_/ori_av": 1.5615780397416168}, "DDC": 1.0592756177763007e-06, "LCC": 0.0, "GCC": 0}, "rate-30": {"ANB_G": 0.0017856108934316021, "SP": 3.8998439241917504, "ANB": 0.009731019879838088, "ACC": 0.2586252073202059, "CC": 1, "QCS": 0.6862128236217572, "SCS": {"ori-": 15.099011876716313, "sam_": 11.818071080879305, "ori-av": 0.07782995812740368, "sam_av": 0.1218357843389619, "sam_/ori_av": 1.5654098662050278}, "DDC": 4.9790132577332e-05, "LCC": 0.0, "GCC": 0}, "rate-35": {"ANB_G": 0.0017857683341518421, "SP": 3.767679083094556, "ANB": 0.007953100813490101, "ACC": 0.26710029535499175, "CC": 1, "QCS": 0.59133781851323, "SCS": {"ori-": 18.370336953427273, "sam_": 14.416064254949772, "ori-av": 0.07348134781370909, "sam_av": 0.11532851403959818, "sam_/ori_av": 1.5694937214812743}, "DDC": 3.40133158409639e-05, "LCC": 0.0, "GCC": 0}, "rate-40": {"ANB_G": 0.0017622354315634948, "SP": 3.7632456140350876, "ANB": 0.0069428281759675555, "ACC": 0.2676024162168591, "CC": 1, "QCS": 0.6734665004092854, "SCS": {"ori-": 21.079242604327504, "sam_": 16.462166330553536, "ori-av": 0.07370364546967659, "sam_av": 0.11512004426960515, "sam_/ori_av": 1.5619314829816422}, "DDC": 3.827667723554917e-06, "LCC": 0.0, "GCC": 0}}