{"rate-5": {"ANB_G": 0.001740352929080033, "SP": 17.0, "ANB": 0.33333333333333337, "ACC": 0.061597992265136646, "CC": 1, "QCS": 0.8700881122863597, "SCS": {"ori-": 3.263776771673078, "sam_": 2.605750378757053, "ori-av": 0.05099651205739184, "sam_av": 0.0814296993361579, "sam_/ori_av": 1.5967699760429954}, "DDC": 0.725101214574899, "LCC": 0.0, "GCC": 0}, "rate-10": {"ANB_G": 0.001722192807895936, "SP": 33.666666666666664, "ANB": 0.3333333333333332, "ACC": 0.031104642607553013, "CC": 1, "QCS": 0.7690784088422729, "SCS": {"ori-": 6.451310157034913, "sam_": 5.067672283846709, "ori-av": 0.0658296954799481, "sam_av": 0.10342188334381039, "sam_/ori_av": 1.5710521306499583}, "DDC": 0.725101214574899, "LCC": 0.0, "GCC": 0}, "rate-15": {"ANB_G": 0.0017592717051718536, "SP": 50.333333333333336, "ANB": 0.33333333333333326, "ACC": 0.020805179462935218, "CC": 1, "QCS": 0.6822054712011298, "SCS": {"ori-": 8.86135781615716, "sam_": 7.023755769420592, "ori-av": 0.06069423161751479, "sam_av": 0.09621583245781633, "sam_/ori_av": 1.5852549722377722}, "DDC": 0.725101214574899, "LCC": 0.0, "GCC": 0}, "rate-20": {"ANB_G": 0.0017587022906593597, "SP": 67.0, "ANB": 0.33333333333333315, "ACC": 0.01562978466054483, "CC": 1, "QCS": 0.7271089433904131, "SCS": {"ori-": 11.298747443318087, "sam_": 8.86993781860119, "ori-av": 0.07061717152073804, "sam_av": 0.11087422273251488, "sam_/ori_av": 1.5700745349161231}, "DDC": 0.725101214574899, "LCC": 0.0, "GCC": 0}, "rate-25": {"ANB_G": 0.0016979822910466557, "SP": 83.66666666666667, "ANB": 0.3333333333333336, "ACC": 0.01251629025530426, "CC": 1, "QCS": 0.7182215088561995, "SCS": {"ori-": 13.088054537662458, "sam_": 10.29788004113072, "ori-av": 0.07036588461108849, "sam_av": 0.11072989291538408, "sam_/ori_av": 1.5736303682869484}, "DDC": 0.725101214574899, "LCC": 0.0, "GCC": 0}, "rate-30": {"ANB_G": 0.0017556201104222103, "SP": 100.33333333333333, "ANB": 0.3333333333333334, "ACC": 0.010437176129779424, "CC": 1, "QCS": 0.5951195097945535, "SCS": {"ori-": 16.304252347766493, "sam_": 12.771138967536068, "ori-av": 0.07411023794439316, "sam_av": 0.11610126334123698, "sam_/ori_av": 1.5666022207127548}, "DDC": 0.725101214574899, "LCC": 0.0, "GCC": 0}, "rate-35": {"ANB_G": 0.0017594842704154884, "SP": 117.0, "ANB": 0.33333333333333304, "ACC": 0.008950400897692903, "CC": 1, "QCS": 0.5811261174315782, "SCS": {"ori-": 19.03019097035697, "sam_": 14.84878182119094, "ori-av": 0.07929246237648738, "sam_av": 0.1237398485099245, "sam_/ori_av": 1.560549953946406}, "DDC": 0.725101214574899, "LCC": 0.0, "GCC": 0}, "rate-40": {"ANB_G": 0.0017771945068786096, "SP": 133.66666666666666, "ANB": 0.3333333333333336, "ACC": 0.007834391943717565, "CC": 1, "QCS": 0.5014933628927544, "SCS": {"ori-": 21.191492896755374, "sam_": 16.514722128718237, "ori-av": 0.08150574191059759, "sam_av": 0.12703632406706336, "sam_/ori_av": 1.558618093513063}, "DDC": 0.725101214574899, "LCC": 0.0, "GCC": 0}}