{"rate-5": {"ANB_G": 0.0016615468936089942, "SP": 17.0, "ANB": 0.33333333333333337, "ACC": 0.061597992265136646, "CC": 1, "QCS": 0.8923543969946622, "SCS": {"ori-": 2.858649473710144, "sam_": 2.302255850200037, "ori-av": 0.049287059891554214, "sam_av": 0.07938813276551852, "sam_/ori_av": 1.6107297319051974}, "DDC": 0.725101214574899, "LCC": 0.0, "GCC": 0}, "rate-10": {"ANB_G": 0.0017937864498856512, "SP": 33.666666666666664, "ANB": 0.3333333333333332, "ACC": 0.031104642607553013, "CC": 1, "QCS": 0.8746966805222838, "SCS": {"ori-": 6.056088340011588, "sam_": 4.793376473641342, "ori-av": 0.060560883400115874, "sam_av": 0.09586752947282683, "sam_/ori_av": 1.5829942380372113}, "DDC": 0.725101214574899, "LCC": 0.0, "GCC": 0}, "rate-15": {"ANB_G": 0.0017624517716540874, "SP": 50.333333333333336, "ANB": 0.33333333333333326, "ACC": 0.020805179462935218, "CC": 1, "QCS": 0.7582868430755592, "SCS": {"ori-": 8.298314506108197, "sam_": 6.580998222362904, "ori-av": 0.0638331885085246, "sam_av": 0.10124612649789083, "sam_/ori_av": 1.586104796948533}, "DDC": 0.725101214574899, "LCC": 0.0, "GCC": 0}, "rate-20": {"ANB_G": 0.001741545762434212, "SP": 67.0, "ANB": 0.33333333333333315, "ACC": 0.01562978466054483, "CC": 1, "QCS": 0.5806570814241596, "SCS": {"ori-": 10.9891702555075, "sam_": 8.724485183757862, "ori-av": 0.06173691154779494, "sam_av": 0.09802792341300968, "sam_/ori_av": 1.5878332905772148}, "DDC": 0.725101214574899, "LCC": 0.0, "GCC": 0}, "rate-25": {"ANB_G": 0.0017272648085852498, "SP": 83.66666666666667, "ANB": 0.3333333333333336, "ACC": 0.01251629025530426, "CC": 1, "QCS": 0.567246482070327, "SCS": {"ori-": 12.67902199531188, "sam_": 9.961091985354535, "ori-av": 0.07203989770063568, "sam_av": 0.11319422710630155, "sam_/ori_av": 1.5712713471177335}, "DDC": 0.725101214574899, "LCC": 0.0, "GCC": 0}, "rate-30": {"ANB_G": 0.0017820546391678418, "SP": 100.33333333333333, "ANB": 0.3333333333333334, "ACC": 0.010437176129779424, "CC": 1, "QCS": 0.6008394226915171, "SCS": {"ori-": 16.13235053675818, "sam_": 12.685450070714506, "ori-av": 0.07014065450764427, "sam_av": 0.11030826148447397, "sam_/ori_av": 1.5726722577482084}, "DDC": 0.725101214574899, "LCC": 0.0, "GCC": 0}, "rate-35": {"ANB_G": 0.0017318061797341223, "SP": 117.0, "ANB": 0.33333333333333304, "ACC": 0.008950400897692903, "CC": 1, "QCS": 0.5264386127221024, "SCS": {"ori-": 17.936027934510513, "sam_": 14.029951339594456, "ori-av": 0.07473344972712713, "sam_av": 0.11691626116328714, "sam_/ori_av": 1.564443520139661}, "DDC": 0.725101214574899, "LCC": 0.0, "GCC": 0}, "rate-40": {"ANB_G": 0.0017059136060026481, "SP": 133.66666666666666, "ANB": 0.3333333333333336, "ACC": 0.007834391943717565, "CC": 1, "QCS": 0.5824373400789972, "SCS": {"ori-": 21.21056156998224, "sam_": 16.481055000539016, "ori-av": 0.08221147895341953, "sam_av": 0.12776011628324818, "sam_/ori_av": 1.554042305401612}, "DDC": 0.725101214574899, "LCC": 0.0, "GCC": 0}}