{"rate-5": {"ANB_G": 0.0017742208982079993, "SP": 17.0, "ANB": 0.33333333333333337, "ACC": 0.061597992265136646, "CC": 1, "QCS": 0.8424877427139955, "SCS": {"ori-": 3.8530538919277646, "sam_": 3.092461966637956, "ori-av": 0.05666255723423183, "sam_av": 0.09095476372464577, "sam_/ori_av": 1.6052004738977226}, "DDC": 0.725101214574899, "LCC": 0.0, "GCC": 0}, "rate-10": {"ANB_G": 0.0017988997553215922, "SP": 33.666666666666664, "ANB": 0.3333333333333332, "ACC": 0.031104642607553013, "CC": 1, "QCS": 0.9613774824357049, "SCS": {"ori-": 7.182278291327273, "sam_": 5.694229160375744, "ori-av": 0.06650257677154882, "sam_av": 0.10544868815510637, "sam_/ori_av": 1.5856331179067862}, "DDC": 0.725101214574899, "LCC": 0.0, "GCC": 0}, "rate-15": {"ANB_G": 0.0017952425922833815, "SP": 50.333333333333336, "ANB": 0.33333333333333326, "ACC": 0.020805179462935218, "CC": 1, "QCS": 0.8949981528786106, "SCS": {"ori-": 11.102838408090706, "sam_": 8.770233808643267, "ori-av": 0.07027112916513105, "sam_av": 0.11101561783092743, "sam_/ori_av": 1.5798183286631182}, "DDC": 0.725101214574899, "LCC": 0.0, "GCC": 0}, "rate-20": {"ANB_G": 0.0017397210119453257, "SP": 67.0, "ANB": 0.33333333333333315, "ACC": 0.01562978466054483, "CC": 1, "QCS": 0.8039242124883793, "SCS": {"ori-": 14.181120034621282, "sam_": 11.119975074789702, "ori-av": 0.07707130453598522, "sam_av": 0.1208692942911924, "sam_/ori_av": 1.5682788168553388}, "DDC": 0.725101214574899, "LCC": 0.0, "GCC": 0}, "rate-25": {"ANB_G": 0.0017789766173070304, "SP": 83.66666666666667, "ANB": 0.3333333333333336, "ACC": 0.01251629025530426, "CC": 1, "QCS": 0.8071959367249746, "SCS": {"ori-": 17.584620684736574, "sam_": 13.828908368510941, "ori-av": 0.07451110459634142, "sam_av": 0.11719413871619441, "sam_/ori_av": 1.57284124763799}, "DDC": 0.725101214574899, "LCC": 0.0, "GCC": 0}, "rate-30": {"ANB_G": 0.0017698436147814622, "SP": 100.33333333333333, "ANB": 0.3333333333333334, "ACC": 0.010437176129779424, "CC": 1, "QCS": 0.7774723674153885, "SCS": {"ori-": 21.34751346170022, "sam_": 16.688227335067378, "ori-av": 0.07965490097649336, "sam_av": 0.12453900996318938, "sam_/ori_av": 1.5634820762622201}, "DDC": 0.725101214574899, "LCC": 0.0, "GCC": 0}, "rate-35": {"ANB_G": 0.0017652770683347283, "SP": 117.0, "ANB": 0.33333333333333304, "ACC": 0.008950400897692903, "CC": 1, "QCS": 0.7311444835386299, "SCS": {"ori-": 24.147500270625386, "sam_": 18.770422888187237, "ori-av": 0.08326724231250134, "sam_av": 0.12945119233232577, "sam_/ori_av": 1.5546472867024517}, "DDC": 0.725101214574899, "LCC": 0.0, "GCC": 0}, "rate-40": {"ANB_G": 0.0017859222672923212, "SP": 133.66666666666666, "ANB": 0.3333333333333336, "ACC": 0.007834391943717565, "CC": 1, "QCS": 0.7245686017464258, "SCS": {"ori-": 27.018270106404714, "sam_": 20.94769145929619, "ori-av": 0.08887588850791024, "sam_av": 0.13781375960063283, "sam_/ori_av": 1.5506315820220122}, "DDC": 0.725101214574899, "LCC": 0.0, "GCC": 0}}