{"rate-5": {"ANB_G": 0.001816298534555983, "SP": 17.0, "ANB": 0.33333333333333337, "ACC": 0.061597992265136646, "CC": 1, "QCS": 0.9356092852571609, "SCS": {"ori-": 3.1738566365658896, "sam_": 2.580733059679002, "ori-av": 0.04534080909379842, "sam_av": 0.07373523027654291, "sam_/ori_av": 1.6262442543538154}, "DDC": 0.725101214574899, "LCC": 0.0, "GCC": 0}, "rate-10": {"ANB_G": 0.001722080333141672, "SP": 33.666666666666664, "ANB": 0.3333333333333332, "ACC": 0.031104642607553013, "CC": 1, "QCS": 0.8498834262298406, "SCS": {"ori-": 6.085707722309853, "sam_": 4.826049432962985, "ori-av": 0.06085707722309853, "sam_av": 0.09652098865925969, "sam_/ori_av": 1.5860273457665297}, "DDC": 0.725101214574899, "LCC": 0.0, "GCC": 0}, "rate-15": {"ANB_G": 0.001772356758255037, "SP": 50.333333333333336, "ANB": 0.33333333333333326, "ACC": 0.020805179462935218, "CC": 1, "QCS": 0.7361956554015893, "SCS": {"ori-": 9.045090477473874, "sam_": 7.116962368071758, "ori-av": 0.0675006752050289, "sam_av": 0.10622331892644415, "sam_/ori_av": 1.5736630574997619}, "DDC": 0.725101214574899, "LCC": 0.0, "GCC": 0}, "rate-20": {"ANB_G": 0.001703742140091703, "SP": 67.0, "ANB": 0.33333333333333315, "ACC": 0.01562978466054483, "CC": 1, "QCS": 0.7064332326906423, "SCS": {"ori-": 11.424394030636579, "sam_": 9.022593305058328, "ori-av": 0.067202317827274, "sam_av": 0.10614815653009797, "sam_/ori_av": 1.5795311822863622}, "DDC": 0.725101214574899, "LCC": 0.0, "GCC": 0}, "rate-25": {"ANB_G": 0.0017247831641435064, "SP": 83.66666666666667, "ANB": 0.3333333333333336, "ACC": 0.01251629025530426, "CC": 1, "QCS": 0.6335386785482982, "SCS": {"ori-": 13.527165911976724, "sam_": 10.670412911397973, "ori-av": 0.06763582955988362, "sam_av": 0.10670412911397972, "sam_/ori_av": 1.577627269574711}, "DDC": 0.725101214574899, "LCC": 0.0, "GCC": 0}, "rate-30": {"ANB_G": 0.001766647985970213, "SP": 100.33333333333333, "ANB": 0.3333333333333334, "ACC": 0.010437176129779424, "CC": 1, "QCS": 0.5672196903519808, "SCS": {"ori-": 15.772449568644701, "sam_": 12.382755375346877, "ori-av": 0.07302059985483658, "sam_av": 0.11465514236432293, "sam_/ori_av": 1.5701753011103023}, "DDC": 0.725101214574899, "LCC": 0.0, "GCC": 0}, "rate-35": {"ANB_G": 0.001789517940830565, "SP": 117.0, "ANB": 0.33333333333333304, "ACC": 0.008950400897692903, "CC": 1, "QCS": 0.678693993452282, "SCS": {"ori-": 18.632071494580835, "sam_": 14.536723984523025, "ori-av": 0.0803106529938829, "sam_av": 0.12531658607347435, "sam_/ori_av": 1.5603980468571144}, "DDC": 0.725101214574899, "LCC": 0.0, "GCC": 0}, "rate-40": {"ANB_G": 0.0017563898738441898, "SP": 133.66666666666666, "ANB": 0.3333333333333336, "ACC": 0.007834391943717565, "CC": 1, "QCS": 0.5809430537655819, "SCS": {"ori-": 20.852569246429905, "sam_": 16.20694249730613, "ori-av": 0.084082940509798, "sam_av": 0.13070114917182363, "sam_/ori_av": 1.5544312363408996}, "DDC": 0.725101214574899, "LCC": 0.0, "GCC": 0}}