{"rate-5": {"ANB_G": 0.0018655577625887824, "SP": 17.0, "ANB": 0.33333333333333337, "ACC": 0.061597992265136646, "CC": 1, "QCS": 0.9244659739011474, "SCS": {"ori-": 3.388390306793578, "sam_": 2.697932583051028, "ori-av": 0.06050696976417103, "sam_av": 0.09635473510896529, "sam_/ori_av": 1.5924567943910055}, "DDC": 0.725101214574899, "LCC": 0.0, "GCC": 0}, "rate-10": {"ANB_G": 0.001673248770192731, "SP": 33.666666666666664, "ANB": 0.3333333333333332, "ACC": 0.031104642607553013, "CC": 1, "QCS": 0.896717171726456, "SCS": {"ori-": 6.351297112589734, "sam_": 4.993393253833566, "ori-av": 0.06615934492280973, "sam_av": 0.10402902612153263, "sam_/ori_av": 1.5724010907742012}, "DDC": 0.725101214574899, "LCC": 0.0, "GCC": 0}, "rate-15": {"ANB_G": 0.0017358050270910171, "SP": 50.333333333333336, "ANB": 0.33333333333333326, "ACC": 0.020805179462935218, "CC": 1, "QCS": 0.7872956634406534, "SCS": {"ori-": 9.186240060756292, "sam_": 7.309496055982422, "ori-av": 0.06206918959970468, "sam_av": 0.09877697372949218, "sam_/ori_av": 1.5914010536712753}, "DDC": 0.725101214574899, "LCC": 0.0, "GCC": 0}, "rate-20": {"ANB_G": 0.0017710497141424238, "SP": 67.0, "ANB": 0.33333333333333315, "ACC": 0.01562978466054483, "CC": 1, "QCS": 0.6741840574628484, "SCS": {"ori-": 13.280933601729112, "sam_": 10.519924391846654, "ori-av": 0.06707542223095511, "sam_av": 0.1062618625439056, "sam_/ori_av": 1.5842145902268516}, "DDC": 0.725101214574899, "LCC": 0.0, "GCC": 0}, "rate-25": {"ANB_G": 0.0017107116092825642, "SP": 83.66666666666667, "ANB": 0.3333333333333336, "ACC": 0.01251629025530426, "CC": 1, "QCS": 0.6088060974088316, "SCS": {"ori-": 16.08870468058006, "sam_": 12.588825770109896, "ori-av": 0.07182457446687528, "sam_av": 0.11240023009026692, "sam_/ori_av": 1.5649271983101647}, "DDC": 0.725101214574899, "LCC": 0.0, "GCC": 0}, "rate-30": {"ANB_G": 0.0017843777274230259, "SP": 100.33333333333333, "ANB": 0.3333333333333334, "ACC": 0.010437176129779424, "CC": 1, "QCS": 0.6527002075991426, "SCS": {"ori-": 19.121654165060672, "sam_": 14.920675446138851, "ori-av": 0.07528210301204989, "sam_av": 0.11748563343416418, "sam_/ori_av": 1.560605093821025}, "DDC": 0.725101214574899, "LCC": 0.0, "GCC": 0}, "rate-35": {"ANB_G": 0.0017656899678136525, "SP": 117.0, "ANB": 0.33333333333333304, "ACC": 0.008950400897692903, "CC": 1, "QCS": 0.6435007916565281, "SCS": {"ori-": 20.718561413052665, "sam_": 16.058820310848926, "ori-av": 0.08632733922105278, "sam_av": 0.1338235025904077, "sam_/ori_av": 1.5501868098556195}, "DDC": 0.725101214574899, "LCC": 0.0, "GCC": 0}, "rate-40": {"ANB_G": 0.0017422016575151693, "SP": 133.66666666666666, "ANB": 0.3333333333333336, "ACC": 0.007834391943717565, "CC": 1, "QCS": 0.632806133956175, "SCS": {"ori-": 23.74342048002296, "sam_": 18.50023322438474, "ori-av": 0.08360359323951747, "sam_av": 0.1302833325660897, "sam_/ori_av": 1.5583460891787102}, "DDC": 0.725101214574899, "LCC": 0.0, "GCC": 0}}