{"rate-5": {"ANB_G": 0.0018077130377359709, "SP": 2.722122448979592, "ANB": 0.03587755102040816, "ACC": 0.37320955242856096, "CC": 1.0, "QCS": 0.5833621081766769, "SCS": {"ori-": 2.8595872194310212, "sam_": 2.244135515700608, "ori-av": 0.0753942718096082, "sam_av": 0.11827847766962685, "sam_/ori_av": 1.5693529172988814}, "DDC": 5.220688914309157e-06, "LCC": 0.0, "GCC": 0.0}, "rate-10": {"ANB_G": 0.0018239500011065501, "SP": 3.2400808080808083, "ANB": 0.022857967429396, "ACC": 0.3127790082042204, "CC": 1.0, "QCS": 0.8369955458920828, "SCS": {"ori-": 5.872885883112258, "sam_": 4.510664885609367, "ori-av": 0.08321545715922488, "sam_av": 0.12788503326304973, "sam_/ori_av": 1.5396415419665908}, "DDC": 5.56382755378948e-07, "LCC": 0.0, "GCC": 0.0}, "rate-15": {"ANB_G": 0.001758639804365171, "SP": 3.4760089485458616, "ANB": 0.016729790192877438, "ACC": 0.2908415458208634, "CC": 1.0, "QCS": 0.9068664412832138, "SCS": {"ori-": 8.65130552737521, "sam_": 6.748921255905737, "ori-av": 0.07758849870849613, "sam_av": 0.12106076830944656, "sam_/ori_av": 1.5604902559635025}, "DDC": 4.638256133393526e-07, "LCC": 0.0, "GCC": 0.0}, "rate-20": {"ANB_G": 0.0018210726961281933, "SP": 3.589849246231156, "ANB": 0.013080046698137148, "ACC": 0.28129765119192596, "CC": 1.0, "QCS": 0.8296238565578136, "SCS": {"ori-": 11.265514889250214, "sam_": 8.780723368849117, "ori-av": 0.07686904716582375, "sam_av": 0.11981739235062712, "sam_/ori_av": 1.5586750676350272}, "DDC": 1.975719085822725e-06, "LCC": 0.0, "GCC": 0.0}, "rate-25": {"ANB_G": 0.0018069448923745135, "SP": 3.6895036144578315, "ANB": 0.01084477263894287, "ACC": 0.27306860034237995, "CC": 1.0, "QCS": 0.7728205518879241, "SCS": {"ori-": 14.459235844743318, "sam_": 11.254043351019847, "ori-av": 0.07953093403310932, "sam_av": 0.12378181126472768, "sam_/ori_av": 1.556734499870754}, "DDC": 4.795103252663857e-06, "LCC": 0.0, "GCC": 0.0}, "rate-30": {"ANB_G": 0.0017747575920628125, "SP": 3.8105195094760314, "ANB": 0.009431273521731648, "ACC": 0.26455340740434624, "CC": 1.0, "QCS": 0.6889317502630308, "SCS": {"ori-": 16.484186756530274, "sam_": 12.891558405520843, "ori-av": 0.07691093733424967, "sam_av": 0.12032493542668121, "sam_/ori_av": 1.564612169328996}, "DDC": 1.4146357345845573e-05, "LCC": 0.0, "GCC": 0.0}, "rate-35": {"ANB_G": 0.0017846954455163597, "SP": 3.846228407695456, "ANB": 0.008178817263492691, "ACC": 0.26216602735715383, "CC": 1.0, "QCS": 0.6607402786162517, "SCS": {"ori-": 19.922248467128654, "sam_": 15.553350113082399, "ori-av": 0.07785593438744356, "sam_av": 0.12158060205145926, "sam_/ori_av": 1.5617794867041297}, "DDC": 1.1743484987780661e-05, "LCC": 0.0, "GCC": 0.0}, "rate-40": {"ANB_G": 0.001769296842838668, "SP": 3.8293959899749375, "ANB": 0.0071090351506907954, "ACC": 0.2632275150230418, "CC": 1.0, "QCS": 0.6396124814980498, "SCS": {"ori-": 23.09285544519853, "sam_": 18.010622097058654, "ori-av": 0.07528729572953866, "sam_av": 0.11742398120983506, "sam_/ori_av": 1.5600188291173829}, "DDC": 3.1926648609093e-05, "LCC": 0.0, "GCC": 0.0}}