{"rate-5": {"ANB_G": 0.0017715954036083583, "SP": 17.0, "ANB": 0.33333333333333337, "ACC": 0.061597992265136646, "CC": 1.0, "QCS": 0.8930011022306651, "SCS": {"ori-": 3.307545416134091, "sam_": 2.6558267676650154, "ori-av": 0.052558781608229466, "sam_av": 0.08437251224236608, "sam_/ori_av": 1.6062802461181473}, "DDC": 0.725101214574899, "LCC": 0.0, "GCC": 0.0}, "rate-10": {"ANB_G": 0.0017420416232875164, "SP": 33.666666666666664, "ANB": 0.3333333333333332, "ACC": 0.031104642607553013, "CC": 1.0, "QCS": 0.8703506339513117, "SCS": {"ori-": 6.425336324654671, "sam_": 5.074944120932069, "ori-av": 0.06398191555950421, "sam_av": 0.10105762315050719, "sam_/ori_av": 1.5796215846269372}, "DDC": 0.725101214574899, "LCC": 0.0, "GCC": 0.0}, "rate-15": {"ANB_G": 0.0017650255708910752, "SP": 50.333333333333336, "ANB": 0.33333333333333326, "ACC": 0.020805179462935218, "CC": 1.0, "QCS": 0.7717963571995085, "SCS": {"ori-": 9.298768253717245, "sam_": 7.3602892448961885, "ori-av": 0.06487368281918081, "sam_av": 0.1026955738885142, "sam_/ori_av": 1.583248441804092}, "DDC": 0.725101214574899, "LCC": 0.0, "GCC": 0.0}, "rate-20": {"ANB_G": 0.0017429521838546048, "SP": 67.0, "ANB": 0.33333333333333315, "ACC": 0.01562978466054483, "CC": 1.0, "QCS": 0.6984615054912885, "SCS": {"ori-": 12.234873073162511, "sam_": 9.651383154810748, "ori-av": 0.06874062553254948, "sam_av": 0.1084362919021441, "sam_/ori_av": 1.5779864829723782}, "DDC": 0.725101214574899, "LCC": 0.0, "GCC": 0.0}, "rate-25": {"ANB_G": 0.0017279436980730013, "SP": 83.66666666666667, "ANB": 0.3333333333333336, "ACC": 0.01251629025530426, "CC": 1.0, "QCS": 0.6670017407217262, "SCS": {"ori-": 14.59351356205354, "sam_": 11.46942381530081, "ori-av": 0.0712754581869649, "sam_av": 0.11204452358842534, "sam_/ori_av": 1.5720594861855095}, "DDC": 0.725101214574899, "LCC": 0.0, "GCC": 0.0}, "rate-30": {"ANB_G": 0.0017717088155529508, "SP": 100.33333333333333, "ANB": 0.3333333333333334, "ACC": 0.010437176129779424, "CC": 1.0, "QCS": 0.6386702395705165, "SCS": {"ori-": 17.735644015986054, "sam_": 13.889649438960737, "ori-av": 0.07444169925908345, "sam_av": 0.11661786211747749, "sam_/ori_av": 1.566707389930902}, "DDC": 0.725101214574899, "LCC": 0.0, "GCC": 0.0}, "rate-35": {"ANB_G": 0.0017623550854257112, "SP": 117.0, "ANB": 0.33333333333333304, "ACC": 0.008950400897692903, "CC": 1.0, "QCS": 0.632180799760224, "SCS": {"ori-": 20.092870416625274, "sam_": 15.648940068868916, "ori-av": 0.0807862293262103, "sam_av": 0.12584947813388386, "sam_/ori_av": 1.5580451235002506}, "DDC": 0.725101214574899, "LCC": 0.0, "GCC": 0.0}, "rate-40": {"ANB_G": 0.0017535243823065874, "SP": 133.66666666666666, "ANB": 0.3333333333333336, "ACC": 0.007834391943717565, "CC": 1.0, "QCS": 0.6044496984879869, "SCS": {"ori-": 22.80326285991904, "sam_": 17.730128862048865, "ori-av": 0.08405592862424857, "sam_av": 0.13071893633777154, "sam_/ori_av": 1.5552138612912594}, "DDC": 0.725101214574899, "LCC": 0.0, "GCC": 0.0}}