{"rate_5": {"ANB_G": 0.0024924905685143966, "SP": 3.976063829787234, "ACE": 0.11506780808908326, "ANB": 0.06469703977798336, "ACC": 0.2595260176015182, "CC": 1.0, "QCS": 0.812553666812509, "SCS": {"ori-": 3.1019541464260207, "sam_": 2.5090133876122565, "ori-av": 0.050116972634132416, "sam_av": 0.08106715176997514, "sam_/ori_av": 1.6176723919110203}, "DDC": 0.0857560357664846, "LCC": 0.10000000000000002, "GCC": 0.07792207792207792}, "rate_10": {"ANB_G": 0.002431768630271101, "SP": 3.654091939806226, "ACE": 0.08425911389266254, "ANB": 0.0273617725753219, "ACC": 0.2779306664881421, "CC": 1.0, "QCS": 0.8763761724545353, "SCS": {"ori-": 5.899146915785434, "sam_": 4.683129596175218, "ori-av": 0.06666551460002672, "sam_av": 0.10582558765302878, "sam_/ori_av": 1.5876687881112765}, "DDC": 0.2760502472711365, "LCC": 0.019841269841269837, "GCC": 0.019672131147540985}, "rate_15": {"ANB_G": 0.00231495579115073, "SP": 3.3584940825645324, "ACE": 0.0727000244325319, "ANB": 0.01626547643147953, "ACC": 0.3000932022460835, "CC": 1.0, "QCS": 0.8349374343160214, "SCS": {"ori-": 8.221931280787832, "sam_": 6.4451014260236335, "ori-av": 0.07651426880611735, "sam_av": 0.11994540898953007, "sam_/ori_av": 1.5677358602072151}, "DDC": 0.27881842694235404, "LCC": 0.014854570977019954, "GCC": 0.02099236641221374}, "rate_20": {"ANB_G": 0.002247846206512283, "SP": 3.1154622924979063, "ACE": 0.06381724643378439, "ANB": 0.01057731146248953, "ACC": 0.32288831631917825, "CC": 1.0, "QCS": 0.8931141225196952, "SCS": {"ori-": 11.310330165136268, "sam_": 8.811923514503075, "ori-av": 0.08578681696750479, "sam_av": 0.13366333623272494, "sam_/ori_av": 1.5581766977560725}, "DDC": 0.37376677379867573, "LCC": 0.024289956468174282, "GCC": 0.021986970684039087}, "rate_25": {"ANB_G": 0.0022170995325493993, "SP": 3.032715162596317, "ACE": 0.058305747129435335, "ANB": 0.008263069766651698, "ACC": 0.33143272961929465, "CC": 1.0, "QCS": 0.8433996512912314, "SCS": {"ori-": 13.126787632252666, "sam_": 10.12290583028022, "ori-av": 0.09357263506105822, "sam_av": 0.14429488843132002, "sam_/ori_av": 1.5421979805388568}, "DDC": 0.3480979288292716, "LCC": 0.019130175380175366, "GCC": 0.020448877805486283}, "rate_30": {"ANB_G": 0.0021323078964113635, "SP": 2.923274374460742, "ACE": 0.05362316453472493, "ANB": 0.006347440179738424, "ACC": 0.3433816853347004, "CC": 1.0, "QCS": 0.8598213438491461, "SCS": {"ori-": 15.932545408773851, "sam_": 12.163611552071206, "ori-av": 0.10433623876064368, "sam_av": 0.15925417340195536, "sam_/ori_av": 1.526736327993516}, "DDC": 0.31963475830831156, "LCC": 0.022460399345645213, "GCC": 0.022252191503708697}, "rate_35": {"ANB_G": 0.0020803002912031634, "SP": 2.8762968086157494, "ACE": 0.050433607415131664, "ANB": 0.005407195413878238, "ACC": 0.3488123398358947, "CC": 1.0, "QCS": 0.8149059458370262, "SCS": {"ori-": 17.837040124523547, "sam_": 13.593582015410865, "ori-av": 0.1078909668363707, "sam_av": 0.16433088579606953, "sam_/ori_av": 1.5239479737854729}, "DDC": 0.3848802788802994, "LCC": 0.023077704642680177, "GCC": 0.023347107438016528}, "rate_40": {"ANB_G": 0.0020803002912031634, "SP": 2.8762968086157494, "ACE": 0.050433607415131664, "ANB": 0.005407195413878238, "ACC": 0.3488123398358947, "CC": 1.0, "QCS": 0.8068392832780749, "SCS": {"ori-": 17.833012584631255, "sam_": 13.591136690656512, "ori-av": 0.1060651078979872, "sam_av": 0.1616505248310623, "sam_/ori_av": 1.524219748203409}, "DDC": 0.3848802788802994, "LCC": 0.023077704642680177, "GCC": 0.023347107438016528}}