{"rate_100": {"SP": 2.6385585585585587, "ACE": 0.030689087351620598, "ANB": 0.001641842243044646, "ACC": 0.37928648715714236, "CC": 1, "LCC": 0.019391285286880194, "GCC": 0.019283128384645305}}