{"rate-5": {"ANB_G": 0.0016422784882019858, "SP": 11.011835519319389, "ANB": 0.012414965986394558, "ACC": 0.044992850856881, "CC": 22.6, "QCS": 0.6266910057041455, "SCS": {"ori-": 3.426645289074448, "sam_": 2.7844337697197092, "ori-av": 0.04326995918744881, "sam_av": 0.07031511393414105, "sam_/ori_av": 1.6259858112643104}, "DDC": 0.2967620193640438, "LCC": 0.008666666666666668, "GCC": 0.02608695652173913}, "rate-10": {"ANB_G": 0.0016267605017454688, "SP": 7.088748113013128, "ANB": 0.03115934858792001, "ACC": 0.1254716966921525, "CC": 17.8, "QCS": 0.7494055429326191, "SCS": {"ori-": 6.341929334273414, "sam_": 5.1023414263592946, "ori-av": 0.05132346519598496, "sam_av": 0.08259383248768816, "sam_/ori_av": 1.6097985235281858}, "DDC": 0.3937259817109341, "LCC": 0.01825555555555556, "GCC": 0.02613383904995617}, "rate-15": {"ANB_G": 0.0016440343977427434, "SP": 6.166685363194039, "ANB": 0.019916681782453597, "ACC": 0.19114162732814313, "CC": 11.6, "QCS": 0.7332790960633816, "SCS": {"ori-": 8.830099528994982, "sam_": 7.000712464391735, "ori-av": 0.06310537003484418, "sam_av": 0.10007468126009449, "sam_/ori_av": 1.586262651273446}, "DDC": 0.4168982041253977, "LCC": 0.0162, "GCC": 0.01889509825571383}, "rate-20": {"ANB_G": 0.0016624859536181306, "SP": 3.9106077829031114, "ANB": 0.014089995431703976, "ACC": 0.24821570927122552, "CC": 5.2, "QCS": 0.7276479689366978, "SCS": {"ori-": 11.187330273435936, "sam_": 8.755536608660611, "ori-av": 0.07699783962416669, "sam_av": 0.12056328056600937, "sam_/ori_av": 1.566168039587534}, "DDC": 0.4664541313610143, "LCC": 0.028733116883116878, "GCC": 0.024548717354023978}, "rate-25": {"ANB_G": 0.0016295799793710785, "SP": 3.5744558656304783, "ANB": 0.010165928229045216, "ACC": 0.2764803107343108, "CC": 3.6, "QCS": 0.8095241301997239, "SCS": {"ori-": 13.665852845664853, "sam_": 10.588233404392525, "ori-av": 0.08757188799953149, "sam_av": 0.13562901592124246, "sam_/ori_av": 1.5499080307058235}, "DDC": 0.3645762193233143, "LCC": 0.017502035742035738, "GCC": 0.017562455515813785}, "rate-30": {"ANB_G": 0.0016691046934056198, "SP": 3.3421538461538463, "ANB": 0.007859576664945791, "ACC": 0.3013365005742706, "CC": 1.0, "QCS": 0.8769579311414564, "SCS": {"ori-": 16.168837159116485, "sam_": 12.376118591977432, "ori-av": 0.10182452488893434, "sam_av": 0.15584005396338382, "sam_/ori_av": 1.5311596467523416}, "DDC": 0.44923849058427956, "LCC": 0.02099918784918784, "GCC": 0.019702042194874075}, "rate-35": {"ANB_G": 0.001613377718355398, "SP": 3.439525539571432, "ANB": 0.006413614314414629, "ACC": 0.3091907927493958, "CC": 1.4, "QCS": 0.7821805498655423, "SCS": {"ori-": 17.79579804822614, "sam_": 13.471889732511688, "ori-av": 0.11381907954924127, "sam_av": 0.17202554238276518, "sam_/ori_av": 1.5126477568171572}, "DDC": 0.4687205137119313, "LCC": 0.017977626948215163, "GCC": 0.01870760923103768}, "rate-40": {"ANB_G": 0.0016521311077710358, "SP": 3.1101672271130085, "ANB": 0.005296683920857421, "ACC": 0.3224904492225765, "CC": 1.2, "QCS": 0.8045505420985402, "SCS": {"ori-": 20.154357881980953, "sam_": 15.29156853722227, "ori-av": 0.1124871500853275, "sam_av": 0.17047052007447597, "sam_/ori_av": 1.5164899111127046}, "DDC": 0.5055722235049762, "LCC": 0.020226525504079662, "GCC": 0.019989143933335046}}