{"rate-5": {"ANB_G": 0.0018006286762337683, "SP": 25.03333333333333, "ANB": 2.601040416166467e-05, "ACC": 0.02117262905162066, "CC": 24.6, "QCS": 0.5890706506176898, "SCS": {"ori-": 3.585360642283637, "sam_": 2.9130570164061975, "ori-av": 0.043095426043211184, "sam_av": 0.07005782975264319, "sam_/ori_av": 1.6268506466164605}, "DDC": 0.7039327211085876, "LCC": 0.0, "GCC": 0.0}, "rate-10": {"ANB_G": 0.0017049507402061566, "SP": 49.42666666666666, "ANB": 2.0402040204020403e-05, "ACC": 0.011077542039918283, "CC": 47.4, "QCS": 0.42537366146608324, "SCS": {"ori-": 6.932531562295521, "sam_": 5.643940987393223, "ori-av": 0.041552359104131256, "sam_av": 0.06764757067387968, "sam_/ori_av": 1.6281600964291294}, "DDC": 0.7787775254270761, "LCC": 0.0, "GCC": 0.0}, "rate-15": {"ANB_G": 0.0018060289835568073, "SP": 73.26, "ANB": 8.871665567518715e-06, "ACC": 0.007556836929377933, "CC": 69.6, "QCS": 0.3619648427265128, "SCS": {"ori-": 10.194615969925836, "sam_": 8.289721589188286, "ori-av": 0.04304103868642502, "sam_av": 0.07000557602885571, "sam_/ori_av": 1.6272738612783708}, "DDC": 0.8403317863138146, "LCC": 0.0, "GCC": 0.0}, "rate-20": {"ANB_G": 0.001762325878899782, "SP": 96.13333333333333, "ANB": 8.909313641931956e-06, "ACC": 0.006010205493232562, "CC": 89.2, "QCS": 0.294072993990053, "SCS": {"ori-": 13.991853744910122, "sam_": 11.388592049310937, "ori-av": 0.04236741938171812, "sam_av": 0.06897270893653787, "sam_/ori_av": 1.6286637172769953}, "DDC": 0.8681116487278233, "LCC": 0.0, "GCC": 0.0}, "rate-25": {"ANB_G": 0.001761378584515667, "SP": 119.15333333333331, "ANB": 8.75802399935173e-06, "ACC": 0.00498752844135039, "CC": 108.4, "QCS": 0.2599960158672868, "SCS": {"ori-": 16.702271036502317, "sam_": 13.596579199418732, "ori-av": 0.04214441429652756, "sam_av": 0.06861944343714442, "sam_/ori_av": 1.6289528111010179}, "DDC": 0.9352127974721043, "LCC": 0.0, "GCC": 0.0}, "rate-30": {"ANB_G": 0.0017648146806468583, "SP": 138.8, "ANB": 1.1462518611628615e-05, "ACC": 0.0045894053344550274, "CC": 122.0, "QCS": 0.27254004667949083, "SCS": {"ori-": 20.767039154586858, "sam_": 16.85799354697255, "ori-av": 0.04401548434886684, "sam_av": 0.07146270422425502, "sam_/ori_av": 1.6240647333942555}, "DDC": 0.9605371778414142, "LCC": 0.0, "GCC": 0.0}, "rate-35": {"ANB_G": 0.001788343122535077, "SP": 159.42532356532354, "ANB": 1.1244889221373768e-05, "ACC": 0.0041517405964836, "CC": 135.6, "QCS": 0.28581008589352974, "SCS": {"ori-": 23.611831551402894, "sam_": 19.169696987338284, "ori-av": 0.04393558214424228, "sam_av": 0.07134217963257976, "sam_/ori_av": 1.624273129300241}, "DDC": 0.9537362167143938, "LCC": 0.0, "GCC": 0.0}, "rate-40": {"ANB_G": 0.0017580580482292306, "SP": 175.28505217005215, "ANB": 1.915735905510214e-05, "ACC": 0.004097680706898332, "CC": 140.4, "QCS": 0.2744020430478402, "SCS": {"ori-": 26.866894725433525, "sam_": 21.763331195817624, "ori-av": 0.045287702011967745, "sam_av": 0.07337529407664614, "sam_/ori_av": 1.6205859427690252}, "DDC": 0.663004100416406, "LCC": 0.0, "GCC": 0.0}}