{"rate-5": {"ANB_G": 0.0018063550803729515, "SP": 14.863673469387754, "ANB": 0.2888265306122449, "ACC": 0.07259560251919828, "CC": 1.0, "QCS": 0.8849718840287796, "SCS": {"ori-": 3.3495917924981917, "sam_": 2.684833965288238, "ori-av": 0.05518220199935549, "sam_av": 0.0884792748795024, "sam_/ori_av": 1.6036921850656296}, "DDC": 0.5782846421870813, "LCC": 0.0, "GCC": 0.0}, "rate-10": {"ANB_G": 0.0018255260074632577, "SP": 14.350464646464644, "ANB": 0.13622923108637397, "ACC": 0.08299125196389703, "CC": 1.0, "QCS": 0.8827263175358888, "SCS": {"ori-": 5.9967150422565085, "sam_": 4.763877556625984, "ori-av": 0.061080424280321864, "sam_av": 0.09700147274253532, "sam_/ori_av": 1.589144603068394}, "DDC": 0.5979508087816294, "LCC": 0.007666666666666667, "GCC": 0.008712121212121213}, "rate-15": {"ANB_G": 0.0018086975081550566, "SP": 13.724868008948548, "ANB": 0.08597883789830099, "ACC": 0.07656055643640508, "CC": 1.0, "QCS": 0.7870146613189941, "SCS": {"ori-": 8.944704476173573, "sam_": 7.095544753719442, "ori-av": 0.0649669151913519, "sam_av": 0.10307898918551713, "sam_/ori_av": 1.5870984350388764}, "DDC": 0.3934573829907741, "LCC": 0.0028, "GCC": 0.0029850746268656717}, "rate-20": {"ANB_G": 0.001799074075247414, "SP": 11.062090452261305, "ANB": 0.050818638647784374, "ACC": 0.09655367835881754, "CC": 1.0, "QCS": 0.7527874004823201, "SCS": {"ori-": 11.593314985716757, "sam_": 9.17376581462269, "ori-av": 0.06695064310654063, "sam_av": 0.10597039283074687, "sam_/ori_av": 1.583655630576876}, "DDC": 0.5312452156945694, "LCC": 0.0048, "GCC": 0.007232558139534884}, "rate-25": {"ANB_G": 0.0017842221395808007, "SP": 9.902695582329317, "ANB": 0.03589796605777952, "ACC": 0.10553539995658072, "CC": 1.0, "QCS": 0.6893310309986801, "SCS": {"ori-": 14.563327493416102, "sam_": 11.471161438414715, "ori-av": 0.07201254340399472, "sam_av": 0.11341171141415292, "sam_/ori_av": 1.5756004035771003}, "DDC": 0.5880457468978829, "LCC": 0.0016380952380952378, "GCC": 0.00145985401459854}, "rate-30": {"ANB_G": 0.001766988237362896, "SP": 9.76396878483835, "ANB": 0.029409291224289768, "ACC": 0.10582850701592691, "CC": 1.0, "QCS": 0.6841383533237785, "SCS": {"ori-": 17.248766851911217, "sam_": 13.494146307411768, "ori-av": 0.07775958875230124, "sam_av": 0.12166630784512751, "sam_/ori_av": 1.5648574073515724}, "DDC": 0.8854385377142509, "LCC": 0.003111111111111112, "GCC": 0.0030972838892630687}, "rate-35": {"ANB_G": 0.0017885302402422872, "SP": 8.376121162505116, "ANB": 0.02119575046696872, "ACC": 0.12249135800410253, "CC": 1.0, "QCS": 0.6804699257258449, "SCS": {"ori-": 19.94967414397683, "sam_": 15.517130231259483, "ori-av": 0.08369045507963614, "sam_av": 0.1302143411097783, "sam_/ori_av": 1.556220135752956}, "DDC": 0.777962686280944, "LCC": 0.006438095238095238, "GCC": 0.00605970743699659}, "rate-40": {"ANB_G": 0.001763413875712026, "SP": 7.851857142857142, "ANB": 0.017215721464465192, "ACC": 0.13116308407836713, "CC": 1.0, "QCS": 0.698721026689, "SCS": {"ori-": 22.008456600524347, "sam_": 17.074031755944155, "ori-av": 0.08650599856848527, "sam_av": 0.13424495426310873, "sam_/ori_av": 1.5523945997802653}, "DDC": 0.9648196424384453, "LCC": 0.002933333333333333, "GCC": 0.003136756077591737}}