{"rate-5": {"ANB_G": 0.001718404993181775, "SP": 11.478871137981944, "ANB": 0.0427108843537415, "ACC": 0.12799331631300306, "CC": 7.0, "QCS": 0.8152032254667846, "SCS": {"ori-": 3.2569490894939834, "sam_": 2.6239042130563326, "ori-av": 0.04955108709477237, "sam_av": 0.07982460618253584, "sam_/ori_av": 1.6109896509539816}, "DDC": 0.3609003266489014, "LCC": 0.015999999999999997, "GCC": 0.03595490751276827}, "rate-10": {"ANB_G": 0.0018301948448884568, "SP": 5.853246211531913, "ANB": 0.03306940081763278, "ACC": 0.21783153475350603, "CC": 2.4, "QCS": 0.7948160441917891, "SCS": {"ori-": 6.0121148760808305, "sam_": 4.772352401392753, "ori-av": 0.06397893510590878, "sam_av": 0.10156510299527868, "sam_/ori_av": 1.5882386499440724}, "DDC": 0.3233868854283588, "LCC": 0.027664435014930065, "GCC": 0.02888788015128362}, "rate-15": {"ANB_G": 0.0017872242999356657, "SP": 3.942085901715752, "ANB": 0.01833310309287019, "ACC": 0.2691110716335334, "CC": 1.2, "QCS": 0.889487340755676, "SCS": {"ori-": 8.907543980650345, "sam_": 6.97411450384873, "ori-av": 0.07589126622643086, "sam_av": 0.11884769844032575, "sam_/ori_av": 1.566576909823572}, "DDC": 0.4589185944550473, "LCC": 0.02470436245138232, "GCC": 0.026096598916971657}, "rate-20": {"ANB_G": 0.0018092341745152187, "SP": 3.4281309532738318, "ANB": 0.012250852483433296, "ACC": 0.29378805291318233, "CC": 1.0, "QCS": 0.8957400244348415, "SCS": {"ori-": 11.204869714809039, "sam_": 8.665893572264084, "ori-av": 0.0877533932511992, "sam_av": 0.13574798506959668, "sam_/ori_av": 1.5475135001369957}, "DDC": 0.45679866543664877, "LCC": 0.019999185943962064, "GCC": 0.022354707090194582}, "rate-25": {"ANB_G": 0.0018099147399306254, "SP": 3.2521446039136626, "ANB": 0.009074115972952346, "ACC": 0.3093023194120752, "CC": 1.0, "QCS": 0.8465810179537006, "SCS": {"ori-": 13.659001735578496, "sam_": 10.537999806708216, "ori-av": 0.09134153051144436, "sam_av": 0.1409320540422498, "sam_/ori_av": 1.5430152801834764}, "DDC": 0.3976192959407422, "LCC": 0.021642446333189232, "GCC": 0.020979923672533363}, "rate-30": {"ANB_G": 0.0017949681239896361, "SP": 3.1418189979888664, "ANB": 0.007182560293424091, "ACC": 0.31975970001585174, "CC": 1.0, "QCS": 0.8524830520600766, "SCS": {"ori-": 15.737987937010132, "sam_": 11.999601804744566, "ori-av": 0.1040117225059852, "sam_av": 0.15862918004558502, "sam_/ori_av": 1.5256106232691153}, "DDC": 0.48718656046153636, "LCC": 0.019732694685000704, "GCC": 0.02111460323513641}, "rate-35": {"ANB_G": 0.0017889788357730758, "SP": 3.0084267696645917, "ANB": 0.0057580559720664445, "ACC": 0.3336167430094706, "CC": 1.0, "QCS": 0.8552078207131396, "SCS": {"ori-": 18.104091621294764, "sam_": 13.746296922872952, "ori-av": 0.11055261950080672, "sam_av": 0.16788517574223433, "sam_/ori_av": 1.5188418383161395}, "DDC": 0.45149554375249873, "LCC": 0.020997456989556372, "GCC": 0.021413315147117935}, "rate-40": {"ANB_G": 0.0017538211292633284, "SP": 2.9624979531122073, "ANB": 0.004928433048309568, "ACC": 0.3387060251675297, "CC": 1.0, "QCS": 0.8557868668951596, "SCS": {"ori-": 20.08470632623226, "sam_": 15.173054930261282, "ori-av": 0.1170821372373261, "sam_av": 0.17684610154612992, "sam_/ori_av": 1.5108175706972276}, "DDC": 0.46217668896800257, "LCC": 0.021815591426803317, "GCC": 0.02245203767035589}}