{"rate-5": {"ANB_G": 0.0017680420821278011, "SP": 4.169795918367347, "ANB": 0.0660374149659864, "ACC": 0.24646018291953953, "CC": 1, "QCS": 0.9316729842613849, "SCS": {"ori-": 2.804169685463931, "sam_": 2.197795307329035, "ori-av": 0.060960210553563716, "sam_av": 0.09555631770995804, "sam_/ori_av": 1.567519482663136}, "DDC": 0.21047546655810112, "LCC": 0.050666666666666665, "GCC": 0.06040268456375839}, "rate-10": {"ANB_G": 0.0018979653217118173, "SP": 3.438989898989899, "ANB": 0.024887652030509168, "ACC": 0.29366288831049286, "CC": 1, "QCS": 0.7694042394133115, "SCS": {"ori-": 6.158339472351811, "sam_": 4.804024801571661, "ori-av": 0.07895307015835655, "sam_av": 0.12318012311722207, "sam_/ori_av": 1.560168880958766}, "DDC": 0.1092711409891981, "LCC": 0.019865079365079367, "GCC": 0.023746701846965697}, "rate-15": {"ANB_G": 0.0017544341921659897, "SP": 3.363221476510067, "ANB": 0.015967712679122073, "ACC": 0.29940140964590845, "CC": 1, "QCS": 0.8904130298726344, "SCS": {"ori-": 8.304135756436336, "sam_": 6.477649785582566, "ori-av": 0.08304135756436336, "sam_av": 0.12955299571165133, "sam_/ori_av": 1.5601020926378513}, "DDC": 0.40047319544490756, "LCC": 0.03358201058201058, "GCC": 0.029429797670141016}, "rate-20": {"ANB_G": 0.0017381809640399765, "SP": 3.2442713567839196, "ANB": 0.011334703822141001, "ACC": 0.30949269833862764, "CC": 1, "QCS": 0.9046117448671892, "SCS": {"ori-": 11.29969905612286, "sam_": 8.676343583487325, "ori-av": 0.08968015123907032, "sam_av": 0.13771973942043372, "sam_/ori_av": 1.535676930933122}, "DDC": 0.37376677379867573, "LCC": 0.030258547008546993, "GCC": 0.027352653858677956}, "rate-25": {"ANB_G": 0.0018034338725791286, "SP": 3.071261044176707, "ANB": 0.008351859049099618, "ACC": 0.3266959883912339, "CC": 1, "QCS": 0.8451746668263688, "SCS": {"ori-": 14.004243724954849, "sam_": 10.734129377303166, "ori-av": 0.09336162483303233, "sam_av": 0.14312172503070889, "sam_/ori_av": 1.5329823713615458}, "DDC": 0.5348567863249469, "LCC": 0.01968051948051948, "GCC": 0.023159784560143625}, "rate-30": {"ANB_G": 0.0018084606903680015, "SP": 2.9755852842809363, "ANB": 0.006629480819734687, "ACC": 0.33718527260176645, "CC": 1, "QCS": 0.8573080139821412, "SCS": {"ori-": 15.807680943219907, "sam_": 11.951318074816465, "ori-av": 0.1097755621056938, "sam_av": 0.16599052881689536, "sam_/ori_av": 1.5120899919152937}, "DDC": 0.4134411022565907, "LCC": 0.02483356458356455, "GCC": 0.023901737302202058}, "rate-35": {"ANB_G": 0.0018028157227673893, "SP": 2.923733115022513, "ANB": 0.0055279687213290645, "ACC": 0.3432101563673238, "CC": 1, "QCS": 0.8846457945474241, "SCS": {"ori-": 17.282548575052523, "sam_": 13.120841378087535, "ori-av": 0.11078556778879822, "sam_av": 0.16821591510368636, "sam_/ori_av": 1.5183919571940403}, "DDC": 0.37432203328339897, "LCC": 0.02567304450917894, "GCC": 0.025621982918678055}, "rate-40": {"ANB_G": 0.001797842989742197, "SP": 2.8909147869674183, "ANB": 0.004751042178310097, "ACC": 0.34674715791552513, "CC": 1, "QCS": 0.8804566408715073, "SCS": {"ori-": 21.40765559501725, "sam_": 16.18315477077792, "ori-av": 0.11149820622404817, "sam_av": 0.16857452886227, "sam_/ori_av": 1.511903505636053}, "DDC": 0.4553934765902008, "LCC": 0.021072306778189116, "GCC": 0.02075892857142857}}