{"rate-5": {"ANB_G": 0.001831897958404455, "SP": 3.995102040816326, "ANB": 0.06239795918367348, "ACC": 0.25600652367612947, "CC": 1.0, "QCS": 0.8472455373203911, "SCS": {"ori-": 2.95628536550251, "sam_": 2.3454847675337076, "ori-av": 0.05966431610610514, "sam_av": 0.0947067490964796, "sam_/ori_av": 1.5877195778164148}, "DDC": 0.19376367728757513, "LCC": 0.038266666666666664, "GCC": 0.0429950301557167}, "rate-10": {"ANB_G": 0.0018300567249856178, "SP": 3.528888888888889, "ANB": 0.02580498866213151, "ACC": 0.28617579856793113, "CC": 1.0, "QCS": 0.8692170514640682, "SCS": {"ori-": 6.104398192423217, "sam_": 4.821118988497576, "ori-av": 0.06853992249677901, "sam_av": 0.10821652433388078, "sam_/ori_av": 1.5803830142712598}, "DDC": 0.2733570301537254, "LCC": 0.019292063492063492, "GCC": 0.02492664007065948}, "rate-15": {"ANB_G": 0.0018447157008402756, "SP": 3.334031319910514, "ANB": 0.01577048189128726, "ACC": 0.30225075615589203, "CC": 1.0, "QCS": 0.9003077720501809, "SCS": {"ori-": 8.575651301287072, "sam_": 6.697543858806183, "ori-av": 0.07762156083764649, "sam_av": 0.12126282522455463, "sam_/ori_av": 1.562811765127932}, "DDC": 0.3542145716514319, "LCC": 0.024634180634180637, "GCC": 0.02240744246508284}, "rate-20": {"ANB_G": 0.0017674632639181885, "SP": 3.266170854271357, "ANB": 0.011445307344804832, "ACC": 0.3077866928651031, "CC": 1.0, "QCS": 0.8692197069610899, "SCS": {"ori-": 10.891135767840527, "sam_": 8.445756037764813, "ori-av": 0.08492997691067594, "sam_av": 0.13171324049823757, "sam_/ori_av": 1.5513512081036682}, "DDC": 0.45039713183287466, "LCC": 0.023368426018426015, "GCC": 0.023145350923599005}, "rate-25": {"ANB_G": 0.0017785992609589672, "SP": 3.100864257028112, "ANB": 0.008471226842855291, "ACC": 0.32393553891194393, "CC": 1.0, "QCS": 0.8424409076017231, "SCS": {"ori-": 13.445025164966765, "sam_": 10.314595274391007, "ori-av": 0.0952563468042059, "sam_av": 0.14615103798617454, "sam_/ori_av": 1.5344474334633527}, "DDC": 0.460115258366789, "LCC": 0.02020686424686424, "GCC": 0.022422530964822825}, "rate-30": {"ANB_G": 0.0017518252715074552, "SP": 3.037908584169454, "ANB": 0.006838619409964611, "ACC": 0.3304744537729668, "CC": 1.0, "QCS": 0.8323160966618062, "SCS": {"ori-": 15.6107595458692, "sam_": 11.87915369953561, "ori-av": 0.10555139111747498, "sam_av": 0.1606189725300578, "sam_/ori_av": 1.5218646081934593}, "DDC": 0.43722234287236394, "LCC": 0.023637368187368158, "GCC": 0.02408606407671565}, "rate-35": {"ANB_G": 0.0017700852087444148, "SP": 2.9480769545640606, "ANB": 0.005597922283230057, "ACC": 0.34036209913944154, "CC": 1.0, "QCS": 0.86362632131724, "SCS": {"ori-": 17.838238638510177, "sam_": 13.509038445023435, "ori-av": 0.11311740840382431, "sam_av": 0.17136669241959562, "sam_/ori_av": 1.5152313645856093}, "DDC": 0.36650441142418155, "LCC": 0.022514945072618645, "GCC": 0.022798533796605215}, "rate-40": {"ANB_G": 0.0017619938260586862, "SP": 2.9013358395989974, "ANB": 0.004777225727635672, "ACC": 0.3456107389554214, "CC": 1.0, "QCS": 0.8203754956702562, "SCS": {"ori-": 19.81035760571691, "sam_": 14.869831845379176, "ori-av": 0.1242720855598521, "sam_av": 0.1863434280465283, "sam_/ori_av": 1.5001638280974072}, "DDC": 0.42481528042618705, "LCC": 0.021230711814844927, "GCC": 0.021338469231908984}}