{"rate-5": {"ANB_G": 0.0017092839864886553, "SP": 3.739591836734694, "ANB": 0.0570748299319728, "ACC": 0.27082804318118664, "CC": 1, "QCS": 0.8720078554990263, "SCS": {"ori-": 2.64225201300557, "sam_": 2.0913145629558763, "ori-av": 0.057440261152295, "sam_av": 0.09092672012851635, "sam_/ori_av": 1.5829788776105418}, "DDC": 0.16402115960285357, "LCC": 0.018000000000000002, "GCC": 0.03614457831325301}, "rate-10": {"ANB_G": 0.0018384980040110242, "SP": 3.3971717171717173, "ANB": 0.024460935889507325, "ACC": 0.29641980931753675, "CC": 1, "QCS": 0.9373244833343143, "SCS": {"ori-": 6.110074792786903, "sam_": 4.889500559659953, "ori-av": 0.057642215026291535, "sam_av": 0.09225472754075383, "sam_/ori_av": 1.6004715901128188}, "DDC": 0.18172285782493547, "LCC": 0.02228571428571429, "GCC": 0.03314917127071823}, "rate-15": {"ANB_G": 0.0019019290931948044, "SP": 3.377002237136465, "ANB": 0.016060825926597726, "ACC": 0.2981644781109976, "CC": 1, "QCS": 0.8654792720082246, "SCS": {"ori-": 7.649288771355468, "sam_": 5.992793640963844, "ori-av": 0.07499302717015165, "sam_av": 0.11750575766595772, "sam_/ori_av": 1.566889110894923}, "DDC": 0.3680722027447654, "LCC": 0.030978835978835974, "GCC": 0.023076923076923078}, "rate-20": {"ANB_G": 0.0017868853065039778, "SP": 3.2781909547738692, "ANB": 0.011506014923100348, "ACC": 0.3069839896071394, "CC": 1, "QCS": 0.9286398292381918, "SCS": {"ori-": 9.811893646113672, "sam_": 7.589527695562566, "ori-av": 0.08760619326887208, "sam_av": 0.13552728027790298, "sam_/ori_av": 1.547005699265534}, "DDC": 0.37376677379867573, "LCC": 0.019108474858474864, "GCC": 0.020604395604395604}, "rate-25": {"ANB_G": 0.001757377552420081, "SP": 3.049253012048193, "ANB": 0.008263116984065297, "ACC": 0.32938910833185064, "CC": 1, "QCS": 0.7362182439716178, "SCS": {"ori-": 12.209134910702247, "sam_": 9.337378592395272, "ori-av": 0.09391642239001728, "sam_av": 0.14365197834454263, "sam_/ori_av": 1.5295725144637955}, "DDC": 0.3480979288292716, "LCC": 0.02192316572316571, "GCC": 0.024987251402345742}, "rate-30": {"ANB_G": 0.0017472378903256572, "SP": 3.0345596432552955, "ANB": 0.006827381353205686, "ACC": 0.33061372635251934, "CC": 1, "QCS": 0.773554021331787, "SCS": {"ori-": 14.551909326398603, "sam_": 11.02633888497696, "ori-av": 0.10699933328234267, "sam_av": 0.16215204242613176, "sam_/ori_av": 1.5154490916149528}, "DDC": 0.44316765302630734, "LCC": 0.023325933325933294, "GCC": 0.023347701149425287}, "rate-35": {"ANB_G": 0.0017896257305029762, "SP": 2.95192795742939, "ANB": 0.005608988383417788, "ACC": 0.33984746722927117, "CC": 1, "QCS": 0.8137422541220551, "SCS": {"ori-": 16.80556833317562, "sam_": 12.739390652326527, "ori-av": 0.11056294956036593, "sam_av": 0.16762356121482272, "sam_/ori_av": 1.5160916191305338}, "DDC": 0.35477797863535543, "LCC": 0.020195884070718192, "GCC": 0.01980749343727627}, "rate-40": {"ANB_G": 0.0017466901130903925, "SP": 2.9070050125313283, "ANB": 0.004791469880731979, "ACC": 0.34500142485832014, "CC": 1, "QCS": 0.7696611311176064, "SCS": {"ori-": 16.643569026989717, "sam_": 12.33517892098711, "ori-av": 0.13869640855824764, "sam_av": 0.20558631534978516, "sam_/ori_av": 1.4822756947123552}, "DDC": 0.473294401637942, "LCC": 0.01855966058365438, "GCC": 0.01863890007478571}}