{"rate-5": {"ANB_G": 0.0019432304882210562, "SP": 4.222040816326531, "ANB": 0.06712585034013606, "ACC": 0.24347280988485134, "CC": 1, "QCS": 0.9509417652228465, "SCS": {"ori-": 2.421074731117452, "sam_": 1.9415088939671123, "ori-av": 0.05764463645517742, "sam_av": 0.0924528044746244, "sam_/ori_av": 1.603840533308119}, "DDC": 0.21982513411596627, "LCC": 0.07933333333333333, "GCC": 0.07894736842105263}, "rate-10": {"ANB_G": 0.0017978735307559207, "SP": 3.6735353535353537, "ANB": 0.027280972995258702, "ACC": 0.27475653782302417, "CC": 1, "QCS": 0.9229807621256366, "SCS": {"ori-": 5.671802085911607, "sam_": 4.465287978493948, "ori-av": 0.06916831812087326, "sam_av": 0.1089094628900963, "sam_/ori_av": 1.5745570493672327}, "DDC": 0.5084508257926773, "LCC": 0.017952380952380952, "GCC": 0.02054794520547945}, "rate-15": {"ANB_G": 0.0018017534329358338, "SP": 3.366353467561521, "ANB": 0.01598887478082109, "ACC": 0.2991995963762469, "CC": 1, "QCS": 0.942567083390005, "SCS": {"ori-": 8.358936584720771, "sam_": 6.547433664809927, "ori-av": 0.07332400512912957, "sam_av": 0.11486725727736714, "sam_/ori_av": 1.5665709623345931}, "DDC": 0.5190117803098983, "LCC": 0.02117989417989418, "GCC": 0.02315112540192926}, "rate-20": {"ANB_G": 0.0018216857564462847, "SP": 3.2384422110552764, "ANB": 0.01130526369219837, "ACC": 0.3101595973919156, "CC": 1, "QCS": 0.8220647269693299, "SCS": {"ori-": 10.490431944291243, "sam_": 8.192203060597341, "ori-av": 0.08069563034070187, "sam_av": 0.1260338932399591, "sam_/ori_av": 1.561842849579789}, "DDC": 0.40577444181754607, "LCC": 0.037849567099567084, "GCC": 0.03560830860534125}, "rate-25": {"ANB_G": 0.0017783811745302816, "SP": 3.1120642570281123, "ANB": 0.008516388133177871, "ACC": 0.3226827612911899, "CC": 1, "QCS": 0.9456893589910736, "SCS": {"ori-": 11.955520159426799, "sam_": 9.149506864771299, "ori-av": 0.10131796745276948, "sam_av": 0.1550763875384966, "sam_/ori_av": 1.530591181774222}, "DDC": 0.44316765302630734, "LCC": 0.016190653790653788, "GCC": 0.01643059490084986}, "rate-30": {"ANB_G": 0.0017213982555023691, "SP": 3.1043701226309923, "ANB": 0.007061644706815408, "ACC": 0.3234565095590566, "CC": 1, "QCS": 0.7734583001278006, "SCS": {"ori-": 14.552917700119224, "sam_": 11.108906904690002, "ori-av": 0.10248533591633256, "sam_av": 0.1564634775308451, "sam_/ori_av": 1.5266913664466053}, "DDC": 0.44316765302630734, "LCC": 0.01713321863321862, "GCC": 0.018727586664895737}, "rate-35": {"ANB_G": 0.0017241760125444132, "SP": 3.010822758902988, "ANB": 0.005778226318686741, "ACC": 0.3333450050535278, "CC": 1, "QCS": 0.8609328790167672, "SCS": {"ori-": 16.498581363571958, "sam_": 12.579831318228653, "ori-av": 0.1057601369459741, "sam_av": 0.16127988869523913, "sam_/ori_av": 1.5249591514582326}, "DDC": 0.37432203328339897, "LCC": 0.02251383956846139, "GCC": 0.02332008982553118}, "rate-40": {"ANB_G": 0.0017257590687112386, "SP": 2.9280827067669173, "ANB": 0.004844428911474669, "ACC": 0.3423986243727032, "CC": 1, "QCS": 0.7485316630337046, "SCS": {"ori-": 18.10186687716485, "sam_": 13.563079719019287, "ori-av": 0.12570740886920034, "sam_av": 0.1883761072086012, "sam_/ori_av": 1.498528280100087}, "DDC": 0.5271644274207461, "LCC": 0.019325291538526808, "GCC": 0.01993837230378829}}