{"rate-5": {"ANB_G": 0.0018784388406189933, "SP": 4.006530612244898, "ANB": 0.06263605442176873, "ACC": 0.25389638585575985, "CC": 1, "QCS": 0.7318361187233952, "SCS": {"ori-": 2.7352915011652095, "sam_": 2.1909834840031683, "ori-av": 0.05698523960760853, "sam_av": 0.09129097850013201, "sam_/ori_av": 1.6020109615884297}, "DDC": 0.16402115960285357, "LCC": 0.027999999999999997, "GCC": 0.02}, "rate-10": {"ANB_G": 0.00175824080906198, "SP": 3.6686868686868688, "ANB": 0.027231498660070082, "ACC": 0.2753084865112485, "CC": 1, "QCS": 0.8773739215367613, "SCS": {"ori-": 4.8980539833326855, "sam_": 3.9022167767596048, "ori-av": 0.06444807872806164, "sam_av": 0.10268991517788434, "sam_/ori_av": 1.5933743441939354}, "DDC": 0.1287149388082497, "LCC": 0.02735714285714286, "GCC": 0.033816425120772944}, "rate-15": {"ANB_G": 0.0017985174593461183, "SP": 3.3211633109619685, "ANB": 0.01568353588487817, "ACC": 0.30361671614006325, "CC": 1, "QCS": 0.8901493588030117, "SCS": {"ori-": 7.944847439896331, "sam_": 6.2391179822696845, "ori-av": 0.06969164420961695, "sam_av": 0.10945821021525762, "sam_/ori_av": 1.570607372758084}, "DDC": 0.14207402720061313, "LCC": 0.023600288600288604, "GCC": 0.02654867256637168}, "rate-20": {"ANB_G": 0.001795304890656019, "SP": 3.2412562814070354, "ANB": 0.011319476168722403, "ACC": 0.3102128151327591, "CC": 1, "QCS": 0.7717548661586492, "SCS": {"ori-": 9.352747717511628, "sam_": 7.301224493192483, "ori-av": 0.07666186653698055, "sam_av": 0.11969220480643414, "sam_/ori_av": 1.5613004250124327}, "DDC": 0.5493388348747379, "LCC": 0.02016955266955267, "GCC": 0.019769357495881382}, "rate-25": {"ANB_G": 0.0018217589990958294, "SP": 3.1172048192771085, "ANB": 0.008537116206762528, "ACC": 0.3221811473920903, "CC": 1, "QCS": 0.7273926041970579, "SCS": {"ori-": 12.063645256660866, "sam_": 9.322319957965227, "ori-av": 0.09002720340791691, "sam_av": 0.13913910385022726, "sam_/ori_av": 1.5455228928947435}, "DDC": 0.4732080223060964, "LCC": 0.020748828948828936, "GCC": 0.023591087811271297}, "rate-30": {"ANB_G": 0.0017136495885521801, "SP": 3.07670011148272, "ANB": 0.006968792320411816, "ACC": 0.32633373821599726, "CC": 1, "QCS": 0.819823333659563, "SCS": {"ori-": 13.784469006075321, "sam_": 10.536179028985199, "ori-av": 0.10442779550057062, "sam_av": 0.15963907619674544, "sam_/ori_av": 1.5287029227373965}, "DDC": 0.44316765302630734, "LCC": 0.027630240130240107, "GCC": 0.028240681847093246}, "rate-35": {"ANB_G": 0.0017673270411218743, "SP": 2.936815390912812, "ANB": 0.005565561468140264, "ACC": 0.34157849099467197, "CC": 1, "QCS": 0.8733314720127775, "SCS": {"ori-": 16.292386694321117, "sam_": 12.313220960082091, "ori-av": 0.11979696098765527, "sam_av": 0.18107677882473663, "sam_/ori_av": 1.5115306542992861}, "DDC": 0.37432203328339897, "LCC": 0.02156789568974441, "GCC": 0.022634536915851874}, "rate-40": {"ANB_G": 0.0017760864616309946, "SP": 2.8611779448621553, "ANB": 0.004676326494628528, "ACC": 0.35044358309244983, "CC": 1, "QCS": 0.7664170713346853, "SCS": {"ori-": 17.54915935957212, "sam_": 13.18232003769022, "ori-av": 0.1235856292927614, "sam_av": 0.1856664794040876, "sam_/ori_av": 1.502330655000859}, "DDC": 0.33411204824102336, "LCC": 0.02458367522570308, "GCC": 0.025171744716555665}}