{"rate-5": {"ANB_G": 0.00186049439456577, "SP": 3.837551020408163, "ANB": 0.05911564625850341, "ACC": 0.26537519653930997, "CC": 1, "QCS": 0.7497689628953028, "SCS": {"ori-": 4.178638896760387, "sam_": 3.3058215894133487, "ori-av": 0.06529123276188105, "sam_av": 0.10330692466916715, "sam_/ori_av": 1.5822480339118483}, "DDC": 0.21047546655810112, "LCC": 0.015333333333333332, "GCC": 0.01948051948051948}, "rate-10": {"ANB_G": 0.0018577059593873468, "SP": 3.466060606060606, "ANB": 0.0251638837353123, "ACC": 0.2907312708773535, "CC": 1, "QCS": 0.8390018509103181, "SCS": {"ori-": 7.683720627733077, "sam_": 6.044564826002714, "ori-av": 0.07248793045031204, "sam_av": 0.11404839294344743, "sam_/ori_av": 1.5733432067235473}, "DDC": 0.4386253873535665, "LCC": 0.009, "GCC": 0.01337295690936107}, "rate-15": {"ANB_G": 0.001966944326558632, "SP": 3.2424161073825504, "ANB": 0.015151460185017236, "ACC": 0.3108715805062442, "CC": 1, "QCS": 0.9129301161770289, "SCS": {"ori-": 10.621047954026453, "sam_": 8.230724220404898, "ori-av": 0.08705777011497093, "sam_av": 0.1349299052525393, "sam_/ori_av": 1.5498892870142102}, "DDC": 0.3414416525569749, "LCC": 0.013829873829873829, "GCC": 0.009830693610049153}, "rate-20": {"ANB_G": 0.0016952594019446837, "SP": 3.3286934673366835, "ANB": 0.011761078117862039, "ACC": 0.3020843638550735, "CC": 1, "QCS": 0.9190273675720896, "SCS": {"ori-": 13.500906475163234, "sam_": 10.46948135598435, "ori-av": 0.09000604316775489, "sam_av": 0.13959308474645798, "sam_/ori_av": 1.550930135727463}, "DDC": 0.5493388348747379, "LCC": 0.009455988455988457, "GCC": 0.012392039053698836}, "rate-25": {"ANB_G": 0.0017320447061695144, "SP": 3.1545381526104417, "ANB": 0.008687653841171141, "ACC": 0.3187286891533549, "CC": 1, "QCS": 0.9577296640224974, "SCS": {"ori-": 16.992581773089064, "sam_": 13.029641579520074, "ori-av": 0.09765851593729347, "sam_av": 0.1497659951668974, "sam_/ori_av": 1.533568206822456}, "DDC": 0.5012459013473225, "LCC": 0.022491153291153282, "GCC": 0.023943936149503603}, "rate-30": {"ANB_G": 0.0017683799327890678, "SP": 2.9983277591973243, "ANB": 0.006705797849655453, "ACC": 0.3347830221354945, "CC": 1, "QCS": 0.9374368142077387, "SCS": {"ori-": 19.356820753532958, "sam_": 14.773025604209437, "ori-av": 0.10406892878243526, "sam_av": 0.15884973767967137, "sam_/ori_av": 1.5263896682530473}, "DDC": 0.44316765302630734, "LCC": 0.02526388426388422, "GCC": 0.02621261341996191}, "rate-35": {"ANB_G": 0.0017664815367854215, "SP": 2.917085550552599, "ANB": 0.005508866524576432, "ACC": 0.34382937605241315, "CC": 1, "QCS": 0.8854792068871762, "SCS": {"ori-": 22.312108226429675, "sam_": 16.791907916392372, "ori-av": 0.11868142673632806, "sam_av": 0.1786373182594933, "sam_/ori_av": 1.5051834408459543}, "DDC": 0.35477797863535543, "LCC": 0.022624061524990285, "GCC": 0.022608565885688704}, "rate-40": {"ANB_G": 0.0017635904971186086, "SP": 2.919498746867168, "ANB": 0.004822861173033087, "ACC": 0.34346290453810846, "CC": 1, "QCS": 0.9368109719937775, "SCS": {"ori-": 25.34953716984061, "sam_": 19.085425778421335, "ori-av": 0.12187277485500293, "sam_av": 0.18351370940789746, "sam_/ori_av": 1.505781005037682}, "DDC": 0.33411204824102336, "LCC": 0.022612624948151243, "GCC": 0.02218440049298668}}