{"rate_5": {"ANB_G": 0.0024924905685143966, "SP": 3.976063829787234, "ACE": 0.11506780808908328, "ANB": 0.06469703977798336, "ACC": 0.2595260176015182, "CC": 1, "QCS": 0.7985764590641099, "SCS": {"ori-": 3.082282959427118, "sam_": 2.489490511325324, "ori-av": 0.05137138265711863, "sam_av": 0.08298301704417746, "sam_/ori_av": 1.6153549457302439}, "DDC": 0.0857560357664846, "LCC": 0.10000000000000002, "GCC": 0.07792207792207792}, "rate_10": {"ANB_G": 0.002431768630271101, "SP": 3.6540919398062255, "ACE": 0.08425911389266257, "ANB": 0.027361772575321904, "ACC": 0.2779306664881421, "CC": 1, "QCS": 0.8744826030505249, "SCS": {"ori-": 5.778631566963789, "sam_": 4.564310713906825, "ori-av": 0.07223289458704736, "sam_av": 0.11410776784767063, "sam_/ori_av": 1.5797202714915453}, "DDC": 0.2760502472711365, "LCC": 0.019841269841269837, "GCC": 0.019672131147540985}, "rate_15": {"ANB_G": 0.00231495579115073, "SP": 3.358494082564533, "ACE": 0.0727000244325319, "ANB": 0.01626547643147953, "ACC": 0.3000932022460835, "CC": 1, "QCS": 0.7457059821020021, "SCS": {"ori-": 8.303188260062354, "sam_": 6.52359485603182, "ori-av": 0.07688137277835513, "sam_av": 0.1208073121487374, "sam_/ori_av": 1.5713469697922589}, "DDC": 0.27881842694235404, "LCC": 0.014854570977019955, "GCC": 0.02099236641221374}, "rate_20": {"ANB_G": 0.002247846206512283, "SP": 3.1154622924979063, "ACE": 0.06381724643378443, "ANB": 0.01057731146248953, "ACC": 0.32288831631917825, "CC": 1, "QCS": 0.8524144866338222, "SCS": {"ori-": 11.234034836399552, "sam_": 8.738291023355146, "ori-av": 0.08510632451817843, "sam_av": 0.13239834883871432, "sam_/ori_av": 1.5556816674703708}, "DDC": 0.37376677379867573, "LCC": 0.024289956468174282, "GCC": 0.021986970684039087}, "rate_25": {"ANB_G": 0.0022170995325493993, "SP": 3.032715162596317, "ACE": 0.058305747129435335, "ANB": 0.008263069766651698, "ACC": 0.33143272961929465, "CC": 1, "QCS": 0.8133674995918169, "SCS": {"ori-": 12.70535600717448, "sam_": 9.7218618785662, "ori-av": 0.0962526970240491, "sam_av": 0.14730093755403334, "sam_/ori_av": 1.5303564690476117}, "DDC": 0.3480979288292716, "LCC": 0.019130175380175366, "GCC": 0.020448877805486283}, "rate_30": {"ANB_G": 0.0021323078964113635, "SP": 2.923274374460742, "ACE": 0.05362316453472494, "ANB": 0.006347440179738424, "ACC": 0.3433816853347004, "CC": 1, "QCS": 0.901150921636658, "SCS": {"ori-": 15.882664439546907, "sam_": 12.116047763295535, "ori-av": 0.10313418467238251, "sam_av": 0.15735126965318877, "sam_/ori_av": 1.5256946099203965}, "DDC": 0.31963475830831156, "LCC": 0.022460399345645213, "GCC": 0.022252191503708697}, "rate_35": {"ANB_G": 0.0020803002912031634, "SP": 2.8762968086157494, "ACE": 0.050433607415131684, "ANB": 0.005407195413878238, "ACC": 0.3488123398358947, "CC": 1, "QCS": 0.7329933143964062, "SCS": {"ori-": 17.60828571150721, "sam_": 13.37779888464433, "ori-av": 0.10736759580187323, "sam_av": 0.16314388883712597, "sam_/ori_av": 1.5194890750667216}, "DDC": 0.3848802788802994, "LCC": 0.023077704642680177, "GCC": 0.023347107438016528}, "rate_40": {"ANB_G": 0.0020803002912031634, "SP": 2.8762968086157494, "ACE": 0.050433607415131684, "ANB": 0.005407195413878238, "ACC": 0.3488123398358947, "CC": 1, "QCS": 0.9054437370353885, "SCS": {"ori-": 17.78311711849331, "sam_": 13.54413080217863, "ori-av": 0.10585188761007921, "sam_av": 0.16123965240688845, "sam_/ori_av": 1.5232572233462487}, "DDC": 0.3848802788802994, "LCC": 0.023077704642680177, "GCC": 0.023347107438016528}}