{"rate_5": {"ANB_G": 0.0024924905685143966, "SP": 3.976063829787234, "ACE": 0.11506780808908328, "ANB": 0.06469703977798336, "ACC": 0.2595260176015182, "CC": 1, "QCS": 0.9305617559146294, "SCS": {"ori-": 3.066624202924939, "sam_": 2.4739320985700184, "ori-av": 0.052872831084912746, "sam_av": 0.08530800339896615, "sam_/ori_av": 1.6134563186518827}, "DDC": 0.0857560357664846, "LCC": 0.10000000000000002, "GCC": 0.07792207792207792}, "rate_10": {"ANB_G": 0.002431768630271101, "SP": 3.6540919398062255, "ACE": 0.08425911389266255, "ANB": 0.027361772575321904, "ACC": 0.2779306664881421, "CC": 1, "QCS": 0.9181235780400924, "SCS": {"ori-": 5.980075758592481, "sam_": 4.7628740720830915, "ori-av": 0.06361782721906895, "sam_av": 0.10133774621453387, "sam_/ori_av": 1.5929142921775026}, "DDC": 0.2760502472711365, "LCC": 0.019841269841269837, "GCC": 0.019672131147540985}, "rate_15": {"ANB_G": 0.00231495579115073, "SP": 3.358494082564533, "ACE": 0.07270002443253187, "ANB": 0.01626547643147953, "ACC": 0.3000932022460835, "CC": 1, "QCS": 0.8062367776050008, "SCS": {"ori-": 8.245103789267272, "sam_": 6.468054813444092, "ori-av": 0.0763435536043266, "sam_av": 0.11977879284155726, "sam_/ori_av": 1.5689444253845826}, "DDC": 0.27881842694235404, "LCC": 0.014854570977019955, "GCC": 0.02099236641221374}, "rate_20": {"ANB_G": 0.002247846206512283, "SP": 3.1154622924979063, "ACE": 0.06381724643378442, "ANB": 0.01057731146248953, "ACC": 0.32288831631917825, "CC": 1, "QCS": 0.9569775594299205, "SCS": {"ori-": 11.21571081544282, "sam_": 8.719283445659508, "ori-av": 0.08762274074564703, "sam_av": 0.13623880383842982, "sam_/ori_av": 1.5548338556757362}, "DDC": 0.37376677379867573, "LCC": 0.024289956468174282, "GCC": 0.021986970684039087}, "rate_25": {"ANB_G": 0.0022170995325493993, "SP": 3.032715162596317, "ACE": 0.058305747129435356, "ANB": 0.008263069766651698, "ACC": 0.33143272961929465, "CC": 1, "QCS": 0.8936999524332317, "SCS": {"ori-": 13.317642948417081, "sam_": 10.30723424538922, "ori-av": 0.09248363158622973, "sam_av": 0.14315603118596137, "sam_/ori_av": 1.5479066806809572}, "DDC": 0.3480979288292716, "LCC": 0.019130175380175366, "GCC": 0.020448877805486283}, "rate_30": {"ANB_G": 0.0021323078964113635, "SP": 2.923274374460742, "ACE": 0.05362316453472494, "ANB": 0.006347440179738424, "ACC": 0.3433816853347004, "CC": 1, "QCS": 0.8627436233550669, "SCS": {"ori-": 15.432669221345837, "sam_": 11.67965143421268, "ori-av": 0.11347550898048409, "sam_av": 0.17175957991489235, "sam_/ori_av": 1.5136268738343546}, "DDC": 0.31963475830831156, "LCC": 0.022460399345645213, "GCC": 0.022252191503708697}, "rate_35": {"ANB_G": 0.0020803002912031634, "SP": 2.8762968086157494, "ACE": 0.05043360741513166, "ANB": 0.005407195413878238, "ACC": 0.3488123398358947, "CC": 1, "QCS": 0.8671448414895242, "SCS": {"ori-": 18.466617040465685, "sam_": 14.211349782307515, "ori-av": 0.09421743387992697, "sam_av": 0.1450137732888522, "sam_/ori_av": 1.5391394916747716}, "DDC": 0.3848802788802994, "LCC": 0.023077704642680177, "GCC": 0.023347107438016528}, "rate_40": {"ANB_G": 0.0020803002912031634, "SP": 2.8762968086157494, "ACE": 0.0504336074151317, "ANB": 0.005407195413878238, "ACC": 0.3488123398358947, "CC": 1, "QCS": 0.7346744522134449, "SCS": {"ori-": 17.970330009862547, "sam_": 13.724604480256401, "ori-av": 0.10210414778330992, "sam_av": 0.1559614145483682, "sam_/ori_av": 1.5274738385687976}, "DDC": 0.3848802788802994, "LCC": 0.023077704642680177, "GCC": 0.023347107438016528}}