{"rate_5": {"ANB_G": 0.0024924905685143966, "SP": 3.976063829787234, "ACE": 0.11506780808908319, "ANB": 0.06469703977798336, "ACC": 0.2595260176015182, "CC": 1, "QCS": 0.7952212763228321, "SCS": {"ori-": 3.1054428843230024, "sam_": 2.512462677138871, "ori-av": 0.05008778845682262, "sam_av": 0.08104718313351196, "sam_/ori_av": 1.6181026479813017}, "DDC": 0.0857560357664846, "LCC": 0.10000000000000002, "GCC": 0.07792207792207792}, "rate_10": {"ANB_G": 0.002431768630271101, "SP": 3.6540919398062255, "ACE": 0.08425911389266255, "ANB": 0.027361772575321904, "ACC": 0.2779306664881421, "CC": 1, "QCS": 0.8592512947150033, "SCS": {"ori-": 5.8490960279619095, "sam_": 4.633355358421972, "ori-av": 0.06963209557097512, "sam_av": 0.11031798472433267, "sam_/ori_av": 1.5842979278411482}, "DDC": 0.2760502472711365, "LCC": 0.019841269841269837, "GCC": 0.019672131147540985}, "rate_15": {"ANB_G": 0.00231495579115073, "SP": 3.358494082564533, "ACE": 0.0727000244325319, "ANB": 0.01626547643147953, "ACC": 0.3000932022460835, "CC": 1, "QCS": 0.8552942469608572, "SCS": {"ori-": 8.176505331981373, "sam_": 6.400727969589226, "ori-av": 0.07570838270353122, "sam_av": 0.11853199943683751, "sam_/ori_av": 1.5656390376347173}, "DDC": 0.27881842694235404, "LCC": 0.014854570977019955, "GCC": 0.02099236641221374}, "rate_20": {"ANB_G": 0.002247846206512283, "SP": 3.1154622924979063, "ACE": 0.06381724643378438, "ANB": 0.01057731146248953, "ACC": 0.32288831631917825, "CC": 1, "QCS": 0.8613043083140925, "SCS": {"ori-": 11.28936125400107, "sam_": 8.790967139326472, "ori-av": 0.08819813479688336, "sam_av": 0.13735886155197613, "sam_/ori_av": 1.5573896417232391}, "DDC": 0.37376677379867573, "LCC": 0.024289956468174282, "GCC": 0.021986970684039087}, "rate_25": {"ANB_G": 0.0022170995325493993, "SP": 3.032715162596317, "ACE": 0.05830574712943535, "ANB": 0.008263069766651698, "ACC": 0.33143272961929465, "CC": 1, "QCS": 0.8146433433740502, "SCS": {"ori-": 13.351178872288909, "sam_": 10.336951558988954, "ori-av": 0.09271651994645075, "sam_av": 0.14356877165262436, "sam_/ori_av": 1.5484702374026094}, "DDC": 0.3480979288292716, "LCC": 0.019130175380175366, "GCC": 0.020448877805486283}, "rate_30": {"ANB_G": 0.0021323078964113635, "SP": 2.923274374460742, "ACE": 0.05362316453472492, "ANB": 0.006347440179738424, "ACC": 0.3433816853347004, "CC": 1, "QCS": 0.8548558840002526, "SCS": {"ori-": 15.981519052196811, "sam_": 12.211085569625027, "ori-av": 0.10377609774153773, "sam_av": 0.1585855268782471, "sam_/ori_av": 1.5281508009023081}, "DDC": 0.31963475830831156, "LCC": 0.022460399345645213, "GCC": 0.022252191503708697}, "rate_35": {"ANB_G": 0.0020803002912031634, "SP": 2.8762968086157494, "ACE": 0.050433607415131664, "ANB": 0.005407195413878238, "ACC": 0.3488123398358947, "CC": 1, "QCS": 0.8878742550266359, "SCS": {"ori-": 17.234414144848976, "sam_": 13.002247957916172, "ori-av": 0.12136911369611955, "sam_av": 0.1831302529283968, "sam_/ori_av": 1.5088703159430907}, "DDC": 0.3848802788802994, "LCC": 0.023077704642680177, "GCC": 0.023347107438016528}, "rate_40": {"ANB_G": 0.0020803002912031634, "SP": 2.8762968086157494, "ACE": 0.05043360741513166, "ANB": 0.005407195413878238, "ACC": 0.3488123398358947, "CC": 1, "QCS": 0.9293588080683038, "SCS": {"ori-": 18.12134082249023, "sam_": 13.872366660115583, "ori-av": 0.10180528551960803, "sam_av": 0.15586928831590544, "sam_/ori_av": 1.531053004962935}, "DDC": 0.3848802788802994, "LCC": 0.023077704642680177, "GCC": 0.023347107438016528}}