{"rate_5": {"ANB_G": 0.0024924905685143966, "SP": 3.976063829787234, "ACE": 0.11506780808908328, "ANB": 0.06469703977798336, "ACC": 0.2595260176015182, "CC": 1, "QCS": 0.9305617559146294, "SCS": {"ori-": 3.142840247557733, "sam_": 2.549576115372787, "ori-av": 0.04761879162966262, "sam_av": 0.07725988228402385, "sam_/ori_av": 1.6224662499813887}, "DDC": 0.0857560357664846, "LCC": 0.10000000000000002, "GCC": 0.07792207792207792}, "rate_10": {"ANB_G": 0.002431768630271101, "SP": 3.6540919398062255, "ACE": 0.08425911389266252, "ANB": 0.027361772575321904, "ACC": 0.2779306664881421, "CC": 1, "QCS": 0.8709981191217063, "SCS": {"ori-": 5.93204428018807, "sam_": 4.716150161069778, "ori-av": 0.06310685404455393, "sam_av": 0.10034362044829315, "sam_/ori_av": 1.5900589875300988}, "DDC": 0.2760502472711365, "LCC": 0.019841269841269837, "GCC": 0.019672131147540985}, "rate_15": {"ANB_G": 0.00231495579115073, "SP": 3.358494082564533, "ACE": 0.07270002443253185, "ANB": 0.01626547643147953, "ACC": 0.3000932022460835, "CC": 1, "QCS": 0.8345169943621712, "SCS": {"ori-": 8.070549721646154, "sam_": 6.297000847260754, "ori-av": 0.08070549721646154, "sam_av": 0.12594001694521506, "sam_/ori_av": 1.560488706332225}, "DDC": 0.27881842694235404, "LCC": 0.014854570977019955, "GCC": 0.02099236641221374}, "rate_20": {"ANB_G": 0.002247846206512283, "SP": 3.1154622924979063, "ACE": 0.06381724643378435, "ANB": 0.01057731146248953, "ACC": 0.32288831631917825, "CC": 1, "QCS": 0.9192012952474546, "SCS": {"ori-": 11.314698616756651, "sam_": 8.814990038568842, "ori-av": 0.0870361432058204, "sam_av": 0.13561523136259757, "sam_/ori_av": 1.558148446926225}, "DDC": 0.37376677379867573, "LCC": 0.024289956468174282, "GCC": 0.021986970684039087}, "rate_25": {"ANB_G": 0.0022170995325493993, "SP": 3.032715162596317, "ACE": 0.05830574712943534, "ANB": 0.008263069766651698, "ACC": 0.33143272961929465, "CC": 1, "QCS": 0.8183025453363469, "SCS": {"ori-": 13.003604257936844, "sam_": 9.999723140268692, "ori-av": 0.09561473719071209, "sam_av": 0.14705475206277488, "sam_/ori_av": 1.5379925352873283}, "DDC": 0.3480979288292716, "LCC": 0.019130175380175366, "GCC": 0.020448877805486283}, "rate_30": {"ANB_G": 0.0021323078964113635, "SP": 2.923274374460742, "ACE": 0.05362316453472494, "ANB": 0.006347440179738424, "ACC": 0.3433816853347004, "CC": 1, "QCS": 0.87794637102915, "SCS": {"ori-": 16.396588317868062, "sam_": 12.612446638046933, "ori-av": 0.09759873998730989, "sam_av": 0.1501481742624635, "sam_/ori_av": 1.5384232858127702}, "DDC": 0.31963475830831156, "LCC": 0.022460399345645213, "GCC": 0.022252191503708697}, "rate_35": {"ANB_G": 0.0020803002912031634, "SP": 2.8762968086157494, "ACE": 0.050433607415131664, "ANB": 0.005407195413878238, "ACC": 0.3488123398358947, "CC": 1, "QCS": 0.8553128709031774, "SCS": {"ori-": 18.147923544170887, "sam_": 13.893452515874852, "ori-av": 0.1042984111733959, "sam_av": 0.15969485650430865, "sam_/ori_av": 1.5311341247453545}, "DDC": 0.3848802788802994, "LCC": 0.023077704642680177, "GCC": 0.023347107438016528}, "rate_40": {"ANB_G": 0.0020803002912031634, "SP": 2.8762968086157494, "ACE": 0.050433607415131664, "ANB": 0.005407195413878238, "ACC": 0.3488123398358947, "CC": 1, "QCS": 0.7969870463429103, "SCS": {"ori-": 17.673957956728316, "sam_": 13.434964755891714, "ori-av": 0.11046223722955198, "sam_av": 0.16793705944864643, "sam_/ori_av": 1.5203119514921268}, "DDC": 0.3848802788802994, "LCC": 0.023077704642680177, "GCC": 0.023347107438016528}}