{"rate_5": {"ANB_G": 0.0024924905685143966, "SP": 3.976063829787234, "ACE": 0.1150678080890833, "ANB": 0.06469703977798336, "ACC": 0.2595260176015182, "CC": 1, "QCS": 0.6078470868463441, "SCS": {"ori-": 3.1125804378973103, "sam_": 2.5196055356542812, "ori-av": 0.048634069342145474, "sam_av": 0.07873767298919629, "sam_/ori_av": 1.6189817972102847}, "DDC": 0.0857560357664846, "LCC": 0.10000000000000002, "GCC": 0.07792207792207792}, "rate_10": {"ANB_G": 0.002431768630271101, "SP": 3.6540919398062255, "ACE": 0.08425911389266251, "ANB": 0.027361772575321904, "ACC": 0.2779306664881421, "CC": 1, "QCS": 0.859025267345349, "SCS": {"ori-": 5.955886945220921, "sam_": 4.738957675394422, "ori-av": 0.06473790157848827, "sam_av": 0.10302081903031353, "sam_/ori_av": 1.5913524615160877}, "DDC": 0.2760502472711365, "LCC": 0.019841269841269837, "GCC": 0.019672131147540985}, "rate_15": {"ANB_G": 0.00231495579115073, "SP": 3.358494082564533, "ACE": 0.0727000244325319, "ANB": 0.01626547643147953, "ACC": 0.3000932022460835, "CC": 1, "QCS": 0.9329331705500751, "SCS": {"ori-": 8.314309300982002, "sam_": 6.536128643792275, "ori-av": 0.07293253772791229, "sam_av": 0.11466892357530308, "sam_/ori_av": 1.572260161892292}, "DDC": 0.27881842694235404, "LCC": 0.014854570977019955, "GCC": 0.02099236641221374}, "rate_20": {"ANB_G": 0.002247846206512283, "SP": 3.1154622924979063, "ACE": 0.06381724643378442, "ANB": 0.01057731146248953, "ACC": 0.32288831631917825, "CC": 1, "QCS": 0.8756729629731865, "SCS": {"ori-": 11.497845303081245, "sam_": 8.996085925605398, "ori-av": 0.08097074157099468, "sam_av": 0.126705435571907, "sam_/ori_av": 1.5648298769847921}, "DDC": 0.37376677379867573, "LCC": 0.024289956468174282, "GCC": 0.021986970684039087}, "rate_25": {"ANB_G": 0.0022170995325493993, "SP": 3.032715162596317, "ACE": 0.05830574712943533, "ANB": 0.008263069766651698, "ACC": 0.33143272961929465, "CC": 1, "QCS": 0.876984915720711, "SCS": {"ori-": 13.256156075446023, "sam_": 10.24875832818805, "ori-av": 0.09079558955784947, "sam_av": 0.14039394970120617, "sam_/ori_av": 1.5462639802757778}, "DDC": 0.3480979288292716, "LCC": 0.019130175380175366, "GCC": 0.020448877805486283}, "rate_30": {"ANB_G": 0.0021323078964113635, "SP": 2.923274374460742, "ACE": 0.05362316453472495, "ANB": 0.006347440179738424, "ACC": 0.3433816853347004, "CC": 1, "QCS": 0.8024099192246028, "SCS": {"ori-": 15.969286012911647, "sam_": 12.198826355175852, "ori-av": 0.1036966624215042, "sam_av": 0.15842631630098508, "sam_/ori_av": 1.5277860694977514}, "DDC": 0.31963475830831156, "LCC": 0.022460399345645213, "GCC": 0.022252191503708697}, "rate_35": {"ANB_G": 0.0020803002912031634, "SP": 2.8762968086157494, "ACE": 0.050433607415131664, "ANB": 0.005407195413878238, "ACC": 0.3488123398358947, "CC": 1, "QCS": 0.7312044473693878, "SCS": {"ori-": 17.72796018162498, "sam_": 13.48306093631145, "ori-av": 0.11220227963053785, "sam_av": 0.17067165742166393, "sam_/ori_av": 1.5211068614974255}, "DDC": 0.3848802788802994, "LCC": 0.023077704642680177, "GCC": 0.023347107438016528}, "rate_40": {"ANB_G": 0.0020803002912031634, "SP": 2.8762968086157494, "ACE": 0.05043360741513166, "ANB": 0.005407195413878238, "ACC": 0.3488123398358947, "CC": 1, "QCS": 0.6677323727303263, "SCS": {"ori-": 17.616317015581885, "sam_": 13.379616754840226, "ori-av": 0.11010198134738677, "sam_av": 0.16724520943550283, "sam_/ori_av": 1.5190027226469374}, "DDC": 0.3848802788802994, "LCC": 0.023077704642680177, "GCC": 0.023347107438016528}}