{"rate-5": {"ANB_G": 0.0018009987830907156, "SP": 25.0, "ANB": 0.0, "ACC": 0.020408163265306135, "CC": 25, "QCS": 0.5237948720109523, "SCS": {"ori-": 3.1819104320724496, "sam_": 2.600903602693427, "ori-av": 0.03977388040090562, "sam_av": 0.06502259006733567, "sam_/ori_av": 1.6348062952855653}, "DDC": 0.9946018893387314, "LCC": 0.0, "GCC": 0}, "rate-10": {"ANB_G": 0.001751091357324675, "SP": 49.66666666666666, "ANB": 1.0001000100010001e-05, "ACC": 0.010825082508250832, "CC": 48, "QCS": 0.3801305299425549, "SCS": {"ori-": 6.75968420510692, "sam_": 5.53559282117526, "ori-av": 0.03755380113948289, "sam_av": 0.06150658690194733, "sam_/ori_av": 1.6378258667744086}, "DDC": 0.8251012145748988, "LCC": 0.0, "GCC": 0}, "rate-15": {"ANB_G": 0.001775364085020248, "SP": 73.0, "ANB": 9.674103633835176e-06, "ACC": 0.007621178225205076, "CC": 69, "QCS": 0.30321848729017997, "SCS": {"ori-": 8.489731191741505, "sam_": 6.975697808110239, "ori-av": 0.0369118747467022, "sam_av": 0.060658241809654255, "sam_/ori_av": 1.6433259547477637}, "DDC": 0.8251012145748988, "LCC": 0.0, "GCC": 0}, "rate-20": {"ANB_G": 0.0018269761834018253, "SP": 96.26666666666665, "ANB": 8.629003603877974e-06, "ACC": 0.005960995453457761, "CC": 90, "QCS": 0.2749659011886412, "SCS": {"ori-": 13.033419529427437, "sam_": 10.649584093107725, "ori-av": 0.0387899390756769, "sam_av": 0.0633903815065936, "sam_/ori_av": 1.6341964699383178}, "DDC": 0.709818636647905, "LCC": 0.0, "GCC": 0}, "rate-25": {"ANB_G": 0.001772991845869251, "SP": 119.49999999999999, "ANB": 6.866174374919034e-06, "ACC": 0.004912067316886616, "CC": 109, "QCS": 0.2607692785482401, "SCS": {"ori-": 15.510855863166451, "sam_": 12.626255030290599, "ori-av": 0.0403928538103293, "sam_av": 0.0657617449494302, "sam_/ori_av": 1.6280539438541364}, "DDC": 0.9352127974721043, "LCC": 0.0, "GCC": 0}, "rate-30": {"ANB_G": 0.0018075463203563668, "SP": 137.26666666666665, "ANB": 1.571232968956925e-05, "ACC": 0.004771625677604407, "CC": 119, "QCS": 0.3075091388888949, "SCS": {"ori-": 19.0454564378556, "sam_": 15.4799365650004, "ori-av": 0.04289517215733243, "sam_av": 0.0697294439864883, "sam_/ori_av": 1.6255779025838195}, "DDC": 0.9774200980876205, "LCC": 0.0, "GCC": 0}, "rate-35": {"ANB_G": 0.0017625925213701544, "SP": 162.1412698412698, "ANB": 7.8573075312528e-06, "ACC": 0.003938202992177888, "CC": 142, "QCS": 0.24498537935374817, "SCS": {"ori-": 21.763672318023286, "sam_": 17.782430960344843, "ori-av": 0.039860205710665356, "sam_av": 0.0651371097448529, "sam_/ori_av": 1.6341388255160014}, "DDC": 0.9774200980876205, "LCC": 0.0, "GCC": 0}, "rate-40": {"ANB_G": 0.0017594280430073014, "SP": 171.76180486180485, "ANB": 2.056019445598924e-05, "ACC": 0.004304949396783465, "CC": 137, "QCS": 0.2481822538622081, "SCS": {"ori-": 25.16798167558326, "sam_": 20.383731549942425, "ori-av": 0.04494282442068439, "sam_av": 0.07279904124979437, "sam_/ori_av": 1.6198145574555725}, "DDC": 0.9923470266486059, "LCC": 0.0, "GCC": 0}}