{"rate-5": {"ANB_G": 0.0017373650363897142, "SP": 25.333333333333332, "ANB": 1.600640256102441e-05, "ACC": 0.020653594771241842, "CC": 25, "QCS": 0.5339566067208233, "SCS": {"ori-": 3.0446789418367417, "sam_": 2.483350813783096, "ori-av": 0.040061565024167654, "sam_av": 0.06535133720481832, "sam_/ori_av": 1.6312726965457862}, "DDC": 0.725101214574899, "LCC": 0.0, "GCC": 0}, "rate-10": {"ANB_G": 0.0016244415793206406, "SP": 49.46666666666667, "ANB": 2.0002000200020003e-05, "ACC": 0.010987898789878995, "CC": 48, "QCS": 0.3577653149473433, "SCS": {"ori-": 6.461353311848709, "sam_": 5.231291722545396, "ori-av": 0.040894641214232336, "sam_av": 0.06621888256386577, "sam_/ori_av": 1.6192557410387545}, "DDC": 0.5934827688357855, "LCC": 0.0, "GCC": 0}, "rate-15": {"ANB_G": 0.0019105299408808494, "SP": 72.96666666666667, "ANB": 1.1259759693023392e-05, "ACC": 0.007742948246259504, "CC": 69, "QCS": 0.3854844184526745, "SCS": {"ori-": 10.123787211028397, "sam_": 8.214750971621884, "ori-av": 0.04149093119273933, "sam_av": 0.06733402435755642, "sam_/ori_av": 1.6228612475523199}, "DDC": 0.9012540732694776, "LCC": 0.0, "GCC": 0}, "rate-20": {"ANB_G": 0.0017052338395183628, "SP": 96.0, "ANB": 8.882797827521443e-06, "ACC": 0.006019382627422822, "CC": 89, "QCS": 0.2552385236875968, "SCS": {"ori-": 12.441731292818995, "sam_": 10.172830359400773, "ori-av": 0.03816481991662268, "sam_av": 0.06241000220491272, "sam_/ori_av": 1.635275689529195}, "DDC": 0.9352127974721043, "LCC": 0.0, "GCC": 0}, "rate-25": {"ANB_G": 0.0018215133813243628, "SP": 119.38095238095237, "ANB": 1.1776188419014703e-05, "ACC": 0.005004766526081273, "CC": 108, "QCS": 0.20945576729365328, "SCS": {"ori-": 14.730825141919942, "sam_": 12.05745765629934, "ori-av": 0.037966044180206035, "sam_av": 0.062151843589171855, "sam_/ori_av": 1.6370376459071636}, "DDC": 0.9352127974721043, "LCC": 0.0, "GCC": 0}, "rate-30": {"ANB_G": 0.0017311330480272546, "SP": 136.1952380952381, "ANB": 1.4964123513875478e-05, "ACC": 0.004848669858145327, "CC": 119, "QCS": 0.2597201452664221, "SCS": {"ori-": 19.013711110308268, "sam_": 15.469625822278418, "ori-av": 0.04080195517233534, "sam_av": 0.06639324387243957, "sam_/ori_av": 1.6272074118020625}, "DDC": 0.9774200980876205, "LCC": 0.0, "GCC": 0}, "rate-35": {"ANB_G": 0.001754654723480091, "SP": 159.747619047619, "ANB": 1.0915541001500895e-05, "ACC": 0.004125504447342346, "CC": 135, "QCS": 0.23438524185469276, "SCS": {"ori-": 21.896024698845533, "sam_": 17.769217715898634, "ori-av": 0.04178630667718613, "sam_av": 0.06782144166373524, "sam_/ori_av": 1.6230542265359718}, "DDC": 0.8590006912214871, "LCC": 0.0, "GCC": 0}, "rate-40": {"ANB_G": 0.0018070476875697045, "SP": 175.1603535353535, "ANB": 2.7203687610987284e-05, "ACC": 0.0041297807098105346, "CC": 140, "QCS": 0.322180573745865, "SCS": {"ori-": 24.60624053535158, "sam_": 19.963855341257403, "ori-av": 0.04184734784923738, "sam_av": 0.06790426986822246, "sam_/ori_av": 1.622666031617101}, "DDC": 0.6606901870059765, "LCC": 0.0, "GCC": 0}}