{"rate-5": {"ANB_G": 0.001723766516326106, "SP": 25.333333333333332, "ANB": 1.600640256102441e-05, "ACC": 0.020653594771241842, "CC": 25, "QCS": 0.5554777504279337, "SCS": {"ori-": 4.383187672446039, "sam_": 3.5190294188531763, "ori-av": 0.04764334426571781, "sam_av": 0.07650063954028644, "sam_/ori_av": 1.6056941576902095}, "DDC": 0.725101214574899, "LCC": 0.0, "GCC": 0}, "rate-10": {"ANB_G": 0.00169499418464962, "SP": 49.0, "ANB": 4.0004000400040005e-05, "ACC": 0.011561527581329568, "CC": 46, "QCS": 0.5015602415749522, "SCS": {"ori-": 6.984852163079043, "sam_": 5.672742589059234, "ori-av": 0.04259056196999416, "sam_av": 0.06917978767145407, "sam_/ori_av": 1.6242985410756614}, "DDC": 0.8251012145748988, "LCC": 0.0, "GCC": 0}, "rate-15": {"ANB_G": 0.0017974852895690948, "SP": 73.66666666666669, "ANB": 7.2555777253763825e-06, "ACC": 0.007322893363161823, "CC": 71, "QCS": 0.3534549361444336, "SCS": {"ori-": 10.556091546681055, "sam_": 8.56985885462635, "ori-av": 0.04435332582639098, "sam_av": 0.07201562062711218, "sam_/ori_av": 1.6236802829397219}, "DDC": 0.8251012145748988, "LCC": 0.0, "GCC": 0}, "rate-20": {"ANB_G": 0.001793090742422991, "SP": 94.76666666666665, "ANB": 1.0913151616669202e-05, "ACC": 0.006315466219988824, "CC": 86, "QCS": 0.3115437491837953, "SCS": {"ori-": 14.663397752216696, "sam_": 11.878876394794098, "ori-av": 0.043902388479690704, "sam_av": 0.07113099637601256, "sam_/ori_av": 1.620207893903491}, "DDC": 0.9352127974721043, "LCC": 0.0, "GCC": 0}, "rate-25": {"ANB_G": 0.0017469055134401357, "SP": 117.66666666666663, "ANB": 9.586734032905816e-06, "ACC": 0.005197345447947881, "CC": 105, "QCS": 0.23495497869992843, "SCS": {"ori-": 16.40102353512992, "sam_": 13.336814610094555, "ori-av": 0.042934616584109735, "sam_av": 0.06982625450311285, "sam_/ori_av": 1.6263393051693353}, "DDC": 0.9352127974721043, "LCC": 0.0, "GCC": 0}, "rate-30": {"ANB_G": 0.0017923249717420246, "SP": 140.51428571428568, "ANB": 1.0250424607004703e-05, "ACC": 0.0044224910283702755, "CC": 124, "QCS": 0.21703568433074122, "SCS": {"ori-": 21.76037065646159, "sam_": 17.65917551956189, "ori-av": 0.04334735190530197, "sam_av": 0.07035528095442985, "sam_/ori_av": 1.6230583383301078}, "DDC": 0.9352127974721043, "LCC": 0.0, "GCC": 0}, "rate-35": {"ANB_G": 0.0018542733634689234, "SP": 160.6809523809524, "ANB": 8.657153208086919e-06, "ACC": 0.004044497358010785, "CC": 139, "QCS": 0.25634548169070104, "SCS": {"ori-": 24.406864616766804, "sam_": 19.74381124597307, "ori-av": 0.045031115529090046, "sam_av": 0.07285539205156115, "sam_/ori_av": 1.6178900121738413}, "DDC": 0.9774200980876205, "LCC": 0.0, "GCC": 0}, "rate-40": {"ANB_G": 0.0017411166006857898, "SP": 178.90476190476193, "ANB": 1.0075439855921206e-05, "ACC": 0.003843147320204087, "CC": 146, "QCS": 0.2761356228594126, "SCS": {"ori-": 27.369404662288737, "sam_": 22.171137724318598, "ori-av": 0.04472124944818421, "sam_av": 0.07245469844548562, "sam_/ori_av": 1.62014029884014}, "DDC": 0.7575129192587474, "LCC": 0.0, "GCC": 0}}