{"rate-5": {"ANB_G": 0.001860105642168301, "SP": 24.666666666666664, "ANB": 3.401360544217687e-05, "ACC": 0.021768707482993213, "CC": 24, "QCS": 0.69287444614933, "SCS": {"ori-": 4.2488141636320655, "sam_": 3.444142242218784, "ori-av": 0.05058112099561983, "sam_av": 0.08200338671949485, "sam_/ori_av": 1.621225174637709}, "DDC": 0.725101214574899, "LCC": 0.0, "GCC": 0}, "rate-10": {"ANB_G": 0.0016862610243941632, "SP": 49.666666666666664, "ANB": 1.4001400140014002e-05, "ACC": 0.010841584158415848, "CC": 48, "QCS": 0.51441735978681, "SCS": {"ori-": 8.195810589687925, "sam_": 6.678003153498761, "ori-av": 0.0455322810538218, "sam_av": 0.07420003503887512, "sam_/ori_av": 1.6296138326820562}, "DDC": 0.8251012145748988, "LCC": 0.0, "GCC": 0}, "rate-15": {"ANB_G": 0.0017792213007805343, "SP": 72.99999999999999, "ANB": 8.464840679605777e-06, "ACC": 0.00761372110365399, "CC": 69, "QCS": 0.4087136675530588, "SCS": {"ori-": 12.335311062080475, "sam_": 9.977445521181485, "ori-av": 0.0505545535331167, "sam_av": 0.08178234033755316, "sam_/ori_av": 1.6177047292877411}, "DDC": 0.8251012145748988, "LCC": 0.0, "GCC": 0}, "rate-20": {"ANB_G": 0.0016889817222755332, "SP": 95.96666666666665, "ANB": 8.121415156591034e-06, "ACC": 0.006022892238972634, "CC": 89, "QCS": 0.37617942577697905, "SCS": {"ori-": 16.870252453241136, "sam_": 13.658764527448946, "ori-av": 0.0505097378839555, "sam_av": 0.08178900914640087, "sam_/ori_av": 1.6192720962897986}, "DDC": 0.9352127974721043, "LCC": 0.0, "GCC": 0}, "rate-25": {"ANB_G": 0.001695668668157633, "SP": 119.58571428571429, "ANB": 9.47215155442487e-06, "ACC": 0.004948241394831507, "CC": 110, "QCS": 0.36746522724089414, "SCS": {"ori-": 21.004529086890848, "sam_": 16.985074591876913, "ori-av": 0.05073557750456727, "sam_av": 0.08205350044384982, "sam_/ori_av": 1.6172773520999792}, "DDC": 0.9352127974721043, "LCC": 0.0, "GCC": 0}, "rate-30": {"ANB_G": 0.0017429343052547345, "SP": 140.5333333333333, "ANB": 6.88349681638272e-06, "ACC": 0.004389216258781477, "CC": 125, "QCS": 0.3051793237586498, "SCS": {"ori-": 24.67376282164792, "sam_": 19.917357554788133, "ori-av": 0.05205435194440489, "sam_av": 0.08403948335353642, "sam_/ori_av": 1.6144564328318274}, "DDC": 0.9774200980876205, "LCC": 0.0, "GCC": 0}, "rate-35": {"ANB_G": 0.0017971062970639877, "SP": 156.9901098901099, "ANB": 1.9149246498322695e-05, "ACC": 0.004385150854672448, "CC": 130, "QCS": 0.4029073963120821, "SCS": {"ori-": 28.159746373984404, "sam_": 22.76683965786034, "ori-av": 0.05101403328620363, "sam_av": 0.08248854948500124, "sam_/ori_av": 1.6169776073618092}, "DDC": 0.9774200980876205, "LCC": 0.0, "GCC": 0}, "rate-40": {"ANB_G": 0.0017442524100836627, "SP": 175.14025974025972, "ANB": 1.9937624610153806e-05, "ACC": 0.004138437231567116, "CC": 138, "QCS": 0.23795038222056966, "SCS": {"ori-": 32.83862701560933, "sam_": 26.481596093355467, "ori-av": 0.052795220282330114, "sam_av": 0.08514982666673783, "sam_/ori_av": 1.6128321126682823}, "DDC": 0.3732666563218552, "LCC": 0.0, "GCC": 0}}