{"rate-5": {"ANB_G": 0.0018809074031940047, "SP": 24.833333333333332, "ANB": 6.402561024409764e-05, "ACC": 0.02237908496732027, "CC": 24, "QCS": 0.6392495777794096, "SCS": {"ori-": 3.068212001430889, "sam_": 2.517859004482505, "ori-av": 0.03741721952964499, "sam_av": 0.061411195231280614, "sam_/ori_av": 1.6412549089230328}, "DDC": 0.3497580724795104, "LCC": 0.0, "GCC": 0}, "rate-10": {"ANB_G": 0.0017679655553416848, "SP": 49.333333333333336, "ANB": 1.8001800180018002e-05, "ACC": 0.011171617161716177, "CC": 47, "QCS": 0.37299486107875596, "SCS": {"ori-": 6.260957541755015, "sam_": 5.102074650687465, "ori-av": 0.0411905101431251, "sam_av": 0.06713256119325611, "sam_/ori_av": 1.6298065005747657}, "DDC": 0.8251012145748988, "LCC": 0.0, "GCC": 0}, "rate-15": {"ANB_G": 0.0017675443015333103, "SP": 73.66666666666667, "ANB": 7.704046105752848e-06, "ACC": 0.007483443708609272, "CC": 70, "QCS": 0.35895270419221714, "SCS": {"ori-": 9.468158838097748, "sam_": 7.710854790401481, "ori-av": 0.04189450813317588, "sam_av": 0.06823765301240248, "sam_/ori_av": 1.6287970918643082}, "DDC": 0.8251012145748988, "LCC": 0.0, "GCC": 0}, "rate-20": {"ANB_G": 0.001797346906880198, "SP": 97.66666666666667, "ANB": 8.000200005000127e-06, "ACC": 0.005732290926320765, "CC": 92, "QCS": 0.2524373701132528, "SCS": {"ori-": 12.950467696846337, "sam_": 10.58290487180314, "ori-av": 0.040470211552644804, "sam_av": 0.06614315544876963, "sam_/ori_av": 1.634366436724175}, "DDC": 0.8251012145748988, "LCC": 0.0, "GCC": 0}, "rate-25": {"ANB_G": 0.0017698135137869532, "SP": 119.6333333333333, "ANB": 6.088871615494236e-06, "ACC": 0.0048752215210046725, "CC": 110, "QCS": 0.22733482755371812, "SCS": {"ori-": 15.864121555404427, "sam_": 12.97729410853226, "ori-av": 0.038692979403425434, "sam_av": 0.06330387370015736, "sam_/ori_av": 1.6360558084744736}, "DDC": 0.9352127974721043, "LCC": 0.0, "GCC": 0}, "rate-30": {"ANB_G": 0.0017501347578539107, "SP": 139.4904761904762, "ANB": 9.50221843131093e-06, "ACC": 0.004515023849373647, "CC": 123, "QCS": 0.2732559411527461, "SCS": {"ori-": 19.34189474666091, "sam_": 15.763872273233916, "ori-av": 0.040978590564959554, "sam_av": 0.066796068954381, "sam_/ori_av": 1.6300235814234607}, "DDC": 0.9352127974721043, "LCC": 0.0, "GCC": 0}, "rate-35": {"ANB_G": 0.0017730887072922282, "SP": 157.5666666666666, "ANB": 9.64519786770553e-06, "ACC": 0.00426534733021453, "CC": 132, "QCS": 0.2904269302564244, "SCS": {"ori-": 21.83284974939444, "sam_": 17.786185356614546, "ori-av": 0.04198624951806623, "sam_av": 0.06840840521774826, "sam_/ori_av": 1.629304974913581}, "DDC": 0.9774200980876205, "LCC": 0.0, "GCC": 0}, "rate-40": {"ANB_G": 0.001738445499799695, "SP": 175.45808080808078, "ANB": 1.8009848742459174e-05, "ACC": 0.004072088876126453, "CC": 141, "QCS": 0.2875613825511458, "SCS": {"ori-": 24.352219738334725, "sam_": 19.81633527021423, "ori-av": 0.04213186805940264, "sam_av": 0.06856863415299042, "sam_/ori_av": 1.627476713264031}, "DDC": 0.5312037128468452, "LCC": 0.0, "GCC": 0}}