{"rate-5": {"ANB_G": 0.0015461484806145486, "SP": 11.238095238095239, "ANB": 0.0012585034013605442, "ACC": 0.028100291540554604, "CC": 28, "QCS": 0.4583185663815928, "SCS": {"ori-": 3.565989522399349, "sam_": 2.8963837357295676, "ori-av": 0.04146499444650406, "sam_av": 0.06735776129603646, "sam_/ori_av": 1.6244488199060987}, "DDC": 0.2960261817771448, "LCC": 0.04333333333333334, "GCC": 0.13043478260869565}, "rate-10": {"ANB_G": 0.0016781239134952377, "SP": 6.838671760211578, "ANB": 0.02692846835703977, "ACC": 0.1478508413039485, "CC": 16, "QCS": 0.8509092038600293, "SCS": {"ori-": 5.657834734041666, "sam_": 4.555907010294318, "ori-av": 0.050516381553943446, "sam_av": 0.08135548232668424, "sam_/ori_av": 1.610477231822504}, "DDC": 0.47036046948874954, "LCC": 0.014333333333333333, "GCC": 0.023529411764705882}, "rate-15": {"ANB_G": 0.0016947525407675073, "SP": 6.100980392156862, "ANB": 0.017212044259024124, "ACC": 0.20388785159150669, "CC": 13, "QCS": 0.7674233358687824, "SCS": {"ori-": 8.622881606781727, "sam_": 6.879651009645757, "ori-av": 0.05826271355933599, "sam_av": 0.09296825688710482, "sam_/ori_av": 1.5956733081514298}, "DDC": 0.4386253873535665, "LCC": 0.00765079365079365, "GCC": 0.007905138339920948}, "rate-20": {"ANB_G": 0.0016291787320123923, "SP": 4.0878483373044645, "ANB": 0.015129688848281817, "ACC": 0.2412745908521605, "CC": 4, "QCS": 0.5678981064008071, "SCS": {"ori-": 10.265663437678803, "sam_": 8.060830261944298, "ori-av": 0.07438886549042611, "sam_av": 0.11682362698469997, "sam_/ori_av": 1.5704450688219629}, "DDC": 0.5493388348747379, "LCC": 0.029042929292929284, "GCC": 0.023984010659560292}, "rate-25": {"ANB_G": 0.0015824380788909771, "SP": 3.666253101736973, "ANB": 0.010579349656691286, "ACC": 0.27097434167486506, "CC": 3, "QCS": 0.8107409632182682, "SCS": {"ori-": 12.313350008503349, "sam_": 9.591926546957158, "ori-av": 0.07793259499052753, "sam_av": 0.12141679173363491, "sam_/ori_av": 1.5579718826043552}, "DDC": 0.3092439808741324, "LCC": 0.018320634920634914, "GCC": 0.01683619782532445}, "rate-30": {"ANB_G": 0.0016773982905573636, "SP": 3.364303232998885, "ANB": 0.007933903466439213, "ACC": 0.29952659751969635, "CC": 1, "QCS": 0.8719815014097252, "SCS": {"ori-": 15.496791066875884, "sam_": 12.011944510518152, "ori-av": 0.09449262845656027, "sam_av": 0.14648712817705065, "sam_/ori_av": 1.5502492688558565}, "DDC": 0.4134411022565907, "LCC": 0.016182900432900427, "GCC": 0.015608180839612486}, "rate-35": {"ANB_G": 0.001602028141363855, "SP": 3.2528530495292673, "ANB": 0.0064737156595668565, "ACC": 0.30894473142100615, "CC": 1, "QCS": 0.6728733192285858, "SCS": {"ori-": 17.054694777669525, "sam_": 13.085109902063417, "ori-av": 0.1039920413272532, "sam_av": 0.15957451100077338, "sam_/ori_av": 1.534487725830935}, "DDC": 0.4134411022565907, "LCC": 0.01589865689865689, "GCC": 0.01695539992628087}, "rate-40": {"ANB_G": 0.0016434474035868856, "SP": 3.0870266117555194, "ANB": 0.005217566529388801, "ACC": 0.3237520559087418, "CC": 2, "QCS": 0.6773470805194645, "SCS": {"ori-": 19.36640977275365, "sam_": 14.868936682875795, "ori-av": 0.09683204886376824, "sam_av": 0.14868936682875794, "sam_/ori_av": 1.5355387867290415}, "DDC": 0.3848802788802994, "LCC": 0.018051957846075484, "GCC": 0.018473468146571387}}