{"rate-5": {"ANB_G": 0.0018761013097465076, "SP": 8.544086021505375, "ANB": 0.03593537414965987, "ACC": 0.07387916344882486, "CC": 17, "QCS": 0.6426719786788437, "SCS": {"ori-": 2.8888454237261842, "sam_": 2.3398294308684635, "ori-av": 0.04377038520797249, "sam_av": 0.07090392214752919, "sam_/ori_av": 1.6199062861940385}, "DDC": 0.2960261817771448, "LCC": 0.0, "GCC": 0}, "rate-10": {"ANB_G": 0.0015971645025793532, "SP": 6.378083763625932, "ANB": 0.03146155431869716, "ACC": 0.1360792841475648, "CC": 16, "QCS": 0.6367616235796468, "SCS": {"ori-": 5.685193262587047, "sam_": 4.574806604346063, "ori-av": 0.048179603920229214, "sam_av": 0.07753909498891631, "sam_/ori_av": 1.609375932548086}, "DDC": 0.5084508257926773, "LCC": 0.011666666666666667, "GCC": 0.013452914798206279}, "rate-15": {"ANB_G": 0.0016336410604179856, "SP": 4.924665981500514, "ANB": 0.023089062216578995, "ACC": 0.18029248078956112, "CC": 11, "QCS": 0.5544891971082259, "SCS": {"ori-": 7.7990658549214595, "sam_": 6.191996427397789, "ori-av": 0.06289569237839887, "sam_av": 0.09987091011931917, "sam_/ori_av": 1.587881559812818}, "DDC": 0.5084508257926773, "LCC": 0.02288888888888889, "GCC": 0.01675977653631285}, "rate-20": {"ANB_G": 0.001689039953947998, "SP": 3.877504625958234, "ANB": 0.013813512004466781, "ACC": 0.24816162442684037, "CC": 6, "QCS": 0.7368774301834702, "SCS": {"ori-": 10.377795579386005, "sam_": 8.156539772351003, "ori-av": 0.07308306746046482, "sam_av": 0.11488084186409864, "sam_/ori_av": 1.5719214567210775}, "DDC": 0.3559960512406818, "LCC": 0.026353174603174597, "GCC": 0.02702702702702703}, "rate-25": {"ANB_G": 0.0016836460873165863, "SP": 3.567558671538132, "ANB": 0.010105583624821878, "ACC": 0.275674615106604, "CC": 4, "QCS": 0.7650232388229442, "SCS": {"ori-": 12.600660201778789, "sam_": 9.795673048892274, "ori-av": 0.08400440134519192, "sam_av": 0.13060897398523033, "sam_/ori_av": 1.554787271782705}, "DDC": 0.37376677379867573, "LCC": 0.013839183039183044, "GCC": 0.015681149950996405}, "rate-30": {"ANB_G": 0.0016384160305756056, "SP": 3.345819397993311, "ANB": 0.007871877174474202, "ACC": 0.3007907366065961, "CC": 1, "QCS": 0.8784940019601817, "SCS": {"ori-": 14.332347279636917, "sam_": 10.864987225898558, "ori-av": 0.11024882522797629, "sam_av": 0.1671536496292086, "sam_/ori_av": 1.5161490318247162}, "DDC": 0.4732080223060964, "LCC": 0.018589188589188576, "GCC": 0.021695895859699874}, "rate-35": {"ANB_G": 0.001602793182195554, "SP": 3.2867458043389277, "ANB": 0.006571108633157838, "ACC": 0.3057731073274733, "CC": 1, "QCS": 0.746171435144368, "SCS": {"ori-": 15.181400781638335, "sam_": 11.311468125875038, "ori-av": 0.1286559388274435, "sam_av": 0.19171979874364473, "sam_/ori_av": 1.4901744955651368}, "DDC": 0.5566975638592478, "LCC": 0.021031833246118944, "GCC": 0.0213713268032057}, "rate-40": {"ANB_G": 0.0016389577013453292, "SP": 3.1268922305764413, "ANB": 0.005343950328081513, "ACC": 0.3208356630205191, "CC": 1, "QCS": 0.8118697382463735, "SCS": {"ori-": 18.43139057825359, "sam_": 13.83447028980589, "ori-av": 0.11665437074844046, "sam_av": 0.1751198770861505, "sam_/ori_av": 1.5011857332271596}, "DDC": 0.5179752071424308, "LCC": 0.01869778628234508, "GCC": 0.01869005656201328}}