{"rate-5": {"ANB_G": 0.0016200722002704996, "SP": 8.39, "ANB": 0.020221088435374148, "ACC": 0.05970731644066018, "CC": 19, "QCS": 0.5221022457653675, "SCS": {"ori-": 2.919625437609152, "sam_": 2.3965461324883783, "ori-av": 0.0364953179701144, "sam_av": 0.05991365331220946, "sam_/ori_av": 1.6416805399879533}, "DDC": 0.11661631499228964, "LCC": 0.0, "GCC": 0}, "rate-10": {"ANB_G": 0.0015337805714157019, "SP": 4.578421578421579, "ANB": 0.022152133580705013, "ACC": 0.1360785158875745, "CC": 23, "QCS": 0.8006539093052798, "SCS": {"ori-": 5.951678319341026, "sam_": 4.819488881839073, "ori-av": 0.04578214091800789, "sam_av": 0.0741459827975242, "sam_/ori_av": 1.6195394385403177}, "DDC": 0.1092711409891981, "LCC": 0.020277777777777777, "GCC": 0.03409090909090909}, "rate-15": {"ANB_G": 0.0016579273431508853, "SP": 6.899346405228758, "ANB": 0.019793820666303887, "ACC": 0.18336390029336186, "CC": 12, "QCS": 0.5972273773672225, "SCS": {"ori-": 8.137709303536358, "sam_": 6.448042190107384, "ori-av": 0.0625977638733566, "sam_av": 0.09920064907857513, "sam_/ori_av": 1.5847315134015159}, "DDC": 0.36914799615937033, "LCC": 0.013650793650793653, "GCC": 0.020442930153321975}, "rate-20": {"ANB_G": 0.0016778060797123834, "SP": 3.869521543748348, "ANB": 0.01377518907669661, "ACC": 0.24853375286326546, "CC": 6, "QCS": 0.6342688233917475, "SCS": {"ori-": 10.173605260485964, "sam_": 7.992560535335328, "ori-av": 0.07480592103298503, "sam_av": 0.11753765493140189, "sam_/ori_av": 1.5712346470485228}, "DDC": 0.40577444181754607, "LCC": 0.02867063492063491, "GCC": 0.020625}, "rate-25": {"ANB_G": 0.0016130484922930706, "SP": 3.609638239519394, "ANB": 0.010354709159217514, "ACC": 0.27523175810218925, "CC": 3, "QCS": 0.7844812491101316, "SCS": {"ori-": 12.243413716813846, "sam_": 9.534758199141137, "ori-av": 0.08385899806036881, "sam_av": 0.13061312601563202, "sam_/ori_av": 1.55753263259365}, "DDC": 0.295769574744684, "LCC": 0.021657142857142847, "GCC": 0.020414776409591703}, "rate-30": {"ANB_G": 0.0016289130417926874, "SP": 3.4115496098104794, "ANB": 0.008092448355068723, "ACC": 0.29516279356142033, "CC": 1, "QCS": 0.8386474112016953, "SCS": {"ori-": 14.668193912860056, "sam_": 11.270528085920018, "ori-av": 0.09910941833013552, "sam_av": 0.15230443359351375, "sam_/ori_av": 1.5367301731726901}, "DDC": 0.44316765302630734, "LCC": 0.0318122618122618, "GCC": 0.02094647013188518}, "rate-35": {"ANB_G": 0.001641539879809903, "SP": 3.214883246056055, "ANB": 0.006328237845874438, "ACC": 0.3107502367172467, "CC": 2, "QCS": 0.7617615706815435, "SCS": {"ori-": 16.558743890682194, "sam_": 12.4943701232421, "ori-av": 0.11827674207630139, "sam_av": 0.17849100176060143, "sam_/ori_av": 1.5090963669379334}, "DDC": 0.39578721981231624, "LCC": 0.018297876726448132, "GCC": 0.01764705882352941}, "rate-40": {"ANB_G": 0.0016902736807795865, "SP": 3.101340852130326, "ANB": 0.005279750884749562, "ACC": 0.32358578503479885, "CC": 1, "QCS": 0.837329573654408, "SCS": {"ori-": 18.03364127527338, "sam_": 13.598810178668908, "ori-av": 0.11864237681100907, "sam_av": 0.17893171287722245, "sam_/ori_av": 1.5081602180159543}, "DDC": 0.6611156044252351, "LCC": 0.02306936806743305, "GCC": 0.02490406453128671}}