{"rate-5": {"ANB_G": 0.0015720327167803455, "SP": 12.801282051282053, "ANB": 0.0038435374149659862, "ACC": 0.03987020305933044, "CC": 21, "QCS": 0.7043253963936379, "SCS": {"ori-": 3.469123930083211, "sam_": 2.824964272862019, "ori-av": 0.04230638939125867, "sam_av": 0.06890156763078095, "sam_/ori_av": 1.6286326633446382}, "DDC": 0.2960261817771448, "LCC": 0.0, "GCC": 0}, "rate-10": {"ANB_G": 0.0016156207843318455, "SP": 8.882830249918857, "ANB": 0.02893630179344465, "ACC": 0.11731788079333139, "CC": 16, "QCS": 0.676895356336029, "SCS": {"ori-": 6.255588207497155, "sam_": 5.036056658265719, "ori-av": 0.05301345938556911, "sam_av": 0.08535689251297829, "sam_/ori_av": 1.6100985203054574}, "DDC": 0.31218366306284606, "LCC": 0.006666666666666666, "GCC": 0.015151515151515152}, "rate-15": {"ANB_G": 0.0015698799360574936, "SP": 7.471023965141613, "ANB": 0.019265977386782766, "ACC": 0.18755170220693734, "CC": 12, "QCS": 0.8880807582762452, "SCS": {"ori-": 8.447120997987255, "sam_": 6.703789242492782, "ori-av": 0.06033657855705182, "sam_av": 0.09576841774989689, "sam_/ori_av": 1.58723646650501}, "DDC": 0.5190117803098983, "LCC": 0.016920634920634923, "GCC": 0.01910828025477707}, "rate-20": {"ANB_G": 0.0016643707100215336, "SP": 3.836113125453227, "ANB": 0.013896248921374558, "ACC": 0.25572422930928446, "CC": 4, "QCS": 0.8023350274695951, "SCS": {"ori-": 11.185434886210691, "sam_": 8.750233400833533, "ori-av": 0.07877066821275135, "sam_av": 0.12324272395540188, "sam_/ori_av": 1.5645763423326073}, "DDC": 0.5493388348747379, "LCC": 0.03429725829725829, "GCC": 0.029789719626168224}, "rate-25": {"ANB_G": 0.001654540731470546, "SP": 3.464966697139872, "ANB": 0.009780671071382306, "ACC": 0.28637599663919927, "CC": 3, "QCS": 0.8849783700256879, "SCS": {"ori-": 13.489014907775688, "sam_": 10.312121155272198, "ori-av": 0.10538292896699757, "sam_av": 0.1611268930511281, "sam_/ori_av": 1.5289657882026384}, "DDC": 0.3092439808741324, "LCC": 0.010547186147186144, "GCC": 0.012842465753424657}, "rate-30": {"ANB_G": 0.0017422341021932903, "SP": 3.2747603121516167, "ANB": 0.007633423866280593, "ACC": 0.3074799284293428, "CC": 1, "QCS": 0.8611861595827323, "SCS": {"ori-": 16.853618877070716, "sam_": 12.897901418650754, "ori-av": 0.09575919816517452, "sam_av": 0.14656706157557675, "sam_/ori_av": 1.5305794574716889}, "DDC": 0.44316765302630734, "LCC": 0.02484495134495133, "GCC": 0.024832855778414518}, "rate-35": {"ANB_G": 0.0016019089790554454, "SP": 3.2277691363078183, "ANB": 0.006401635449160399, "ACC": 0.3113811898122738, "CC": 1, "QCS": 0.8208959158489749, "SCS": {"ori-": 17.18695661090741, "sam_": 12.91563736249922, "ori-av": 0.11457971073938272, "sam_av": 0.17220849816665626, "sam_/ori_av": 1.5029580460222411}, "DDC": 0.592796403751202, "LCC": 0.02202838431409857, "GCC": 0.02187206020696143}, "rate-40": {"ANB_G": 0.001645920649204271, "SP": 3.1301002506265663, "ANB": 0.005352010679966243, "ACC": 0.32087233966372025, "CC": 1, "QCS": 0.8131021814442578, "SCS": {"ori-": 19.257783832826494, "sam_": 14.539302524806242, "ori-av": 0.1250505443690032, "sam_av": 0.18882211071176938, "sam_/ori_av": 1.509966323333923}, "DDC": 0.5895679937935165, "LCC": 0.017926531801531788, "GCC": 0.01608187134502924}}