{"rate-5": {"ANB_G": 0.0015970377335980269, "SP": 14.085714285714285, "ANB": 0.0008163265306122447, "ACC": 0.023407279795034902, "CC": 28, "QCS": 0.8060368413012862, "SCS": {"ori-": 4.289642131554343, "sam_": 3.4644452766501175, "ori-av": 0.052312708921394425, "sam_av": 0.0844986652841492, "sam_/ori_av": 1.615260746888824}, "DDC": 0.4791152364964948, "LCC": 0.0, "GCC": 0}, "rate-10": {"ANB_G": 0.0017091127369052064, "SP": 8.765733212887685, "ANB": 0.04631828488971345, "ACC": 0.0900319613283434, "CC": 18, "QCS": 0.7818076215821099, "SCS": {"ori-": 8.159352147900172, "sam_": 6.525447977051302, "ori-av": 0.05912574020217516, "sam_av": 0.09457170981233771, "sam_/ori_av": 1.5995014944245645}, "DDC": 0.5683638092211996, "LCC": 0.03833333333333334, "GCC": 0.044444444444444446}, "rate-15": {"ANB_G": 0.0016639711083198448, "SP": 5.437410071942446, "ANB": 0.02022250438357821, "ACC": 0.20061220175934863, "CC": 10, "QCS": 0.859174811696432, "SCS": {"ori-": 11.14371988174811, "sam_": 8.780083452314962, "ori-av": 0.07143410180607764, "sam_av": 0.11256517246557643, "sam_/ori_av": 1.575790408496455}, "DDC": 0.24925503101147584, "LCC": 0.019888888888888893, "GCC": 0.03025936599423631}, "rate-20": {"ANB_G": 0.0016520342923963466, "SP": 3.882051282051282, "ANB": 0.013835338307700113, "ACC": 0.2473843489045769, "CC": 6, "QCS": 0.8968604572378693, "SCS": {"ori-": 13.934152203418218, "sam_": 10.817519072838888, "ori-av": 0.08394067592420613, "sam_av": 0.13033155509444444, "sam_/ori_av": 1.5526626830134982}, "DDC": 0.47182249399736775, "LCC": 0.025301587301587304, "GCC": 0.02131782945736434}, "rate-25": {"ANB_G": 0.0016142265068842111, "SP": 3.563862618218019, "ANB": 0.010009327633113097, "ACC": 0.27414484214869633, "CC": 5, "QCS": 0.8023968298215873, "SCS": {"ori-": 17.6828253934526, "sam_": 13.706688071699858, "ori-av": 0.08668051663457156, "sam_av": 0.13437929482058686, "sam_/ori_av": 1.5502825783457683}, "DDC": 0.5348567863249469, "LCC": 0.023146031746031744, "GCC": 0.022037687639731716}, "rate-30": {"ANB_G": 0.0016585620019091525, "SP": 3.314336677814939, "ANB": 0.007766230462466235, "ACC": 0.3037224467542974, "CC": 1, "QCS": 0.9344805815529477, "SCS": {"ori-": 19.493234659138867, "sam_": 14.835231718899674, "ori-av": 0.10951255426482509, "sam_av": 0.16668799684156937, "sam_/ori_av": 1.522090302436757}, "DDC": 0.4732080223060964, "LCC": 0.013566637066637067, "GCC": 0.015426808364758314}, "rate-35": {"ANB_G": 0.0016186184093522323, "SP": 4.215376461625095, "ANB": 0.006293373984313608, "ACC": 0.30910469846897903, "CC": 2, "QCS": 0.9092005084242392, "SCS": {"ori-": 22.997194180233244, "sam_": 17.552863148878657, "ori-av": 0.10359096477582543, "sam_av": 0.15813390224215007, "sam_/ori_av": 1.5265221497295398}, "DDC": 0.3848802788802994, "LCC": 0.01263138355575329, "GCC": 0.01569220039521097}, "rate-40": {"ANB_G": 0.0016420561039391076, "SP": 3.1054761904761903, "ANB": 0.0052901411821009835, "ACC": 0.3234064024851025, "CC": 1, "QCS": 0.8831041366281966, "SCS": {"ori-": 25.682563950797647, "sam_": 19.616323009954513, "ori-av": 0.10525640963441658, "sam_av": 0.1607895328684796, "sam_/ori_av": 1.527598494257445}, "DDC": 0.37432203328339897, "LCC": 0.02338698352301292, "GCC": 0.021796259081774617}}