{"rate-5": {"ANB_G": 0.0016450378142901165, "SP": 9.633333333333333, "ANB": 0.0003741496598639456, "ACC": 0.016795594428247497, "CC": 34, "QCS": 0.7978093197151438, "SCS": {"ori-": 2.938038203194581, "sam_": 2.4285681644072867, "ori-av": 0.03264486892438423, "sam_av": 0.053968181431273035, "sam_/ori_av": 1.6531903239152315}, "DDC": 0.4791152364964948, "LCC": 0.0, "GCC": 0}, "rate-10": {"ANB_G": 0.0017271183053988982, "SP": 10.37862137862138, "ANB": 0.02711605854462998, "ACC": 0.1182449126820951, "CC": 16, "QCS": 0.7783882620898139, "SCS": {"ori-": 5.54005873777114, "sam_": 4.443762417445791, "ori-av": 0.051296840164547594, "sam_av": 0.0822918966193665, "sam_/ori_av": 1.604229351269872}, "DDC": 0.4655313042332777, "LCC": 0.012666666666666668, "GCC": 0.015306122448979591}, "rate-15": {"ANB_G": 0.0016265069287093826, "SP": 6.5368095095395065, "ANB": 0.021408186710200134, "ACC": 0.20189852276799813, "CC": 7, "QCS": 0.7982607567217289, "SCS": {"ori-": 8.17592538724822, "sam_": 6.469502327637233, "ori-av": 0.06387441708787672, "sam_av": 0.10108597386933177, "sam_/ori_av": 1.5825737200898504}, "DDC": 0.5084508257926773, "LCC": 0.019968253968253972, "GCC": 0.0328125}, "rate-20": {"ANB_G": 0.0016275483359783408, "SP": 3.8221610535405874, "ANB": 0.013270646160093397, "ACC": 0.2462639063315496, "CC": 8, "QCS": 0.8569882918580072, "SCS": {"ori-": 10.33071742251562, "sam_": 8.024977683506767, "ori-av": 0.08331223727835178, "sam_av": 0.1294351239275285, "sam_/ori_av": 1.55361478884641}, "DDC": 0.41873786872678664, "LCC": 0.01271031746031746, "GCC": 0.01832620647525962}, "rate-25": {"ANB_G": 0.0016524125647952922, "SP": 3.682925249384635, "ANB": 0.010731700997538542, "ACC": 0.27156298381758176, "CC": 2, "QCS": 0.8457328478722458, "SCS": {"ori-": 11.800932571076432, "sam_": 9.051262894646998, "ori-av": 0.10000790314471553, "sam_av": 0.1534112355024915, "sam_/ori_av": 1.5339911214866606}, "DDC": 0.5493388348747379, "LCC": 0.013154401154401156, "GCC": 0.01611170784103115}, "rate-30": {"ANB_G": 0.0016054649200305735, "SP": 3.4600794594958586, "ANB": 0.008200264864986186, "ACC": 0.2891649185780076, "CC": 2, "QCS": 0.8067340343424513, "SCS": {"ori-": 13.872956154309243, "sam_": 10.71818801814225, "ori-av": 0.09373619023181921, "sam_av": 0.14484037862354393, "sam_/ori_av": 1.5451916518618776}, "DDC": 0.4732080223060964, "LCC": 0.013151681651681648, "GCC": 0.016571194762684125}, "rate-35": {"ANB_G": 0.001662255054925567, "SP": 3.258043389275481, "ANB": 0.006488630428952526, "ACC": 0.30851963995247483, "CC": 1, "QCS": 0.8473533115647961, "SCS": {"ori-": 16.691671414355277, "sam_": 12.665251590485251, "ori-av": 0.11278156361050863, "sam_av": 0.17115204852007096, "sam_/ori_av": 1.5175534284233274}, "DDC": 0.44316765302630734, "LCC": 0.012664256378542087, "GCC": 0.015134736064968624}, "rate-40": {"ANB_G": 0.001651097523408047, "SP": 3.07953634085213, "ANB": 0.00522496568053299, "ACC": 0.3260339182406501, "CC": 1, "QCS": 0.8285827045298739, "SCS": {"ori-": 18.53113147178058, "sam_": 13.954222789938072, "ori-av": 0.12033202254402973, "sam_av": 0.18122367259659833, "sam_/ori_av": 1.5060303048616026}, "DDC": 0.4553934765902008, "LCC": 0.01820981183848829, "GCC": 0.018620846264476573}}