{"rate-5": {"ANB_G": 0.0015634234126240773, "SP": 10.811904761904762, "ANB": 0.0010374149659863948, "ACC": 0.022219258769634712, "CC": 30, "QCS": 0.8393641216190953, "SCS": {"ori-": 4.215086730005936, "sam_": 3.412546627068576, "ori-av": 0.04901263639541786, "sam_av": 0.07936154946671108, "sam_/ori_av": 1.61920588858857}, "DDC": 0.4791152364964948, "LCC": 0.0, "GCC": 0}, "rate-10": {"ANB_G": 0.001554605427369694, "SP": 9.128703703703703, "ANB": 0.03425479282622141, "ACC": 0.11308880059392051, "CC": 17, "QCS": 0.811556178734059, "SCS": {"ori-": 8.041152705721633, "sam_": 6.455611296223947, "ori-av": 0.0574368050408688, "sam_av": 0.09222301851748496, "sam_/ori_av": 1.6056432535177443}, "DDC": 0.5683638092211996, "LCC": 0.0, "GCC": 0}, "rate-15": {"ANB_G": 0.0016223932019683238, "SP": 5.354210368594546, "ANB": 0.02030292037003446, "ACC": 0.2097437182123249, "CC": 8, "QCS": 0.909011634824576, "SCS": {"ori-": 10.981436094021126, "sam_": 8.57519731784279, "ori-av": 0.0762599728751467, "sam_av": 0.11909996274781652, "sam_/ori_av": 1.5617624588302401}, "DDC": 0.47182249399736775, "LCC": 0.010873015873015873, "GCC": 0.016853932584269662}, "rate-20": {"ANB_G": 0.0016679331261604076, "SP": 3.769495109701295, "ANB": 0.013295010405563164, "ACC": 0.25492275122685254, "CC": 6, "QCS": 0.9041562250754871, "SCS": {"ori-": 13.855307834891612, "sam_": 10.750703563720416, "ori-av": 0.08659567396807258, "sam_av": 0.1343837945465052, "sam_/ori_av": 1.551853440115864}, "DDC": 0.3480979288292716, "LCC": 0.018811050061050064, "GCC": 0.02607184241019699}, "rate-25": {"ANB_G": 0.0016692501009844937, "SP": 3.647004016064257, "ANB": 0.01067340329058168, "ACC": 0.27643718489453545, "CC": 1, "QCS": 0.9005062099627189, "SCS": {"ori-": 16.891238219439, "sam_": 12.963457065787038, "ori-av": 0.0982048733688314, "sam_av": 0.1507378728579888, "sam_/ori_av": 1.5349327145085503}, "DDC": 0.5012459013473225, "LCC": 0.0151020757020757, "GCC": 0.017160161507402422}, "rate-30": {"ANB_G": 0.001597785147603952, "SP": 3.3986666965949137, "ANB": 0.00799555565531638, "ACC": 0.29437659821683204, "CC": 2, "QCS": 0.9189555142931191, "SCS": {"ori-": 19.622539541829077, "sam_": 14.951735195444435, "ori-av": 0.11149170194221067, "sam_av": 0.16990608176641403, "sam_/ori_av": 1.523934775473077}, "DDC": 0.4134411022565907, "LCC": 0.014259425759425758, "GCC": 0.018404907975460124}, "rate-35": {"ANB_G": 0.0015958643090865723, "SP": 3.203078182562423, "ANB": 0.00633068443265064, "ACC": 0.3137535258998454, "CC": 1, "QCS": 0.9271297730625715, "SCS": {"ori-": 22.41368840422518, "sam_": 16.969201544664887, "ori-av": 0.11095885348626326, "sam_av": 0.16801189648183057, "sam_/ori_av": 1.5141819801033767}, "DDC": 0.4134411022565907, "LCC": 0.026833531547817226, "GCC": 0.023986486486486488}, "rate-40": {"ANB_G": 0.001638992685159325, "SP": 3.1221929824561405, "ANB": 0.005332143172000354, "ACC": 0.3215187791863452, "CC": 1, "QCS": 0.9457321791372935, "SCS": {"ori-": 25.91053401731943, "sam_": 19.75804620386822, "ori-av": 0.10796055840549763, "sam_av": 0.16465038503223514, "sam_/ori_av": 1.5250975677044174}, "DDC": 0.16505454644874817, "LCC": 0.017124694749694726, "GCC": 0.016486180701470825}}