{"rate-5": {"ANB_G": 0.001657050484349376, "SP": 9.308333333333334, "ANB": 0.0061734693877551015, "ACC": 0.042686934661848724, "CC": 24, "QCS": 0.6470972339503483, "SCS": {"ori-": 3.19267556382169, "sam_": 2.5987024576552944, "ori-av": 0.04093173799771398, "sam_av": 0.06663339635013575, "sam_/ori_av": 1.6279151487253536}, "DDC": 0.2960261817771448, "LCC": 0.0, "GCC": 0}, "rate-10": {"ANB_G": 0.0016396199075980242, "SP": 9.057911536707707, "ANB": 0.03309420737992166, "ACC": 0.14143326773194495, "CC": 10, "QCS": 0.871647562446189, "SCS": {"ori-": 5.700080154880868, "sam_": 4.5677301457898585, "ori-av": 0.05181891049891698, "sam_av": 0.08304963901436106, "sam_/ori_av": 1.6026897944158207}, "DDC": 0.5683638092211996, "LCC": 0.017666666666666667, "GCC": 0.041474654377880185}, "rate-15": {"ANB_G": 0.0016853770926031797, "SP": 4.257953314291343, "ANB": 0.019999999999999997, "ACC": 0.21698848956419445, "CC": 8, "QCS": 0.828166758510483, "SCS": {"ori-": 8.25791725146144, "sam_": 6.488291206290803, "ori-av": 0.06881597709551199, "sam_av": 0.10813818677151339, "sam_/ori_av": 1.5714110492309772}, "DDC": 0.5190117803098983, "LCC": 0.015264550264550264, "GCC": 0.01955671447196871}, "rate-20": {"ANB_G": 0.0016161714328527402, "SP": 4.071424795136135, "ANB": 0.014744429216791016, "ACC": 0.23664950237584048, "CC": 6, "QCS": 0.7532323281957782, "SCS": {"ori-": 10.148435078011731, "sam_": 7.951639467824796, "ori-av": 0.0757345901344159, "sam_av": 0.11868118608693726, "sam_/ori_av": 1.5670671205363167}, "DDC": 0.41873786872678664, "LCC": 0.016075396825396823, "GCC": 0.017303532804614274}, "rate-25": {"ANB_G": 0.0016063859229565678, "SP": 3.5041138827216924, "ANB": 0.009936002072807365, "ACC": 0.2829014008367907, "CC": 3, "QCS": 0.7283695911651032, "SCS": {"ori-": 11.82798450772604, "sam_": 9.08187004458457, "ori-av": 0.09098449621327723, "sam_av": 0.13972107760899338, "sam_/ori_av": 1.5356580892800955}, "DDC": 0.4732080223060964, "LCC": 0.021202775002774992, "GCC": 0.02151180161338512}, "rate-30": {"ANB_G": 0.0016761494885702748, "SP": 3.402841687055285, "ANB": 0.008009472290184285, "ACC": 0.29392037148919165, "CC": 2, "QCS": 0.7608482230172685, "SCS": {"ori-": 14.288557137020877, "sam_": 10.896378010031846, "ori-av": 0.09400366537513735, "sam_av": 0.14337339486884007, "sam_/ori_av": 1.5251894093350993}, "DDC": 0.27881842694235404, "LCC": 0.01978258778258777, "GCC": 0.021594999052850918}, "rate-35": {"ANB_G": 0.0016250651845129054, "SP": 3.2644126074498567, "ANB": 0.006506932780028325, "ACC": 0.3077910990986294, "CC": 1, "QCS": 0.8309326597115775, "SCS": {"ori-": 15.90224525421311, "sam_": 12.033350160145481, "ori-av": 0.11198764263530359, "sam_av": 0.16948380507247157, "sam_/ori_av": 1.5134152401476}, "DDC": 0.5884546360863288, "LCC": 0.015573157001728425, "GCC": 0.016991818753933293}, "rate-40": {"ANB_G": 0.0017018162175083424, "SP": 3.051528822055138, "ANB": 0.005154595030289296, "ACC": 0.32902648062548745, "CC": 1, "QCS": 0.7704634929744733, "SCS": {"ori-": 17.643575360473516, "sam_": 13.265745412663335, "ori-av": 0.12425053070755997, "sam_av": 0.1868414846853991, "sam_/ori_av": 1.5037479809656122}, "DDC": 0.35477797863535543, "LCC": 0.020884191595298373, "GCC": 0.020045493318168895}}