{"rate-5": {"ANB_G": 0.0015868683576810091, "SP": 9.77543859649123, "ANB": 0.009744897959183674, "ACC": 0.05117409317318285, "CC": 21, "QCS": 0.9036135515046401, "SCS": {"ori-": 3.0409867779723676, "sam_": 2.507926879858979, "ori-av": 0.035360311371771716, "sam_av": 0.058323880926952995, "sam_/ori_av": 1.649416497319455}, "DDC": 0.16402115960285357, "LCC": 0.02, "GCC": 0.06666666666666667}, "rate-10": {"ANB_G": 0.0016869413256517093, "SP": 7.536708860759494, "ANB": 0.029552669552669563, "ACC": 0.12011978405058597, "CC": 19, "QCS": 0.8793535137369088, "SCS": {"ori-": 6.138324730106948, "sam_": 4.854201938357278, "ori-av": 0.055802952091881346, "sam_av": 0.08825821706104142, "sam_/ori_av": 1.5816048031961005}, "DDC": 0.2738975804623477, "LCC": 0.014333333333333333, "GCC": 0.015463917525773196}, "rate-15": {"ANB_G": 0.0017443971350816505, "SP": 4.324830099477987, "ANB": 0.020410544772960868, "ACC": 0.21411764906034983, "CC": 8, "QCS": 0.76532938858009, "SCS": {"ori-": 7.715525159825308, "sam_": 6.134866257377756, "ori-av": 0.06324200950676483, "sam_av": 0.10057157798979928, "sam_/ori_av": 1.5902653754074878}, "DDC": 0.5190117803098983, "LCC": 0.00428042328042328, "GCC": 0.008021390374331552}, "rate-20": {"ANB_G": 0.001606712055045437, "SP": 5.0614092495637, "ANB": 0.01424648495000254, "ACC": 0.23002084596232095, "CC": 8, "QCS": 0.7680543143930321, "SCS": {"ori-": 10.881822959988272, "sam_": 8.483389723375327, "ori-av": 0.0788537895651324, "sam_av": 0.12294767715036706, "sam_/ori_av": 1.5591853965219207}, "DDC": 0.1572745828050064, "LCC": 0.00905952380952381, "GCC": 0.013167520117044623}, "rate-25": {"ANB_G": 0.0016319495296144557, "SP": 3.607057042230341, "ANB": 0.010261044176706834, "ACC": 0.27314421906513003, "CC": 4, "QCS": 0.9018013711112042, "SCS": {"ori-": 12.49864969003397, "sam_": 9.591330626598987, "ori-av": 0.09190183595613213, "sam_av": 0.14104897980292627, "sam_/ori_av": 1.5347786944131752}, "DDC": 0.37376677379867573, "LCC": 0.02776470196470195, "GCC": 0.02644466209598433}, "rate-30": {"ANB_G": 0.0016054175664171962, "SP": 3.396197616215124, "ANB": 0.007987325387383747, "ACC": 0.2942221905281613, "CC": 2, "QCS": 0.7696512827391891, "SCS": {"ori-": 14.730602611497254, "sam_": 11.324523369721804, "ori-av": 0.09820401740998169, "sam_av": 0.15099364492962405, "sam_/ori_av": 1.53755059020912}, "DDC": 0.4732080223060964, "LCC": 0.012768879268879268, "GCC": 0.013002364066193853}, "rate-35": {"ANB_G": 0.0016563130030462566, "SP": 3.2508480716661725, "ANB": 0.006430994490474784, "ACC": 0.3072544831334302, "CC": 2, "QCS": 0.8003543011344325, "SCS": {"ori-": 16.676646840671168, "sam_": 12.738244873313379, "ori-av": 0.1055483977257669, "sam_av": 0.1612436059913086, "sam_/ori_av": 1.5276745972994072}, "DDC": 0.3848802788802994, "LCC": 0.018480248043273233, "GCC": 0.020666748677574117}, "rate-40": {"ANB_G": 0.001622463588801028, "SP": 3.148546365914787, "ANB": 0.005398357703303481, "ACC": 0.3190715012942408, "CC": 1, "QCS": 0.7995098467109346, "SCS": {"ori-": 18.49200339144419, "sam_": 14.024754213266903, "ori-av": 0.11275611824051335, "sam_av": 0.17103358796666954, "sam_/ori_av": 1.5168452997100166}, "DDC": 0.31649678158305417, "LCC": 0.016566537629037613, "GCC": 0.02016889399032549}}