{"rate-5": {"ANB_G": 0.0016152684289249164, "SP": 10.098519091847265, "ANB": 0.004942176870748299, "ACC": 0.03522351088131957, "CC": 26.2, "QCS": 0.8065072069191777, "SCS": {"ori-": 3.417488155563352, "sam_": 2.78804739723157, "ori-av": 0.04107876607329906, "sam_av": 0.06700351885125926, "sam_/ori_av": 1.633401183523753}, "DDC": 0.34286079923002655, "LCC": 0.004, "GCC": 0.013333333333333332}, "rate-10": {"ANB_G": 0.001656567024469615, "SP": 8.646435607586364, "ANB": 0.031027417027417032, "ACC": 0.1285643054491769, "CC": 15.0, "QCS": 0.8184406200644118, "SCS": {"ori-": 6.370465065308283, "sam_": 5.092915031552161, "ori-av": 0.05436197914210643, "sam_av": 0.08689996582846436, "sam_/ori_av": 1.5986532465052947}, "DDC": 0.422446541394507, "LCC": 0.009800000000000001, "GCC": 0.016938565426543192}, "rate-15": {"ANB_G": 0.001665404379175664, "SP": 5.015143800143128, "ANB": 0.020971642783723314, "ACC": 0.20997349532432003, "CC": 7.4, "QCS": 0.828803669261897, "SCS": {"ori-": 8.785557906669597, "sam_": 6.914707434807484, "ori-av": 0.06910011804771321, "sam_av": 0.10879807382532165, "sam_/ori_av": 1.5752046276546614}, "DDC": 0.5148462693542137, "LCC": 0.012007407407407408, "GCC": 0.017315159430126424}, "rate-20": {"ANB_G": 0.0016329817503458479, "SP": 4.118346497893943, "ANB": 0.01389254352570935, "ACC": 0.2437331849258848, "CC": 6.6, "QCS": 0.8133563065283139, "SCS": {"ori-": 11.412083720445187, "sam_": 8.888015416810072, "ori-av": 0.08069143859828615, "sam_av": 0.1257012007305957, "sam_/ori_av": 1.558038212351445}, "DDC": 0.3629341486170438, "LCC": 0.014016971916971918, "GCC": 0.018435358822961562}, "rate-25": {"ANB_G": 0.0016409597569013359, "SP": 3.6184376828528237, "ANB": 0.01044130068661744, "ACC": 0.2757282206638702, "CC": 2.4, "QCS": 0.8366857436249054, "SCS": {"ori-": 13.36291108538837, "sam_": 10.267641962767378, "ori-av": 0.09437212494536286, "sam_av": 0.14501090994979393, "sam_/ori_av": 1.5366712495689894}, "DDC": 0.4893796734403141, "LCC": 0.018953015873015865, "GCC": 0.020215233267200698}, "rate-30": {"ANB_G": 0.001623651221682558, "SP": 3.416686494130323, "ANB": 0.008055621647101075, "ACC": 0.29276444538867397, "CC": 2.0, "QCS": 0.8147770569427459, "SCS": {"ori-": 15.62833152996969, "sam_": 11.965697694779632, "ori-av": 0.10004895999866137, "sam_av": 0.15323760498652078, "sam_/ori_av": 1.5319383252679155}, "DDC": 0.4223767192234467, "LCC": 0.015090254190254188, "GCC": 0.01721722904719955}, "rate-35": {"ANB_G": 0.001635378023197304, "SP": 3.2409579892820672, "ANB": 0.006432142504269764, "ACC": 0.30973302756635074, "CC": 1.2, "QCS": 0.8369066020438611, "SCS": {"ori-": 17.99673172875831, "sam_": 13.673401481575805, "ori-av": 0.10881642264923905, "sam_av": 0.1653512133238555, "sam_/ori_av": 1.5197325214523676}, "DDC": 0.4342770645613002, "LCC": 0.01987649138909641, "GCC": 0.020120086908315998}, "rate-40": {"ANB_G": 0.0016472293512465215, "SP": 3.1084761904761904, "ANB": 0.005297678870543193, "ACC": 0.3230804101898932, "CC": 1.0, "QCS": 0.8587985334977276, "SCS": {"ori-": 20.20373764949654, "sam_": 15.288615559302272, "ori-av": 0.11710860363418481, "sam_av": 0.17707996529565065, "sam_/ori_av": 1.5124815781251828}, "DDC": 0.34103277710278984, "LCC": 0.01911655154700818, "GCC": 0.019327943722322806}}