{"rate-5": {"ANB_G": 0.0016239620756800023, "SP": 10.96358543417367, "ANB": 0.0073809523809523795, "ACC": 0.04324167337368407, "CC": 22, "QCS": 0.8446518078066602, "SCS": {"ori-": 3.700653502822184, "sam_": 2.9924928571677136, "ori-av": 0.047444275677207486, "sam_av": 0.07673058608122342, "sam_/ori_av": 1.6172780590701537}, "DDC": 0.2960261817771448, "LCC": 0.0, "GCC": 0}, "rate-10": {"ANB_G": 0.0016745501563297485, "SP": 7.130232558139535, "ANB": 0.031119356833642548, "ACC": 0.14993476218733803, "CC": 13, "QCS": 0.7512575833150883, "SCS": {"ori-": 6.4327089980608205, "sam_": 5.143269359943937, "ori-av": 0.05545438791431742, "sam_av": 0.08867705793006787, "sam_/ori_av": 1.599099030126936}, "DDC": 0.23607620383451022, "LCC": 0.004333333333333333, "GCC": 0.012448132780082987}, "rate-15": {"ANB_G": 0.0016483475375157828, "SP": 4.60191570881226, "ANB": 0.022736562065421125, "ACC": 0.20711909701673273, "CC": 6, "QCS": 0.843249807672607, "SCS": {"ori-": 8.796985640791897, "sam_": 6.90568006488884, "ori-av": 0.07330821367326582, "sam_av": 0.11509466774814733, "sam_/ori_av": 1.5700105347147517}, "DDC": 0.5559344663612273, "LCC": 0.009650793650793651, "GCC": 0.00933125972006221}, "rate-20": {"ANB_G": 0.0016465438016923153, "SP": 3.8672422815279957, "ANB": 0.013906146896096634, "ACC": 0.25080891873286054, "CC": 5, "QCS": 0.7843503731192649, "SCS": {"ori-": 11.844135306818703, "sam_": 9.229366645623049, "ori-av": 0.07896090204545803, "sam_av": 0.12305822194164065, "sam_/ori_av": 1.5584703157367132}, "DDC": 0.47182249399736775, "LCC": 0.013428571428571427, "GCC": 0.01730769230769231}, "rate-25": {"ANB_G": 0.0016448006661558701, "SP": 3.6510882238631948, "ANB": 0.010604352895452784, "ACC": 0.27459531470531306, "CC": 2, "QCS": 0.8070186980132547, "SCS": {"ori-": 13.79575043866642, "sam_": 10.650289182219295, "ori-av": 0.09076151604385803, "sam_av": 0.14013538397656966, "sam_/ori_av": 1.543995628156465}, "DDC": 0.5493388348747379, "LCC": 0.017541125541125534, "GCC": 0.01984783327820046}, "rate-30": {"ANB_G": 0.0016334389857907933, "SP": 3.4256470112904314, "ANB": 0.00808549003763478, "ACC": 0.2921381481311774, "CC": 2, "QCS": 0.8176962303217018, "SCS": {"ori-": 15.627002205192001, "sam_": 11.937663880557825, "ori-av": 0.1028092250341579, "sam_av": 0.1570745247441819, "sam_/ori_av": 1.5278251994604044}, "DDC": 0.4732080223060964, "LCC": 0.015488696488696488, "GCC": 0.01651267937880873}, "rate-35": {"ANB_G": 0.0016373925644152197, "SP": 3.228407695456406, "ANB": 0.006403470389242544, "ACC": 0.31134638974737383, "CC": 1, "QCS": 0.7787629647459279, "SCS": {"ori-": 18.299406730326805, "sam_": 13.960959239270032, "ori-av": 0.10280565578835284, "sam_av": 0.15686471055359585, "sam_/ori_av": 1.525837361288128}, "DDC": 0.3414416525569749, "LCC": 0.025831263974121096, "GCC": 0.02382064455861747}, "rate-40": {"ANB_G": 0.0016217767413558657, "SP": 3.140576441102757, "ANB": 0.005378332766589845, "ACC": 0.31975137160274253, "CC": 1, "QCS": 0.9497044441360623, "SCS": {"ori-": 20.441444006464955, "sam_": 15.440309176774837, "ori-av": 0.12024378827332327, "sam_av": 0.18165069619735102, "sam_/ori_av": 1.5106867373842645}, "DDC": 0.4134411022565907, "LCC": 0.022797521922521907, "GCC": 0.021318304337172262}}