{"rate-5": {"ANB_G": 0.001885105725269004, "SP": 16.75591836734694, "ANB": 0.3282482993197279, "ACC": 0.062369510786099855, "CC": 1, "QCS": 0.9284548512150388, "SCS": {"ori-": 3.3727817338347994, "sam_": 2.6878341582017957, "ori-av": 0.05621302889724666, "sam_av": 0.08959447194005986, "sam_/ori_av": 1.5938381848064451}, "DDC": 0.6797274612422238, "LCC": 0.0, "GCC": 0}, "rate-10": {"ANB_G": 0.0017824658341629804, "SP": 16.73838383838384, "ANB": 0.16059575345289634, "ACC": 0.06336838254849372, "CC": 1, "QCS": 0.860071927815833, "SCS": {"ori-": 5.22048884452253, "sam_": 4.1936608364709045, "ori-av": 0.054380092130443015, "sam_av": 0.08736793409314385, "sam_/ori_av": 1.6066161470188758}, "DDC": 0.5862075451292396, "LCC": 0.02166666666666667, "GCC": 0.022727272727272728}, "rate-15": {"ANB_G": 0.001805592512286138, "SP": 13.48751677852349, "ANB": 0.08437511336840194, "ACC": 0.07632302824107634, "CC": 1, "QCS": 0.732154169143933, "SCS": {"ori-": 7.788022632147309, "sam_": 6.171309825404202, "ori-av": 0.06713812613920095, "sam_av": 0.10640189354145176, "sam_/ori_av": 1.584820721996965}, "DDC": 0.3697989027720051, "LCC": 0.014, "GCC": 0.014925373134328358}, "rate-20": {"ANB_G": 0.0019075646832328501, "SP": 10.245175879396985, "ANB": 0.04669280747170193, "ACC": 0.1004406348743232, "CC": 1, "QCS": 0.7597926337189159, "SCS": {"ori-": 10.399627462714028, "sam_": 8.208840022185386, "ori-av": 0.06933084975142685, "sam_av": 0.10945120029580516, "sam_/ori_av": 1.578679630903451}, "DDC": 0.6089398779266528, "LCC": 0.01983333333333333, "GCC": 0.02616279069767442}, "rate-25": {"ANB_G": 0.0017738300872650356, "SP": 8.875437751004016, "ANB": 0.03175579738308072, "ACC": 0.11583992275644306, "CC": 1, "QCS": 0.639540288561358, "SCS": {"ori-": 13.325381756703468, "sam_": 10.50511380868613, "ori-av": 0.07013358819317615, "sam_av": 0.11058014535459083, "sam_/ori_av": 1.576707369513286}, "DDC": 0.7221326677621271, "LCC": 0.0, "GCC": 0}, "rate-30": {"ANB_G": 0.0017606710287902945, "SP": 10.749698996655518, "ANB": 0.032717110727031935, "ACC": 0.09586435034177122, "CC": 1, "QCS": 0.5930220373792915, "SCS": {"ori-": 15.603874004692466, "sam_": 12.180273343175989, "ori-av": 0.08043234023037353, "sam_av": 0.12556982828016483, "sam_/ori_av": 1.5611858105894836}, "DDC": 0.9964770877091383, "LCC": 0.0, "GCC": 0}, "rate-35": {"ANB_G": 0.0018031272939284216, "SP": 8.028751534997953, "ANB": 0.020197561882178024, "ACC": 0.12706520879262942, "CC": 1, "QCS": 0.6115810310575455, "SCS": {"ori-": 17.7064835534495, "sam_": 13.783667717500277, "ori-av": 0.08595380365752185, "sam_av": 0.13382201667475999, "sam_/ori_av": 1.5569062796565276}, "DDC": 0.9960686341101979, "LCC": 0.0, "GCC": 0}, "rate-40": {"ANB_G": 0.0017832427510166618, "SP": 7.691779448621554, "ANB": 0.016813516202566724, "ACC": 0.13315183746532328, "CC": 1, "QCS": 0.6688190135454252, "SCS": {"ori-": 21.228398480979084, "sam_": 16.54175995201507, "ori-av": 0.08041060030673895, "sam_av": 0.12531636327284143, "sam_/ori_av": 1.5584557607430158}, "DDC": 0.9862352023588272, "LCC": 0.004166666666666667, "GCC": 0.0029211295034079843}}