{"rate-5": {"ANB_G": 0.0017589439001231934, "SP": 17.0, "ANB": 0.33333333333333337, "ACC": 0.061597992265136646, "CC": 1, "QCS": 0.869033666041904, "SCS": {"ori-": 3.453908142496497, "sam_": 2.764801322709602, "ori-av": 0.053967314726507766, "sam_av": 0.08640004133467506, "sam_/ori_av": 1.6009698050111973}, "DDC": 0.725101214574899, "LCC": 0.0, "GCC": 0}, "rate-10": {"ANB_G": 0.0018192125821122113, "SP": 11.057777777777778, "ANB": 0.10263038548752833, "ACC": 0.09640928478291036, "CC": 1, "QCS": 0.9290880209048284, "SCS": {"ori-": 6.005562948231501, "sam_": 4.717267389090737, "ori-av": 0.06672847720257223, "sam_av": 0.10482816420201638, "sam_/ori_av": 1.570965929340517}, "DDC": 0.5862075451292396, "LCC": 0.016666666666666666, "GCC": 0.020833333333333332}, "rate-15": {"ANB_G": 0.0018910045353702572, "SP": 12.73834451901566, "ANB": 0.07931313864199774, "ACC": 0.08003382516316604, "CC": 1, "QCS": 0.8333332344596152, "SCS": {"ori-": 9.099828153501866, "sam_": 7.21052257203051, "ori-av": 0.0669105011286902, "sam_av": 0.1060370966475075, "sam_/ori_av": 1.5847601625874004}, "DDC": 0.31669593206447244, "LCC": 0.0, "GCC": 0}, "rate-20": {"ANB_G": 0.0016847809717650474, "SP": 7.936984924623116, "ANB": 0.03503527739708643, "ACC": 0.12919957072939262, "CC": 1, "QCS": 0.6897987339152457, "SCS": {"ori-": 11.515224867397862, "sam_": 9.116061452163526, "ori-av": 0.06542741401930603, "sam_av": 0.10359160741094917, "sam_/ori_av": 1.5833058506695956}, "DDC": 0.7221326677621271, "LCC": 0.0, "GCC": 0}, "rate-25": {"ANB_G": 0.0018202149145449063, "SP": 10.121670682730924, "ANB": 0.03678093017230213, "ACC": 0.10277024278815668, "CC": 1, "QCS": 0.6346597728144768, "SCS": {"ori-": 15.048109338500627, "sam_": 11.721993437703631, "ori-av": 0.08004313477925866, "sam_av": 0.12470205784791097, "sam_/ori_av": 1.5579357079381235}, "DDC": 0.5815209326867086, "LCC": 0.0, "GCC": 0}, "rate-30": {"ANB_G": 0.0017600709980652319, "SP": 9.578483835005574, "ANB": 0.028786858506730118, "ACC": 0.10697138410274803, "CC": 1, "QCS": 0.6480737160996703, "SCS": {"ori-": 17.795144280710193, "sam_": 13.919267572464697, "ori-av": 0.07604762513124014, "sam_av": 0.11896809890995468, "sam_/ori_av": 1.5643894034119277}, "DDC": 0.9926948890736693, "LCC": 0.0, "GCC": 0}, "rate-35": {"ANB_G": 0.0018129200457798515, "SP": 7.998313548915268, "ANB": 0.02011009640492893, "ACC": 0.12770370489127061, "CC": 1, "QCS": 0.7018641554425723, "SCS": {"ori-": 20.992467837157236, "sam_": 16.277766289059933, "ori-av": 0.08533523511039527, "sam_av": 0.13233956332569052, "sam_/ori_av": 1.5508196954574198}, "DDC": 0.4458435553296327, "LCC": 0.0, "GCC": 0}, "rate-40": {"ANB_G": 0.001797669745469406, "SP": 6.636165413533835, "ANB": 0.014161219631994572, "ACC": 0.15364902654301893, "CC": 1, "QCS": 0.640563164375913, "SCS": {"ori-": 21.77985085166226, "sam_": 16.820220776915367, "ori-av": 0.09307628569086436, "sam_av": 0.14376257074286639, "sam_/ori_av": 1.5445671222887765}, "DDC": 0.9529067505191509, "LCC": 0.0, "GCC": 0}}