{"rate-5": {"ANB_G": 0.0017864397165991083, "SP": 11.768979591836734, "ANB": 0.22435374149659862, "ACC": 0.08983375683852143, "CC": 1, "QCS": 0.8857946118212742, "SCS": {"ori-": 2.681934658674977, "sam_": 2.164838910896838, "ori-av": 0.0496654566421292, "sam_av": 0.08017921892210511, "sam_/ori_av": 1.6143860208483882}, "DDC": 0.4884208645440995, "LCC": 0.0, "GCC": 0}, "rate-10": {"ANB_G": 0.0018528964482262854, "SP": 24.0389898989899, "ANB": 0.23509173366316233, "ACC": 0.043740651547180515, "CC": 1, "QCS": 0.7977350523448865, "SCS": {"ori-": 5.999851536803225, "sam_": 4.803575423666948, "ori-av": 0.054544104880029316, "sam_av": 0.0873377349757627, "sam_/ori_av": 1.6012314285450926}, "DDC": 0.7620223165794411, "LCC": 0.0, "GCC": 0}, "rate-15": {"ANB_G": 0.0017706810461247523, "SP": 15.617360178970918, "ANB": 0.09876594715520891, "ACC": 0.06691475497841942, "CC": 1, "QCS": 0.7163255383406315, "SCS": {"ori-": 8.096220461253504, "sam_": 6.484316959753053, "ori-av": 0.05783014615181074, "sam_av": 0.09263309942504361, "sam_/ori_av": 1.6018133376642547}, "DDC": 0.3697989027720051, "LCC": 0.0, "GCC": 0}, "rate-20": {"ANB_G": 0.001775192635574589, "SP": 12.907889447236181, "ANB": 0.06014085579412212, "ACC": 0.07909557688766948, "CC": 1, "QCS": 0.7086215166108257, "SCS": {"ori-": 10.707844635142933, "sam_": 8.512062345755911, "ori-av": 0.06298732138319373, "sam_av": 0.10014190995006954, "sam_/ori_av": 1.5898740849898945}, "DDC": 0.5571986600735446, "LCC": 0.004166666666666667, "GCC": 0.01}, "rate-25": {"ANB_G": 0.0017839388183956263, "SP": 8.947437751004015, "ANB": 0.032046119963725875, "ACC": 0.1155944138551278, "CC": 1, "QCS": 0.6172443190218146, "SCS": {"ori-": 12.794198304369255, "sam_": 10.164888608459291, "ori-av": 0.06333761536816462, "sam_av": 0.10064246146989397, "sam_/ori_av": 1.5889840639703003}, "DDC": 0.47036046948874954, "LCC": 0.0, "GCC": 0}, "rate-30": {"ANB_G": 0.001737540522678338, "SP": 10.045217391304348, "ANB": 0.030353078494309908, "ACC": 0.10306360777675995, "CC": 1, "QCS": 0.6788832221256867, "SCS": {"ori-": 15.751199951778892, "sam_": 12.407880153257075, "ori-av": 0.07225321078797657, "sam_av": 0.11383376287391812, "sam_/ori_av": 1.5754837969478976}, "DDC": 0.8279282812300695, "LCC": 0.007222222222222224, "GCC": 0.00546448087431694}, "rate-35": {"ANB_G": 0.0017588019487368124, "SP": 9.434973393368809, "ANB": 0.02423842929128966, "ACC": 0.10824110207966764, "CC": 1, "QCS": 0.5348904865699965, "SCS": {"ori-": 18.13573061437613, "sam_": 14.148748127222728, "ori-av": 0.07954267813322864, "sam_av": 0.12411182567739235, "sam_/ori_av": 1.5603174118617602}, "DDC": 0.9926948890736693, "LCC": 0.007142857142857143, "GCC": 0.008583690987124463}, "rate-40": {"ANB_G": 0.001745705247737104, "SP": 8.794949874686717, "ANB": 0.019585301192680194, "ACC": 0.11592665910632198, "CC": 1, "QCS": 0.6462411203527959, "SCS": {"ori-": 19.577983202228122, "sam_": 15.263430306541895, "ori-av": 0.08157493000928384, "sam_av": 0.1271952525545158, "sam_/ori_av": 1.5592443970229581}, "DDC": 0.9992577238300736, "LCC": 0.003333333333333333, "GCC": 0.003416856492027335}}