{"rate-5": {"ANB_G": 0.0017397384221879638, "SP": 16.46204081632653, "ANB": 0.3221258503401361, "ACC": 0.06344359414173253, "CC": 1, "QCS": 0.9498508648240581, "SCS": {"ori-": 3.0477992263417693, "sam_": 2.4494138675528347, "ori-av": 0.05442498618467445, "sam_av": 0.08747906669831552, "sam_/ori_av": 1.6073328232272255}, "DDC": 0.6797274612422238, "LCC": 0.0, "GCC": 0}, "rate-10": {"ANB_G": 0.001831029439217654, "SP": 9.412323232323232, "ANB": 0.08584003298289015, "ACC": 0.10957622082400498, "CC": 1, "QCS": 0.8643594411815961, "SCS": {"ori-": 5.523181024414704, "sam_": 4.359020643794806, "ori-av": 0.06276342073198528, "sam_av": 0.0990686509953365, "sam_/ori_av": 1.5784456908169997}, "DDC": 0.6855177342982219, "LCC": 0.0, "GCC": 0}, "rate-15": {"ANB_G": 0.0018145920301974705, "SP": 11.219060402684564, "ANB": 0.06904770542354434, "ACC": 0.09216395619023073, "CC": 1, "QCS": 0.7314101215041244, "SCS": {"ori-": 8.764473040888305, "sam_": 6.944073334187613, "ori-av": 0.0626033788634879, "sam_av": 0.09920104763125162, "sam_/ori_av": 1.5845957427883905}, "DDC": 0.45549658867269405, "LCC": 0.0, "GCC": 0}, "rate-20": {"ANB_G": 0.0018355498080715768, "SP": 10.772361809045226, "ANB": 0.04935536267194558, "ACC": 0.09690697931423914, "CC": 1, "QCS": 0.762552944370036, "SCS": {"ori-": 10.57745776335745, "sam_": 8.450094517642581, "ori-av": 0.06009919183725823, "sam_av": 0.09602380133684751, "sam_/ori_av": 1.5977552842452363}, "DDC": 0.21075621263697786, "LCC": 0.0, "GCC": 0}, "rate-25": {"ANB_G": 0.0017858104521129257, "SP": 9.687036144578313, "ANB": 0.03502837155071903, "ACC": 0.10624169813064317, "CC": 1, "QCS": 0.7071412336094643, "SCS": {"ori-": 13.350627670959119, "sam_": 10.512976304235693, "ori-av": 0.07335509709318197, "sam_av": 0.11552721213445816, "sam_/ori_av": 1.57490367694157}, "DDC": 0.6958541950630794, "LCC": 0.0, "GCC": 0}, "rate-30": {"ANB_G": 0.0018147672044406516, "SP": 9.952865105908584, "ANB": 0.030043171496337534, "ACC": 0.10263153842848365, "CC": 1, "QCS": 0.6956103686152469, "SCS": {"ori-": 15.62371965144332, "sam_": 12.198160554866154, "ori-av": 0.0781185982572166, "sam_av": 0.12198160554866154, "sam_/ori_av": 1.561492503321933}, "DDC": 0.7767467144247154, "LCC": 0.003888888888888889, "GCC": 0.005434782608695652}, "rate-35": {"ANB_G": 0.0017412235995748488, "SP": 8.648268522308637, "ANB": 0.02197778311008229, "ACC": 0.11798507465269395, "CC": 1, "QCS": 0.6786447158448858, "SCS": {"ori-": 18.695625879907475, "sam_": 14.62706787576412, "ori-av": 0.07725465239631188, "sam_av": 0.12088485847738942, "sam_/ori_av": 1.5647582990504845}, "DDC": 0.9516449756172716, "LCC": 0.00980952380952381, "GCC": 0.007874015748031496}, "rate-40": {"ANB_G": 0.0017353847033484806, "SP": 8.300902255639098, "ANB": 0.018343975516681158, "ACC": 0.1225017767096177, "CC": 1, "QCS": 0.7829405845535259, "SCS": {"ori-": 20.26744110126047, "sam_": 15.794211273066862, "ori-av": 0.08306328320188718, "sam_av": 0.1294607481398923, "sam_/ori_av": 1.558579713556892}, "DDC": 0.9516449756172716, "LCC": 0.007166666666666666, "GCC": 0.009345794392523364}}