{"rate-5": {"ANB_G": 0.001861547637685488, "SP": 12.331428571428571, "ANB": 0.23607142857142852, "ACC": 0.08573315856450088, "CC": 1, "QCS": 0.7917254262416226, "SCS": {"ori-": 4.191535201142916, "sam_": 3.35728156708012, "ori-av": 0.06164022354621935, "sam_av": 0.09874357550235648, "sam_/ori_av": 1.6019340914348912}, "DDC": 0.31844620933196044, "LCC": 0.0, "GCC": 0}, "rate-10": {"ANB_G": 0.0018420257335971576, "SP": 10.504848484848484, "ANB": 0.0969882498453927, "ACC": 0.10186172011689555, "CC": 1, "QCS": 0.9623771454322998, "SCS": {"ori-": 7.234490857310584, "sam_": 5.745863490106528, "ori-av": 0.06698602645657949, "sam_av": 0.10640487944641717, "sam_/ori_av": 1.5884638196204859}, "DDC": 0.3697989027720051, "LCC": 0.0, "GCC": 0}, "rate-15": {"ANB_G": 0.0017616174167966662, "SP": 15.562058165548098, "ANB": 0.09839228490235201, "ACC": 0.06736721760913288, "CC": 1, "QCS": 0.921850243146667, "SCS": {"ori-": 10.97497809307688, "sam_": 8.667501077221829, "ori-av": 0.07035242367356974, "sam_av": 0.11112180868233114, "sam_/ori_av": 1.5795022101573708}, "DDC": 0.45549658867269405, "LCC": 0.0, "GCC": 0}, "rate-20": {"ANB_G": 0.0017922822775930073, "SP": 13.448040201005025, "ANB": 0.06286888990406579, "ACC": 0.07712562998846327, "CC": 1, "QCS": 0.8431711737965768, "SCS": {"ori-": 14.766420199971519, "sam_": 11.581770735366044, "ori-av": 0.07690843854151833, "sam_av": 0.12064344516006296, "sam_/ori_av": 1.5686633020762044}, "DDC": 0.5571986600735446, "LCC": 0.0, "GCC": 0}, "rate-25": {"ANB_G": 0.00175731642558551, "SP": 11.881895582329317, "ANB": 0.04387861121906982, "ACC": 0.0872307222525329, "CC": 1, "QCS": 0.8480695409862866, "SCS": {"ori-": 18.298320396548043, "sam_": 14.450835032988829, "ori-av": 0.07319328158619218, "sam_av": 0.11560668026391063, "sam_/ori_av": 1.5794711995222208}, "DDC": 0.47036046948874954, "LCC": 0.008190476190476189, "GCC": 0.0072992700729927005}, "rate-30": {"ANB_G": 0.0017618914328399622, "SP": 8.493578595317725, "ANB": 0.025146236897039338, "ACC": 0.12061165442987175, "CC": 1, "QCS": 0.8051024223989969, "SCS": {"ori-": 21.469896370931217, "sam_": 16.76514991329493, "ori-av": 0.0819461693546993, "sam_av": 0.1279782436129384, "sam_/ori_av": 1.5617355224866207}, "DDC": 0.8333457161336619, "LCC": 0.004444444444444445, "GCC": 0.0045871559633027525}, "rate-35": {"ANB_G": 0.001826578313191502, "SP": 7.770298812934916, "ANB": 0.01945488164636469, "ACC": 0.13146169960425105, "CC": 1, "QCS": 0.8753692397142241, "SCS": {"ori-": 24.218062834993788, "sam_": 18.748401146750354, "ori-av": 0.09036590610072309, "sam_av": 0.13991344139365935, "sam_/ori_av": 1.5482989927385877}, "DDC": 0.5035613772739487, "LCC": 0.015238095238095238, "GCC": 0.01384083044982699}, "rate-40": {"ANB_G": 0.001755066930988477, "SP": 7.835488721804511, "ANB": 0.01717459477840331, "ACC": 0.13058612056755373, "CC": 1, "QCS": 0.7550412506173402, "SCS": {"ori-": 27.188609366491786, "sam_": 20.95053647118159, "ori-av": 0.09440489363365204, "sam_av": 0.1454898366054277, "sam_/ori_av": 1.541126005289684}, "DDC": 0.9340535598669032, "LCC": 0.0, "GCC": 0}}