{"rate-5": {"ANB_G": 0.0014375671225174177, "SP": 13.128342245989305, "ANB": 0.039387755102040824, "ACC": 0.10022853300677013, "CC": 9, "QCS": 0.534732707464247, "SCS": {"ori-": 3.050070029734837, "sam_": 2.4576707741297046, "ori-av": 0.04765734421460683, "sam_av": 0.07680221169155327, "sam_/ori_av": 1.6115503907583173}, "DDC": 0.2738975804623477, "LCC": 0.016666666666666666, "GCC": 0.08695652173913043}, "rate-10": {"ANB_G": 0.0018240364548503063, "SP": 4.237623762376238, "ANB": 0.032703270327032706, "ACC": 0.24103553343345616, "CC": 1, "QCS": 0.8651079884403458, "SCS": {"ori-": 5.762707308832843, "sam_": 4.594965766582496, "ori-av": 0.06263812292209611, "sam_av": 0.09989056014309775, "sam_/ori_av": 1.594724673779465}, "DDC": 0.22039502866192406, "LCC": 0.047799779977997794, "GCC": 0.027149321266968326}, "rate-15": {"ANB_G": 0.0017973101592986473, "SP": 3.595055187637969, "ANB": 0.01741647776938234, "ACC": 0.28119106754024237, "CC": 1, "QCS": 0.9339502467340093, "SCS": {"ori-": 8.595949876185927, "sam_": 6.7688832244081025, "ori-av": 0.07284703284903328, "sam_av": 0.11472683431200174, "sam_/ori_av": 1.5749005803676221}, "DDC": 0.26200955794064607, "LCC": 0.024855460948176183, "GCC": 0.02959028831562974}, "rate-20": {"ANB_G": 0.0017822795222226945, "SP": 3.4418090452261305, "ANB": 0.012332368915283493, "ACC": 0.29247686555297947, "CC": 1, "QCS": 0.8825526734585319, "SCS": {"ori-": 10.668025985478886, "sam_": 8.250746575394801, "ori-av": 0.09040699987693972, "sam_av": 0.13984316229482716, "sam_/ori_av": 1.5468178623909543}, "DDC": 0.5493388348747379, "LCC": 0.026363997113997107, "GCC": 0.022013860578883}, "rate-25": {"ANB_G": 0.0018128509897053196, "SP": 3.2825060240963855, "ANB": 0.009203653322969303, "ACC": 0.3065880423449325, "CC": 1, "QCS": 0.835325205885433, "SCS": {"ori-": 12.39995144265395, "sam_": 9.603414782696808, "ori-av": 0.08732360170883063, "sam_av": 0.13525936313657475, "sam_/ori_av": 1.5489439337096949}, "DDC": 0.3848802788802994, "LCC": 0.026830065359477104, "GCC": 0.02057142857142857}, "rate-30": {"ANB_G": 0.0018541319446437829, "SP": 3.1169656699889257, "ANB": 0.007080152742437884, "ACC": 0.3222659715628433, "CC": 1, "QCS": 0.8366756908665997, "SCS": {"ori-": 14.652050014474083, "sam_": 11.278223367771055, "ori-av": 0.09514318191216938, "sam_av": 0.14647043334767604, "sam_/ori_av": 1.53947377419949}, "DDC": 0.44316765302630734, "LCC": 0.01819057649622432, "GCC": 0.02046275244081851}, "rate-35": {"ANB_G": 0.001719161873436437, "SP": 3.0535449735449736, "ANB": 0.005884083018753504, "ACC": 0.32874183075513536, "CC": 1, "QCS": 0.820302864907839, "SCS": {"ori-": 16.442594884573488, "sam_": 12.434029094546586, "ori-av": 0.11579292172234851, "sam_av": 0.17512717034572656, "sam_/ori_av": 1.5124168881898616}, "DDC": 0.5566975638592478, "LCC": 0.020349806888268405, "GCC": 0.020045766590389015}, "rate-40": {"ANB_G": 0.0017670569945203826, "SP": 2.9411654135338345, "ANB": 0.004877300034004609, "ACC": 0.3414453496311789, "CC": 1, "QCS": 0.8915774327474579, "SCS": {"ori-": 18.681920114070063, "sam_": 14.234541074509208, "ori-av": 0.11391414703701258, "sam_av": 0.17359196432328303, "sam_/ori_av": 1.5238841604711322}, "DDC": 0.3848802788802994, "LCC": 0.021855451737804663, "GCC": 0.024378753974796843}}