{"rate-5": {"ANB_G": 0.0017543026053082153, "SP": 9.544871794871796, "ANB": 0.051513605442176875, "ACC": 0.1414525316613234, "CC": 5, "QCS": 0.9237941328526483, "SCS": {"ori-": 3.488864739199725, "sam_": 2.8019659312529326, "ori-av": 0.052861586957571594, "sam_av": 0.08490805852281613, "sam_/ori_av": 1.6062336265266888}, "DDC": 0.2960261817771448, "LCC": 0.0, "GCC": 0}, "rate-10": {"ANB_G": 0.0017526714639421676, "SP": 6.622587719298245, "ANB": 0.03405277262420117, "ACC": 0.2024749622876644, "CC": 3, "QCS": 0.7619640465471175, "SCS": {"ori-": 5.909163250991149, "sam_": 4.6871581039770405, "ori-av": 0.06286343884033137, "sam_av": 0.09972676816972427, "sam_/ori_av": 1.5864033213808604}, "DDC": 0.6426060132660725, "LCC": 0.036000000000000004, "GCC": 0.037267080745341616}, "rate-15": {"ANB_G": 0.0017180111073487447, "SP": 3.854854586129754, "ANB": 0.01928955801439023, "ACC": 0.26367423303426873, "CC": 1, "QCS": 0.843332461843832, "SCS": {"ori-": 9.394367932158973, "sam_": 7.342916294208798, "ori-av": 0.07455847565205534, "sam_av": 0.11655422689220316, "sam_/ori_av": 1.5632592521892597}, "DDC": 0.4386253873535665, "LCC": 0.017666666666666667, "GCC": 0.02183803457688808}, "rate-20": {"ANB_G": 0.0017738535248731937, "SP": 3.3942713567839196, "ANB": 0.012092279579716763, "ACC": 0.2963698897841095, "CC": 1, "QCS": 0.909818332284091, "SCS": {"ori-": 11.226123620078596, "sam_": 8.728307961276036, "ori-av": 0.08377704194088505, "sam_av": 0.13027325315337368, "sam_/ori_av": 1.5549994382147962}, "DDC": 0.37376677379867573, "LCC": 0.021250610500610497, "GCC": 0.021019852082522383}, "rate-25": {"ANB_G": 0.0018095444778046285, "SP": 3.19598406374502, "ANB": 0.008819213107409723, "ACC": 0.3145205737787118, "CC": 1, "QCS": 0.7373811668879796, "SCS": {"ori-": 14.165070132047818, "sam_": 10.905513500916307, "ori-av": 0.09570993332464742, "sam_av": 0.14737180406643657, "sam_/ori_av": 1.5397754334082803}, "DDC": 0.3480979288292716, "LCC": 0.016285485209787995, "GCC": 0.018575851393188854}, "rate-30": {"ANB_G": 0.0018112307874127475, "SP": 3.1185284280936454, "ANB": 0.007109155798971966, "ACC": 0.3221928458259661, "CC": 1, "QCS": 0.8352503281702922, "SCS": {"ori-": 15.607515618473593, "sam_": 11.856487234922664, "ori-av": 0.10838552512828885, "sam_av": 0.16467343381837032, "sam_/ori_av": 1.5193304975314477}, "DDC": 0.5884546360863288, "LCC": 0.02301084101084099, "GCC": 0.024044883783061716}, "rate-35": {"ANB_G": 0.001815218142862141, "SP": 2.9987952787952787, "ANB": 0.005727207102565268, "ACC": 0.33460823812305734, "CC": 1, "QCS": 0.8321334447570737, "SCS": {"ori-": 18.684591296192337, "sam_": 14.167499779214218, "ori-av": 0.1112178053344782, "sam_av": 0.1686607116573121, "sam_/ori_av": 1.5164901982203227}, "DDC": 0.37432203328339897, "LCC": 0.023560327444188657, "GCC": 0.025146050292100583}, "rate-40": {"ANB_G": 0.0017908071267772477, "SP": 2.9369423558897245, "ANB": 0.004866689336406346, "ACC": 0.341473153437246, "CC": 1, "QCS": 0.7392546924679341, "SCS": {"ori-": 19.668037525343593, "sam_": 14.859129174967768, "ori-av": 0.12140763904533082, "sam_av": 0.18344603919713293, "sam_/ori_av": 1.510992558949593}, "DDC": 0.49735227783482217, "LCC": 0.024156898076983197, "GCC": 0.02382814850472351}}