{"rate-5": {"ANB_G": 0.001907468823665106, "SP": 7.596899224806202, "ANB": 0.06329931972789114, "ACC": 0.16763360357198903, "CC": 3, "QCS": 0.9192697959571562, "SCS": {"ori-": 2.8929943067925623, "sam_": 2.3274389167018645, "ori-av": 0.04821657177987604, "sam_av": 0.07758129722339549, "sam_/ori_av": 1.6090172809792191}, "DDC": 0.21047546655810112, "LCC": 0.03333333333333333, "GCC": 0.06451612903225806}, "rate-10": {"ANB_G": 0.0018491024750182826, "SP": 6.055701754385965, "ANB": 0.02872397443826015, "ACC": 0.23267063066040564, "CC": 3, "QCS": 0.721267757287772, "SCS": {"ori-": 5.73710618182188, "sam_": 4.597306566714184, "ori-av": 0.05624613903746941, "sam_av": 0.0901432660140036, "sam_/ori_av": 1.6026569566660032}, "DDC": 0.17510554645223375, "LCC": 0.02580952380952381, "GCC": 0.038135593220338986}, "rate-15": {"ANB_G": 0.0018460342789290158, "SP": 4.710321059314348, "ANB": 0.01770982414033216, "ACC": 0.26491525653901754, "CC": 2, "QCS": 0.8185043686009951, "SCS": {"ori-": 8.046352777908744, "sam_": 6.34071969387987, "ori-av": 0.06936511015438572, "sam_av": 0.10932275334275637, "sam_/ori_av": 1.5760481472520846}, "DDC": 0.5559344663612273, "LCC": 0.013213497319457585, "GCC": 0.01646843549862763}, "rate-20": {"ANB_G": 0.0018636459348507755, "SP": 3.4159798994974873, "ANB": 0.012201918684330739, "ACC": 0.29492352177687653, "CC": 1, "QCS": 0.9394608306936616, "SCS": {"ori-": 10.186535923790466, "sam_": 7.898143098157423, "ori-av": 0.08214948325637472, "sam_av": 0.1273894048089907, "sam_/ori_av": 1.5507024482604448}, "DDC": 0.40577444181754607, "LCC": 0.013143217893217896, "GCC": 0.01807955002008839}, "rate-25": {"ANB_G": 0.001787760161844256, "SP": 3.256160642570281, "ANB": 0.009097421945847907, "ACC": 0.3089954070777912, "CC": 1, "QCS": 0.8395835179161024, "SCS": {"ori-": 12.802654492797837, "sam_": 9.848064411184783, "ori-av": 0.09277285864346259, "sam_av": 0.14272557117659107, "sam_/ori_av": 1.5384410188878932}, "DDC": 0.3480979288292716, "LCC": 0.019397580197580186, "GCC": 0.023374888691006235}, "rate-30": {"ANB_G": 0.0017873680712983569, "SP": 3.130880713489409, "ANB": 0.007150606421105399, "ACC": 0.32074964147542606, "CC": 1, "QCS": 0.9157878557542558, "SCS": {"ori-": 14.467487265878377, "sam_": 11.02064282362137, "ori-av": 0.10637858283734102, "sam_av": 0.16206827681796132, "sam_/ori_av": 1.523504755330056}, "DDC": 0.44316765302630734, "LCC": 0.02126998926998925, "GCC": 0.02375102375102375}, "rate-35": {"ANB_G": 0.0017715267875610952, "SP": 3.031778591778592, "ANB": 0.005821715162689374, "ACC": 0.3310437336536975, "CC": 1, "QCS": 0.8032136382297117, "SCS": {"ori-": 16.468928203632156, "sam_": 12.596844866653697, "ori-av": 0.10293080127270098, "sam_av": 0.15746056083317123, "sam_/ori_av": 1.529771058674664}, "DDC": 0.3848802788802994, "LCC": 0.019072760098401104, "GCC": 0.020016012810248198}, "rate-40": {"ANB_G": 0.0017327037101893805, "SP": 2.9588972431077694, "ANB": 0.004921852369617513, "ACC": 0.3389582645557314, "CC": 1, "QCS": 0.8890847034009275, "SCS": {"ori-": 17.90291246074435, "sam_": 13.31561015972315, "ori-av": 0.12096562473475912, "sam_av": 0.17994067783409662, "sam_/ori_av": 1.4875356385638636}, "DDC": 0.5271644274207461, "LCC": 0.02268797379091496, "GCC": 0.023540489642184557}}