{"rate-5": {"ANB_G": 0.0017254874795055832, "SP": 6.746464646464646, "ANB": 0.057482993197278905, "ACC": 0.19064347304677615, "CC": 3, "QCS": 0.9193517829791645, "SCS": {"ori-": 2.8176880609138393, "sam_": 2.2694163434711805, "ori-av": 0.04858082863644551, "sam_av": 0.07825573598176484, "sam_/ori_av": 1.6108357592537463}, "DDC": 0.21047546655810112, "LCC": 0.03, "GCC": 0.02830188679245283}, "rate-10": {"ANB_G": 0.0018234703278268982, "SP": 6.725085910652921, "ANB": 0.0346914691469147, "ACC": 0.20024161321049047, "CC": 3, "QCS": 0.6753066053092527, "SCS": {"ori-": 5.234159213329881, "sam_": 4.1417432125015035, "ori-av": 0.06542699016662351, "sam_av": 0.10354358031253759, "sam_/ori_av": 1.5825820513650743}, "DDC": 0.17510554645223375, "LCC": 0.013531353135313532, "GCC": 0.017094017094017096}, "rate-15": {"ANB_G": 0.001788779263150246, "SP": 3.787373068432671, "ANB": 0.018707201801561553, "ACC": 0.26676023726755327, "CC": 1, "QCS": 0.8954541906007963, "SCS": {"ori-": 7.751902775965562, "sam_": 6.061102918178865, "ori-av": 0.0759990468231918, "sam_av": 0.11884515525840912, "sam_/ori_av": 1.5637716553853207}, "DDC": 0.5190117803098983, "LCC": 0.030305897193314422, "GCC": 0.032}, "rate-20": {"ANB_G": 0.0017789694034192323, "SP": 3.4498507462686567, "ANB": 0.012310807770194247, "ACC": 0.2927533350116554, "CC": 1, "QCS": 0.8625907500554121, "SCS": {"ori-": 10.7182522381544, "sam_": 8.328849377939237, "ori-av": 0.08373634561058126, "sam_av": 0.13013827153030058, "sam_/ori_av": 1.5541431929154523}, "DDC": 0.40577444181754607, "LCC": 0.01724207246595307, "GCC": 0.023410066328521262}, "rate-25": {"ANB_G": 0.0017901233685466093, "SP": 3.2746345381526103, "ANB": 0.009171913460292785, "ACC": 0.30710834957030236, "CC": 1, "QCS": 0.8594233051129584, "SCS": {"ori-": 11.979245282164257, "sam_": 9.243596183088773, "ori-av": 0.09075185819821407, "sam_av": 0.14005448762255715, "sam_/ori_av": 1.543268539104286}, "DDC": 0.40577444181754607, "LCC": 0.021512265512265507, "GCC": 0.018488929468157955}, "rate-30": {"ANB_G": 0.0017238889377458682, "SP": 3.166867335562988, "ANB": 0.007271366897862373, "ACC": 0.31727772864091436, "CC": 1, "QCS": 0.7605793165137188, "SCS": {"ori-": 14.885050295053619, "sam_": 11.397596178880654, "ori-av": 0.09923366863369079, "sam_av": 0.15196794905174205, "sam_/ori_av": 1.5314152055862567}, "DDC": 0.5179752071424308, "LCC": 0.022069060024942355, "GCC": 0.02220324508966695}, "rate-35": {"ANB_G": 0.001803751636882233, "SP": 2.9744903806794922, "ANB": 0.005673822932987047, "ACC": 0.3373178721259523, "CC": 1, "QCS": 0.8913801837774027, "SCS": {"ori-": 16.40454416116719, "sam_": 12.464959817113401, "ori-av": 0.10792463263925783, "sam_av": 0.16401262917254475, "sam_/ori_av": 1.519695968952363}, "DDC": 0.5566975638592478, "LCC": 0.01981447124304265, "GCC": 0.021331128565522942}, "rate-40": {"ANB_G": 0.0017205024367857662, "SP": 3.0171929824561405, "ANB": 0.005068324076522964, "ACC": 0.3324304899119045, "CC": 1, "QCS": 0.8532281246042008, "SCS": {"ori-": 18.934933243547395, "sam_": 14.41660722118625, "ori-av": 0.11008682118341509, "sam_av": 0.1676349676882122, "sam_/ori_av": 1.5227523684139852}, "DDC": 0.37432203328339897, "LCC": 0.017550023913994482, "GCC": 0.016875}}