{"rate-5": {"ANB_G": 0.001767198934912552, "SP": 20.377777777777776, "ANB": 0.001870748299319728, "ACC": 0.04000844027815658, "CC": 15, "QCS": 0.7788677080807074, "SCS": {"ori-": 4.035128310828951, "sam_": 3.263029099725979, "ori-av": 0.050439103885361894, "sam_av": 0.08157572749314948, "sam_/ori_av": 1.6173111972519372}, "DDC": 0.8136269378888121, "LCC": 0.0, "GCC": 0}, "rate-10": {"ANB_G": 0.0019016935028046288, "SP": 5.625231910946197, "ANB": 0.03517551755175518, "ACC": 0.21273493417551337, "CC": 2, "QCS": 0.950433823374457, "SCS": {"ori-": 7.417438425428401, "sam_": 5.8405883571885395, "ori-av": 0.07271998456302353, "sam_av": 0.11452134033703018, "sam_/ori_av": 1.5748262465289589}, "DDC": 0.4037222923093299, "LCC": 0.01518151815181518, "GCC": 0.024793388429752067}, "rate-15": {"ANB_G": 0.0017859866909516744, "SP": 3.7628256070640176, "ANB": 0.018542453738684683, "ACC": 0.2690145637865852, "CC": 1, "QCS": 0.9561954359987477, "SCS": {"ori-": 10.749146541032522, "sam_": 8.35695038856802, "ori-av": 0.08668666565348808, "sam_av": 0.13478952239625838, "sam_/ori_av": 1.5549049139235724}, "DDC": 0.5190117803098983, "LCC": 0.03748029012929674, "GCC": 0.03058623619371283}, "rate-20": {"ANB_G": 0.0018474224872101978, "SP": 3.438743718592965, "ANB": 0.01231688746764124, "ACC": 0.29241665244029114, "CC": 1, "QCS": 0.8842775356825104, "SCS": {"ori-": 13.225410806542845, "sam_": 10.123420848552913, "ori-av": 0.09869709557121527, "sam_av": 0.15109583356049122, "sam_/ori_av": 1.530904558903331}, "DDC": 0.5493388348747379, "LCC": 0.02199603174603175, "GCC": 0.027250206440957887}, "rate-25": {"ANB_G": 0.001849294701752314, "SP": 3.251437751004016, "ANB": 0.009078378028242004, "ACC": 0.3092992242886381, "CC": 1, "QCS": 0.9611918939660287, "SCS": {"ori-": 16.948087328228613, "sam_": 13.089410155654406, "ori-av": 0.09014940068206709, "sam_av": 0.13924904420908943, "sam_/ori_av": 1.544647475807229}, "DDC": 0.5012459013473225, "LCC": 0.024186835386835373, "GCC": 0.023888520238885203}, "rate-30": {"ANB_G": 0.0017982208788474242, "SP": 3.1758528428093644, "ANB": 0.007301519606742838, "ACC": 0.31631231257410924, "CC": 1, "QCS": 0.914122068995516, "SCS": {"ori-": 19.077836491170995, "sam_": 14.44505941852708, "ori-av": 0.11091765401843602, "sam_av": 0.16796580719217535, "sam_/ori_av": 1.514328883698326}, "DDC": 0.44316765302630734, "LCC": 0.014123006623006612, "GCC": 0.015111111111111112}, "rate-35": {"ANB_G": 0.0018352357381234737, "SP": 2.9835246235246236, "ANB": 0.005683451643337031, "ACC": 0.33637204038951035, "CC": 1, "QCS": 0.9290089718936705, "SCS": {"ori-": 22.519799560908638, "sam_": 17.068151056836854, "ori-av": 0.11489693653524816, "sam_av": 0.17416480670241688, "sam_/ori_av": 1.5158350775434861}, "DDC": 0.3848802788802994, "LCC": 0.022189919273881042, "GCC": 0.020527617477328935}, "rate-40": {"ANB_G": 0.0017580353780438638, "SP": 2.9582917705735663, "ANB": 0.004907999424996403, "ACC": 0.33922286830158754, "CC": 1, "QCS": 0.9057893812552775, "SCS": {"ori-": 25.23572828745592, "sam_": 19.03938702092004, "ori-av": 0.11903645418611283, "sam_av": 0.1796168586879249, "sam_/ori_av": 1.5089231270875638}, "DDC": 0.5271644274207461, "LCC": 0.022827609614319302, "GCC": 0.02363779623007455}}