{"rate-5": {"ANB_G": 0.0020087161862750178, "SP": 2.291156462585034, "ANB": 0.0044066773467065995, "ACC": 0.4442919408645349, "CC": 1, "QCS": 0.2014464761481417, "SCS": {"ori-": 2.7345925798647213, "sam_": 1.9029980262351107, "ori-av": 0.06214983136056185, "sam_av": 0.08649991028341412, "sam_/ori_av": 1.391796379648811}, "DDC": 1.1102230246251565e-16, "LCC": 0.0, "GCC": 0}, "rate-10": {"ANB_G": 0.002050698021795798, "SP": 4.204788351414348, "ANB": 0.005450320325534601, "ACC": 0.24387510541385207, "CC": 1, "QCS": 0.7241846245572937, "SCS": {"ori-": 9.29006374099335, "sam_": 6.329554180120621, "ori-av": 0.0893275359710899, "sam_av": 0.12172219577155041, "sam_/ori_av": 1.3626503233106617}, "DDC": 6.439293542825908e-15, "LCC": 0.0, "GCC": 0}, "rate-15": {"ANB_G": 0.002000707747347005, "SP": 5.109969264516458, "ANB": 0.004649286498321784, "ACC": 0.1974509950405369, "CC": 1, "QCS": 0.5227569562969031, "SCS": {"ori-": 15.208746817276529, "sam_": 11.0702341625997, "ori-av": 0.07604373408638264, "sam_av": 0.110702341625997, "sam_/ori_av": 1.455772036394788}, "DDC": 6.091793736118234e-13, "LCC": 0.0, "GCC": 0}, "rate-20": {"ANB_G": 0.0018377943421783612, "SP": 7.141950946483158, "ANB": 0.00520945796987545, "ACC": 0.14108573424656684, "CC": 1, "QCS": 0.6368123198260254, "SCS": {"ori-": 21.464203411461888, "sam_": 15.920377458689709, "ori-av": 0.08450473784040113, "sam_av": 0.12535730282432841, "sam_/ori_av": 1.4834352017171273}, "DDC": 2.633307882859981e-07, "LCC": 0.0, "GCC": 0}, "rate-25": {"ANB_G": 0.0015576167531686721, "SP": 5.539594468388827, "ANB": 0.003077691165009376, "ACC": 0.18193690531765078, "CC": 1, "QCS": 0.4509141345609085, "SCS": {"ori-": 25.220877335687575, "sam_": 18.084920663243764, "ori-av": 0.08406959111895858, "sam_av": 0.12056613775495843, "sam_/ori_av": 1.4341230419969238}, "DDC": 2.6410340248084196e-08, "LCC": 0.0, "GCC": 0}, "rate-30": {"ANB_G": 0.0014449119520148616, "SP": 5.910083831175204, "ANB": 0.0027740586616809017, "ACC": 0.1711138636110273, "CC": 1, "QCS": 0.5691326078445275, "SCS": {"ori-": 33.777580136566186, "sam_": 23.896153441957207, "ori-av": 0.09963887945889731, "sam_av": 0.14056560848210123, "sam_/ori_av": 1.4107505950032977}, "DDC": 5.499971209688148e-06, "LCC": 0.0, "GCC": 0}, "rate-35": {"ANB_G": 0.0012736784411740165, "SP": 5.755113663239839, "ANB": 0.0023027184809878204, "ACC": 0.1754226142993623, "CC": 1, "QCS": 0.4452885240231239, "SCS": {"ori-": 39.712167775760676, "sam_": 29.12298025019959, "ori-av": 0.07879398368206483, "sam_av": 0.11556738194523647, "sam_/ori_av": 1.4667031230652454}, "DDC": 9.15869472484232e-08, "LCC": 0.0, "GCC": 0}, "rate-40": {"ANB_G": 0.0012518703941554233, "SP": 5.0423151442486, "ANB": 0.001712119925560609, "ACC": 0.2058122247286958, "CC": 1, "QCS": 0.5292892470913252, "SCS": {"ori-": 49.15048354738947, "sam_": 35.466263507656194, "ori-av": 0.09415801445860052, "sam_av": 0.1358860670791425, "sam_/ori_av": 1.443170481668228}, "DDC": 1.7891196513186713e-07, "LCC": 0.0, "GCC": 0}}