{"rate-5": {"ACE": 0.029934806041318523, "ANB": 0.01141158725305359, "ACC": 0.23178786302275914, "CC": 1, "QCS": 0.41123984131614405, "SCS": {"ori-": 4.666031533583456, "sam_": 3.3497828932603264, "ori-av": 0.07776719222639093, "sam_av": 0.11165942977534421, "sam_/ori_av": 1.4358166545384374}, "DDC": 4.827526156603312e-10, "LCC": 0.0, "GCC": 0}, "rate-10": {"ACE": 0.01899275405906133, "ANB": 0.004716528492206064, "ACC": 0.26765938111988563, "CC": 1, "QCS": 0.7021650631279509, "SCS": {"ori-": 8.460714078387563, "sam_": 6.348442577876131, "ori-av": 0.06221113292932031, "sam_av": 0.09335944967464899, "sam_/ori_av": 1.5006871805520259}, "DDC": 4.0817926816316685e-10, "LCC": 0.0, "GCC": 0}, "rate-15": {"ACE": 0.014638304259288422, "ANB": 0.003322592851185402, "ACC": 0.25646839901265067, "CC": 1, "QCS": 0.567926977981803, "SCS": {"ori-": 14.94101490446798, "sam_": 10.994668526920076, "ori-av": 0.07047648539843387, "sam_av": 0.10372328798981204, "sam_/ori_av": 1.4717431977973885}, "DDC": 0.0, "LCC": 0.0, "GCC": 0}, "rate-20": {"ACE": 0.011708549247112978, "ANB": 0.002180984042648696, "ACC": 0.2829199991143652, "CC": 1, "QCS": 0.4079625775339352, "SCS": {"ori-": 18.983904202277984, "sam_": 14.05537156605794, "ori-av": 0.06501337055574652, "sam_av": 0.09626966826067082, "sam_/ori_av": 1.4807672243069323}, "DDC": 1.59539048638635e-13, "LCC": 0.0, "GCC": 0}, "rate-25": {"ACE": 0.0074106923889324106, "ANB": 0.0032970135652494333, "ACC": 0.17176870143993267, "CC": 1, "QCS": 0.6515545397320379, "SCS": {"ori-": 26.01674371522753, "sam_": 18.572138610386297, "ori-av": 0.09358540904758104, "sam_av": 0.13361250798839064, "sam_/ori_av": 1.4277066195271837}, "DDC": 4.0746905849431414e-10, "LCC": 0.0, "GCC": 0}, "rate-30": {"ACE": 0.007900227123839997, "ANB": 0.0021706238986090557, "ACC": 0.2092314497422618, "CC": 1, "QCS": 0.4613795856635711, "SCS": {"ori-": 30.910140823537777, "sam_": 22.84596302900068, "ori-av": 0.07188404842683203, "sam_av": 0.10626029315814269, "sam_/ori_av": 1.4782179841512528}, "DDC": 1.1102230246251565e-15, "LCC": 0.0, "GCC": 0}, "rate-35": {"ACE": 0.004657595418854449, "ANB": 0.0028559871174131447, "ACC": 0.1463846615034132, "CC": 1, "QCS": 0.5903888281970538, "SCS": {"ori-": 35.80590794633114, "sam_": 25.618975680856863, "ori-av": 0.09373274331500298, "sam_av": 0.13413076272699928, "sam_/ori_av": 1.430991540237254}, "DDC": 7.343604827425576e-05, "LCC": 0.0, "GCC": 0}, "rate-40": {"ACE": 0.004475151506209312, "ANB": 0.0020014745265592594, "ACC": 0.17666481523323901, "CC": 1, "QCS": 0.6725349218896604, "SCS": {"ori-": 38.84627581359842, "sam_": 27.553584336800824, "ori-av": 0.09249113288952004, "sam_av": 0.1312075444609563, "sam_/ori_av": 1.4185959276516023}, "DDC": 8.811304020972521e-06, "LCC": 0.0, "GCC": 0}}