{"rate-5": {"ANB_G": 0.002574595865771979, "SP": 4.012221837887697, "ANB": 0.010280620607125245, "ACC": 0.2566787404164231, "CC": 1, "QCS": 0.5188883054598733, "SCS": {"ori-": 6.8136895432296205, "sam_": 4.8107474616109975, "ori-av": 0.08965380977933711, "sam_av": 0.1265986174108157, "sam_/ori_av": 1.412082963595301}, "DDC": 0.0001199555235337213, "LCC": 0.0, "GCC": 0}, "rate-10": {"ANB_G": 0.0027654078690808044, "SP": 5.927058214152111, "ANB": 0.008379350704340321, "ACC": 0.17429475120071977, "CC": 1, "QCS": 0.5898960375310648, "SCS": {"ori-": 11.543657167802158, "sam_": 8.825682441990217, "ori-av": 0.06790386569295387, "sam_av": 0.10383155814106138, "sam_/ori_av": 1.529096423030826}, "DDC": 2.505717855427747e-11, "LCC": 0.0, "GCC": 0}, "rate-15": {"ANB_G": 0.0017937855356989034, "SP": 4.891548379691625, "ANB": 0.004402204049424913, "ACC": 0.210517180566243, "CC": 1, "QCS": 0.4892961430832179, "SCS": {"ori-": 16.237620858287357, "sam_": 11.172765749978, "ori-av": 0.08369907658911009, "sam_av": 0.11518315206162887, "sam_/ori_av": 1.3761579787442375}, "DDC": 8.62121896094692e-09, "LCC": 0.0, "GCC": 0}, "rate-20": {"ANB_G": 0.001721168683282596, "SP": 5.744129508173194, "ANB": 0.004023858785558267, "ACC": 0.17572020733895055, "CC": 1, "QCS": 0.5167688427541042, "SCS": {"ori-": 19.658711312916047, "sam_": 14.331686115508417, "ori-av": 0.08123434426824813, "sam_av": 0.11844368690502824, "sam_/ori_av": 1.4580493998192343}, "DDC": 3.5150105048842306e-11, "LCC": 0.0, "GCC": 0}, "rate-25": {"ANB_G": 0.0016152155082308328, "SP": 4.485656305445925, "ANB": 0.002363156817251475, "ACC": 0.22705442058115258, "CC": 1, "QCS": 0.4719978229252921, "SCS": {"ori-": 26.64950546909517, "sam_": 18.948209731427355, "ori-av": 0.09064457642549378, "sam_av": 0.12889938592807723, "sam_/ori_av": 1.4220308705841587}, "DDC": 1.0537938077703757e-08, "LCC": 0.0, "GCC": 0}, "rate-30": {"ANB_G": 0.0014542271847357363, "SP": 5.941303519328841, "ANB": 0.0027916969035756143, "ACC": 0.16991678727923995, "CC": 1, "QCS": 0.5781236503993217, "SCS": {"ori-": 31.941316861022333, "sam_": 22.70508615260127, "ori-av": 0.10108011664880485, "sam_av": 0.14370307691519793, "sam_/ori_av": 1.4216750205629787}, "DDC": 7.001516981741673e-07, "LCC": 0.0, "GCC": 0}, "rate-35": {"ANB_G": 0.0012796023013239189, "SP": 7.0677164926557605, "ANB": 0.0029383614976541228, "ACC": 0.14261208875357007, "CC": 1, "QCS": 0.551354352433524, "SCS": {"ori-": 37.21729419347273, "sam_": 26.59151200011119, "ori-av": 0.09077388827676276, "sam_av": 0.12971469268346922, "sam_/ori_av": 1.4289868501388734}, "DDC": 3.1137831380978476e-05, "LCC": 0.0, "GCC": 0}, "rate-40": {"ANB_G": 0.0010432947604292848, "SP": 6.16481008548742, "ANB": 0.002187551921002726, "ACC": 0.16412117735976461, "CC": 1, "QCS": 0.7815666221923953, "SCS": {"ori-": 38.82993365373076, "sam_": 28.114666803354957, "ori-av": 0.0758397141674429, "sam_av": 0.1098229172006053, "sam_/ori_av": 1.4480924461045899}, "DDC": 7.66053886991358e-15, "LCC": 0.0, "GCC": 0}}