{"rate-5": {"ANB_G": 0.002161971973319137, "SP": 3.407909604519774, "ANB": 0.008218121517132334, "ACC": 0.29787966132079724, "CC": 1, "QCS": 0.41900374959763875, "SCS": {"ori-": 5.664665756744906, "sam_": 4.1441770149596575, "ori-av": 0.07867591328812369, "sam_av": 0.11511602819332382, "sam_/ori_av": 1.4631673581182418}, "DDC": 1.1935115229455562e-08, "LCC": 0.0, "GCC": 0}, "rate-10": {"ANB_G": 0.0016672617886490083, "SP": 3.768317458490403, "ANB": 0.004708022888589119, "ACC": 0.2703719905076517, "CC": 1, "QCS": 0.4667784089016403, "SCS": {"ori-": 8.867565862169545, "sam_": 6.657601942959385, "ori-av": 0.06520269016301136, "sam_av": 0.09790591092587331, "sam_/ori_av": 1.5015624459834642}, "DDC": 4.522531866890667e-06, "LCC": 0.0, "GCC": 0}, "rate-15": {"ANB_G": 0.0015436091822282072, "SP": 5.291303516088304, "ANB": 0.004854415742181338, "ACC": 0.19217185488792832, "CC": 1, "QCS": 0.47655700186741484, "SCS": {"ori-": 13.958167138938242, "sam_": 10.026283328263922, "ori-av": 0.08616152554900149, "sam_av": 0.12378127565757928, "sam_/ori_av": 1.4366188953697532}, "DDC": 0.0, "LCC": 0.0, "GCC": 0}, "rate-20": {"ANB_G": 0.0016178962685539514, "SP": 7.208275090055827, "ANB": 0.005265712544576615, "ACC": 0.139938470320655, "CC": 1, "QCS": 0.7238999515927013, "SCS": {"ori-": 21.118300622927194, "sam_": 14.953394221763357, "ori-av": 0.09599227555875997, "sam_av": 0.13593994747057597, "sam_/ori_av": 1.4161550674706398}, "DDC": 0.00018826834275864623, "LCC": 0.0, "GCC": 0}, "rate-25": {"ANB_G": 0.0014204533053807675, "SP": 5.484072856977724, "ANB": 0.0030400493945611706, "ACC": 0.1879772708231549, "CC": 1, "QCS": 0.628125757600593, "SCS": {"ori-": 28.137970639171055, "sam_": 19.79134778981803, "ori-av": 0.09442272026567468, "sam_av": 0.13282783751555724, "sam_/ori_av": 1.4067359756404296}, "DDC": 0.0034507755758110825, "LCC": 0.0, "GCC": 0}, "rate-30": {"ANB_G": 0.0014255744914899691, "SP": 6.838964352950024, "ANB": 0.003298849916920914, "ACC": 0.1479811365591555, "CC": 1, "QCS": 0.6302017461190825, "SCS": {"ori-": 33.7350473132564, "sam_": 23.953172448513534, "ori-av": 0.08996012616868374, "sam_av": 0.12741049174741242, "sam_/ori_av": 1.4162996115468505}, "DDC": 4.594714487127227e-05, "LCC": 0.0, "GCC": 0}, "rate-35": {"ANB_G": 0.0012064233946777374, "SP": 5.859443399270611, "ANB": 0.0023532413555789927, "ACC": 0.17310840672860558, "CC": 1, "QCS": 0.41975357274539027, "SCS": {"ori-": 39.07786131854342, "sam_": 27.587101084427253, "ori-av": 0.09769465329635856, "sam_av": 0.13793550542213626, "sam_/ori_av": 1.4119043444855301}, "DDC": 4.687845821527148e-06, "LCC": 0.0, "GCC": 0}, "rate-40": {"ANB_G": 0.0011449283002977308, "SP": 5.034576592349669, "ANB": 0.0017088422669841873, "ACC": 0.20088550410168476, "CC": 1, "QCS": 0.7208359435639093, "SCS": {"ori-": 43.877804865848255, "sam_": 30.746065398706516, "ori-av": 0.09927105173268835, "sam_av": 0.1391224678674503, "sam_/ori_av": 1.4014404545856094}, "DDC": 1.2446421056022672e-06, "LCC": 0.0, "GCC": 0}}