{"rate-5": {"ANB_G": 0.0011651631161454716, "SP": 3.6077481840193704, "ANB": 0.00890016445057805, "ACC": 0.2800305543081303, "CC": 1, "QCS": 0.28967475143178195, "SCS": {"ori-": 4.263813549579619, "sam_": 2.76664099776533, "ori-av": 0.0888294489495754, "sam_av": 0.11527670824022208, "sam_/ori_av": 1.2977307593753018}, "DDC": 1.0047518372857667e-13, "LCC": 0.0, "GCC": 0}, "rate-10": {"ANB_G": 0.0020215156548919755, "SP": 4.641581537221951, "ANB": 0.006193165879629164, "ACC": 0.21828479822739033, "CC": 1, "QCS": 0.5312815369873902, "SCS": {"ori-": 15.018797737776682, "sam_": 10.81635660314295, "ori-av": 0.09752466063491352, "sam_av": 0.14047216367718116, "sam_/ori_av": 1.4403758266131568}, "DDC": 0.00026771041850714994, "LCC": 0.0, "GCC": 0}, "rate-15": {"ANB_G": 0.0018955727226544659, "SP": 4.462200456568594, "ANB": 0.00391651635358438, "ACC": 0.22715460769757911, "CC": 1, "QCS": 0.5728188373927202, "SCS": {"ori-": 17.338608536667934, "sam_": 13.19315405562182, "ori-av": 0.05897485896825828, "sam_av": 0.08974934731715524, "sam_/ori_av": 1.5218238565938844}, "DDC": 0.001318550090652515, "LCC": 0.0, "GCC": 0}, "rate-20": {"ANB_G": 0.0017981740975685154, "SP": 4.905822414213752, "ANB": 0.0033128264751601, "ACC": 0.20639764170845526, "CC": 1, "QCS": 0.5193879397807835, "SCS": {"ori-": 22.654239136876324, "sam_": 16.331800021773013, "ori-av": 0.08390458939583824, "sam_av": 0.12097629645757788, "sam_/ori_av": 1.4418316963193247}, "DDC": 2.993194581080161e-11, "LCC": 0.0, "GCC": 0}, "rate-25": {"ANB_G": 0.0013376173644281753, "SP": 5.514719832370971, "ANB": 0.00306082700499727, "ACC": 0.18266103320735225, "CC": 1, "QCS": 0.536625278911559, "SCS": {"ori-": 24.132296833533186, "sam_": 17.39192093842441, "ori-av": 0.07734710523568329, "sam_av": 0.11148667268220776, "sam_/ori_av": 1.4413813205096462}, "DDC": 3.399835968309617e-12, "LCC": 0.0, "GCC": 0}, "rate-30": {"ANB_G": 0.0014113540139357869, "SP": 4.414184255238333, "ANB": 0.001928917658326747, "ACC": 0.2288577644418021, "CC": 1, "QCS": 0.6379078657921318, "SCS": {"ori-": 32.816101281153074, "sam_": 23.350420960383225, "ori-av": 0.09429914161250884, "sam_av": 0.13419782161139784, "sam_/ori_av": 1.423107562981214}, "DDC": 0.01074780177237189, "LCC": 0.0, "GCC": 0}, "rate-35": {"ANB_G": 0.0012040273803143858, "SP": 6.286194666475585, "ANB": 0.002559900564879222, "ACC": 0.1603592828694951, "CC": 1, "QCS": 0.7004288439630191, "SCS": {"ori-": 36.32248410750988, "sam_": 26.06824369191347, "ori-av": 0.08731366371997568, "sam_av": 0.1253280946726609, "sam_/ori_av": 1.4353778015157124}, "DDC": 0.0012003855668994978, "LCC": 0.0, "GCC": 0}, "rate-40": {"ANB_G": 0.0011778067818044332, "SP": 5.982371466974451, "ANB": 0.0021102801639027767, "ACC": 0.16958433921529806, "CC": 1, "QCS": 0.7040138090269337, "SCS": {"ori-": 43.28292116299535, "sam_": 31.48071636789602, "ori-av": 0.08355776286292539, "sam_av": 0.12154716744361398, "sam_/ori_av": 1.4546484166050417}, "DDC": 3.6459149121981227e-07, "LCC": 0.0, "GCC": 0}}