{"rate-5": {"ANB_G": 0.002608932000217412, "SP": 3.857304277643261, "ANB": 0.009751891732570857, "ACC": 0.26213289343843027, "CC": 1, "QCS": 0.4639019584159855, "SCS": {"ori-": 6.216237562885131, "sam_": 4.4830973961233145, "ori-av": 0.08400321030925853, "sam_av": 0.12116479448981932, "sam_/ori_av": 1.4423829046979288}, "DDC": 0.00040297085934748456, "LCC": 0.0, "GCC": 0}, "rate-10": {"ANB_G": 0.001699843002599778, "SP": 3.9298264798135305, "ANB": 0.004982698094920971, "ACC": 0.2593521963920703, "CC": 1, "QCS": 0.40153717006033657, "SCS": {"ori-": 10.582607862123936, "sam_": 7.515928123984221, "ori-av": 0.07897468553823833, "sam_av": 0.11217803170125702, "sam_/ori_av": 1.4204302421304627}, "DDC": 2.3037127760972e-13, "LCC": 0.0, "GCC": 0}, "rate-15": {"ANB_G": 0.0019008372475742105, "SP": 3.935016770606165, "ANB": 0.003320154717880276, "ACC": 0.25744564686451693, "CC": 1, "QCS": 0.6808387178196892, "SCS": {"ori-": 15.049219428916098, "sam_": 10.576904402693659, "ori-av": 0.09900802255865854, "sam_av": 0.13916979477228497, "sam_/ori_av": 1.4056415952538805}, "DDC": 1.2728109344273264e-08, "LCC": 0.0, "GCC": 0}, "rate-20": {"ANB_G": 0.0014524091009689535, "SP": 5.000111941905022, "ANB": 0.0033928006292663526, "ACC": 0.2014700145860131, "CC": 1, "QCS": 0.6179880454406261, "SCS": {"ori-": 20.322665747135595, "sam_": 14.90075509365704, "ori-av": 0.07640099904938194, "sam_av": 0.11203575258388751, "sam_/ori_av": 1.4664173764465172}, "DDC": 0.290006717623826, "LCC": 0.0, "GCC": 0}, "rate-25": {"ANB_G": 0.0016343827683337525, "SP": 6.575474346483478, "ANB": 0.003779982607785417, "ACC": 0.153651075692491, "CC": 1, "QCS": 0.6457451552702692, "SCS": {"ori-": 25.99305584117843, "sam_": 18.49953312888012, "ori-av": 0.08225650582651402, "sam_av": 0.11708565271443114, "sam_/ori_av": 1.423421181558268}, "DDC": 0.00010129161206573478, "LCC": 0.0, "GCC": 0}, "rate-30": {"ANB_G": 0.0014139260852723482, "SP": 5.996693021376504, "ANB": 0.0028229904075573477, "ACC": 0.16877727319166097, "CC": 1, "QCS": 0.7104019950512765, "SCS": {"ori-": 28.670170995135038, "sam_": 20.220612016386, "ori-av": 0.10463566056618627, "sam_av": 0.1475957081488029, "sam_/ori_av": 1.4105679397459596}, "DDC": 1.8123330614017163e-09, "LCC": 0.0, "GCC": 0}, "rate-35": {"ANB_G": 0.0012654053350806046, "SP": 5.142293665590895, "ANB": 0.0020059533489544335, "ACC": 0.19724404307081939, "CC": 1, "QCS": 0.5404175397941031, "SCS": {"ori-": 38.14110375962964, "sam_": 27.32002147242067, "ori-av": 0.08870024130146427, "sam_av": 0.12706986731358452, "sam_/ori_av": 1.4325763430757075}, "DDC": 0.006440688995420607, "LCC": 0.0, "GCC": 0}, "rate-40": {"ANB_G": 0.0011693238429991587, "SP": 5.844221330610961, "ANB": 0.002051766764341791, "ACC": 0.17265278065895626, "CC": 1, "QCS": 0.7173746274990901, "SCS": {"ori-": 41.176061893355694, "sam_": 29.38779491506465, "ori-av": 0.08874151270119762, "sam_av": 0.12667152980631313, "sam_/ori_av": 1.4274213493839127}, "DDC": 1.0061995681098779e-10, "LCC": 0.0, "GCC": 0}}