{"rate-5": {"ANB_G": 0.00211575034473238, "SP": 90.60901648795111, "ANB": 0.30583282077799046, "ACC": 0.0116197367713164, "CC": 1, "QCS": 0.8236008436306685, "SCS": {"ori-": 6.5029144500668306, "sam_": 4.918900712130074, "ori-av": 0.09563109485392397, "sam_av": 0.14467355035676688, "sam_/ori_av": 1.5128295935307967}, "DDC": 0.672679752060686, "LCC": 0.0, "GCC": 0}, "rate-10": {"ANB_G": 0.0015060172863454399, "SP": 190.71577796322407, "ANB": 0.32264588088983664, "ACC": 0.005490130421697899, "CC": 1, "QCS": 0.8483042671543773, "SCS": {"ori-": 13.791639974669716, "sam_": 10.13157668579372, "ori-av": 0.12313964263097961, "sam_av": 0.18092101224631643, "sam_/ori_av": 1.4692345079195488}, "DDC": 0.6077827113416285, "LCC": 0.0, "GCC": 0}, "rate-15": {"ANB_G": 0.0018060452635230682, "SP": 271.08022343803805, "ANB": 0.30552061474891185, "ACC": 0.003858040497943493, "CC": 1, "QCS": 0.7720096465833678, "SCS": {"ori-": 19.502021982242454, "sam_": 14.375595917672912, "ori-av": 0.1250129614246311, "sam_av": 0.18430251176503734, "sam_/ori_av": 1.4742672252920848}, "DDC": 0.14362778852306612, "LCC": 0.0, "GCC": 0}, "rate-20": {"ANB_G": 0.0015501448942025911, "SP": 363.2917119935705, "ANB": 0.3072872875263532, "ACC": 0.0028761580068620805, "CC": 1, "QCS": 0.6631468835119694, "SCS": {"ori-": 26.449496169810626, "sam_": 19.34539239185658, "ori-av": 0.1271610392779357, "sam_av": 0.18601338838323636, "sam_/ori_av": 1.4628174591799863}, "DDC": 0.14362778852306612, "LCC": 0.0, "GCC": 0}, "rate-25": {"ANB_G": 0.0013958633793090549, "SP": 450.06158935658414, "ANB": 0.30444853515700626, "ACC": 0.0023301899787252127, "CC": 1, "QCS": 0.682903914820946, "SCS": {"ori-": 35.03611853532974, "sam_": 25.26100087846207, "ori-av": 0.12424155508982178, "sam_av": 0.17915603459902177, "sam_/ori_av": 1.4419976832187826}, "DDC": 0.13527062036265824, "LCC": 0.0, "GCC": 0}, "rate-30": {"ANB_G": 0.0013034231331802292, "SP": 535.4835562415795, "ANB": 0.3019681108709499, "ACC": 0.001953402551053496, "CC": 1, "QCS": 0.5945385011167506, "SCS": {"ori-": 40.41498319236435, "sam_": 29.161855664497818, "ori-av": 0.13294402365909327, "sam_av": 0.1918543135822225, "sam_/ori_av": 1.4431210091413522}, "DDC": 0.025971837267460884, "LCC": 0.0, "GCC": 0}, "rate-35": {"ANB_G": 0.0011714546780556686, "SP": 626.264727935553, "ANB": 0.3027916358041424, "ACC": 0.001673278981444988, "CC": 1, "QCS": 0.6147116996814775, "SCS": {"ori-": 46.13167751851241, "sam_": 33.02507334530542, "ori-av": 0.13811879496560603, "sam_av": 0.19775493021140972, "sam_/ori_av": 1.4317742220430907}, "DDC": 0.020731138606660093, "LCC": 0.0, "GCC": 0}, "rate-40": {"ANB_G": 0.0010965251127581846, "SP": 697.9268714728869, "ANB": 0.2951829188788172, "ACC": 0.0015007632213484012, "CC": 1, "QCS": 0.6021968952211837, "SCS": {"ori-": 50.22135964270634, "sam_": 35.892510575573716, "ori-av": 0.13721682962488072, "sam_av": 0.19613393757144107, "sam_/ori_av": 1.4293723161191392}, "DDC": 0.020731138606660093, "LCC": 0.0, "GCC": 0}}