{"rate-5": {"ACE": 0.011375271602242753, "ANB": 0.31499530337963877, "ACC": 0.011175543286555564, "CC": 1, "QCS": 0.7819290320684772, "SCS": {"ori-": 8.600724140818873, "sam_": 6.289710188809747, "ori-av": 0.11026569411306247, "sam_av": 0.16127462022589095, "sam_/ori_av": 1.4626001452503057}, "DDC": 0.6155920215862465, "LCC": 0.0, "GCC": 0}, "rate-10": {"ACE": 0.005687638684279518, "ANB": 0.32157372459501465, "ACC": 0.005503497091783665, "CC": 1, "QCS": 0.8296700996523835, "SCS": {"ori-": 13.079465982563729, "sam_": 9.514315594940962, "ori-av": 0.12339118851475216, "sam_av": 0.17951538858379174, "sam_/ori_av": 1.4548477143676235}, "DDC": 0.6440701064323529, "LCC": 0.0, "GCC": 0}, "rate-15": {"ACE": 0.003787479485016636, "ANB": 0.32133716636742576, "ACC": 0.0036678234519718425, "CC": 1, "QCS": 0.7304921099115048, "SCS": {"ori-": 20.58471165371823, "sam_": 15.234276740351905, "ori-av": 0.121086539139519, "sam_av": 0.17922678518061066, "sam_/ori_av": 1.4801544949112881}, "DDC": 0.4697580660296823, "LCC": 0.0, "GCC": 0}, "rate-20": {"ACE": 0.002842785220846645, "ANB": 0.31812713774900464, "ACC": 0.0027743733926817752, "CC": 1, "QCS": 0.7488756831037648, "SCS": {"ori-": 27.30303949799743, "sam_": 19.835705448839928, "ori-av": 0.11975017323683082, "sam_av": 0.1739974162178941, "sam_/ori_av": 1.4530034614127707}, "DDC": 0.14362778852306612, "LCC": 0.0, "GCC": 0}, "rate-25": {"ACE": 0.002273073355328327, "ANB": 0.3054249696485235, "ACC": 0.0023205732586384998, "CC": 1, "QCS": 0.6877523951198108, "SCS": {"ori-": 33.25487776763473, "sam_": 23.841797339806977, "ori-av": 0.13972637717493586, "sam_av": 0.20035123814963846, "sam_/ori_av": 1.4338827227932844}, "DDC": 0.14362778852306612, "LCC": 0.0, "GCC": 0}, "rate-30": {"ACE": 0.002261730198129724, "ANB": 0.30686184967205915, "ACC": 0.0019258868783726688, "CC": 1, "QCS": 0.6698965695953231, "SCS": {"ori-": 37.44101593102096, "sam_": 26.94980003236521, "ori-av": 0.12822265729801696, "sam_av": 0.18458767145455623, "sam_/ori_av": 1.4395870070414691}, "DDC": 0.06875618680869977, "LCC": 0.0, "GCC": 0}, "rate-35": {"ACE": 0.0016234672586960823, "ANB": 0.3038504076120122, "ACC": 0.0016707626838293043, "CC": 1, "QCS": 0.6412929384340357, "SCS": {"ori-": 46.909764677441444, "sam_": 33.24826964651849, "ori-av": 0.13716305461240189, "sam_av": 0.19443432541823677, "sam_/ori_av": 1.4175415236097884}, "DDC": 0.14362778852306612, "LCC": 0.0, "GCC": 0}, "rate-40": {"ACE": 0.00198844557129809, "ANB": 0.29067768822739304, "ACC": 0.0015226919776476168, "CC": 1, "QCS": 0.6087867863657639, "SCS": {"ori-": 50.44639664805374, "sam_": 35.95920243182668, "ori-av": 0.13974071093643695, "sam_av": 0.19866962669517504, "sam_/ori_av": 1.4217018459677278}, "DDC": 0.007883137199256818, "LCC": 0.0, "GCC": 0}}