{"rate-5": {"ANB_G": 0.001845665697056889, "SP": 85.4741381298282, "ANB": 0.2883076386683559, "ACC": 0.012255034304418155, "CC": 1, "QCS": 0.7570626398898813, "SCS": {"ori-": 7.968126022001499, "sam_": 5.973341156015847, "ori-av": 0.10484376344738815, "sam_av": 0.1571931883162065, "sam_/ori_av": 1.4993089063908691}, "DDC": 0.14362778852306612, "LCC": 0.0, "GCC": 0}, "rate-10": {"ANB_G": 0.0019989202093891757, "SP": 186.15607608414146, "ANB": 0.3148912858573833, "ACC": 0.005623466228047014, "CC": 1, "QCS": 0.7916390800858839, "SCS": {"ori-": 13.49597416793187, "sam_": 10.051188937432102, "ori-av": 0.11634460489596439, "sam_av": 0.17329636099020865, "sam_/ori_av": 1.4895092139869368}, "DDC": 0.5599953774179742, "LCC": 0.0, "GCC": 0}, "rate-15": {"ANB_G": 0.0017077668165067117, "SP": 280.1143742587137, "ANB": 0.3157402423741104, "ACC": 0.0037296997628340324, "CC": 1, "QCS": 0.8220569067176384, "SCS": {"ori-": 20.00354328555428, "sam_": 14.792333481000602, "ori-av": 0.11629967026485045, "sam_av": 0.17200387768605352, "sam_/ori_av": 1.4789713272131149}, "DDC": 0.14362778852306612, "LCC": 0.0, "GCC": 0}, "rate-20": {"ANB_G": 0.0014673735130109344, "SP": 370.9055325133828, "ANB": 0.3137451505626656, "ACC": 0.0028182053879106167, "CC": 1, "QCS": 0.6966889678554188, "SCS": {"ori-": 28.783560361239225, "sam_": 20.522835352381517, "ori-av": 0.11700634293186676, "sam_av": 0.1668523199380611, "sam_/ori_av": 1.426010896137655}, "DDC": 0.14362778852306612, "LCC": 0.0, "GCC": 0}, "rate-25": {"ANB_G": 0.0013859818872866913, "SP": 446.1535467961315, "ANB": 0.3017990147770382, "ACC": 0.002343613018446026, "CC": 1, "QCS": 0.6964187799975861, "SCS": {"ori-": 36.10201768111041, "sam_": 26.148942532312844, "ori-av": 0.13272800618055297, "sam_av": 0.19227163626700622, "sam_/ori_av": 1.4486139120138268}, "DDC": 0.07924966186796478, "LCC": 0.0, "GCC": 0}, "rate-30": {"ANB_G": 0.001277205878090704, "SP": 543.3983357402241, "ANB": 0.3064397377063422, "ACC": 0.0019271858262689867, "CC": 1, "QCS": 0.6343095984321213, "SCS": {"ori-": 40.267017432662584, "sam_": 29.034671605003606, "ori-av": 0.13245729418639007, "sam_av": 0.19101757634870795, "sam_/ori_av": 1.4421068882768626}, "DDC": 0.14362778852306612, "LCC": 0.0, "GCC": 0}, "rate-35": {"ANB_G": 0.001186012820681911, "SP": 626.1219392369185, "ANB": 0.30272248873458607, "ACC": 0.0016721082481681354, "CC": 1, "QCS": 0.6277024846122744, "SCS": {"ori-": 47.68103533252482, "sam_": 34.220054602965135, "ori-av": 0.1436175763027856, "sam_av": 0.20614490724677792, "sam_/ori_av": 1.4353738069786626}, "DDC": 0.14362778852306612, "LCC": 0.0, "GCC": 0}, "rate-40": {"ANB_G": 0.0010944139158332602, "SP": 691.251271095491, "ANB": 0.29235547272151285, "ACC": 0.0015168108651881893, "CC": 1, "QCS": 0.6157542032079313, "SCS": {"ori-": 51.07745008684919, "sam_": 36.23960084103553, "ori-av": 0.14347598339002582, "sam_av": 0.203593263151885, "sam_/ori_av": 1.419005873606289}, "DDC": 0.021015645444428355, "LCC": 0.0, "GCC": 0}}