{"rate-5": {"ANB_G": 0.0017027911930935294, "SP": 94.93236481033091, "ANB": 0.3205882758031775, "ACC": 0.011056614107464738, "CC": 1, "QCS": 0.8108361012280054, "SCS": {"ori-": 6.121375222622179, "sam_": 4.654429237654274, "ori-av": 0.09873185842938999, "sam_av": 0.15014287863400885, "sam_/ori_av": 1.5207135875132591}, "DDC": 0.10531713040524515, "LCC": 0.0, "GCC": 0}, "rate-10": {"ANB_G": 0.0016780915000205233, "SP": 186.8402290581566, "ANB": 0.3160548113233954, "ACC": 0.0056168988346128705, "CC": 1, "QCS": 0.7859006686083958, "SCS": {"ori-": 13.924848609465302, "sam_": 10.257944803094134, "ori-av": 0.12432900544165448, "sam_av": 0.1831775857695381, "sam_/ori_av": 1.4733294545294202}, "DDC": 0.6077827113416285, "LCC": 0.0, "GCC": 0}, "rate-15": {"ANB_G": 0.0016949854975730875, "SP": 281.16542832000613, "ANB": 0.3169292175565681, "ACC": 0.003714456262857282, "CC": 1, "QCS": 0.7561351695925083, "SCS": {"ori-": 19.42375849743649, "sam_": 14.389109231075008, "ori-av": 0.11989974381133636, "sam_av": 0.1776433238404322, "sam_/ori_av": 1.481598860794532}, "DDC": 0.14362778852306612, "LCC": 0.0, "GCC": 0}, "rate-20": {"ANB_G": 0.0014661699831666657, "SP": 372.96988188693865, "ANB": 0.3154960830253932, "ACC": 0.0028036107652083145, "CC": 1, "QCS": 0.7214851928722665, "SCS": {"ori-": 28.98648219036904, "sam_": 20.879305631424124, "ori-av": 0.1393580874536973, "sam_av": 0.20076255414830887, "sam_/ori_av": 1.4406236323745019}, "DDC": 0.14362778852306612, "LCC": 0.0, "GCC": 0}, "rate-25": {"ANB_G": 0.0014125300971494915, "SP": 447.26350380633124, "ANB": 0.3025515280042921, "ACC": 0.0023381056267094517, "CC": 1, "QCS": 0.6934915918713732, "SCS": {"ori-": 31.175509072967614, "sam_": 22.575534346034676, "ori-av": 0.1257076978748694, "sam_av": 0.18206076085511835, "sam_/ori_av": 1.4482864926565062}, "DDC": 0.14362778852306612, "LCC": 0.0, "GCC": 0}, "rate-30": {"ANB_G": 0.0012637786467862683, "SP": 527.9938684830726, "ANB": 0.2977366488604936, "ACC": 0.0019874415379935477, "CC": 1, "QCS": 0.6418630356771267, "SCS": {"ori-": 38.3714287546915, "sam_": 27.848175075665328, "ori-av": 0.1287631837405755, "sam_av": 0.1869005038635257, "sam_/ori_av": 1.4515057676741037}, "DDC": 0.05213507918697735, "LCC": 0.0, "GCC": 0}, "rate-35": {"ANB_G": 0.0011840774066528544, "SP": 618.186300089312, "ANB": 0.2988795642079003, "ACC": 0.0016954087142951467, "CC": 1, "QCS": 0.6485887146650314, "SCS": {"ori-": 44.888440656288125, "sam_": 32.07454909562082, "ori-av": 0.13520614655508473, "sam_av": 0.1932201752748242, "sam_/ori_av": 1.4290783385066286}, "DDC": 0.03900463174859592, "LCC": 0.0, "GCC": 0}, "rate-40": {"ANB_G": 0.0011354599341829492, "SP": 708.8239443609729, "ANB": 0.2997983669466211, "ACC": 0.0014783186627029892, "CC": 1, "QCS": 0.6415693420364528, "SCS": {"ori-": 50.811983200030696, "sam_": 36.26360807666022, "ori-av": 0.13442323597891717, "sam_av": 0.19187094220455142, "sam_/ori_av": 1.4273644047272027}, "DDC": 0.03900463174859592, "LCC": 0.0, "GCC": 0}}