{"rate-5": {"ANB_G": 0.002147634222687872, "SP": 90.54726161651101, "ANB": 0.3056220532986727, "ACC": 0.011628519116772543, "CC": 1, "QCS": 0.8037978138981255, "SCS": {"ori-": 6.721639486001909, "sam_": 5.086197184577222, "ori-av": 0.0960234212285987, "sam_av": 0.1453199195593492, "sam_/ori_av": 1.5133799410603432}, "DDC": 0.672679752060686, "LCC": 0.0, "GCC": 0}, "rate-10": {"ANB_G": 0.0015271556721761666, "SP": 193.00629622169146, "ANB": 0.3265413201049174, "ACC": 0.005415893476335664, "CC": 1, "QCS": 0.8575946807188018, "SCS": {"ori-": 14.047310205321926, "sam_": 10.24888130099993, "ori-av": 0.12322201934492917, "sam_av": 0.17980493510526194, "sam_/ori_av": 1.4591948424570373}, "DDC": 0.6440701064323529, "LCC": 0.0, "GCC": 0}, "rate-15": {"ANB_G": 0.0017462025722099679, "SP": 287.26924793715165, "ANB": 0.323833990879131, "ACC": 0.0036341451234858, "CC": 1, "QCS": 0.7481150656354028, "SCS": {"ori-": 20.32973446571384, "sam_": 14.827079517852527, "ori-av": 0.11683755440065426, "sam_av": 0.17042620135462674, "sam_/ori_av": 1.4586594372748392}, "DDC": 0.14362778852306612, "LCC": 0.0, "GCC": 0}, "rate-20": {"ANB_G": 0.0015566221469137552, "SP": 371.3514889708521, "ANB": 0.314123400314548, "ACC": 0.0028081605993963217, "CC": 1, "QCS": 0.6635451316673487, "SCS": {"ori-": 26.904697241541058, "sam_": 19.43623975653181, "ori-av": 0.12229407837064117, "sam_av": 0.1766930886957437, "sam_/ori_av": 1.444821295109919}, "DDC": 0.14362778852306612, "LCC": 0.0, "GCC": 0}, "rate-25": {"ANB_G": 0.0013138166205540354, "SP": 452.41616805470693, "ANB": 0.30604485969810596, "ACC": 0.0023157644914419016, "CC": 1, "QCS": 0.6832801488593405, "SCS": {"ori-": 33.211813622792214, "sam_": 23.88845678949318, "ori-av": 0.12973364696403208, "sam_av": 0.18662856866791547, "sam_/ori_av": 1.4385517792439548}, "DDC": 0.14362778852306612, "LCC": 0.0, "GCC": 0}, "rate-30": {"ANB_G": 0.0012835252803411977, "SP": 539.0619856147385, "ANB": 0.3039898223812092, "ACC": 0.001945983201907339, "CC": 1, "QCS": 0.6906042973935911, "SCS": {"ori-": 39.60088591723432, "sam_": 28.514847737986678, "ori-av": 0.12375276849135726, "sam_av": 0.17821779836241675, "sam_/ori_av": 1.4401116074818419}, "DDC": 0.06875618680869977, "LCC": 0.0, "GCC": 0}, "rate-35": {"ANB_G": 0.0011715262823157953, "SP": 615.230476051313, "ANB": 0.29744817242194393, "ACC": 0.0017076429574175147, "CC": 1, "QCS": 0.6549460208990705, "SCS": {"ori-": 45.55147023324295, "sam_": 32.58611956361785, "ori-av": 0.13397491245071458, "sam_av": 0.19168305625657558, "sam_/ori_av": 1.4307384326680574}, "DDC": 0.05213507918697735, "LCC": 0.0, "GCC": 0}, "rate-40": {"ANB_G": 0.0011061575057655754, "SP": 712.1684908784632, "ANB": 0.30121494742840477, "ACC": 0.001471012065180121, "CC": 1, "QCS": 0.6375881263449983, "SCS": {"ori-": 48.74454412654936, "sam_": 34.653960430130375, "ori-av": 0.13245800034388414, "sam_av": 0.18833674146809987, "sam_/ori_av": 1.4218600686945655}, "DDC": 0.23109118895975178, "LCC": 0.0, "GCC": 0}}