{"rate-5": {"ANB_G": 0.0017352501359139722, "SP": 90.75494062031592, "ANB": 0.3063308553594404, "ACC": 0.011600001584462958, "CC": 1, "QCS": 0.7889395770488907, "SCS": {"ori-": 8.0854831865437, "sam_": 5.969210193985121, "ori-av": 0.10926328630464459, "sam_av": 0.1613300052428411, "sam_/ori_av": 1.4765252876709718}, "DDC": 0.672679752060686, "LCC": 0.0, "GCC": 0}, "rate-10": {"ANB_G": 0.0014565368043867666, "SP": 189.2127305689045, "ANB": 0.3200896778382727, "ACC": 0.005529051295285019, "CC": 1, "QCS": 0.8653743973262826, "SCS": {"ori-": 15.516355613841505, "sam_": 11.285377107808321, "ori-av": 0.1293029634486792, "sam_av": 0.18808961846347202, "sam_/ori_av": 1.4546427510002542}, "DDC": 0.6155920215862465, "LCC": 0.0, "GCC": 0}, "rate-15": {"ANB_G": 0.0017781811452523709, "SP": 285.12396985116885, "ANB": 0.321407205713992, "ACC": 0.0036563417659133137, "CC": 1, "QCS": 0.780496919697676, "SCS": {"ori-": 20.00502215185374, "sam_": 14.665314916462524, "ori-av": 0.11907751280865322, "sam_av": 0.17458708233883957, "sam_/ori_av": 1.4661633269027479}, "DDC": 0.14362778852306612, "LCC": 0.0, "GCC": 0}, "rate-20": {"ANB_G": 0.0015299508117871427, "SP": 374.6521218731612, "ANB": 0.31692291931565825, "ACC": 0.002790610892024218, "CC": 1, "QCS": 0.748155542028559, "SCS": {"ori-": 29.650997219918718, "sam_": 21.43231191881941, "ori-av": 0.12354582174966132, "sam_av": 0.17860259932349506, "sam_/ori_av": 1.4456385233763251}, "DDC": 0.14362778852306612, "LCC": 0.0, "GCC": 0}, "rate-25": {"ANB_G": 0.0013322315527182027, "SP": 464.49261760728643, "ANB": 0.31423228312358376, "ACC": 0.0022526660766702595, "CC": 1, "QCS": 0.6676601145465165, "SCS": {"ori-": 33.195404142068156, "sam_": 23.920785820894533, "ori-av": 0.12866435713979907, "sam_av": 0.18543244822398863, "sam_/ori_av": 1.44121070004266}, "DDC": 0.01913260070053535, "LCC": 0.0, "GCC": 0}, "rate-30": {"ANB_G": 0.001270042402461516, "SP": 538.9477281968203, "ANB": 0.30392527016769627, "ACC": 0.001941342299847043, "CC": 1, "QCS": 0.7127695604587739, "SCS": {"ori-": 40.204839986444554, "sam_": 28.992778352795693, "ori-av": 0.13138836596877304, "sam_av": 0.18949528335160584, "sam_/ori_av": 1.4422531397996305}, "DDC": 0.14362778852306612, "LCC": 0.0, "GCC": 0}, "rate-35": {"ANB_G": 0.0011866667987172324, "SP": 621.6022856757482, "ANB": 0.30053379451610124, "ACC": 0.0016864825414906008, "CC": 1, "QCS": 0.6194113430912397, "SCS": {"ori-": 46.66554924452024, "sam_": 33.262047544173605, "ori-av": 0.13888556322773882, "sam_av": 0.1979883782391286, "sam_/ori_av": 1.4255504577857054}, "DDC": 0.005725227710913328, "LCC": 0.0, "GCC": 0}, "rate-40": {"ANB_G": 0.0011288973759421017, "SP": 699.0045941828994, "ANB": 0.2956393876251164, "ACC": 0.001498660305091921, "CC": 1, "QCS": 0.644962823256191, "SCS": {"ori-": 53.576678941628764, "sam_": 38.17522328026255, "ori-av": 0.13737609985033017, "sam_av": 0.1957703757962182, "sam_/ori_av": 1.4250686692190853}, "DDC": 0.005725227710913328, "LCC": 0.0, "GCC": 0}}