{"rate-5": {"ANB_G": 0.0028258004035428452, "SP": 144.48666666666665, "ANB": 1.806506983807846e-06, "ACC": 0.0037550575974996483, "CC": 138.8, "QCS": 0.3824876626175369, "SCS": {"ori-": 10.496079474597058, "sam_": 8.592102188177448, "ori-av": 0.03504395531322722, "sam_av": 0.05737603083620237, "sam_/ori_av": 1.6374240014783805}, "DDC": 0.5773903111508553, "LCC": 0.0, "GCC": 0.0}, "rate-10": {"ANB_G": 0.0021643037144655104, "SP": 274.3039682539683, "ANB": 2.6216812891573055e-06, "ACC": 0.0022962098091338177, "CC": 245.6, "QCS": 0.3046813091192147, "SCS": {"ori-": 21.293115074778797, "sam_": 17.276549622897466, "ori-av": 0.039659841293439045, "sam_av": 0.06435673507151059, "sam_/ori_av": 1.622781057919985}, "DDC": 0.13496961599053914, "LCC": 0.001016949152542373, "GCC": 0.00392156862745098}, "rate-15": {"ANB_G": 0.0018871525864222482, "SP": 383.92296313802797, "ANB": 1.733422006431212e-05, "ACC": 0.0020371633493912597, "CC": 324.6, "QCS": 0.34628009315635955, "SCS": {"ori-": 30.588590678512713, "sam_": 24.6897475561303, "ori-av": 0.0428657584297948, "sam_av": 0.06918895075854122, "sam_/ori_av": 1.6144512838148626}, "DDC": 0.13919205205320134, "LCC": 0.0006772009029345372, "GCC": 0.0016085790884718498}, "rate-20": {"ANB_G": 0.0016687708923139887, "SP": 478.96030026343976, "ANB": 1.8121305201178405e-05, "ACC": 0.0019651220087404503, "CC": 386.4, "QCS": 0.327575469976463, "SCS": {"ori-": 39.79713429353548, "sam_": 31.888562625553753, "ori-av": 0.04609145615588235, "sam_av": 0.07386043277558986, "sam_/ori_av": 1.6025358118131277}, "DDC": 0.09291849580018766, "LCC": 0.001698184213002164, "GCC": 0.004533703664138447}, "rate-25": {"ANB_G": 0.0015138626787802743, "SP": 530.1484217669773, "ANB": 0.0002299796255223727, "ACC": 0.0030172463435775092, "CC": 419.0, "QCS": 0.38945935691615857, "SCS": {"ori-": 47.80480005743539, "sam_": 37.918002341861424, "ori-av": 0.04936520205257517, "sam_av": 0.07830844250625721, "sam_/ori_av": 1.586342674149295}, "DDC": 0.050605943990120486, "LCC": 0.002903033997579775, "GCC": 0.006965570344229582}, "rate-30": {"ANB_G": 0.0014292163118075668, "SP": 530.8018836505171, "ANB": 0.0003860743158357235, "ACC": 0.006391021979105684, "CC": 410.0, "QCS": 0.4691801960278944, "SCS": {"ori-": 53.20325202648574, "sam_": 41.40002185456398, "ori-av": 0.05387430532464299, "sam_av": 0.08384253680931822, "sam_/ori_av": 1.5562586350027865}, "DDC": 0.06961021850016988, "LCC": 0.003197974586236438, "GCC": 0.007515336270614778}, "rate-35": {"ANB_G": 0.001262555412360526, "SP": 533.9550754120519, "ANB": 0.0007153233546471582, "ACC": 0.009844855050666255, "CC": 413.8, "QCS": 0.5521769613490859, "SCS": {"ori-": 56.25348830386078, "sam_": 43.1225189517241, "ori-av": 0.05612052469965911, "sam_av": 0.08603635664022677, "sam_/ori_av": 1.53323504737476}, "DDC": 0.034831252813806814, "LCC": 0.0059480282121791555, "GCC": 0.012676569669758242}, "rate-40": {"ANB_G": 0.0011972929700006687, "SP": 486.32555666739637, "ANB": 0.0012416442752359775, "ACC": 0.019750564059183785, "CC": 372.2, "QCS": 0.5237219720728609, "SCS": {"ori-": 58.79493863664425, "sam_": 44.036944903178565, "ori-av": 0.06208615458579923, "sam_av": 0.09298638796728796, "sam_/ori_av": 1.4979209670278792}, "DDC": 0.009130536191435112, "LCC": 0.009909998718707156, "GCC": 0.0184566374286109}}