{"rate_100": {"SP": 4.664106961904097, "ACE": 0.0026541616461263355, "ANB": 0.0006204041588053025, "ACC": 0.2187326324625585, "CC": 1, "LCC": 0.38509612579327474, "GCC": 0.3010737363311825}}