{"rate-5": {"ANB_G": 0.0021038758283458033, "SP": 3.4352680733310272, "ANB": 0.008311495130822615, "ACC": 0.30820275806966313, "CC": 1.0, "QCS": 0.3785830482106842, "SCS": {"ori-": 5.1385997984608, "sam_": 3.6215321793388826, "ori-av": 0.0806624427373713, "sam_av": 0.11293121172351901, "sam_/ori_av": 1.401432073087117}, "DDC": 0.00010458766361940431, "LCC": 0.0, "GCC": 0.0}, "rate-10": {"ANB_G": 0.002040945267403473, "SP": 4.494314408218469, "ANB": 0.005942711578602835, "ACC": 0.23323576834833687, "CC": 1.0, "QCS": 0.542735555607545, "SCS": {"ori-": 11.060538474173134, "sam_": 8.029024658439479, "ori-av": 0.0797866876000414, "sam_av": 0.11522197204338465, "sam_/ori_av": 1.4508230522137144}, "DDC": 5.4446595133605943e-05, "LCC": 0.0, "GCC": 0.0}, "rate-15": {"ANB_G": 0.0018269024871005583, "SP": 4.738007677494229, "ANB": 0.004228515472278538, "ACC": 0.21694805701136088, "CC": 1.0, "QCS": 0.5484535312919891, "SCS": {"ori-": 15.558472556017232, "sam_": 11.207868339831418, "ori-av": 0.08077744355028221, "sam_av": 0.11571718228692907, "sam_/ori_av": 1.4392028724713088}, "DDC": 0.0002637142881179999, "LCC": 0.0, "GCC": 0.0}, "rate-20": {"ANB_G": 0.0016854884985104755, "SP": 6.000057980166192, "ANB": 0.004240931280887357, "ACC": 0.17292241364012817, "CC": 1.0, "QCS": 0.6029714198788481, "SCS": {"ori-": 21.04362404626341, "sam_": 15.287602582278307, "ori-av": 0.08440738922252589, "sam_av": 0.12255059724827962, "sam_/ori_av": 1.4531777483545687}, "DDC": 0.058039049872491, "LCC": 0.0, "GCC": 0.0}, "rate-25": {"ANB_G": 0.00151305713990844, "SP": 5.5199035619333845, "ANB": 0.003064341397920942, "ACC": 0.1866561411243603, "CC": 1.0, "QCS": 0.5466816298537244, "SCS": {"ori-": 26.026741223733087, "sam_": 18.543186450358736, "ori-av": 0.08574809977446486, "sam_av": 0.12217313731904636, "sam_/ori_av": 1.4255384780578852}, "DDC": 0.0007104208279109959, "LCC": 0.0, "GCC": 0.0}, "rate-30": {"ANB_G": 0.0014299987454897405, "SP": 5.820245796013781, "ANB": 0.0027233027096123055, "ACC": 0.1773293650165772, "CC": 1.0, "QCS": 0.6251535730412681, "SCS": {"ori-": 32.188043317426605, "sam_": 22.825089003968248, "ori-av": 0.0979227848910162, "sam_av": 0.13869454138098244, "sam_/ori_av": 1.41648014596806}, "DDC": 0.0021599901704968173, "LCC": 0.0, "GCC": 0.0}, "rate-35": {"ANB_G": 0.0012458273705141325, "SP": 6.022152377446538, "ANB": 0.0024320350496109186, "ACC": 0.1697492871443705, "CC": 1.0, "QCS": 0.531448566591832, "SCS": {"ori-": 38.094182230983265, "sam_": 27.33797169981444, "ori-av": 0.08865528605532522, "sam_av": 0.12712310840741745, "sam_/ori_av": 1.435109692456214}, "DDC": 0.0015353983652939718, "LCC": 0.0, "GCC": 0.0}, "rate-40": {"ANB_G": 0.001157444815937206, "SP": 5.61365892393422, "ANB": 0.001954112208358418, "ACC": 0.1826112052128799, "CC": 1.0, "QCS": 0.6906160498747307, "SCS": {"ori-": 43.263441024663905, "sam_": 31.039101398535667, "ori-av": 0.08831361118457096, "sam_av": 0.12661002987942505, "sam_/ori_av": 1.4349546296694764}, "DDC": 3.5764923791425927e-07, "LCC": 0.0, "GCC": 0.0}}