{"rate-5": {"ANB_G": 0.0019094183186969284, "SP": 90.46354433298742, "ANB": 0.3053363287815274, "ACC": 0.01163198117688696, "CC": 1.0, "QCS": 0.7968473951391143, "SCS": {"ori-": 7.079907673447222, "sam_": 5.320415696872507, "ori-av": 0.10089868485278908, "sam_av": 0.1517319084218345, "sam_/ori_av": 1.504551463233248}, "DDC": 0.45339683502207384, "LCC": 0.0, "GCC": 0.0}, "rate-10": {"ANB_G": 0.0016333442944636144, "SP": 189.1862219792236, "ANB": 0.3200445952027611, "ACC": 0.005535088051195693, "CC": 1.0, "QCS": 0.8297626187787482, "SCS": {"ori-": 14.155225714246063, "sam_": 10.39499376702564, "ori-av": 0.12326764715244139, "sam_av": 0.18105790251495943, "sam_/ori_av": 1.4691821539786396}, "DDC": 0.6070445856239661, "LCC": 0.0, "GCC": 0.0}, "rate-15": {"ANB_G": 0.0017466362590130412, "SP": 280.9506487610157, "ANB": 0.31668625425454267, "ACC": 0.003718536682606784, "CC": 1.0, "QCS": 0.7757627416453186, "SCS": {"ori-": 19.852816076560163, "sam_": 14.609886612812716, "ori-av": 0.11942548854202509, "sam_av": 0.17579259939699785, "sam_/ori_av": 1.471932035495464}, "DDC": 0.14362778852306612, "LCC": 0.0, "GCC": 0.0}, "rate-20": {"ANB_G": 0.0015140522698162177, "SP": 370.63414744758103, "ANB": 0.31351496814892366, "ACC": 0.0028193491302803105, "CC": 1.0, "QCS": 0.6986043435871124, "SCS": {"ori-": 28.155046636575737, "sam_": 20.32321701020269, "ori-av": 0.12587307395676045, "sam_av": 0.18178479009776904, "sam_/ori_av": 1.4439823612356775}, "DDC": 0.14362778852306612, "LCC": 0.0, "GCC": 0.0}, "rate-25": {"ANB_G": 0.001368084707403495, "SP": 452.077485124208, "ANB": 0.3058152441520053, "ACC": 0.0023160678383985704, "CC": 1.0, "QCS": 0.6847509100191524, "SCS": {"ori-": 33.744172610853624, "sam_": 24.35894407343946, "ori-av": 0.12821505264981506, "sam_av": 0.18510988972261008, "sam_/ori_av": 1.4437321134351462}, "DDC": 0.10418169199545813, "LCC": 0.0, "GCC": 0.0}, "rate-30": {"ANB_G": 0.001279595068171983, "SP": 536.9770948552871, "ANB": 0.3028119179973382, "ACC": 0.0019510710834140827, "CC": 1.0, "QCS": 0.6548169986156728, "SCS": {"ori-": 39.77183105667946, "sam_": 28.710465687189828, "ori-av": 0.12986112720923784, "sam_av": 0.18749709510169574, "sam_/ori_av": 1.4438196824747582}, "DDC": 0.08682373606185405, "LCC": 0.0, "GCC": 0.0}, "rate-35": {"ANB_G": 0.0011799475972846924, "SP": 621.4811457977688, "ANB": 0.3004751311369348, "ACC": 0.001686984288563277, "CC": 1.0, "QCS": 0.6330720525898187, "SCS": {"ori-": 46.1836345970177, "sam_": 33.03356883033656, "ori-av": 0.13796059870038593, "sam_av": 0.1973582894457432, "sam_/ori_av": 1.430503051596429}, "DDC": 0.05224477315524256, "LCC": 0.0, "GCC": 0.0}, "rate-40": {"ANB_G": 0.0011122907688964141, "SP": 701.8350343981426, "ANB": 0.29683821872009447, "ACC": 0.0014931130239023243, "CC": 1.0, "QCS": 0.6284142780133515, "SCS": {"ori-": 50.886403199552866, "sam_": 36.24498064073248, "ori-av": 0.1369900298376076, "sam_av": 0.19514105203843912, "sam_/ori_av": 1.4245342664732563}, "DDC": 0.06351356649406989, "LCC": 0.0, "GCC": 0.0}}