{"rate-5": {"ANB_G": 0.0005500437401177434, "SP": 42.950234601999306, "ANB": 2.7624863794074353e-05, "ACC": 0.0035543340176198168, "CC": 209.0, "QCS": 0.3922269846067361, "SCS": {"ori-": 11.87924981125982, "sam_": 9.695756480476689, "ori-av": 0.027898279691558215, "sam_av": 0.04554692528261807, "sam_/ori_av": 1.6330998783116002}, "DDC": 0.15235751200319833, "LCC": 0.06732476562985037, "GCC": 0.33995708532132374}, "rate-10": {"ANB_G": 0.0004918678361458118, "SP": 78.96141702846134, "ANB": 0.00012842972071277936, "ACC": 0.00619383699701182, "CC": 329.8, "QCS": 0.37768812226073323, "SCS": {"ori-": 21.778665467187782, "sam_": 17.493054220817733, "ori-av": 0.03156326210699904, "sam_av": 0.05070525123531102, "sam_/ori_av": 1.6064531401293969}, "DDC": 0.4109275489809431, "LCC": 0.11749648618087176, "GCC": 0.3100834833690895}, "rate-15": {"ANB_G": 0.000608608640252109, "SP": 80.99121009082953, "ANB": 0.0010845896067657424, "ACC": 0.019284306572161423, "CC": 373.8, "QCS": 0.4795787264469257, "SCS": {"ori-": 29.273370938431547, "sam_": 23.082946840887665, "ori-av": 0.03586239851252267, "sam_av": 0.056549546903493855, "sam_/ori_av": 1.5770842533688751}, "DDC": 0.6776409498550401, "LCC": 0.17190236077172286, "GCC": 0.30366695150663664}, "rate-20": {"ANB_G": 0.0006187175333518334, "SP": 78.30120894627225, "ANB": 0.0015221124093095216, "ACC": 0.04263268517062831, "CC": 384.8, "QCS": 0.4406708836947211, "SCS": {"ori-": 35.239111186830286, "sam_": 27.085099596130227, "ori-av": 0.04057535916960796, "sam_av": 0.06234542718508379, "sam_/ori_av": 1.5371618985215594}, "DDC": 0.26740696913165757, "LCC": 0.21547548180886683, "GCC": 0.3131706704655149}, "rate-25": {"ANB_G": 0.0006182229903732628, "SP": 76.49193043577905, "ANB": 0.0016537597128378253, "ACC": 0.06392846878051457, "CC": 387.6, "QCS": 0.45675053736217264, "SCS": {"ori-": 40.491137879882146, "sam_": 30.4600714848733, "ori-av": 0.04476195212826088, "sam_av": 0.06734033714761595, "sam_/ori_av": 1.5046110696182078}, "DDC": 0.7803431646874358, "LCC": 0.23487056748320567, "GCC": 0.2884507461814897}, "rate-30": {"ANB_G": 0.0006156860718138183, "SP": 64.3414546488903, "ANB": 0.0016484240646555937, "ACC": 0.0833571747303764, "CC": 382.2, "QCS": 0.4870118228385891, "SCS": {"ori-": 43.649527861310375, "sam_": 32.08077744340504, "ori-av": 0.04810422221295191, "sam_av": 0.07068272658706073, "sam_/ori_av": 1.469702609198908}, "DDC": 0.4341253220287493, "LCC": 0.2568213845030995, "GCC": 0.30696572701948904}, "rate-35": {"ANB_G": 0.000641067892887272, "SP": 62.7626456106133, "ANB": 0.0014543968103370648, "ACC": 0.10233977071108376, "CC": 370.8, "QCS": 0.5859324954569571, "SCS": {"ori-": 47.294893623000476, "sam_": 33.86518159295025, "ori-av": 0.05319771980823906, "sam_av": 0.0761061302113375, "sam_/ori_av": 1.432147949719231}, "DDC": 0.44621773703137235, "LCC": 0.2831002456144779, "GCC": 0.30464582389202044}, "rate-40": {"ANB_G": 0.0005607143440774755, "SP": 71.16208169249701, "ANB": 0.0013660974367974894, "ACC": 0.10139487049966153, "CC": 372.2, "QCS": 0.5370582438412634, "SCS": {"ori-": 49.5954978803487, "sam_": 34.84793816644892, "ori-av": 0.05498334014113474, "sam_av": 0.07723781424489479, "sam_/ori_av": 1.4049982410817168}, "DDC": 0.1737534643186473, "LCC": 0.2845461350835853, "GCC": 0.3052342695952466}}