{"rate-5": {"ANB_G": 0.0025578330654278435, "SP": 3.9655897613282605, "ANB": 0.010121466762212492, "ACC": 0.26453846031647865, "CC": 1.0, "QCS": 0.4257197306800232, "SCS": {"ori-": 4.812556138354428, "sam_": 3.2007260175520416, "ori-av": 0.1458215240737358, "sam_av": 0.19414398528015073, "sam_/ori_av": 1.3304414735125514}, "DDC": 0.04188352022064086, "LCC": 0.52933426717773, "GCC": 0.47706094323470616}, "rate-10": {"ANB_G": 0.002013628760100348, "SP": 4.3229604903456025, "ANB": 0.005651293350927894, "ACC": 0.23803427198230476, "CC": 1.0, "QCS": 0.6182365447361049, "SCS": {"ori-": 10.107573846412986, "sam_": 6.565416653613037, "ori-av": 0.1856046434303663, "sam_av": 0.24078934945473432, "sam_/ori_av": 1.2983126752190075}, "DDC": 2.8735295807535976e-05, "LCC": 0.5138767243935605, "GCC": 0.48116211886038823}, "rate-15": {"ANB_G": 0.0018401536479235457, "SP": 4.136451773348127, "ANB": 0.0035480223680408674, "ACC": 0.24779392612804765, "CC": 1.0, "QCS": 0.6432138496879334, "SCS": {"ori-": 13.481576540821044, "sam_": 8.75542136429766, "ori-av": 0.17923883788150546, "sam_av": 0.232473477505742, "sam_/ori_av": 1.2976112333688747}, "DDC": 0.013318875711860323, "LCC": 0.5120481080345461, "GCC": 0.4446343248751308}, "rate-20": {"ANB_G": 0.0015664432664056708, "SP": 4.073594913819084, "ANB": 0.0026069507326709775, "ACC": 0.2515534872171904, "CC": 1.0, "QCS": 0.681542190306375, "SCS": {"ori-": 15.972908980059255, "sam_": 10.038283385745464, "ori-av": 0.17861610431868988, "sam_av": 0.22452070439027755, "sam_/ori_av": 1.2570126466140426}, "DDC": 0.016485990259505857, "LCC": 0.49810435799541686, "GCC": 0.4229218621733497}, "rate-25": {"ANB_G": 0.0014621157400939483, "SP": 4.03331076506432, "ANB": 0.002056481874619878, "ACC": 0.2530089490145976, "CC": 1.0, "QCS": 0.7285424976798925, "SCS": {"ori-": 18.339296809145388, "sam_": 11.319024807826375, "ori-av": 0.19361709466540955, "sam_av": 0.23878465385082404, "sam_/ori_av": 1.2345852944749773}, "DDC": 0.016638408472186606, "LCC": 0.4813005891607126, "GCC": 0.40341077953286886}, "rate-30": {"ANB_G": 0.001334353674720516, "SP": 4.037266188517537, "ANB": 0.001715969598032508, "ACC": 0.25255136202867695, "CC": 1.0, "QCS": 0.7274955888153605, "SCS": {"ori-": 20.56475536073254, "sam_": 12.256812793184265, "ori-av": 0.21361180620529377, "sam_av": 0.2545687407902443, "sam_/ori_av": 1.1916715406433505}, "DDC": 0.021028589455421697, "LCC": 0.4772347854180383, "GCC": 0.3925095463382517}, "rate-35": {"ANB_G": 0.0012338332282256488, "SP": 4.078889720969029, "ANB": 0.0014909877583385123, "ACC": 0.25004364841162446, "CC": 1.0, "QCS": 0.7095737020020405, "SCS": {"ori-": 23.27884562631031, "sam_": 13.576196764151936, "ori-av": 0.21734201696417815, "sam_av": 0.253276032654948, "sam_/ori_av": 1.1664688843479367}, "DDC": 0.012476635110378775, "LCC": 0.47959864999400315, "GCC": 0.39006712076757943}, "rate-40": {"ANB_G": 0.0011496018634351097, "SP": 4.064981905992863, "ANB": 0.0012981710741181113, "ACC": 0.250572843817617, "CC": 1.0, "QCS": 0.7353361123519097, "SCS": {"ori-": 23.98523114714037, "sam_": 13.550116554185347, "ori-av": 0.2165662992762077, "sam_av": 0.24464768202957526, "sam_/ori_av": 1.1296819417236192}, "DDC": 0.006166935716897836, "LCC": 0.47392188536618785, "GCC": 0.37091964628902846}}