{"rate-5": {"ANB_G": 0.0026316907783701213, "SP": 29.59874454245927, "ANB": 0.008819477811370975, "ACC": 0.13245922631663862, "CC": 22.6, "QCS": 0.6232297196803378, "SCS": {"ori-": 7.7724519251107465, "sam_": 5.8832756769426355, "ori-av": 0.0842283725796012, "sam_av": 0.12738216660886584, "sam_/ori_av": 1.5135738658742866}, "DDC": 0.002149214760968343, "LCC": 0.4351852559056374, "GCC": 0.510393709466842}, "rate-10": {"ANB_G": 0.0023007891438721973, "SP": 25.65390528048834, "ANB": 0.004923061130656037, "ACC": 0.1899333849867595, "CC": 19.8, "QCS": 0.6708513898315346, "SCS": {"ori-": 13.548962896995786, "sam_": 9.759452304576273, "ori-av": 0.11753026332261433, "sam_av": 0.16928111498506934, "sam_/ori_av": 1.4407184513487443}, "DDC": 8.585403890006837e-05, "LCC": 0.4782721288206161, "GCC": 0.476900032534133}, "rate-15": {"ANB_G": 0.0019321190284897574, "SP": 21.918788471253542, "ANB": 0.0033735284234312794, "ACC": 0.21513862696492586, "CC": 17.2, "QCS": 0.605335872927055, "SCS": {"ori-": 17.781399934510244, "sam_": 12.25442317746727, "ori-av": 0.14236932552986467, "sam_av": 0.1961627648296734, "sam_/ori_av": 1.3779251221941613}, "DDC": 0.0009196528391594905, "LCC": 0.4891281517548533, "GCC": 0.4557885705440885}, "rate-20": {"ANB_G": 0.001681994629326966, "SP": 20.722684276313714, "ANB": 0.0026298258809314724, "ACC": 0.22388722341268466, "CC": 16.8, "QCS": 0.7045592951153897, "SCS": {"ori-": 21.57199055150533, "sam_": 14.467877827505626, "ori-av": 0.1552446316404912, "sam_av": 0.2081593528970589, "sam_/ori_av": 1.341345410041635}, "DDC": 0.0006680575239686126, "LCC": 0.493257257608909, "GCC": 0.4467347421395263}, "rate-25": {"ANB_G": 0.0014752978393049933, "SP": 20.915879867399934, "ANB": 0.0020913829329714285, "ACC": 0.23007856269598675, "CC": 17.2, "QCS": 0.7051671689961585, "SCS": {"ori-": 24.370113138994107, "sam_": 15.73623903534918, "ori-av": 0.1778370172643739, "sam_av": 0.22928868308623018, "sam_/ori_av": 1.2907682633243491}, "DDC": 0.00014655182770779708, "LCC": 0.48432247268952133, "GCC": 0.43372052822397505}, "rate-30": {"ANB_G": 0.0013855709192335819, "SP": 22.13672681801352, "ANB": 0.0017131317519240026, "ACC": 0.2318285214568144, "CC": 17.4, "QCS": 0.7052895131229104, "SCS": {"ori-": 26.4051173610677, "sam_": 16.660859787901927, "ori-av": 0.17368884690814876, "sam_av": 0.21906387522979545, "sam_/ori_av": 1.2616733720172542}, "DDC": 2.7596996080103685e-05, "LCC": 0.47667408335057626, "GCC": 0.416756393832003}, "rate-35": {"ANB_G": 0.0012857477764949589, "SP": 18.807220524154527, "ANB": 0.001474718679615601, "ACC": 0.23765411523276775, "CC": 14.4, "QCS": 0.7108783663670634, "SCS": {"ori-": 28.53178988846012, "sam_": 17.365894198565986, "ori-av": 0.19012536554239626, "sam_av": 0.23139710218151777, "sam_/ori_av": 1.2173562398984523}, "DDC": 0.0002316013584249932, "LCC": 0.46988397423743666, "GCC": 0.4012611296387467}, "rate-40": {"ANB_G": 0.0011797144347420144, "SP": 23.942065674221105, "ANB": 0.0012846121113667933, "ACC": 0.23533411779286445, "CC": 18.6, "QCS": 0.7586260141301817, "SCS": {"ori-": 31.53262857531911, "sam_": 19.044223334180636, "ori-av": 0.18751239331406194, "sam_av": 0.22630866950288214, "sam_/ori_av": 1.207584734559849}, "DDC": 0.0015025570356517414, "LCC": 0.46430567686121266, "GCC": 0.38871700444591306}}