{"rate_5": {"ANB_G": 0.005629687841727087, "SP": 3.8889074935543113, "ACE": 0.02582155274249063, "ANB": 0.00968701005571646, "ACC": 0.26482296038403097, "CC": 1.0, "QCS": 0.5820438687844699, "SCS": {"ori-": 7.5061534752282215, "sam_": 5.7675618394048795, "ori-av": 0.07250875129551967, "sam_av": 0.11143993257079435, "sam_/ori_av": 1.5369280282392002}, "DDC": 0.7153745051396166, "LCC": 0.3337647973769054, "GCC": 0.2944827977361715}, "rate_10": {"ANB_G": 0.0036230309775596796, "SP": 3.9182805523963644, "ACE": 0.01708206019066147, "ANB": 0.004939758791009034, "ACC": 0.2610209641903408, "CC": 1.0, "QCS": 0.6849615292703023, "SCS": {"ori-": 13.377146826038047, "sam_": 9.714295641635264, "ori-av": 0.10431504885510731, "sam_av": 0.15149633673022705, "sam_/ori_av": 1.4523738031244195}, "DDC": 0.9309910700579926, "LCC": 0.34767129343334274, "GCC": 0.2846374589503757}, "rate_15": {"ANB_G": 0.002731158646969072, "SP": 4.12773096611338, "ACE": 0.013056006944381313, "ANB": 0.0035282543052986685, "ACC": 0.24776890425297077, "CC": 1.0, "QCS": 0.7180807715363816, "SCS": {"ori-": 19.74772513338905, "sam_": 13.807056584222503, "ori-av": 0.12499161050461449, "sam_av": 0.17477778151498527, "sam_/ori_av": 1.3983239978034687}, "DDC": 0.9830969303876069, "LCC": 0.3399349243584764, "GCC": 0.27128030378662443}, "rate_20": {"ANB_G": 0.0022461986695571042, "SP": 4.1536992112949305, "ACE": 0.011317689441570064, "ANB": 0.002713801327709922, "ACC": 0.2456523558951525, "CC": 1.0, "QCS": 0.6859704826124761, "SCS": {"ori-": 24.1191144928422, "sam_": 16.41495817608863, "ori-av": 0.13527615445748356, "sam_av": 0.18412196950968784, "sam_/ori_av": 1.361105008950736}, "DDC": 0.7940492848385585, "LCC": 0.36075861549790417, "GCC": 0.2998586931289685}, "rate_25": {"ANB_G": 0.00189679704565806, "SP": 4.2298416674082215, "ACE": 0.008399679835601572, "ANB": 0.0022026559714340825, "ACC": 0.24129503239034672, "CC": 1.0, "QCS": 0.8533888728946287, "SCS": {"ori-": 26.98489030181644, "sam_": 17.747256455150165, "ori-av": 0.15443020293815307, "sam_av": 0.20312551069306956, "sam_/ori_av": 1.31546529342529}, "DDC": 0.6820709142663881, "LCC": 0.36533156518354737, "GCC": 0.3127553980262253}, "rate_30": {"ANB_G": 0.0016488649118864857, "SP": 4.337190204540088, "ACE": 0.0073613978252346805, "ANB": 0.0018677768669538727, "ACC": 0.23557577486186215, "CC": 1.0, "QCS": 0.7165583987371271, "SCS": {"ori-": 31.191636038930227, "sam_": 19.962903301734944, "ori-av": 0.15954129682506185, "sam_av": 0.20421322590615051, "sam_/ori_av": 1.2800121368138413}, "DDC": 0.4674237486029531, "LCC": 0.37055446452031554, "GCC": 0.31768123918280783}, "rate_35": {"ANB_G": 0.0014829723054463422, "SP": 4.34921733855797, "ACE": 0.006319509641484649, "ANB": 0.001617120423069951, "ACC": 0.23484148031422705, "CC": 1.0, "QCS": 0.8167727848398327, "SCS": {"ori-": 31.011869171388746, "sam_": 18.712332414037935, "ori-av": 0.1837210219185296, "sam_av": 0.22152035545074283, "sam_/ori_av": 1.2065414093411229}, "DDC": 0.5145576923259613, "LCC": 0.37834461806809616, "GCC": 0.31654063336798055}, "rate_40": {"ANB_G": 0.0013658621562409178, "SP": 4.2435159068922825, "ACE": 0.005577675776834758, "ANB": 0.0013732074118934332, "ACC": 0.24003934445095382, "CC": 1.0, "QCS": 0.7692275574810903, "SCS": {"ori-": 32.86115971197147, "sam_": 19.31339541108516, "ori-av": 0.17915749487114707, "sam_av": 0.21056423971309685, "sam_/ori_av": 1.1754782435952216}, "DDC": 0.22720483363156144, "LCC": 0.38833995506921554, "GCC": 0.3321645223321373}}