{"rate-5": {"ANB_G": 0.0005799678452363536, "SP": 40.3829341224473, "ANB": 4.10988714338052e-05, "ACC": 0.0038860328305837704, "CC": 212.2, "QCS": 0.565507134949586, "SCS": {"ori-": 11.261497532696204, "sam_": 9.270300854370658, "ori-av": 0.02604713217219804, "sam_av": 0.042880820831961056, "sam_/ori_av": 1.6464338698226613}, "DDC": 0.04478258946616396, "LCC": 0.053450778976202706, "GCC": 0.2594317844975945}, "rate-10": {"ANB_G": 0.0006039170698516276, "SP": 67.65984145064152, "ANB": 0.0005361956010858203, "ACC": 0.01015887220121454, "CC": 323.2, "QCS": 0.5812494848181569, "SCS": {"ori-": 21.980813669536605, "sam_": 17.625210508405278, "ori-av": 0.032062020053484554, "sam_av": 0.05141458843938048, "sam_/ori_av": 1.603661266093723}, "DDC": 0.21976720058350688, "LCC": 0.11017521415496964, "GCC": 0.29728425802869196}, "rate-15": {"ANB_G": 0.0005534921517467518, "SP": 73.7092694402983, "ANB": 0.001555773150537391, "ACC": 0.021327886971525843, "CC": 370.8, "QCS": 0.6340860641073831, "SCS": {"ori-": 29.593652035562428, "sam_": 23.25100877115252, "ori-av": 0.03635654498516624, "sam_av": 0.057122515216156335, "sam_/ori_av": 1.5713534387943267}, "DDC": 0.00351050723123878, "LCC": 0.1693485362390091, "GCC": 0.34560110280079653}, "rate-20": {"ANB_G": 0.0005874520603122896, "SP": 71.40477713618645, "ANB": 0.0018527762005097377, "ACC": 0.041337200556933185, "CC": 387.6, "QCS": 0.7563141089067613, "SCS": {"ori-": 34.70741560574817, "sam_": 26.765089370100235, "ori-av": 0.03928274580655716, "sam_av": 0.0605824958610567, "sam_/ori_av": 1.5422662416506363}, "DDC": 0.46644712890767953, "LCC": 0.2010545446663501, "GCC": 0.2936445756127519}, "rate-25": {"ANB_G": 0.0005574286263822245, "SP": 72.89655124814219, "ANB": 0.0017094722697797895, "ACC": 0.058306937118177596, "CC": 415.8, "QCS": 0.6811137079163309, "SCS": {"ori-": 40.94706186238733, "sam_": 30.87871959670765, "ori-av": 0.042679976878941824, "sam_av": 0.06436360584558908, "sam_/ori_av": 1.508099307500121}, "DDC": 0.09650704575160889, "LCC": 0.22683810136990026, "GCC": 0.31530853836636097}, "rate-30": {"ANB_G": 0.0006266166540049543, "SP": 71.10857288012838, "ANB": 0.001542466864124816, "ACC": 0.0821193847343792, "CC": 402.2, "QCS": 0.7081135117144525, "SCS": {"ori-": 44.53438288229269, "sam_": 33.01240103008932, "ori-av": 0.04700695464912452, "sam_av": 0.06965924130763859, "sam_/ori_av": 1.4824758391494959}, "DDC": 0.45135192249295103, "LCC": 0.24279188176026553, "GCC": 0.2892728315361808}, "rate-35": {"ANB_G": 0.000653336434596272, "SP": 63.84175199488707, "ANB": 0.0013851462301910002, "ACC": 0.10413570341757913, "CC": 381.0, "QCS": 0.6967774095679811, "SCS": {"ori-": 48.48090477538765, "sam_": 34.996274625455804, "ori-av": 0.05236870440347734, "sam_av": 0.07557283266680297, "sam_/ori_av": 1.4437317371974334}, "DDC": 0.49473333445053846, "LCC": 0.26533134514519785, "GCC": 0.2973741794591378}, "rate-40": {"ANB_G": 0.0006335310262173095, "SP": 60.67224183974575, "ANB": 0.001358412210746255, "ACC": 0.11678867573082645, "CC": 345.2, "QCS": 0.7180617804942779, "SCS": {"ori-": 49.11399486659057, "sam_": 34.38462712841518, "ori-av": 0.057012957990082117, "sam_av": 0.07979350419702493, "sam_/ori_av": 1.400064606500021}, "DDC": 0.23709816222993796, "LCC": 0.29407747193349654, "GCC": 0.29680984863418003}}