{"rate-5": {"ANB_G": 0.002225693067234645, "SP": 19.05262769514585, "ANB": 0.061613063805958525, "ACC": 0.06337383967624996, "CC": 1.0, "QCS": 0.682817397974683, "SCS": {"ori-": 6.07690857178073, "sam_": 4.3745870642655404, "ori-av": 0.12763615155563648, "sam_av": 0.18258337014692355, "sam_/ori_av": 1.4404597503246832}, "DDC": 0.25463143163281027, "LCC": 0.05095863668844726, "GCC": 0.06149243093007626}, "rate-10": {"ANB_G": 0.0020206888523412085, "SP": 15.992891139823314, "ANB": 0.025498114183372965, "ACC": 0.06597085049128829, "CC": 1.0, "QCS": 0.7339758665447551, "SCS": {"ori-": 11.439970653114283, "sam_": 8.06018974252101, "ori-av": 0.11547699639998892, "sam_av": 0.1625416993141499, "sam_/ori_av": 1.4091728329377944}, "DDC": 0.07982319535575833, "LCC": 0.050155208588907506, "GCC": 0.052099434331348816}, "rate-15": {"ANB_G": 0.001671832318482877, "SP": 11.606407264286897, "ANB": 0.011998198262767984, "ACC": 0.09206246683980719, "CC": 1.0, "QCS": 0.6445523729464191, "SCS": {"ori-": 14.438466716640448, "sam_": 9.608083387430295, "ori-av": 0.12570819111642567, "sam_av": 0.16729651884423852, "sam_/ori_av": 1.3326016993399263}, "DDC": 0.012253954356590425, "LCC": 0.058613151959653095, "GCC": 0.059602105627770484}, "rate-20": {"ANB_G": 0.0015376295013498256, "SP": 9.877421891818196, "ANB": 0.007529619925206276, "ACC": 0.10599940858393712, "CC": 1.0, "QCS": 0.724276439757958, "SCS": {"ori-": 16.5944681069008, "sam_": 10.834986162859806, "ori-av": 0.13224842102544923, "sam_av": 0.1725416266209114, "sam_/ori_av": 1.304348851741375}, "DDC": 0.04638650482643001, "LCC": 0.05779614855232938, "GCC": 0.05688492392815977}, "rate-25": {"ANB_G": 0.001427574170596052, "SP": 9.859323722553407, "ANB": 0.006006321167832816, "ACC": 0.10504613988493264, "CC": 1.0, "QCS": 0.7477249126859007, "SCS": {"ori-": 21.237730627636182, "sam_": 13.603047393943239, "ori-av": 0.1395161113727314, "sam_av": 0.17821137052266608, "sam_/ori_av": 1.2786691608830973}, "DDC": 0.194821860724524, "LCC": 0.07072173232276516, "GCC": 0.0729599104569957}, "rate-30": {"ANB_G": 0.0013400394979667025, "SP": 8.782792367118603, "ANB": 0.004397057834530282, "ACC": 0.11762594940368579, "CC": 1.0, "QCS": 0.7129553761150024, "SCS": {"ori-": 24.306079237987284, "sam_": 15.639015922213346, "ori-av": 0.1360623435891286, "sam_av": 0.17502868871709615, "sam_/ori_av": 1.2867939663922487}, "DDC": 0.1591215307360667, "LCC": 0.07698729321415868, "GCC": 0.07066604240122613}, "rate-35": {"ANB_G": 0.0012308193903987979, "SP": 8.119171360582163, "ANB": 0.0034475406104514097, "ACC": 0.12712405282006264, "CC": 1.0, "QCS": 0.7257252575008131, "SCS": {"ori-": 24.810563288070245, "sam_": 15.314149096020898, "ori-av": 0.14196192890071652, "sam_av": 0.17519367828739615, "sam_/ori_av": 1.2336656617606885}, "DDC": 0.024818627730241526, "LCC": 0.07558025895779623, "GCC": 0.06823796722048796}, "rate-40": {"ANB_G": 0.0011576274591540729, "SP": 7.6603493814999295, "ANB": 0.0028209866080050514, "ACC": 0.13431108542933443, "CC": 1.0, "QCS": 0.7192949062458968, "SCS": {"ori-": 29.18163886520073, "sam_": 17.860393682104355, "ori-av": 0.145380881401653, "sam_av": 0.17792923432343083, "sam_/ori_av": 1.2242449229361156}, "DDC": 0.1493286032219658, "LCC": 0.08930191902258845, "GCC": 0.0633818996928609}}