{"rate-5": {"ANB_G": 0.0028059243678905414, "SP": 4.480341289057996, "ANB": 0.011878297914873702, "ACC": 0.23083189601673793, "CC": 1, "QCS": 0.4218941576115074, "SCS": {"ori-": 4.863912049576706, "sam_": 3.3295643542929128, "ori-av": 0.16213040165255688, "sam_av": 0.22197095695286084, "sam_/ori_av": 1.3690890461650826}, "DDC": 1.103337543550964e-08, "LCC": 0.4839102538634037, "GCC": 0.4824138871216941}, "rate-10": {"ANB_G": 0.0016776875652670716, "SP": 4.231711317659923, "ANB": 0.005496107683095108, "ACC": 0.2454103219846602, "CC": 1, "QCS": 0.587107788723393, "SCS": {"ori-": 9.634820718635998, "sam_": 6.136738609468038, "ori-av": 0.2294004933008571, "sam_av": 0.2922256480699066, "sam_/ori_av": 1.273866694291083}, "DDC": 3.1682759749074307e-09, "LCC": 0.5465446304099346, "GCC": 0.49599405415356923}, "rate-15": {"ANB_G": 0.0018101566574430944, "SP": 4.123291374934639, "ANB": 0.003533135039518824, "ACC": 0.24692742276801585, "CC": 1, "QCS": 0.6281758687117279, "SCS": {"ori-": 14.4059923907247, "sam_": 9.735692908537706, "ori-av": 0.16006658211916333, "sam_av": 0.2163487313008379, "sam_/ori_av": 1.351617111058039}, "DDC": 0.06659035186091056, "LCC": 0.49557594875947913, "GCC": 0.4044913464214956}, "rate-20": {"ANB_G": 0.001613238287708687, "SP": 4.037141750025115, "ANB": 0.0025760320186811775, "ACC": 0.2538283239985633, "CC": 1, "QCS": 0.593719237666534, "SCS": {"ori-": 17.45597739157676, "sam_": 10.981782849236867, "ori-av": 0.17113703325075255, "sam_av": 0.21532907547523267, "sam_/ori_av": 1.2582260623843424}, "DDC": 0.06922633832591862, "LCC": 0.48158178066530527, "GCC": 0.38950109343865724}, "rate-25": {"ANB_G": 0.001503217307619733, "SP": 4.0510134620642075, "ANB": 0.00206848370309438, "ACC": 0.2518016873424563, "CC": 1, "QCS": 0.6506396506992668, "SCS": {"ori-": 18.27503355289076, "sam_": 11.294506538035336, "ori-av": 0.1661366686626433, "sam_av": 0.2053546643279152, "sam_/ori_av": 1.236058637632297}, "DDC": 0.0022536000915190924, "LCC": 0.46899316757227655, "GCC": 0.40885754062663393}, "rate-30": {"ANB_G": 0.001246174498021134, "SP": 3.958166624816934, "ANB": 0.0016712805789926171, "ACC": 0.25689780563571546, "CC": 1, "QCS": 0.6787086078694847, "SCS": {"ori-": 21.94995257268796, "sam_": 13.219634734598628, "ori-av": 0.21105723627584577, "sam_av": 0.2542237448961275, "sam_/ori_av": 1.2045251296850317}, "DDC": 0.0008021930384540799, "LCC": 0.4970921344230172, "GCC": 0.4098936633293949}, "rate-35": {"ANB_G": 0.0011964477184320404, "SP": 3.964679837261985, "ANB": 0.0014356803086014456, "ACC": 0.2565611261163271, "CC": 1, "QCS": 0.7154661282260322, "SCS": {"ori-": 22.81585204394171, "sam_": 13.423204963112344, "ori-av": 0.21938319273020876, "sam_av": 0.2581385569829297, "sam_/ori_av": 1.1766560317151606}, "DDC": 0.0006625362747587626, "LCC": 0.4874908886553237, "GCC": 0.3928946609260781}, "rate-40": {"ANB_G": 0.0011447367579087817, "SP": 4.1073109535482635, "ANB": 0.001316099514421117, "ACC": 0.2486819273600566, "CC": 1, "QCS": 0.7427510520206114, "SCS": {"ori-": 23.024193923312406, "sam_": 12.944552189130524, "ori-av": 0.2093108538482946, "sam_av": 0.2353554943478277, "sam_/ori_av": 1.1244304345459786}, "DDC": 0.007713073854229702, "LCC": 0.47640390765348645, "GCC": 0.3719881152457463}}