{"rate-5": {"ANB_G": 0.0024336754743494488, "SP": 3.985241554248818, "ANB": 0.010188537727811666, "ACC": 0.2576005601872801, "CC": 1, "QCS": 0.48254721810385803, "SCS": {"ori-": 5.096782996833808, "sam_": 3.354060277023166, "ori-av": 0.14157730546760577, "sam_av": 0.18633668205684253, "sam_/ori_av": 1.316147962001425}, "DDC": 1.8967767429600713e-05, "LCC": 0.5482856793350419, "GCC": 0.533780635541888}, "rate-10": {"ANB_G": 0.0022096948698156886, "SP": 4.282541509596846, "ANB": 0.005582553587749741, "ACC": 0.24009318230940788, "CC": 1, "QCS": 0.5592848229256027, "SCS": {"ori-": 9.723547201492602, "sam_": 6.457203295256714, "ori-av": 0.1676473655429759, "sam_av": 0.2226621825950591, "sam_/ori_av": 1.328157957471633}, "DDC": 0.0001300491581492924, "LCC": 0.4659100508449561, "GCC": 0.4563947558736811}, "rate-15": {"ANB_G": 0.0019417888923880437, "SP": 4.219668158804249, "ANB": 0.0036421585506835386, "ACC": 0.24299050309520429, "CC": 1, "QCS": 0.6525476439418331, "SCS": {"ori-": 13.811483501359517, "sam_": 8.937544513231114, "ori-av": 0.20926490153575025, "sam_av": 0.27083468221912466, "sam_/ori_av": 1.2942193374594926}, "DDC": 1.9258942218769448e-08, "LCC": 0.5185016737979236, "GCC": 0.4412729561830229}, "rate-20": {"ANB_G": 0.0015104101011873521, "SP": 4.102357955768596, "ANB": 0.002631346866640031, "ACC": 0.24775079687532514, "CC": 1, "QCS": 0.8055176993564167, "SCS": {"ori-": 16.961249504029425, "sam_": 10.743927738888065, "ori-av": 0.18043882451095133, "sam_av": 0.22859420721038434, "sam_/ori_av": 1.266879275177889}, "DDC": 1.0959390969178529e-06, "LCC": 0.5123733522316737, "GCC": 0.45184027231775337}, "rate-25": {"ANB_G": 0.0014518953061770476, "SP": 3.9963523805854173, "ANB": 0.0020314253427697734, "ACC": 0.25554900822510634, "CC": 1, "QCS": 0.6951647289815818, "SCS": {"ori-": 19.586205147454205, "sam_": 11.89326379102805, "ori-av": 0.24482756434317757, "sam_av": 0.29733159477570126, "sam_/ori_av": 1.2144531011995372}, "DDC": 7.773289028767394e-05, "LCC": 0.5041143643595124, "GCC": 0.4116265871381993}, "rate-30": {"ANB_G": 0.0013398662335007124, "SP": 4.02092656582793, "ANB": 0.0017067381727841433, "ACC": 0.2534057351955714, "CC": 1, "QCS": 0.6588789953637377, "SCS": {"ori-": 18.59645194962052, "sam_": 11.027304348403092, "ori-av": 0.19783459520872893, "sam_av": 0.23462349677453387, "sam_/ori_av": 1.1859578782315103}, "DDC": 0.016971833597823505, "LCC": 0.46953648348655647, "GCC": 0.3663064157169994}, "rate-35": {"ANB_G": 0.001251397423311413, "SP": 4.186904713398348, "ANB": 0.0015432952607255907, "ACC": 0.24342027132104874, "CC": 1, "QCS": 0.7135805907502263, "SCS": {"ori-": 22.78546442701458, "sam_": 13.250959628890321, "ori-av": 0.21909100410590943, "sam_av": 0.25482614670942927, "sam_/ori_av": 1.1631063892803437}, "DDC": 7.356637099498187e-08, "LCC": 0.48006977286498653, "GCC": 0.4031883418941255}, "rate-40": {"ANB_G": 0.0011647849225387818, "SP": 4.048608898904685, "ANB": 0.0012912362977148195, "ACC": 0.25133402504354485, "CC": 1, "QCS": 0.7799612457763339, "SCS": {"ori-": 24.57360431454546, "sam_": 14.061214590203233, "ori-av": 0.2155579325837321, "sam_av": 0.2466879752667234, "sam_/ori_av": 1.1444161312453627}, "DDC": 0.004359195999498411, "LCC": 0.46460401050169736, "GCC": 0.3728866082104424}}