{"rate-5": {"ANB_G": 0.0029639158396250432, "SP": 3.8534532457050616, "ANB": 0.009738748278856865, "ACC": 0.27172283313041967, "CC": 1, "QCS": 0.4232212045581363, "SCS": {"ori-": 4.444638209393301, "sam_": 2.9490089085069946, "ori-av": 0.12346217248314725, "sam_av": 0.16383382825038859, "sam_/ori_av": 1.3269961556261463}, "DDC": 0.18976957749612977, "LCC": 0.47745103874840367, "GCC": 0.36735966735966735}, "rate-10": {"ANB_G": 0.0021074534925989838, "SP": 4.352715029783315, "ANB": 0.005701896309155297, "ACC": 0.23539011864730747, "CC": 1, "QCS": 0.7406288538715758, "SCS": {"ori-": 11.487915902172213, "sam_": 7.512983450639004, "ori-av": 0.19146526503620356, "sam_av": 0.2504327816879668, "sam_/ori_av": 1.3079802315089017}, "DDC": 1.3612209873614667e-05, "LCC": 0.4998197095381845, "GCC": 0.4900073851048117}, "rate-15": {"ANB_G": 0.0018217462167246146, "SP": 3.874147759880629, "ANB": 0.0032512983709056917, "ACC": 0.2643884645555507, "CC": 1, "QCS": 0.6748287379649542, "SCS": {"ori-": 12.66860912823347, "sam_": 8.011188111132437, "ori-av": 0.15835761410291838, "sam_av": 0.20027970277831092, "sam_/ori_av": 1.2647304893602838}, "DDC": 2.8674637894132715e-06, "LCC": 0.5343387336356364, "GCC": 0.4691371755883825}, "rate-20": {"ANB_G": 0.0014565518253724548, "SP": 4.2668953343188045, "ANB": 0.0027709035914493642, "ACC": 0.24072808288926834, "CC": 1, "QCS": 0.701174197068518, "SCS": {"ori-": 15.861200009172256, "sam_": 9.708883151110848, "ori-av": 0.18024090919513927, "sam_av": 0.2206564352525193, "sam_/ori_av": 1.2242305935864084}, "DDC": 2.019977962675057e-08, "LCC": 0.5218807454439052, "GCC": 0.4492914653347823}, "rate-25": {"ANB_G": 0.0014259847169334015, "SP": 4.101290244452884, "ANB": 0.0021025696572561947, "ACC": 0.2495987106345025, "CC": 1, "QCS": 0.7522189008745684, "SCS": {"ori-": 18.42751817214231, "sam_": 11.628682019061513, "ori-av": 0.1842751817214231, "sam_av": 0.23257364038123027, "sam_/ori_av": 1.262099639292838}, "DDC": 0.03495670137559559, "LCC": 0.47732800339002035, "GCC": 0.38426436294254823}, "rate-30": {"ANB_G": 0.0013622690908409467, "SP": 4.034373713439373, "ANB": 0.0017143354313216793, "ACC": 0.2532908883251087, "CC": 1, "QCS": 0.6771817529027053, "SCS": {"ori-": 21.13319547443266, "sam_": 12.525799547346695, "ori-av": 0.23481328304925178, "sam_av": 0.2783511010521488, "sam_/ori_av": 1.1854146300308104}, "DDC": 0.07417712425204348, "LCC": 0.47136226811357357, "GCC": 0.38261756836424654}, "rate-35": {"ANB_G": 0.0012410943415518154, "SP": 4.0174558860927565, "ANB": 0.0014612377172362003, "ACC": 0.25329378589479795, "CC": 1, "QCS": 0.6981737564715483, "SCS": {"ori-": 22.770565818837625, "sam_": 13.209950621302552, "ori-av": 0.21894774825805408, "sam_av": 0.254037511948126, "sam_/ori_av": 1.160265469589186}, "DDC": 3.8632082105416465e-05, "LCC": 0.47786163532743414, "GCC": 0.3935635817700207}, "rate-40": {"ANB_G": 0.0011481668559174055, "SP": 4.118598073675343, "ANB": 0.0013208801667409316, "ACC": 0.24731331296639278, "CC": 1, "QCS": 0.6957554860379159, "SCS": {"ori-": 24.446733415120462, "sam_": 13.986056140982651, "ori-av": 0.21444502995719705, "sam_av": 0.24536940598215176, "sam_/ori_av": 1.1442065410941311}, "DDC": 0.0007831393586974489, "LCC": 0.47671500825870683, "GCC": 0.36851019824197667}}