{"rate-5": {"ACE": 0.03344128807322671, "ANB": 0.009446995087732559, "ACC": 0.27078292487731914, "CC": 1, "QCS": 0.44364448921781297, "SCS": {"ori-": 5.0865208187390305, "sam_": 3.431322842105862, "ori-av": 0.19563541610534732, "sam_av": 0.26394791093122016, "sam_/ori_av": 1.3491826591821563}, "DDC": 0.0017842371856655603, "LCC": 0.6101583168834571, "GCC": 0.5266666666666666}, "rate-10": {"ACE": 0.01862341787947815, "ANB": 0.004393883247523634, "ACC": 0.28554165399111553, "CC": 1, "QCS": 0.441771329880601, "SCS": {"ori-": 8.658070445533964, "sam_": 5.365839220676508, "ori-av": 0.1603346378802586, "sam_av": 0.1987347859509818, "sam_/ori_av": 1.2395000143350263}, "DDC": 0.005140753603022352, "LCC": 0.5573835801017486, "GCC": 0.4642922442582884}, "rate-15": {"ACE": 0.010201193107844559, "ANB": 0.003773157000607834, "ACC": 0.2354166137504781, "CC": 1, "QCS": 0.6633046248207497, "SCS": {"ori-": 14.156583437797305, "sam_": 9.489223661248838, "ori-av": 0.1814946594589398, "sam_av": 0.24331342721150867, "sam_/ori_av": 1.340609293611498}, "DDC": 2.1910686609505348e-07, "LCC": 0.4798598011865731, "GCC": 0.48792001649144506}, "rate-20": {"ACE": 0.008874444171092306, "ANB": 0.002731281693182116, "ACC": 0.24229414716306544, "CC": 1, "QCS": 0.7503691658736719, "SCS": {"ori-": 15.995177783896606, "sam_": 10.100146271801226, "ori-av": 0.181763383907916, "sam_av": 0.22954877890457331, "sam_/ori_av": 1.262898907190604}, "DDC": 6.31279230223214e-06, "LCC": 0.5049172143800792, "GCC": 0.44410117572568586}, "rate-25": {"ACE": 0.007901469826388202, "ANB": 0.002085473501533951, "ACC": 0.25070274478864446, "CC": 1, "QCS": 0.6789562247896618, "SCS": {"ori-": 18.163684860833644, "sam_": 11.054426224722663, "ori-av": 0.20181872067592938, "sam_av": 0.24565391610494808, "sam_/ori_av": 1.217200838862749}, "DDC": 4.103298392177379e-07, "LCC": 0.5102750536245906, "GCC": 0.4353680583691104}, "rate-30": {"ACE": 0.007325868491091918, "ANB": 0.0016977035561384574, "ACC": 0.2548088892459946, "CC": 1, "QCS": 0.7173936103771532, "SCS": {"ori-": 21.203846562857095, "sam_": 12.310577729044638, "ori-av": 0.20788084865546172, "sam_av": 0.24138387704009096, "sam_/ori_av": 1.1611645738475727}, "DDC": 3.717828060967321e-07, "LCC": 0.4961053039373649, "GCC": 0.40635843519980763}, "rate-35": {"ACE": 0.006440234566394094, "ANB": 0.0015184089472575805, "ACC": 0.24680582316648522, "CC": 1, "QCS": 0.6830729910244282, "SCS": {"ori-": 24.217553345780864, "sam_": 13.975607472015868, "ori-av": 0.21243467847176198, "sam_av": 0.24518609600027838, "sam_/ori_av": 1.1541717094597148}, "DDC": 0.0021539855754207915, "LCC": 0.49035103400790386, "GCC": 0.39605335093072713}, "rate-40": {"ACE": 0.005925931683330847, "ANB": 0.0013053542398539751, "ACC": 0.2489835204174057, "CC": 1, "QCS": 0.64545472178587, "SCS": {"ori-": 23.533304273487104, "sam_": 13.257971327067324, "ori-av": 0.20287331270247505, "sam_av": 0.22858571253564353, "sam_/ori_av": 1.1267411641810037}, "DDC": 0.21900773226346826, "LCC": 0.4646594932046158, "GCC": 0.35814429367432105}}