{"rate-5": {"ANB_G": 0.002462814891080017, "SP": 3.216764671970483, "ANB": 0.007565749733687658, "ACC": 0.3209690802003208, "CC": 1, "QCS": 0.31681709051557067, "SCS": {"ori-": 4.563268125406684, "sam_": 3.036279430905871, "ori-av": 0.15210893751355614, "sam_av": 0.20241862872705807, "sam_/ori_av": 1.3307477656204012}, "DDC": 1.256496946488994e-07, "LCC": 0.603078129351319, "GCC": 0.5247590265627485}, "rate-10": {"ANB_G": 0.001992611310469827, "SP": 4.243262064401025, "ANB": 0.005515751810205821, "ACC": 0.24211290107198907, "CC": 1, "QCS": 0.6408674774804477, "SCS": {"ori-": 10.410800305191215, "sam_": 6.824170383073609, "ori-av": 0.17949655698605543, "sam_av": 0.23531622010598652, "sam_/ori_av": 1.3109790185238348}, "DDC": 1.0034355235610803e-08, "LCC": 0.5327022903727877, "GCC": 0.48525438344351823}, "rate-15": {"ANB_G": 0.0018186941209468903, "SP": 4.02446085370675, "ANB": 0.0034213358073605727, "ACC": 0.2533636759816702, "CC": 1, "QCS": 0.6110602994454002, "SCS": {"ori-": 14.303000626899594, "sam_": 9.235462196887134, "ori-av": 0.18337180290896915, "sam_av": 0.236806722997106, "sam_/ori_av": 1.2914020544078058}, "DDC": 4.68969836631139e-07, "LCC": 0.5037860760714039, "GCC": 0.4699283120752258}, "rate-20": {"ANB_G": 0.0015923511817308238, "SP": 4.059382310308702, "ANB": 0.0025948959374967806, "ACC": 0.2534152579036637, "CC": 1, "QCS": 0.634427577911938, "SCS": {"ori-": 15.620532716328976, "sam_": 9.914070004578669, "ori-av": 0.17750605359464744, "sam_av": 0.2253197728313334, "sam_/ori_av": 1.2693638795320936}, "DDC": 0.013185176726648873, "LCC": 0.48209223697377857, "GCC": 0.3891349488047625}, "rate-25": {"ANB_G": 0.0014646562380178864, "SP": 3.897402447281074, "ANB": 0.0019643406422244574, "ACC": 0.2609364561139865, "CC": 1, "QCS": 0.7537769444983978, "SCS": {"ori-": 17.2894879131882, "sam_": 10.631678968854036, "ori-av": 0.18009883242904376, "sam_av": 0.22149331185112575, "sam_/ori_av": 1.2298431303733788}, "DDC": 0.04590397901202181, "LCC": 0.46163245599573227, "GCC": 0.37420864480835225}, "rate-30": {"ANB_G": 0.001369899077101445, "SP": 4.043327219448527, "ANB": 0.0017193939092929528, "ACC": 0.25191249481997113, "CC": 1, "QCS": 0.7644849174254634, "SCS": {"ori-": 19.90384035776748, "sam_": 11.777051833849482, "ori-av": 0.20310041181395386, "sam_av": 0.2403479966091731, "sam_/ori_av": 1.1833949250154114}, "DDC": 0.0131602631469947, "LCC": 0.47516029281999633, "GCC": 0.39259275411301664}, "rate-35": {"ANB_G": 0.0012322641330895303, "SP": 4.191133335300352, "ANB": 0.001545343019515912, "ACC": 0.24389144603043106, "CC": 1, "QCS": 0.700259655115234, "SCS": {"ori-": 24.15259615473904, "sam_": 13.744797403576072, "ori-av": 0.2367901583797945, "sam_av": 0.2695058314426681, "sam_/ori_av": 1.138163145321268}, "DDC": 0.036543949409206244, "LCC": 0.47154053737540325, "GCC": 0.3806004885119889}, "rate-40": {"ANB_G": 0.0011412596361356766, "SP": 4.082341259532097, "ANB": 0.0013055236169132124, "ACC": 0.24954169232478315, "CC": 1, "QCS": 0.7866808805245437, "SCS": {"ori-": 23.990998983967245, "sam_": 13.558580567161467, "ori-av": 0.2263301790940306, "sam_av": 0.2558222748521032, "sam_/ori_av": 1.1303056263911666}, "DDC": 0.0037946242108345407, "LCC": 0.4712147691717358, "GCC": 0.3698967493471839}}