{"rate-5": {"ANB_G": 0.0021228347541941686, "SP": 4.292148045658942, "ANB": 0.011236000155832565, "ACC": 0.24156793204763488, "CC": 1, "QCS": 0.4841189826110437, "SCS": {"ori-": 5.094179310561644, "sam_": 3.334717117031262, "ori-av": 0.14982880325181308, "sam_av": 0.19615983041360363, "sam_/ori_av": 1.3092264381497014}, "DDC": 0.01962891915657483, "LCC": 0.533946234590482, "GCC": 0.47699149958753273}, "rate-10": {"ANB_G": 0.0020806965623501716, "SP": 4.504572530286898, "ANB": 0.005960157364433504, "ACC": 0.22716483589815917, "CC": 1, "QCS": 0.5632937806795051, "SCS": {"ori-": 9.2807851045729, "sam_": 5.895987529627829, "ori-av": 0.16001353628573964, "sam_av": 0.20330991481475272, "sam_/ori_av": 1.2705794742995855}, "DDC": 1.908383562287952e-09, "LCC": 0.5244069408019391, "GCC": 0.4781600157263613}, "rate-15": {"ANB_G": 0.0018083823521150846, "SP": 4.440690719414368, "ANB": 0.003892184071735708, "ACC": 0.23129956423979722, "CC": 1, "QCS": 0.6494566983757518, "SCS": {"ori-": 12.218797056887935, "sam_": 7.857219091699904, "ori-av": 0.1851332887407263, "sam_av": 0.23809754823333043, "sam_/ori_av": 1.2860871745587528}, "DDC": 6.71005822794335e-07, "LCC": 0.5080381079082874, "GCC": 0.43834183410752714}, "rate-20": {"ANB_G": 0.0016596649360290361, "SP": 3.902197218674206, "ANB": 0.002461575249087536, "ACC": 0.26204497441913127, "CC": 1, "QCS": 0.6728722395284682, "SCS": {"ori-": 13.965585279188867, "sam_": 8.84275318491288, "ori-av": 0.18375770104195877, "sam_av": 0.23270403118191788, "sam_/ori_av": 1.2663634223894804}, "DDC": 1.732010608523904e-05, "LCC": 0.49259367466242165, "GCC": 0.4348415309707931}, "rate-25": {"ANB_G": 0.0014648251317216727, "SP": 4.120495290938014, "ANB": 0.0021155900277545847, "ACC": 0.2471588827569363, "CC": 1, "QCS": 0.7909122633456478, "SCS": {"ori-": 18.11823926005145, "sam_": 11.146992722152945, "ori-av": 0.1927472261707601, "sam_av": 0.23717005791814777, "sam_/ori_av": 1.2304719638768356}, "DDC": 2.899150886026547e-08, "LCC": 0.4944349544860215, "GCC": 0.43809676214861043}, "rate-30": {"ANB_G": 0.0013535594741383413, "SP": 4.129536819054927, "ANB": 0.0017680998977711473, "ACC": 0.24724988616701807, "CC": 1, "QCS": 0.8582236705154113, "SCS": {"ori-": 21.240336449154096, "sam_": 12.734273501723429, "ori-av": 0.2212535046786885, "sam_av": 0.2652973646192381, "sam_/ori_av": 1.1990651402539882}, "DDC": 3.1533241792724986e-05, "LCC": 0.47302274824704793, "GCC": 0.411137330167601}, "rate-35": {"ANB_G": 0.001247962524743445, "SP": 4.0342748327917, "ANB": 0.001469382485613413, "ACC": 0.2530516126955175, "CC": 1, "QCS": 0.7203883794471616, "SCS": {"ori-": 23.869749687018608, "sam_": 14.252071203878389, "ori-av": 0.19249798134692425, "sam_av": 0.22987211619158693, "sam_/ori_av": 1.1941533858337254}, "DDC": 0.02513798421945246, "LCC": 0.48103041574686844, "GCC": 0.3800885307356839}, "rate-40": {"ANB_G": 0.0011490611446749032, "SP": 3.968050344303926, "ANB": 0.0012571157748004751, "ACC": 0.25599326139330764, "CC": 1, "QCS": 0.6715318974001437, "SCS": {"ori-": 23.89062509875627, "sam_": 13.200179283448863, "ori-av": 0.21718750089778427, "sam_av": 0.24000325969907024, "sam_/ori_av": 1.1050509753414577}, "DDC": 0.014184645161229081, "LCC": 0.48067173124531276, "GCC": 0.3713165603997932}}