{"rate_5": {"ANB_G": 0.0053628505419216575, "SP": 3.939269487927306, "ACE": 0.024867586480422064, "ANB": 0.009301485721288933, "ACC": 0.2611146152727377, "CC": 1, "QCS": 0.5902857584004124, "SCS": {"ori-": 8.460329603483546, "sam_": 6.477504107121126, "ori-av": 0.07169770850409785, "sam_av": 0.10978820520544282, "sam_/ori_av": 1.5312651895864695}, "DDC": 0.8652261388693969, "LCC": 0.3251854126646042, "GCC": 0.2869186046511628}, "rate_10": {"ANB_G": 0.003702548804227656, "SP": 3.878470609254958, "ACE": 0.01743722689877238, "ANB": 0.0049800529571885025, "ACC": 0.263495969090535, "CC": 1, "QCS": 0.6684586656457525, "SCS": {"ori-": 13.306805444705718, "sam_": 9.700536622403447, "ori-av": 0.09784415768165969, "sam_av": 0.14265495032946246, "sam_/ori_av": 1.4579812807382602}, "DDC": 0.9328947800477777, "LCC": 0.3557145210365026, "GCC": 0.28612346882808215}, "rate_15": {"ANB_G": 0.0027328784603243023, "SP": 4.07401541547883, "ACE": 0.012730086762132617, "ANB": 0.0034117818151818387, "ACC": 0.250767169063657, "CC": 1, "QCS": 0.6851255032706969, "SCS": {"ori-": 20.078946673977338, "sam_": 14.06821502413921, "ori-av": 0.12549341671235836, "sam_av": 0.17585268780174013, "sam_/ori_av": 1.4012901426120983}, "DDC": 0.9340203760500482, "LCC": 0.3485511829532679, "GCC": 0.2740906137003649}, "rate_20": {"ANB_G": 0.0022209326119991984, "SP": 4.128462502946292, "ACE": 0.010033651102008708, "ANB": 0.002615771323533692, "ACC": 0.2470081432203891, "CC": 1, "QCS": 0.7414568727629604, "SCS": {"ori-": 23.10938160585199, "sam_": 15.686165447960352, "ori-av": 0.12982798654973027, "sam_av": 0.1762490499770826, "sam_/ori_av": 1.3575582173075669}, "DDC": 0.8723314167765653, "LCC": 0.35740411521025023, "GCC": 0.2948372322230919}, "rate_25": {"ANB_G": 0.0019534627675473993, "SP": 4.173472848694188, "ACE": 0.008614872560413036, "ANB": 0.002217660970436186, "ACC": 0.2443699417043114, "CC": 1, "QCS": 0.854049642466267, "SCS": {"ori-": 26.032604555465934, "sam_": 17.29835993629408, "ori-av": 0.14791252588332918, "sam_av": 0.19657227200334182, "sam_/ori_av": 1.3289765070903772}, "DDC": 0.6022479247641647, "LCC": 0.3712851813298342, "GCC": 0.31499368300933284}, "rate_30": {"ANB_G": 0.0016717764728018817, "SP": 4.249668429067935, "ACE": 0.007197898361530638, "ANB": 0.001808385325023893, "ACC": 0.2400606850529195, "CC": 1, "QCS": 0.7745107988933471, "SCS": {"ori-": 30.23092065374456, "sam_": 19.339350510620942, "ori-av": 0.16080276943481148, "sam_av": 0.2057377713895845, "sam_/ori_av": 1.2794417167857883}, "DDC": 0.46969900603178116, "LCC": 0.376569032495688, "GCC": 0.32281022403145854}, "rate_35": {"ANB_G": 0.001484718239427275, "SP": 4.288912090149276, "ACE": 0.0061446090934540246, "ANB": 0.0015759042118587841, "ACC": 0.237849675672163, "CC": 1, "QCS": 0.8637460390703244, "SCS": {"ori-": 31.820308926161935, "sam_": 19.606484614916603, "ori-av": 0.16234851492939764, "sam_av": 0.20006616953996534, "sam_/ori_av": 1.2323252210035331}, "DDC": 0.41013198046970756, "LCC": 0.38859386978742533, "GCC": 0.3230726623722972}, "rate_40": {"ANB_G": 0.0013658621562409178, "SP": 4.2435159068922825, "ACE": 0.00557767577683476, "ANB": 0.0013732074118934332, "ACC": 0.24003934445095382, "CC": 1, "QCS": 0.7354288767315371, "SCS": {"ori-": 32.506595349835806, "sam_": 19.278163268317595, "ori-av": 0.16755976984451446, "sam_av": 0.198743951219769, "sam_/ori_av": 1.1861078074062266}, "DDC": 0.2272048336315614, "LCC": 0.38833995506921554, "GCC": 0.3321645223321373}}