{"rate_5": {"ANB_G": 0.005696397166678443, "SP": 3.876316994961063, "ACE": 0.026060044308007752, "ANB": 0.009783391139323343, "ACC": 0.26575004666185437, "CC": 1, "QCS": 0.6058853936286401, "SCS": {"ori-": 7.249271306770734, "sam_": 5.572062975172477, "ori-av": 0.0739721561915381, "sam_av": 0.11371557092188728, "sam_/ori_av": 1.5372753313752336}, "DDC": 0.6779115967071714, "LCC": 0.3359096435549807, "GCC": 0.2963738460074236}, "rate_10": {"ANB_G": 0.0036031515208926855, "SP": 3.9282330381817157, "ACE": 0.016993268513633735, "ANB": 0.004929685249464167, "ACC": 0.26040221296529226, "CC": 1, "QCS": 0.7204747408138177, "SCS": {"ori-": 13.378603795751168, "sam_": 9.700532929933425, "ori-av": 0.104520342154306, "sam_av": 0.15157082703020977, "sam_/ori_av": 1.450156246201739}, "DDC": 0.9305151425605465, "LCC": 0.34566048653255277, "GCC": 0.28426595648094904}, "rate_15": {"ANB_G": 0.002730728693630264, "SP": 4.141915279801621, "ACE": 0.013131260448112426, "ANB": 0.0035582279499452095, "ACC": 0.2469750685719693, "CC": 1, "QCS": 0.7221171895816195, "SCS": {"ori-": 19.61820628497811, "sam_": 13.680791990131954, "ori-av": 0.12575773259601353, "sam_av": 0.17539476910425583, "sam_/ori_av": 1.394703653473916}, "DDC": 0.9953660689719966, "LCC": 0.3377348693165689, "GCC": 0.27080884613298134}, "rate_20": {"ANB_G": 0.0022525151839465807, "SP": 4.16000838838209, "ACE": 0.011638699026460383, "ANB": 0.0027383088287539796, "ACC": 0.24531340906384336, "CC": 1, "QCS": 0.6580780204513272, "SCS": {"ori-": 24.203241502387964, "sam_": 16.44099692774137, "ori-av": 0.1390990890941837, "sam_av": 0.18897697618093529, "sam_/ori_av": 1.358578100054842}, "DDC": 0.7744787518540568, "LCC": 0.3615972405698177, "GCC": 0.30111405835543764}, "rate_25": {"ANB_G": 0.001881675126800417, "SP": 4.243702490968875, "ACE": 0.00834222068441261, "ANB": 0.002197630413935551, "ACC": 0.24054629383151577, "CC": 1, "QCS": 0.875964458703994, "SCS": {"ori-": 27.238327894574873, "sam_": 17.859506357010595, "ori-av": 0.1565421143366372, "sam_av": 0.2052816822644896, "sam_/ori_av": 1.3113511538693032}, "DDC": 0.7020266616419439, "LCC": 0.3629573873404438, "GCC": 0.31214171535663104}, "rate_30": {"ANB_G": 0.0016442868083351957, "SP": 4.36270553064275, "ACE": 0.007407034079864958, "ANB": 0.0018859817894799436, "ACC": 0.23429875305549766, "CC": 1, "QCS": 0.6996888925223977, "SCS": {"ori-": 31.420899846085238, "sam_": 20.113949849690858, "ori-av": 0.15869141336406686, "sam_av": 0.20317121060293797, "sam_/ori_av": 1.2802911404968484}, "DDC": 0.5343142289060513, "LCC": 0.369021649593196, "GCC": 0.3165085447317733}, "rate_35": {"ANB_G": 0.0014834315275954592, "SP": 4.361312847462988, "ACE": 0.006366989234683792, "ANB": 0.00162696652829767, "ACC": 0.2342230322589089, "CC": 1, "QCS": 0.8051399427134728, "SCS": {"ori-": 30.942574315096913, "sam_": 18.610864522522352, "ori-av": 0.1910035451549192, "sam_av": 0.22976375953731298, "sam_/ori_av": 1.202929293018913}, "DDC": 0.5406641202900249, "LCC": 0.3756390784278771, "GCC": 0.31496872990823543}, "rate_40": {"ANB_G": 0.0013658621562409178, "SP": 4.2435159068922825, "ACE": 0.00557767577683476, "ANB": 0.0013732074118934332, "ACC": 0.24003934445095382, "CC": 1, "QCS": 0.7821704869103846, "SCS": {"ori-": 32.89323890546933, "sam_": 19.27341992259329, "ori-av": 0.1827402161414963, "sam_av": 0.21414911025103656, "sam_/ori_av": 1.171877295390853}, "DDC": 0.2272048336315614, "LCC": 0.38833995506921554, "GCC": 0.3321645223321373}}