{"rate_5": {"ACE": 0.024867586480422064, "ANB": 0.009301485721288933, "ACC": 0.2611146152727377, "CC": 1, "QCS": 0.5340562915351706, "SCS": {"ori-": 8.393899911225661, "sam_": 6.4191293854295255, "ori-av": 0.0736307009756637, "sam_av": 0.11261630500753554, "sam_/ori_av": 1.529474845618505}, "DDC": 0.8652261388693969, "LCC": 0.3251854126646042, "GCC": 0.2869186046511628}, "rate_10": {"ACE": 0.01743722689877238, "ANB": 0.0049800529571885025, "ACC": 0.263495969090535, "CC": 1, "QCS": 0.7031908187955258, "SCS": {"ori-": 13.238991419105337, "sam_": 9.631130179081978, "ori-av": 0.10342962046176045, "sam_av": 0.1504864090481559, "sam_/ori_av": 1.4549643359060096}, "DDC": 0.9328947800477777, "LCC": 0.3557145210365026, "GCC": 0.28612346882808215}, "rate_15": {"ACE": 0.012730086762132617, "ANB": 0.0034117818151818387, "ACC": 0.250767169063657, "CC": 1, "QCS": 0.7453712299255523, "SCS": {"ori-": 20.802185586744603, "sam_": 14.491770069647549, "ori-av": 0.12382253325443215, "sam_av": 0.1725210722577089, "sam_/ori_av": 1.3932930277174216}, "DDC": 0.9340203760500482, "LCC": 0.3485511829532679, "GCC": 0.2740906137003649}, "rate_20": {"ACE": 0.010033651102008708, "ANB": 0.002615771323533692, "ACC": 0.2470081432203891, "CC": 1, "QCS": 0.7012971882754134, "SCS": {"ori-": 23.95214302808877, "sam_": 16.128445725067262, "ori-av": 0.139256645512144, "sam_av": 0.18754006657054956, "sam_/ori_av": 1.3467225630836768}, "DDC": 0.8723314167765653, "LCC": 0.35740411521025023, "GCC": 0.2948372322230919}, "rate_25": {"ACE": 0.008614872560413036, "ANB": 0.002217660970436186, "ACC": 0.2443699417043114, "CC": 1, "QCS": 0.7706181338853277, "SCS": {"ori-": 26.95011018982422, "sam_": 17.824970701900035, "ori-av": 0.14646799016208814, "sam_av": 0.1937496815423917, "sam_/ori_av": 1.3228124542978945}, "DDC": 0.6022479247641647, "LCC": 0.3712851813298342, "GCC": 0.31499368300933284}, "rate_30": {"ACE": 0.007197898361530638, "ANB": 0.001808385325023893, "ACC": 0.2400606850529195, "CC": 1, "QCS": 0.7722659903843804, "SCS": {"ori-": 30.947347910126783, "sam_": 19.775674620677773, "ori-av": 0.15952241190787, "sam_av": 0.20387293423379146, "sam_/ori_av": 1.2780206354423447}, "DDC": 0.46969900603178116, "LCC": 0.376569032495688, "GCC": 0.32281022403145854}, "rate_35": {"ACE": 0.0061446090934540246, "ANB": 0.0015759042118587841, "ACC": 0.237849675672163, "CC": 1, "QCS": 0.7725737070559944, "SCS": {"ori-": 32.38913856856896, "sam_": 19.769701868895282, "ori-av": 0.17046915036088925, "sam_av": 0.20810212493573982, "sam_/ori_av": 1.2207612022185845}, "DDC": 0.41013198046970756, "LCC": 0.38859386978742533, "GCC": 0.3230726623722972}, "rate_40": {"ACE": 0.00557767577683476, "ANB": 0.0013732074118934332, "ACC": 0.24003934445095382, "CC": 1, "QCS": 0.7272371501518404, "SCS": {"ori-": 33.609264146356274, "sam_": 19.91770664664543, "ori-av": 0.17147583748140957, "sam_av": 0.20324190455760643, "sam_/ori_av": 1.18525098079571}, "DDC": 0.2272048336315614, "LCC": 0.38833995506921554, "GCC": 0.3321645223321373}}