{"rate_5": {"ANB_G": 0.005696397166678443, "SP": 3.876316994961063, "ACE": 0.026060044308007794, "ANB": 0.009783391139323343, "ACC": 0.26575004666185437, "CC": 1, "QCS": 0.5617522844127091, "SCS": {"ori-": 7.309486530670068, "sam_": 5.631290591186868, "ori-av": 0.07028352433336603, "sam_av": 0.1082940498305167, "sam_/ori_av": 1.5408170102122463}, "DDC": 0.6779115967071714, "LCC": 0.3359096435549807, "GCC": 0.2963738460074236}, "rate_10": {"ANB_G": 0.0036031515208926855, "SP": 3.9282330381817157, "ACE": 0.016993268513633746, "ANB": 0.004929685249464167, "ACC": 0.26040221296529226, "CC": 1, "QCS": 0.6761962683085118, "SCS": {"ori-": 13.394172549908749, "sam_": 9.718420091656, "ori-av": 0.1030320965377596, "sam_av": 0.14951415525624615, "sam_/ori_av": 1.4511415401651233}, "DDC": 0.9305151425605465, "LCC": 0.34566048653255277, "GCC": 0.28426595648094904}, "rate_15": {"ANB_G": 0.002730728693630264, "SP": 4.1409080450954825, "ACE": 0.013139562503887179, "ANB": 0.0035570872537887643, "ACC": 0.2470340945430758, "CC": 1, "QCS": 0.7489081669143967, "SCS": {"ori-": 19.606997475685922, "sam_": 13.692722711566711, "ori-av": 0.12409492073218938, "sam_av": 0.1733256039438824, "sam_/ori_av": 1.3967179552653757}, "DDC": 0.9953660689719966, "LCC": 0.33779618984084836, "GCC": 0.270500686366592}, "rate_20": {"ANB_G": 0.0022525151839465807, "SP": 4.16000838838209, "ACE": 0.011638699026460374, "ANB": 0.0027383088287539796, "ACC": 0.24531340906384336, "CC": 1, "QCS": 0.6358780022742649, "SCS": {"ori-": 24.310497843096005, "sam_": 16.541072377678304, "ori-av": 0.13812782865395457, "sam_av": 0.18796673156452617, "sam_/ori_av": 1.3608172473009097}, "DDC": 0.7744787518540568, "LCC": 0.3615972405698177, "GCC": 0.30111405835543764}, "rate_25": {"ANB_G": 0.0018829491113141613, "SP": 4.243556575714708, "ACE": 0.00834703323475839, "ANB": 0.0021990214072642065, "ACC": 0.24053948822434115, "CC": 1, "QCS": 0.8634671161718276, "SCS": {"ori-": 27.219209626439543, "sam_": 17.862445157843943, "ori-av": 0.15121783125799745, "sam_av": 0.1984716128649327, "sam_/ori_av": 1.3124881583992174}, "DDC": 0.7020266616419439, "LCC": 0.36390834797765975, "GCC": 0.3122170074637666}, "rate_30": {"ANB_G": 0.0016424465321087432, "SP": 4.356772284089834, "ACE": 0.007400762464047243, "ANB": 0.0018805446969690951, "ACC": 0.23455837511312774, "CC": 1, "QCS": 0.7038659347197279, "SCS": {"ori-": 31.475329843751993, "sam_": 20.138416392530313, "ori-av": 0.16393400960287496, "sam_av": 0.2097751707555241, "sam_/ori_av": 1.2796317936936814}, "DDC": 0.45601606763004343, "LCC": 0.369190561582898, "GCC": 0.31618215219605056}, "rate_35": {"ANB_G": 0.0014827145476401207, "SP": 4.365258354656049, "ACE": 0.006364020071241585, "ANB": 0.0016280882218945635, "ACC": 0.2340519222250254, "CC": 1, "QCS": 0.8314087839276003, "SCS": {"ori-": 31.098158585965542, "sam_": 18.76278173369599, "ori-av": 0.18510808682122346, "sam_av": 0.22336644921066656, "sam_/ori_av": 1.2066812047298228}, "DDC": 0.5406641202900249, "LCC": 0.37561327410046463, "GCC": 0.31489704816883635}, "rate_40": {"ANB_G": 0.0013658621562409178, "SP": 4.2435159068922825, "ACE": 0.005577675776834744, "ANB": 0.0013732074118934332, "ACC": 0.24003934445095382, "CC": 1, "QCS": 0.7862518012014261, "SCS": {"ori-": 33.04864607236945, "sam_": 19.410498925086234, "ori-av": 0.1836035892909414, "sam_av": 0.21567221027873593, "sam_/ori_av": 1.1746622770918604}, "DDC": 0.2272048336315614, "LCC": 0.38833995506921554, "GCC": 0.3321645223321373}}