{"rate_5": {"ANB_G": 0.005696397166678443, "SP": 3.876316994961063, "ACE": 0.026060044308007756, "ANB": 0.009783391139323343, "ACC": 0.26575004666185437, "CC": 1, "QCS": 0.5828392349551732, "SCS": {"ori-": 7.22048367250158, "sam_": 5.543875741853592, "ori-av": 0.07367840482144469, "sam_av": 0.1131403212623182, "sam_/ori_av": 1.535596780854677}, "DDC": 0.6779115967071714, "LCC": 0.3359096435549807, "GCC": 0.2963738460074236}, "rate_10": {"ANB_G": 0.0036031515208926855, "SP": 3.9282330381817157, "ACE": 0.01699326851363374, "ANB": 0.004929685249464167, "ACC": 0.26040221296529226, "CC": 1, "QCS": 0.7187363676010299, "SCS": {"ori-": 13.474521603727908, "sam_": 9.793923124593826, "ori-av": 0.10866549680425733, "sam_av": 0.15796650200957785, "sam_/ori_av": 1.4536951162532117}, "DDC": 0.9305151425605465, "LCC": 0.34566048653255277, "GCC": 0.28426595648094904}, "rate_15": {"ANB_G": 0.002730728693630264, "SP": 4.1409080450954825, "ACE": 0.013139562503887162, "ANB": 0.0035570872537887643, "ACC": 0.2470340945430758, "CC": 1, "QCS": 0.7030440386154397, "SCS": {"ori-": 19.634236631018922, "sam_": 13.716867166438961, "ori-av": 0.12586049122448026, "sam_av": 0.17585727136460205, "sam_/ori_av": 1.3972396711129096}, "DDC": 0.9953660689719966, "LCC": 0.33779618984084836, "GCC": 0.270500686366592}, "rate_20": {"ANB_G": 0.0022525151839465807, "SP": 4.16000838838209, "ACE": 0.011638699026460433, "ANB": 0.0027383088287539796, "ACC": 0.24531340906384336, "CC": 1, "QCS": 0.6849652474218043, "SCS": {"ori-": 24.35857114768331, "sam_": 16.58287130970817, "ori-av": 0.1384009724300188, "sam_av": 0.18844171942850194, "sam_/ori_av": 1.3615635506013932}, "DDC": 0.7744787518540568, "LCC": 0.3615972405698177, "GCC": 0.30111405835543764}, "rate_25": {"ANB_G": 0.0018829491113141613, "SP": 4.243196033856073, "ACE": 0.008347297698481516, "ANB": 0.002198776972105809, "ACC": 0.24055971038683827, "CC": 1, "QCS": 0.8110100419858547, "SCS": {"ori-": 27.135599710785993, "sam_": 17.785344456205372, "ori-av": 0.157765114597593, "sam_av": 0.20680633088610897, "sam_/ori_av": 1.3108495589383244}, "DDC": 0.7020266616419439, "LCC": 0.3645795564340223, "GCC": 0.31216453646604886}, "rate_30": {"ANB_G": 0.0016442868083351957, "SP": 4.358071120825012, "ACE": 0.007405887166170069, "ANB": 0.001883382569167141, "ACC": 0.23449806742247709, "CC": 1, "QCS": 0.7008845983302839, "SCS": {"ori-": 31.428359167935817, "sam_": 20.128833793749482, "ori-av": 0.1540605841565481, "sam_av": 0.19734150778185766, "sam_/ori_av": 1.2809344379827212}, "DDC": 0.4210733728168461, "LCC": 0.3695737916958642, "GCC": 0.3165822966409116}, "rate_35": {"ANB_G": 0.001481282664928735, "SP": 4.368334744586503, "ACE": 0.006357879559408629, "ANB": 0.001628001326528032, "ACC": 0.23390368731600086, "CC": 1, "QCS": 0.8008732542650461, "SCS": {"ori-": 31.034264620940267, "sam_": 18.682461274078285, "ori-av": 0.18923332085939187, "sam_av": 0.22783489358632056, "sam_/ori_av": 1.2039893003601159}, "DDC": 0.5406641202900249, "LCC": 0.37559579064648946, "GCC": 0.31487807062984186}, "rate_40": {"ANB_G": 0.0013658621562409178, "SP": 4.2435159068922825, "ACE": 0.005577675776834762, "ANB": 0.0013732074118934332, "ACC": 0.24003934445095382, "CC": 1, "QCS": 0.7480922009381271, "SCS": {"ori-": 33.037954308082135, "sam_": 19.40563019571666, "ori-av": 0.17955409950044637, "sam_av": 0.21093076299692023, "sam_/ori_av": 1.1747476865399882}, "DDC": 0.2272048336315614, "LCC": 0.38833995506921554, "GCC": 0.3321645223321373}}