{"rate_5": {"ANB_G": 0.005696397166678443, "SP": 3.876316994961063, "ACE": 0.02606004430800777, "ANB": 0.009783391139323343, "ACC": 0.26575004666185437, "CC": 1, "QCS": 0.5694566725254142, "SCS": {"ori-": 7.291196262715177, "sam_": 5.613075781690338, "ori-av": 0.07291196262715177, "sam_av": 0.11226151563380675, "sam_/ori_av": 1.5396858291673738}, "DDC": 0.6779115967071714, "LCC": 0.3359096435549807, "GCC": 0.2963738460074236}, "rate_10": {"ANB_G": 0.0036031515208926855, "SP": 3.9282330381817157, "ACE": 0.016993268513633735, "ANB": 0.004929685249464167, "ACC": 0.26040221296529226, "CC": 1, "QCS": 0.6409416039823994, "SCS": {"ori-": 13.331630736096695, "sam_": 9.658065439589622, "ori-av": 0.107513151097554, "sam_av": 0.15577524902563908, "sam_/ori_av": 1.4488948322637627}, "DDC": 0.9305151425605465, "LCC": 0.34566048653255277, "GCC": 0.28426595648094904}, "rate_15": {"ANB_G": 0.002730728693630264, "SP": 4.1409080450954825, "ACE": 0.013139562503887184, "ANB": 0.0035570872537887643, "ACC": 0.2470340945430758, "CC": 1, "QCS": 0.7312089592997553, "SCS": {"ori-": 19.800238601284953, "sam_": 13.876686028835673, "ori-av": 0.12375149125803095, "sam_av": 0.1734585753604459, "sam_/ori_av": 1.4016685665530448}, "DDC": 0.9953660689719966, "LCC": 0.33779618984084836, "GCC": 0.270500686366592}, "rate_20": {"ANB_G": 0.0022525151839465807, "SP": 4.16000838838209, "ACE": 0.01163869902646042, "ANB": 0.0027383088287539796, "ACC": 0.24531340906384336, "CC": 1, "QCS": 0.7094742701520237, "SCS": {"ori-": 24.613880365191733, "sam_": 16.823684817354962, "ori-av": 0.1309248955595305, "sam_av": 0.17897537039739322, "sam_/ori_av": 1.3670079294889685}, "DDC": 0.7744787518540568, "LCC": 0.3615972405698177, "GCC": 0.30111405835543764}, "rate_25": {"ANB_G": 0.0018829491113141613, "SP": 4.245280387807263, "ACE": 0.008346974999942317, "ANB": 0.0022001900934286583, "ACC": 0.24045972780472705, "CC": 1, "QCS": 0.8624531051452005, "SCS": {"ori-": 27.298709721815854, "sam_": 17.930626368396823, "ori-av": 0.15871342861520846, "sam_av": 0.2084956554464747, "sam_/ori_av": 1.313661088829228}, "DDC": 0.7020266616419439, "LCC": 0.36392735283577654, "GCC": 0.31226004783534717}, "rate_30": {"ANB_G": 0.0016415279378514118, "SP": 4.358733658074911, "ACE": 0.007395407054560498, "ANB": 0.0018805899541292906, "ACC": 0.23446299366528883, "CC": 1, "QCS": 0.7038417692198788, "SCS": {"ori-": 31.402670683133543, "sam_": 20.09396596208313, "ori-av": 0.16021770756700787, "sam_av": 0.20504046900084824, "sam_/ori_av": 1.2797615951101668}, "DDC": 0.45601606763004343, "LCC": 0.36841728723393186, "GCC": 0.31632297831384515}, "rate_35": {"ANB_G": 0.0014827145476401207, "SP": 4.362268655935038, "ACE": 0.006364050248635223, "ANB": 0.0016266418267707056, "ACC": 0.23417908409903698, "CC": 1, "QCS": 0.7826959042227195, "SCS": {"ori-": 30.16403940877908, "sam_": 17.89906992497644, "ori-av": 0.1909116418277157, "sam_av": 0.22657050537944862, "sam_/ori_av": 1.1867820275932284}, "DDC": 0.5406641202900249, "LCC": 0.3762810773782244, "GCC": 0.31488665576069175}, "rate_40": {"ANB_G": 0.0013658621562409178, "SP": 4.2435159068922825, "ACE": 0.00557767577683476, "ANB": 0.0013732074118934332, "ACC": 0.24003934445095382, "CC": 1, "QCS": 0.7941944216239765, "SCS": {"ori-": 32.81936392410063, "sam_": 19.199264743712032, "ori-av": 0.1823297995783368, "sam_av": 0.21332516381902258, "sam_/ori_av": 1.1699961515471793}, "DDC": 0.2272048336315614, "LCC": 0.38833995506921554, "GCC": 0.3321645223321373}}