{"rate-5": {"ANB_G": 0.0006515180422432776, "SP": 46.15064935064935, "ANB": 1.8888795756632032e-05, "ACC": 0.00273154768777568, "CC": 215, "QCS": 0.31830218579585423, "SCS": {"ori-": 11.28249750833658, "sam_": 9.259043379731022, "ori-av": 0.025642039791674044, "sam_av": 0.04208656081695919, "sam_/ori_av": 1.6413109549352105}, "DDC": 0.00998368874683353, "LCC": 0.05536723163841808, "GCC": 0.36363636363636365}, "rate-10": {"ANB_G": 0.0004289844264588308, "SP": 83.3754506923527, "ANB": 0.00013460191132365004, "ACC": 0.006175051482358938, "CC": 331, "QCS": 0.3496228602111039, "SCS": {"ori-": 20.915355569118805, "sam_": 16.779321043878234, "ori-av": 0.03031210952046204, "sam_av": 0.048635713170661544, "sam_/ori_av": 1.604497804345496}, "DDC": 0.01615268127551306, "LCC": 0.09585914279583274, "GCC": 0.3132621951219512}, "rate-15": {"ANB_G": 0.0005613007866057168, "SP": 80.1972190236207, "ANB": 0.0018153994346185277, "ACC": 0.013002545241525035, "CC": 386, "QCS": 0.3294688519481695, "SCS": {"ori-": 27.415213078520377, "sam_": 21.69345166398067, "ori-av": 0.033190330603535566, "sam_av": 0.052526517346200174, "sam_/ori_av": 1.5825849393800506}, "DDC": 0.0015332404080106166, "LCC": 0.16294581728556085, "GCC": 0.3577764636309876}, "rate-20": {"ANB_G": 0.0005781809293124256, "SP": 83.17828956383354, "ANB": 0.0011763528574588763, "ACC": 0.033331289652865526, "CC": 397, "QCS": 0.45797022652775565, "SCS": {"ori-": 34.465170072706975, "sam_": 26.655905556587086, "ori-av": 0.038638083041151315, "sam_av": 0.059766604386966564, "sam_/ori_av": 1.5468315113695577}, "DDC": 0.9387323067309362, "LCC": 0.21811042602603747, "GCC": 0.24873458330362871}, "rate-25": {"ANB_G": 0.0006093228959098064, "SP": 88.54715365878609, "ANB": 0.0015470195439592541, "ACC": 0.06243787117441943, "CC": 377, "QCS": 0.5222388743279668, "SCS": {"ori-": 40.647497642254386, "sam_": 30.446845554150602, "ori-av": 0.046295555401200894, "sam_av": 0.06935500126230205, "sam_/ori_av": 1.4980920017324817}, "DDC": 0.9924058797902793, "LCC": 0.25575077586826095, "GCC": 0.28712838834442295}, "rate-30": {"ANB_G": 0.0006091211366858951, "SP": 51.55969601727524, "ANB": 0.0017752838078346986, "ACC": 0.09023761170913826, "CC": 358, "QCS": 0.5081314742475035, "SCS": {"ori-": 40.80184267247391, "sam_": 29.79373982631554, "ori-av": 0.04822912845446089, "sam_av": 0.07043437311185707, "sam_/ori_av": 1.4604114851124237}, "DDC": 0.23661821248109915, "LCC": 0.24191834257716763, "GCC": 0.28308418990365264}, "rate-35": {"ANB_G": 0.0005382304167106457, "SP": 80.06902156732659, "ANB": 0.0014488259720198046, "ACC": 0.08679814882148777, "CC": 406, "QCS": 0.6644662570020462, "SCS": {"ori-": 46.53755487018535, "sam_": 33.76709735574347, "ori-av": 0.04719833151134417, "sam_av": 0.06849309808467235, "sam_/ori_av": 1.4511762575380438}, "DDC": 0.035250390731160985, "LCC": 0.2844563945989719, "GCC": 0.3278919317534274}, "rate-40": {"ANB_G": 0.0005792337263583533, "SP": 67.64692399452267, "ANB": 0.0014507409206175252, "ACC": 0.10265778288002475, "CC": 376, "QCS": 0.5432256128328818, "SCS": {"ori-": 48.373526473435234, "sam_": 33.99734665684523, "ori-av": 0.05374836274826137, "sam_av": 0.07554965923743384, "sam_/ori_av": 1.40561787139977}, "DDC": 0.2822100903898468, "LCC": 0.28965409254654706, "GCC": 0.30354458193593153}}