{"rate-5": {"ANB_G": 0.0031012474258935536, "SP": 144.6, "ANB": 1.5740663130526693e-06, "ACC": 0.0037277703656119366, "CC": 140, "QCS": 0.3525809783953886, "SCS": {"ori-": 10.364771583330073, "sam_": 8.475455729702288, "ori-av": 0.03322042174144254, "sam_av": 0.05432984442116851, "sam_/ori_av": 1.6354351201204627}, "DDC": 0.8790361623002759, "LCC": 0.0, "GCC": 0}, "rate-10": {"ANB_G": 0.0023214116760614085, "SP": 273.2793650793652, "ANB": 3.310961458899211e-06, "ACC": 0.0023283854390819076, "CC": 244, "QCS": 0.31792952800113133, "SCS": {"ori-": 20.737569323684696, "sam_": 16.850075857076604, "ori-av": 0.03784227978774579, "sam_av": 0.06149662721560804, "sam_/ori_av": 1.6250772300331144}, "DDC": 0.06046301821812616, "LCC": 0.0, "GCC": 0}, "rate-15": {"ANB_G": 0.0018761016574299122, "SP": 374.54795031164895, "ANB": 6.0133889008439145e-05, "ACC": 0.0024174032879843454, "CC": 318, "QCS": 0.3651885811437715, "SCS": {"ori-": 29.91840637361957, "sam_": 24.1744118494243, "ori-av": 0.042020233670814, "sam_av": 0.06790565126242781, "sam_/ori_av": 1.6160226950283014}, "DDC": 0.07399065848371189, "LCC": 0.0, "GCC": 0}, "rate-20": {"ANB_G": 0.0016922226218923214, "SP": 490.3296063678412, "ANB": 2.4137100483605096e-05, "ACC": 0.0019206775344164028, "CC": 405, "QCS": 0.30633384405407227, "SCS": {"ori-": 39.74448891221549, "sam_": 31.83467998950749, "ori-av": 0.044062626288487235, "sam_av": 0.07058687359092569, "sam_/ori_av": 1.601967007794285}, "DDC": 0.043933543074052284, "LCC": 0.003951453570420548, "GCC": 0.010810810810810811}, "rate-25": {"ANB_G": 0.0014906794990860923, "SP": 509.676534344825, "ANB": 0.0007705274142582275, "ACC": 0.0036806081973962492, "CC": 411, "QCS": 0.3800718310577657, "SCS": {"ori-": 47.3719121864225, "sam_": 37.56306824181488, "ori-av": 0.05007601711038319, "sam_av": 0.07941452059580313, "sam_/ori_av": 1.585879332630403}, "DDC": 0.11620312461070237, "LCC": 0.0043879163039623435, "GCC": 0.010657193605683837}, "rate-30": {"ANB_G": 0.0014282478532803649, "SP": 554.5613999052613, "ANB": 8.688959385207109e-05, "ACC": 0.0043043471223339295, "CC": 421, "QCS": 0.5080996892509309, "SCS": {"ori-": 54.09266959427317, "sam_": 42.28707720719739, "ori-av": 0.05345125453979562, "sam_av": 0.08357129882845335, "sam_/ori_av": 1.5635049083129133}, "DDC": 0.013948909362150319, "LCC": 0.005861867628233318, "GCC": 0.0141287284144427}, "rate-35": {"ANB_G": 0.0013090188366703813, "SP": 535.330068276471, "ANB": 0.0011963014110565134, "ACC": 0.00956002914715588, "CC": 419, "QCS": 0.6043407308029906, "SCS": {"ori-": 54.21952811924586, "sam_": 41.857017062463996, "ori-av": 0.052335451852553914, "sam_av": 0.08080505224413899, "sam_/ori_av": 1.5439830819038929}, "DDC": 0.023367399094701424, "LCC": 0.0033665495929646873, "GCC": 0.008238928939237899}, "rate-40": {"ANB_G": 0.0011761140279418038, "SP": 523.9224608122341, "ANB": 0.0009543949561916971, "ACC": 0.01963733801368564, "CC": 403, "QCS": 0.32714632093309365, "SCS": {"ori-": 58.39532843451156, "sam_": 44.08465934089002, "ori-av": 0.05862984782581482, "sam_av": 0.08852341233110446, "sam_/ori_av": 1.509869385881767}, "DDC": 0.0014520580412793471, "LCC": 0.00991753310154644, "GCC": 0.014965703595926003}}