{"rate-5": {"ANB_G": 0.0024546253340430365, "SP": 145.16666666666666, "ANB": 1.6527696287053028e-06, "ACC": 0.003668527943865192, "CC": 141, "QCS": 0.37262954591961117, "SCS": {"ori-": 11.066527327003087, "sam_": 9.040584221686132, "ori-av": 0.037386916645280696, "sam_av": 0.06108502852490629, "sam_/ori_av": 1.6338610938277784}, "DDC": 0.6614808130806418, "LCC": 0.0, "GCC": 0}, "rate-10": {"ANB_G": 0.001960748710653765, "SP": 273.7222222222223, "ANB": 2.2592442896018164e-06, "ACC": 0.0023144473600840167, "CC": 242, "QCS": 0.30294143640841653, "SCS": {"ori-": 21.810063280554573, "sam_": 17.715392841860794, "ori-av": 0.04162225816899728, "sam_av": 0.06761600321320914, "sam_/ori_av": 1.6245154921357328}, "DDC": 0.2638476123309137, "LCC": 0.0, "GCC": 0}, "rate-15": {"ANB_G": 0.0018697012894902127, "SP": 378.67969927661846, "ANB": 1.430326431461938e-05, "ACC": 0.002147864498157331, "CC": 314, "QCS": 0.3610232818282593, "SCS": {"ori-": 32.182148979918374, "sam_": 25.786560584243034, "ori-av": 0.047049925409237386, "sam_av": 0.075399299953927, "sam_/ori_av": 1.6025381400312217}, "DDC": 0.23109118895975178, "LCC": 0.0, "GCC": 0}, "rate-20": {"ANB_G": 0.0016689335836630168, "SP": 488.0322489733911, "ANB": 9.428916251248421e-06, "ACC": 0.0017649501101240346, "CC": 395, "QCS": 0.2301454118955483, "SCS": {"ori-": 40.52801520043269, "sam_": 32.44168233647165, "ori-av": 0.046264857534740515, "sam_av": 0.07406776789148779, "sam_/ori_av": 1.6009509558279722}, "DDC": 0.14096204394804868, "LCC": 0.0, "GCC": 0}, "rate-25": {"ANB_G": 0.001427544579585403, "SP": 522.5378973291569, "ANB": 2.8941620332054234e-05, "ACC": 0.002336402658429959, "CC": 402, "QCS": 0.49774303756342697, "SCS": {"ori-": 46.805715776388716, "sam_": 37.07472732036817, "ori-av": 0.050113186056090706, "sam_av": 0.0793891377309811, "sam_/ori_av": 1.5841965753708493}, "DDC": 0.017002009913829053, "LCC": 0.002031144211238998, "GCC": 0.0024650780608052587}, "rate-30": {"ANB_G": 0.0014313444509170732, "SP": 526.5105310934262, "ANB": 0.00048499926342598064, "ACC": 0.006072917429165676, "CC": 405, "QCS": 0.5962979659911459, "SCS": {"ori-": 53.88700410001647, "sam_": 41.94178998518027, "ori-av": 0.05566839266530627, "sam_av": 0.08665659087847163, "sam_/ori_av": 1.5566569597127575}, "DDC": 0.08445180279764952, "LCC": 0.0019939804364183596, "GCC": 0.004435682602267127}, "rate-35": {"ANB_G": 0.0012275822963210298, "SP": 540.0081559706739, "ANB": 0.0002847103668076786, "ACC": 0.0098561483551677, "CC": 424, "QCS": 0.6506783002550244, "SCS": {"ori-": 54.42346581966338, "sam_": 41.661719110919044, "ori-av": 0.05542104462287513, "sam_av": 0.08485075175339928, "sam_/ori_av": 1.5310204333170758}, "DDC": 0.022313045018764965, "LCC": 0.00639528186697998, "GCC": 0.014527845036319613}, "rate-40": {"ANB_G": 0.0012003704061172827, "SP": 479.2304869736803, "ANB": 0.0008599516131964613, "ACC": 0.018038618089189405, "CC": 354, "QCS": 0.5754210203160576, "SCS": {"ori-": 58.3849055519532, "sam_": 43.49856932445216, "ori-av": 0.06387845246384377, "sam_av": 0.0951828650425649, "sam_/ori_av": 1.490062162924813}, "DDC": 0.031659626932282414, "LCC": 0.009460361428198921, "GCC": 0.01759874853343762}}