{"rate-5": {"ANB_G": 0.0005464850191053497, "SP": 39.47030942913295, "ANB": 6.477282878211735e-05, "ACC": 0.005197217332872342, "CC": 198, "QCS": 0.3990324019450424, "SCS": {"ori-": 10.484651670703693, "sam_": 8.619099098392446, "ori-av": 0.026081223061451973, "sam_av": 0.042881090041753465, "sam_/ori_av": 1.6441364709284545}, "DDC": 0.6783886484047342, "LCC": 0.08708387657540201, "GCC": 0.25925925925925924}, "rate-10": {"ANB_G": 0.0005920283189925693, "SP": 61.345176951828336, "ANB": 0.00027225761819216486, "ACC": 0.00951760707547234, "CC": 323, "QCS": 0.3214482036431482, "SCS": {"ori-": 21.047444284547453, "sam_": 16.983811753528357, "ori-av": 0.030771117375069375, "sam_av": 0.04966026828517064, "sam_/ori_av": 1.6138597659571885}, "DDC": 0.8948326393248621, "LCC": 0.14412270206556704, "GCC": 0.3045429052159282}, "rate-15": {"ANB_G": 0.0009276196060748394, "SP": 60.583516488883696, "ANB": 0.0015202612340093806, "ACC": 0.04323204842819953, "CC": 333, "QCS": 0.5047108068855948, "SCS": {"ori-": 29.061680424739837, "sam_": 22.77249921145627, "ori-av": 0.03874890723298645, "sam_av": 0.06072666456388339, "sam_/ori_av": 1.5671839259556604}, "DDC": 0.9999997202728134, "LCC": 0.17082808105746622, "GCC": 0.2409670920080591}, "rate-20": {"ANB_G": 0.0006286873757791195, "SP": 67.81350848722646, "ANB": 0.0014809217029781582, "ACC": 0.043832866442662065, "CC": 373, "QCS": 0.5480841059500102, "SCS": {"ori-": 32.766114205300084, "sam_": 25.061137918696677, "ori-av": 0.03928790672098331, "sam_av": 0.06009865208320546, "sam_/ori_av": 1.5296985026465488}, "DDC": 0.0005776898528406793, "LCC": 0.23650441732810754, "GCC": 0.3253898390342052}, "rate-25": {"ANB_G": 0.0005889419956795339, "SP": 72.9291650268923, "ANB": 0.00177139547005674, "ACC": 0.06270386905305057, "CC": 394, "QCS": 0.3536180438012792, "SCS": {"ori-": 39.19839351989983, "sam_": 29.74568486334164, "ori-av": 0.04269977507614361, "sam_av": 0.06480541364562449, "sam_/ori_av": 1.5176991806177293}, "DDC": 0.026458752824706666, "LCC": 0.2220804736177216, "GCC": 0.3012352392790553}, "rate-30": {"ANB_G": 0.000583772122885356, "SP": 63.94543758805634, "ANB": 0.0015133177313727628, "ACC": 0.08129654559600426, "CC": 419, "QCS": 0.5463703969766199, "SCS": {"ori-": 43.04397742426705, "sam_": 32.03342600819608, "ori-av": 0.044283927391221244, "sam_av": 0.0659123991938191, "sam_/ori_av": 1.4884045539033521}, "DDC": 0.0002437758353533992, "LCC": 0.24160287991733698, "GCC": 0.3535905726197567}, "rate-35": {"ANB_G": 0.0005875393724304452, "SP": 68.6640910497492, "ANB": 0.001337130017384533, "ACC": 0.09277267599524158, "CC": 420, "QCS": 0.6857680620447013, "SCS": {"ori-": 47.97107663011228, "sam_": 34.757417251794955, "ori-av": 0.049150693268557664, "sam_av": 0.0712242156799077, "sam_/ori_av": 1.4490989026490648}, "DDC": 0.07448425985925589, "LCC": 0.27031838000118186, "GCC": 0.3155175433475393}, "rate-40": {"ANB_G": 0.0005441012498735584, "SP": 67.57643242231589, "ANB": 0.001227069407601336, "ACC": 0.09910574001861318, "CC": 372, "QCS": 0.5205363877142554, "SCS": {"ori-": 46.58002262824392, "sam_": 32.659557132935895, "ori-av": 0.050630459378526, "sam_av": 0.07099903724551282, "sam_/ori_av": 1.402298895111858}, "DDC": 0.2835209256727682, "LCC": 0.28335901224486887, "GCC": 0.29733775259275097}}