{"rate-5": {"ACE": 0.010083496602867536, "ANB": 5.7532123742075076e-05, "ACC": 0.004939106097849998, "CC": 198, "QCS": 0.580901061664287, "SCS": {"ori-": 10.947888110716471, "sam_": 8.996170054046326, "ori-av": 0.02644417418047457, "sam_av": 0.043459758715199644, "sam_/ori_av": 1.6434530501349054}, "DDC": 0.0836043730601368, "LCC": 0.037137476459510356, "GCC": 0.22167487684729065}, "rate-10": {"ACE": 0.009485516402450243, "ANB": 0.00043029153763891095, "ACC": 0.016062739531861617, "CC": 312, "QCS": 0.7693088832128443, "SCS": {"ori-": 20.60404243085785, "sam_": 16.567909687971305, "ori-av": 0.030211205910348753, "sam_av": 0.04858624541927069, "sam_/ori_av": 1.6082193330332313}, "DDC": 0.7511697354368839, "LCC": 0.11847496594321338, "GCC": 0.21049812533476164}, "rate-15": {"ACE": 0.005643296048185861, "ANB": 0.001201659246373862, "ACC": 0.030137053595890924, "CC": 374, "QCS": 0.581695848061472, "SCS": {"ori-": 31.060513417098008, "sam_": 24.442817703779284, "ori-av": 0.037153724183131585, "sam_av": 0.05847564043966336, "sam_/ori_av": 1.573883687983351}, "DDC": 0.00925393729373758, "LCC": 0.14538712248109903, "GCC": 0.31402651779483604}, "rate-20": {"ACE": 0.006277840110874669, "ANB": 0.0011689823322973308, "ACC": 0.05027171056811809, "CC": 377, "QCS": 0.7677417839371348, "SCS": {"ori-": 32.86818502558084, "sam_": 25.42456030411324, "ori-av": 0.03857768195490709, "sam_av": 0.059682066441580375, "sam_/ori_av": 1.5470620166173255}, "DDC": 0.30536082276427534, "LCC": 0.21103367941731177, "GCC": 0.28617905071748095}, "rate-25": {"ACE": 0.006414764185943503, "ANB": 0.0016598241926557029, "ACC": 0.07308227651374728, "CC": 383, "QCS": 0.7555205924857724, "SCS": {"ori-": 40.42951046801769, "sam_": 30.66047114927275, "ori-av": 0.044525892585922565, "sam_av": 0.06753407742130563, "sam_/ori_av": 1.5167371949025767}, "DDC": 0.9999982806064124, "LCC": 0.23846155982807932, "GCC": 0.26870544702617405}, "rate-30": {"ACE": 0.004453294858259979, "ANB": 0.0015903269284699257, "ACC": 0.07657961551037593, "CC": 385, "QCS": 0.6045709945450579, "SCS": {"ori-": 44.186215463284995, "sam_": 32.64166205420252, "ori-av": 0.048770657244243926, "sam_av": 0.07205664912627488, "sam_/ori_av": 1.4774590542303845}, "DDC": 0.010106863929744692, "LCC": 0.24712689166164678, "GCC": 0.3353211323599973}, "rate-35": {"ACE": 0.003993520134509871, "ANB": 0.0011898456070952425, "ACC": 0.10120869909192722, "CC": 408, "QCS": 0.7456302415864337, "SCS": {"ori-": 48.473272557102746, "sam_": 34.96528501413216, "ori-av": 0.049462523017451784, "sam_av": 0.07135772451863705, "sam_/ori_av": 1.4426624475556982}, "DDC": 0.7972658422671082, "LCC": 0.2693367472510162, "GCC": 0.2966954450729384}, "rate-40": {"ACE": 0.004155954225366257, "ANB": 0.0012470247874218378, "ACC": 0.10074189558369111, "CC": 397, "QCS": 0.6700304467651165, "SCS": {"ori-": 50.51069261376636, "sam_": 35.78581674812558, "ori-av": 0.05218046757620492, "sam_av": 0.07393763790935037, "sam_/ori_av": 1.4169600493014183}, "DDC": 0.22793871468091553, "LCC": 0.2761439429092926, "GCC": 0.30448064159842386}}