{"rate-5": {"ANB_G": 0.0005896099765241263, "SP": 50.00873015873016, "ANB": 2.054156538533734e-05, "ACC": 0.0035698414866136142, "CC": 199, "QCS": 0.40302795534922936, "SCS": {"ori-": 11.86981808644717, "sam_": 9.665395395651869, "ori-av": 0.02938073783774052, "sam_av": 0.04784849205768252, "sam_/ori_av": 1.6285667270145803}, "DDC": 0.005725227710913328, "LCC": 0.05242937853107344, "GCC": 0.31788079470198677}, "rate-10": {"ANB_G": 0.0005161044280844333, "SP": 76.60492770738671, "ANB": 0.00010460228521784816, "ACC": 0.0054984294732538345, "CC": 327, "QCS": 0.3466529055704904, "SCS": {"ori-": 23.092083475634993, "sam_": 18.575357023130564, "ori-av": 0.03356407481923691, "sam_av": 0.0539981308811935, "sam_/ori_av": 1.6088073683546023}, "DDC": 0.003835653632495717, "LCC": 0.11102538704233623, "GCC": 0.2864476386036961}, "rate-15": {"ANB_G": 0.0005392979685045252, "SP": 89.39248954168526, "ANB": 0.0006479865837458972, "ACC": 0.012990411845960441, "CC": 388, "QCS": 0.557258090247265, "SCS": {"ori-": 30.164352497882813, "sam_": 23.863461165125656, "ori-av": 0.03573975414441092, "sam_av": 0.05654848617328354, "sam_/ori_av": 1.58222929975378}, "DDC": 0.3994735102070016, "LCC": 0.17466724565470812, "GCC": 0.3410425191247109}, "rate-20": {"ANB_G": 0.0006262558770939882, "SP": 65.43297974763352, "ANB": 0.0019623588071220706, "ACC": 0.055944443542590365, "CC": 341, "QCS": 0.34842595202885585, "SCS": {"ori-": 35.24763456456629, "sam_": 26.866470277334685, "ori-av": 0.04405954320570786, "sam_av": 0.06716617569333672, "sam_/ori_av": 1.5244410360712823}, "DDC": 0.3893279276463494, "LCC": 0.22835108935348905, "GCC": 0.2940406529103788}, "rate-25": {"ANB_G": 0.0007773460379758849, "SP": 55.23162737732288, "ANB": 0.0016000980477312195, "ACC": 0.08422361836410384, "CC": 372, "QCS": 0.7102992812779375, "SCS": {"ori-": 39.66385589720822, "sam_": 29.64373666764089, "ori-av": 0.0450725635195548, "sam_av": 0.06737212879009294, "sam_/ori_av": 1.49474810237637}, "DDC": 0.9999085553499598, "LCC": 0.23063042668055334, "GCC": 0.26814905066504213}, "rate-30": {"ANB_G": 0.0006631483409050328, "SP": 81.44545295858251, "ANB": 0.0015936016709532856, "ACC": 0.08034624825227238, "CC": 367, "QCS": 0.531322737359374, "SCS": {"ori-": 44.321507577860885, "sam_": 32.233690952484146, "ori-av": 0.0493557990844776, "sam_av": 0.07178995757791569, "sam_/ori_av": 1.4545394646541876}, "DDC": 0.16713141992911928, "LCC": 0.26702368311465446, "GCC": 0.3005731267246869}, "rate-35": {"ANB_G": 0.0006012326982010034, "SP": 57.95864150330853, "ANB": 0.0016068798834895338, "ACC": 0.10034322779333667, "CC": 355, "QCS": 0.5706956583465757, "SCS": {"ori-": 48.229148683559664, "sam_": 34.20978669502253, "ori-av": 0.05634246341537344, "sam_av": 0.07992940816594049, "sam_/ori_av": 1.4186353119968693}, "DDC": 0.5965521535188028, "LCC": 0.2799672891879514, "GCC": 0.2868400201685515}, "rate-40": {"ANB_G": 0.0006130648855049235, "SP": 64.85475083708916, "ANB": 0.0014538756103858773, "ACC": 0.11518257458168644, "CC": 308, "QCS": 0.6039417034695583, "SCS": {"ori-": 47.946973919367686, "sam_": 33.39777115562821, "ori-av": 0.06178733752495836, "sam_av": 0.08607672978254693, "sam_/ori_av": 1.3931127837929111}, "DDC": 0.19846730139538926, "LCC": 0.29289513265376854, "GCC": 0.289909771228799}}