{"rate-5": {"ANB_G": 0.0005509496071627548, "SP": 43.35555555555556, "ANB": 9.995321087884452e-06, "ACC": 0.002385071823271492, "CC": 224, "QCS": 0.5859850120694396, "SCS": {"ori-": 11.688976084854964, "sam_": 9.61808434448343, "ori-av": 0.02586056655941364, "sam_av": 0.0425578953295727, "sam_/ori_av": 1.645667554567979}, "DDC": 0.01913260070053535, "LCC": 0.02553672316384181, "GCC": 0.17142857142857143}, "rate-10": {"ANB_G": 0.000526394723106418, "SP": 73.72047861699026, "ANB": 0.00039482052784855983, "ACC": 0.01003031402316263, "CC": 327, "QCS": 0.6738742504424853, "SCS": {"ori-": 21.170320070607243, "sam_": 16.894298224949896, "ori-av": 0.030681623290735136, "sam_av": 0.04896898036217361, "sam_/ori_av": 1.5960361646497587}, "DDC": 0.3213306027306555, "LCC": 0.1473505621810707, "GCC": 0.30828889966068834}, "rate-15": {"ANB_G": 0.0005427577069731283, "SP": 62.43356693094234, "ANB": 0.0020288846951072447, "ACC": 0.025758176281749996, "CC": 339, "QCS": 0.6207361845432979, "SCS": {"ori-": 27.611105516422445, "sam_": 21.648604260423717, "ori-av": 0.03691324266901396, "sam_av": 0.057883968610758604, "sam_/ori_av": 1.5681084734218724}, "DDC": 5.71126299142577e-07, "LCC": 0.20482917906191575, "GCC": 0.3622676294361653}, "rate-20": {"ANB_G": 0.0005186348305137673, "SP": 72.44225594470102, "ANB": 0.0016828631370408506, "ACC": 0.04521169995148962, "CC": 394, "QCS": 0.8016749395514444, "SCS": {"ori-": 33.35585282102154, "sam_": 25.823990123874715, "ori-av": 0.03773286518215107, "sam_av": 0.05842531702234099, "sam_/ori_av": 1.5483933366920186}, "DDC": 0.3519968414994552, "LCC": 0.20401131710795498, "GCC": 0.28111078111078114}, "rate-25": {"ANB_G": 0.000618858930740904, "SP": 69.13440461491975, "ANB": 0.0018079587403404232, "ACC": 0.06652467017945597, "CC": 385, "QCS": 0.5884057806179855, "SCS": {"ori-": 39.12967477612996, "sam_": 29.4803100839579, "ori-av": 0.04347741641792218, "sam_av": 0.06551180018657311, "sam_/ori_av": 1.5068006699581156}, "DDC": 0.00020851522929921096, "LCC": 0.21222080984233752, "GCC": 0.32083671811535336}, "rate-30": {"ANB_G": 0.0007533325046098367, "SP": 57.21234409255854, "ANB": 0.001327035472449848, "ACC": 0.09514439114341659, "CC": 423, "QCS": 0.7994392371801762, "SCS": {"ori-": 44.71871233545128, "sam_": 33.471507962855085, "ori-av": 0.04418845092435897, "sam_av": 0.06614922522303376, "sam_/ori_av": 1.4969799537953226}, "DDC": 0.3543599009218752, "LCC": 0.23987038907682742, "GCC": 0.2912840984697272}, "rate-35": {"ANB_G": 0.0005586420981642519, "SP": 66.68527037811535, "ANB": 0.0013862025190147912, "ACC": 0.08975638587712478, "CC": 417, "QCS": 0.5849931523230449, "SCS": {"ori-": 47.63742499132274, "sam_": 34.64253893121312, "ori-av": 0.04860961733808443, "sam_av": 0.07069905904329207, "sam_/ori_av": 1.4544253362780766}, "DDC": 0.32438169246236337, "LCC": 0.267937581569886, "GCC": 0.3205482795086635}, "rate-40": {"ANB_G": 0.0005650885647326536, "SP": 56.38160431468843, "ANB": 0.0014805456674956074, "ACC": 0.10915440624570043, "CC": 349, "QCS": 0.7568561423960026, "SCS": {"ori-": 47.56865129262466, "sam_": 33.32250952355467, "ori-av": 0.054802593655097535, "sam_av": 0.07677997586072505, "sam_/ori_av": 1.4010281400902866}, "DDC": 1.0303720043403075e-05, "LCC": 0.29738975742918394, "GCC": 0.32580074268820397}}