{"rate-5": {"ACE": 0.010092795201083658, "ANB": 4.5805329709832684e-05, "ACC": 0.0028591438005885765, "CC": 223, "QCS": 0.26123880358267965, "SCS": {"ori-": 11.264789853688061, "sam_": 9.267887239302311, "ori-av": 0.024812312453057404, "sam_av": 0.040827697089437495, "sam_/ori_av": 1.6454611865250253}, "DDC": 0.13281313042278153, "LCC": 0.0487758945386064, "GCC": 0.3111111111111111}, "rate-10": {"ACE": 0.007169663300902181, "ANB": 0.0004882451383477047, "ACC": 0.009968276798836979, "CC": 331, "QCS": 0.40125747182822247, "SCS": {"ori-": 23.534359375944337, "sam_": 18.82935512272537, "ori-av": 0.03362051339420619, "sam_av": 0.05379815749350106, "sam_/ori_av": 1.600158714493993}, "DDC": 0.02048398356815928, "LCC": 0.10041007624257875, "GCC": 0.30813124108416545}, "rate-15": {"ACE": 0.005863571305719667, "ANB": 0.0008244468423750002, "ACC": 0.009721351339836978, "CC": 352, "QCS": 0.3782195462319717, "SCS": {"ori-": 28.658022603039406, "sam_": 22.363364829070562, "ori-av": 0.03674105461928129, "sam_av": 0.05734196110018093, "sam_/ori_av": 1.5607053660917103}, "DDC": 0.257299085235036, "LCC": 0.1764672576864037, "GCC": 0.30229686342306744}, "rate-20": {"ACE": 0.005293441982805848, "ANB": 0.001843000120959385, "ACC": 0.048975926697379, "CC": 370, "QCS": 0.568283392558567, "SCS": {"ori-": 34.68142056024413, "sam_": 26.557543415373008, "ori-av": 0.04070589267634287, "sam_av": 0.06234165120979579, "sam_/ori_av": 1.5315141644351413}, "DDC": 6.369604306588617e-05, "LCC": 0.20673027704807814, "GCC": 0.31575769772590057}, "rate-25": {"ACE": 0.005523904019035231, "ANB": 0.0013253342705213664, "ACC": 0.07468041172156999, "CC": 388, "QCS": 0.5577894156125506, "SCS": {"ori-": 40.424707102626726, "sam_": 30.391180577776723, "ori-av": 0.04346742699207175, "sam_av": 0.06535737758661661, "sam_/ori_av": 1.5035943489026273}, "DDC": 0.00028393075687072056, "LCC": 0.2328323721648651, "GCC": 0.28339665263374064}, "rate-30": {"ACE": 0.004268058441444694, "ANB": 0.001470630499942603, "ACC": 0.09315170365761868, "CC": 359, "QCS": 0.5638028423975789, "SCS": {"ori-": 43.05648029672678, "sam_": 31.20952024854662, "ori-av": 0.05041742423504307, "sam_av": 0.07309021135491012, "sam_/ori_av": 1.449701416997581}, "DDC": 0.4375153230137484, "LCC": 0.2530828411985129, "GCC": 0.28}, "rate-35": {"ACE": 0.00458695721163596, "ANB": 0.0013924691734765494, "ACC": 0.11397022428019189, "CC": 362, "QCS": 0.5436724785022684, "SCS": {"ori-": 48.317577169861096, "sam_": 34.74032923703622, "ori-av": 0.05416768741015818, "sam_av": 0.07789311488124713, "sam_/ori_av": 1.4379996378918638}, "DDC": 0.04423007427756298, "LCC": 0.2782391853147487, "GCC": 0.3148529477595237}, "rate-40": {"ACE": 0.004390325795234286, "ANB": 0.0013429826587989158, "ACC": 0.11722081821689811, "CC": 341, "QCS": 0.566947014963872, "SCS": {"ori-": 48.339037158913925, "sam_": 33.24305363848057, "ori-av": 0.057273740709613656, "sam_av": 0.07877500862199187, "sam_/ori_av": 1.375412320654815}, "DDC": 0.999999999999929, "LCC": 0.3102085228049713, "GCC": 0.28787407401178877}}