{"rate-5": {"ANB_G": 0.0006441465025447173, "SP": 36.53650793650793, "ANB": 2.1013785279253137e-05, "ACC": 0.0030692339145861228, "CC": 222, "QCS": 0.5430002014851527, "SCS": {"ori-": 11.21348651919752, "sam_": 9.30018336195059, "ori-av": 0.025030103837494464, "sam_av": 0.041518675722993705, "sam_/ori_av": 1.658749639735804}, "DDC": 0.07924966186796478, "LCC": 0.056416464891041164, "GCC": 0.23275862068965517}, "rate-10": {"ANB_G": 0.000638692212541828, "SP": 56.08932468951016, "ANB": 0.0004836840206428746, "ACC": 0.009340724148740773, "CC": 335, "QCS": 0.6053464020276212, "SCS": {"ori-": 22.827090330792803, "sam_": 18.26482976445553, "ori-av": 0.032610129043989716, "sam_av": 0.052185227898444375, "sam_/ori_av": 1.6002766449666195}, "DDC": 0.059407202330440056, "LCC": 0.11990138586349953, "GCC": 0.391025641025641}, "rate-15": {"ANB_G": 0.000536405763138841, "SP": 87.34606979785399, "ANB": 0.0009258472195845189, "ACC": 0.018018995445046024, "CC": 365, "QCS": 0.639983845444038, "SCS": {"ori-": 30.82754857004244, "sam_": 24.091964733634498, "ori-av": 0.038342722102042835, "sam_av": 0.0599302605314291, "sam_/ori_av": 1.5630152802384398}, "DDC": 0.0007971880491437489, "LCC": 0.14957483231734547, "GCC": 0.3283018867924528}, "rate-20": {"ANB_G": 0.0006330288741228043, "SP": 64.17392549999862, "ANB": 0.0019076684148870663, "ACC": 0.037246079050562854, "CC": 407, "QCS": 0.8041294680755172, "SCS": {"ori-": 36.55706908302051, "sam_": 28.202509172996923, "ori-av": 0.039649749547744584, "sam_av": 0.06117680948589354, "sam_/ori_av": 1.5429305401343574}, "DDC": 0.21312878595781948, "LCC": 0.1816067703397323, "GCC": 0.27808732651200485}, "rate-25": {"ANB_G": 0.0004962436392558459, "SP": 79.70113760907277, "ANB": 0.0019306409329312526, "ACC": 0.04111528622190137, "CC": 465, "QCS": 0.6511508883519841, "SCS": {"ori-": 44.8512062541264, "sam_": 33.85973150837562, "ori-av": 0.04231245873030793, "sam_av": 0.06388628586485966, "sam_/ori_av": 1.50986938083791}, "DDC": 0.006998321371042837, "LCC": 0.23195437505224345, "GCC": 0.3385696568830095}, "rate-30": {"ANB_G": 0.0005758751629043349, "SP": 65.1508868614118, "ANB": 0.0018955520110803831, "ACC": 0.07664916586041605, "CC": 372, "QCS": 0.7014664188772936, "SCS": {"ori-": 44.222940475385585, "sam_": 32.3811717377452, "ori-av": 0.04980060864345223, "sam_av": 0.0729305669769036, "sam_/ori_av": 1.4644513182369006}, "DDC": 0.0004622093530353144, "LCC": 0.24984191497029556, "GCC": 0.312516933080466}, "rate-35": {"ANB_G": 0.0007187947000751944, "SP": 59.403804110000685, "ANB": 0.0013298103399896233, "ACC": 0.1144977587333153, "CC": 351, "QCS": 0.7595941213982409, "SCS": {"ori-": 50.3988723167866, "sam_": 35.89591243024496, "ori-av": 0.05740190468882301, "sam_av": 0.08176745428301814, "sam_/ori_av": 1.4244728415595496}, "DDC": 0.2727961753676248, "LCC": 0.2733749156689436, "GCC": 0.2945018207868187}, "rate-40": {"ANB_G": 0.0006673375058463141, "SP": 54.57514932041082, "ANB": 0.001265090004253329, "ACC": 0.12305002720547309, "CC": 349, "QCS": 0.7149924407809389, "SCS": {"ori-": 50.25038603798871, "sam_": 34.75766685127599, "ori-av": 0.058295111412979946, "sam_av": 0.08064423863405103, "sam_/ori_av": 1.3833790978242275}, "DDC": 0.04034995952366316, "LCC": 0.28741468507006684, "GCC": 0.26935672866027704}}