{"rate-5": {"ANB_G": 0.0005780390869524021, "SP": 35.92640692640693, "ANB": 5.855526684555929e-05, "ACC": 0.0035693917409616786, "CC": 217, "QCS": 0.5648829820599149, "SCS": {"ori-": 11.39355640117156, "sam_": 9.346471231289069, "ori-av": 0.025432045538329374, "sam_av": 0.0417253179968262, "sam_/ori_av": 1.640659141394693}, "DDC": 0.007883137199256818, "LCC": 0.038014527845036325, "GCC": 0.31097560975609756}, "rate-10": {"ANB_G": 0.0005006396552581975, "SP": 74.61765530121771, "ANB": 0.00012483368070257653, "ACC": 0.005498345627381178, "CC": 336, "QCS": 0.5118529199893248, "SCS": {"ori-": 21.987322705056386, "sam_": 17.784680581876884, "ori-av": 0.03096806014796674, "sam_av": 0.05009769177993489, "sam_/ori_av": 1.617721340651172}, "DDC": 0.002038232367431725, "LCC": 0.10126066024371114, "GCC": 0.287977632805219}, "rate-15": {"ANB_G": 0.0005070236025180512, "SP": 81.05578801590566, "ANB": 0.0020838682078439114, "ACC": 0.017275987914561107, "CC": 370, "QCS": 0.649484194732012, "SCS": {"ori-": 29.7067950579414, "sam_": 23.375297594816118, "ori-av": 0.03587777180910797, "sam_av": 0.05646207148506309, "sam_/ori_av": 1.5737340597815377}, "DDC": 0.01574060444103098, "LCC": 0.14983190439074232, "GCC": 0.27908707516745224}, "rate-20": {"ANB_G": 0.00057899080289986, "SP": 79.18236519395549, "ANB": 0.001894996711017266, "ACC": 0.035374339065035586, "CC": 379, "QCS": 0.6852554690137697, "SCS": {"ori-": 33.66619177478371, "sam_": 25.865745310410574, "ori-av": 0.038785935224405196, "sam_av": 0.059598491498641874, "sam_/ori_av": 1.5366006041576854}, "DDC": 0.7069178664752118, "LCC": 0.22192315308239652, "GCC": 0.3356720017540013}, "rate-25": {"ANB_G": 0.0005391149050788146, "SP": 85.37666414509573, "ANB": 0.0012976496564364355, "ACC": 0.05804896601430316, "CC": 425, "QCS": 0.8340344739076451, "SCS": {"ori-": 40.596285502874906, "sam_": 30.72706241866676, "ori-av": 0.04134041293571783, "sam_av": 0.06258057519076733, "sam_/ori_av": 1.5137868914874373}, "DDC": 5.861868819778682e-05, "LCC": 0.21463777999897565, "GCC": 0.3195313188265351}, "rate-30": {"ANB_G": 0.0004706921866366695, "SP": 92.97119144724817, "ANB": 0.0016165853583573913, "ACC": 0.0614880649837703, "CC": 436, "QCS": 0.5718033006426277, "SCS": {"ori-": 45.05454489967938, "sam_": 33.686040904651065, "ori-av": 0.04434502450755844, "sam_av": 0.0663111041430139, "sam_/ori_av": 1.4953448527627136}, "DDC": 0.2250236008524349, "LCC": 0.2339510848883321, "GCC": 0.32698471076551255}, "rate-35": {"ANB_G": 0.0006823122367747192, "SP": 68.2503413800064, "ANB": 0.0013323504771533723, "ACC": 0.1081174615998, "CC": 393, "QCS": 0.68924098618854, "SCS": {"ori-": 48.4651816724289, "sam_": 35.194229996129984, "ori-av": 0.05058995999209697, "sam_av": 0.07347438412553232, "sam_/ori_av": 1.4523511016219484}, "DDC": 0.06507978690295568, "LCC": 0.24538263626899426, "GCC": 0.305860368956743}, "rate-40": {"ANB_G": 0.000520178168529587, "SP": 70.42100634485675, "ANB": 0.0015157630434629072, "ACC": 0.09828456079737029, "CC": 379, "QCS": 0.733543032622444, "SCS": {"ori-": 49.89922541020741, "sam_": 35.41641926774886, "ori-av": 0.05377071703686143, "sam_av": 0.07632848980118288, "sam_/ori_av": 1.4195177971842448}, "DDC": 0.012805269507250028, "LCC": 0.29367973364489797, "GCC": 0.3327511890606421}}