{"rate-5": {"ANB_G": 0.003139299899835759, "SP": 143.16666666666663, "ANB": 2.361099469579004e-06, "ACC": 0.0038979207502209804, "CC": 135, "QCS": 0.42534138436098207, "SCS": {"ori-": 9.949186940694148, "sam_": 8.16682282078298, "ori-av": 0.034072558016075845, "sam_av": 0.0559371426081026, "sam_/ori_av": 1.641706577525256}, "DDC": 0.5148469721307012, "LCC": 0.0, "GCC": 0}, "rate-10": {"ANB_G": 0.002050017523088439, "SP": 279.4333333333334, "ANB": 1.6067901197599119e-06, "ACC": 0.0021510608020115, "CC": 253, "QCS": 0.2908080232934658, "SCS": {"ori-": 20.940455220833506, "sam_": 17.022024090776018, "ori-av": 0.03835248208943866, "sam_av": 0.06235173659624915, "sam_/ori_av": 1.6257549237841715}, "DDC": 0.24840744973685414, "LCC": 0.0, "GCC": 0}, "rate-15": {"ANB_G": 0.0018978647538562133, "SP": 379.39686947039894, "ANB": 5.554327351914278e-06, "ACC": 0.001998017575714568, "CC": 316, "QCS": 0.34884306963835465, "SCS": {"ori-": 29.990557537114512, "sam_": 24.177215653472917, "ori-av": 0.04359092665278272, "sam_av": 0.07028260364381662, "sam_/ori_av": 1.6123218532068069}, "DDC": 0.005725227710913328, "LCC": 0.003386004514672686, "GCC": 0.00804289544235925}, "rate-20": {"ANB_G": 0.0016423709350197354, "SP": 495.95076867576824, "ANB": 4.430835935262614e-06, "ACC": 0.0016005486685214537, "CC": 403, "QCS": 0.26986761689404176, "SCS": {"ori-": 40.57006151726964, "sam_": 32.62484687464713, "ori-av": 0.04527908651480987, "sam_av": 0.07282331891662307, "sam_/ori_av": 1.6083212918353385}, "DDC": 0.06647929232089933, "LCC": 0.0, "GCC": 0}, "rate-25": {"ANB_G": 0.0015672052236602723, "SP": 535.1432576736435, "ANB": 7.82324202583175e-05, "ACC": 0.0032331459778087443, "CC": 422, "QCS": 0.3296591426873709, "SCS": {"ori-": 48.818244708645615, "sam_": 38.72015806800269, "ori-av": 0.04991640563256198, "sam_av": 0.07918232733742882, "sam_/ori_av": 1.5862986594085973}, "DDC": 0.10441236334372672, "LCC": 0.0, "GCC": 0}, "rate-30": {"ANB_G": 0.0013999319146913883, "SP": 514.3275950870163, "ANB": 0.0006478067135871912, "ACC": 0.007913879086556472, "CC": 410, "QCS": 0.4054696335105771, "SCS": {"ori-": 54.305839892110406, "sam_": 42.18698822646217, "ori-av": 0.05441466923057155, "sam_av": 0.0845430625780805, "sam_/ori_av": 1.5536814571057258}, "DDC": 0.06615331992684159, "LCC": 0.003931527464258841, "GCC": 0.007743933918430563}, "rate-35": {"ANB_G": 0.001242754893101957, "SP": 528.2700213695686, "ANB": 0.0006601728037395455, "ACC": 0.012208223344312789, "CC": 416, "QCS": 0.5329402086892738, "SCS": {"ori-": 58.464527866848314, "sam_": 44.72118992437435, "ori-av": 0.05811583286963053, "sam_av": 0.08890892629100268, "sam_/ori_av": 1.5298572161987138}, "DDC": 0.10175433556961455, "LCC": 0.008206433678131793, "GCC": 0.017554125219426564}, "rate-40": {"ANB_G": 0.0012104828645502356, "SP": 497.1423902829925, "ANB": 0.0014265804062268744, "ACC": 0.01701402161746055, "CC": 385, "QCS": 0.5022613129372673, "SCS": {"ori-": 60.480980203015186, "sam_": 45.51632209750586, "ori-av": 0.061841493050117775, "sam_av": 0.09308041328733303, "sam_/ori_av": 1.5051449875554996}, "DDC": 0.0026243464651299897, "LCC": 0.008514622100719167, "GCC": 0.02207198250149135}}