{"rate-5": {"ANB_G": 0.0027561039818983246, "SP": 145.0, "ANB": 1.6527696287053028e-06, "ACC": 0.0036953764556670056, "CC": 140, "QCS": 0.3575510967613188, "SCS": {"ori-": 11.07871867838186, "sam_": 9.034010481198337, "ori-av": 0.03668449893503927, "sam_av": 0.05982788398144594, "sam_/ori_av": 1.630876411516179}, "DDC": 0.28556658628139475, "LCC": 0.0, "GCC": 0}, "rate-10": {"ANB_G": 0.0022626235989419907, "SP": 269.45158730158744, "ANB": 4.287059130290771e-06, "ACC": 0.0024492166657339256, "CC": 241, "QCS": 0.3408554710217071, "SCS": {"ori-": 21.771467537083264, "sam_": 17.58805853632159, "ori-av": 0.04077053845895742, "sam_av": 0.06587287841318948, "sam_/ori_av": 1.6156980236967409}, "DDC": 0.05487910764569537, "LCC": 0.005084745762711864, "GCC": 0.0196078431372549}, "rate-15": {"ANB_G": 0.001871227595536121, "SP": 393.9147130647131, "ANB": 2.83631365554895e-06, "ACC": 0.0017889586734540898, "CC": 336, "QCS": 0.3469878788099231, "SCS": {"ori-": 31.211930102394813, "sam_": 25.285639437805514, "ori-av": 0.041505226199993105, "sam_av": 0.06724904105799338, "sam_/ori_av": 1.6202547778911889}, "DDC": 0.31116252662791777, "LCC": 0.0, "GCC": 0}, "rate-20": {"ANB_G": 0.0016407034841984978, "SP": 463.1338543373194, "ANB": 2.7431813312431934e-05, "ACC": 0.002162630551143233, "CC": 363, "QCS": 0.3816624532887815, "SCS": {"ori-": 39.40694772265028, "sam_": 31.480500724344882, "ori-av": 0.048292828091483185, "sam_av": 0.07715809001064922, "sam_/ori_av": 1.5977132228513378}, "DDC": 0.18976459559593484, "LCC": 0.0, "GCC": 0}, "rate-25": {"ANB_G": 0.0015441681342131515, "SP": 529.2206765988592, "ANB": 0.00023661323332763376, "ACC": 0.0038719865534464636, "CC": 426, "QCS": 0.3227083161588115, "SCS": {"ori-": 47.636776295646875, "sam_": 37.71483567707081, "ori-av": 0.04880817243406442, "sam_av": 0.07728449933825986, "sam_/ori_av": 1.5834335826170192}, "DDC": 0.0026019322791989152, "LCC": 0.004938689535845934, "GCC": 0.012942191544434857}, "rate-30": {"ANB_G": 0.0014535768917349331, "SP": 498.16757416894956, "ANB": 0.0005908582396852401, "ACC": 0.009990133252593828, "CC": 395, "QCS": 0.40856202674291203, "SCS": {"ori-": 50.76469312337195, "sam_": 39.44339568771422, "ori-av": 0.05255144215669974, "sam_av": 0.08166334510913918, "sam_/ori_av": 1.5539696297131589}, "DDC": 0.0008344844391826589, "LCC": 0.0035911354760113224, "GCC": 0.008192990441511151}, "rate-35": {"ANB_G": 0.0012761430036330593, "SP": 530.7390133761262, "ANB": 0.0007006231272845818, "ACC": 0.007061008496385349, "CC": 394, "QCS": 0.3680534561979883, "SCS": {"ori-": 57.795496284858274, "sam_": 44.34619923077024, "ori-av": 0.05791131892270368, "sam_av": 0.08887013873901851, "sam_/ori_av": 1.5345901352659}, "DDC": 0.008454025612888771, "LCC": 0.0074961027791216476, "GCC": 0.01233721727210418}, "rate-40": {"ANB_G": 0.001197814703674859, "SP": 475.5768028579059, "ANB": 0.0017898213479425435, "ACC": 0.01807846331048228, "CC": 372, "QCS": 0.5408223612298596, "SCS": {"ori-": 60.14380121223408, "sam_": 44.90051987383436, "ori-av": 0.0625195438796612, "sam_av": 0.09334827416597581, "sam_/ori_av": 1.4931054894714897}, "DDC": 0.009720714103667705, "LCC": 0.012511304936188562, "GCC": 0.022808870116156284}}