{"rate-5": {"ANB_G": 0.000467942690439748, "SP": 36.200360750360744, "ANB": 1.4166596817474025e-05, "ACC": 0.00290449864573512, "CC": 224, "QCS": 0.5077452849053481, "SCS": {"ori-": 13.471005199947449, "sam_": 10.907634665942927, "ori-av": 0.029541678070060196, "sam_av": 0.04784050292080231, "sam_/ori_av": 1.6194240153638242}, "DDC": 0.016308349536111155, "LCC": 0.06305084745762712, "GCC": 0.3333333333333333}, "rate-10": {"ANB_G": 0.00041670925191963486, "SP": 92.46996235394401, "ANB": 6.202532810194664e-05, "ACC": 0.004820942851195629, "CC": 332, "QCS": 0.343244898090179, "SCS": {"ori-": 22.003200877568194, "sam_": 17.646825660619044, "ori-av": 0.031796533060069646, "sam_av": 0.05100238630236718, "sam_/ori_av": 1.6040235017451134}, "DDC": 0.38254186405267976, "LCC": 0.1295651241413954, "GCC": 0.31171875}, "rate-15": {"ANB_G": 0.000534172454053919, "SP": 78.7698164231193, "ANB": 0.0007993297412849138, "ACC": 0.014879326895151828, "CC": 370, "QCS": 0.5763492052605177, "SCS": {"ori-": 30.18492455684926, "sam_": 23.810216298194124, "ori-av": 0.03663218999617629, "sam_av": 0.05779178713153914, "sam_/ori_av": 1.5776230451297482}, "DDC": 0.9998113693147498, "LCC": 0.15864589019023928, "GCC": 0.28713858424725824}, "rate-20": {"ANB_G": 0.0008006451675142126, "SP": 69.96280759407921, "ANB": 0.0013268905083594236, "ACC": 0.06179483881707791, "CC": 369, "QCS": 0.4651143593699025, "SCS": {"ori-": 37.69925507194077, "sam_": 28.872409894820475, "ori-av": 0.04383634310690787, "sam_av": 0.06714513929028017, "sam_/ori_av": 1.5317230984922012}, "DDC": 0.0007923332234524016, "LCC": 0.2002454348720032, "GCC": 0.2998333230446324}, "rate-25": {"ANB_G": 0.000542680633585984, "SP": 93.0252639333043, "ANB": 0.0014605871475558362, "ACC": 0.04794185576976348, "CC": 410, "QCS": 0.38321358014115164, "SCS": {"ori-": 42.897118166023766, "sam_": 32.23318318322585, "ori-av": 0.04563523209151465, "sam_av": 0.06858124081537414, "sam_/ori_av": 1.5028134551358192}, "DDC": 0.963488087651222, "LCC": 0.24107045414580977, "GCC": 0.27991152221998794}, "rate-30": {"ANB_G": 0.000637627411949548, "SP": 57.654842738046476, "ANB": 0.0016542353553354104, "ACC": 0.0833029659680056, "CC": 402, "QCS": 0.36227940668792874, "SCS": {"ori-": 46.728330723289496, "sam_": 34.65265932109603, "ori-av": 0.049500350342467685, "sam_av": 0.07341665110401702, "sam_/ori_av": 1.4831541715580727}, "DDC": 1.0, "LCC": 0.260635665047797, "GCC": 0.30100873544093176}, "rate-35": {"ANB_G": 0.0006911084754579232, "SP": 57.7823387569332, "ANB": 0.0015166791592086564, "ACC": 0.1160511624305811, "CC": 307, "QCS": 0.6313707022381164, "SCS": {"ori-": 47.2858640255474, "sam_": 33.35056255286352, "ori-av": 0.06157013544993151, "sam_av": 0.08685042331474875, "sam_/ori_av": 1.4105933449728243}, "DDC": 0.8025360982912118, "LCC": 0.28560287225172293, "GCC": 0.29187995583659543}, "rate-40": {"ANB_G": 0.0005667458156368131, "SP": 73.78617306465584, "ANB": 0.0013558198007562617, "ACC": 0.10370215959046766, "CC": 371, "QCS": 0.5464185467810763, "SCS": {"ori-": 54.13633896745642, "sam_": 38.24827930039479, "ori-av": 0.059100806733031024, "sam_av": 0.08351152685675718, "sam_/ori_av": 1.4130353115820191}, "DDC": 0.027885362229945643, "LCC": 0.2654389519149565, "GCC": 0.316179097811523}}