{"rate-5": {"ANB_G": 0.0004505451151591493, "SP": 43.61444991789819, "ANB": 8.20088549100441e-05, "ACC": 0.005065763742455806, "CC": 201, "QCS": 0.5918773415606902, "SCS": {"ori-": 11.67703553460113, "sam_": 9.581343344335622, "ori-av": 0.028205399842031714, "sam_av": 0.0462866828228774, "sam_/ori_av": 1.6410574954481212}, "DDC": 0.004712599597613165, "LCC": 0.0781678773204197, "GCC": 0.308411214953271}, "rate-10": {"ANB_G": 0.0006532697605022191, "SP": 66.80456872893512, "ANB": 0.0010431843883707563, "ACC": 0.011141909518816214, "CC": 312, "QCS": 0.5675336427135328, "SCS": {"ori-": 21.60364635444753, "sam_": 17.309997225152312, "ori-av": 0.03234078795575977, "sam_av": 0.051826338997462015, "sam_/ori_av": 1.602506997304991}, "DDC": 0.09253316797808941, "LCC": 0.08814473018308881, "GCC": 0.2501591343093571}, "rate-15": {"ANB_G": 0.0006027041826267558, "SP": 65.20600489524541, "ANB": 0.0016709494137256027, "ACC": 0.025723737812331938, "CC": 382, "QCS": 0.6609768466007684, "SCS": {"ori-": 29.858175930158737, "sam_": 23.48340671271702, "ori-av": 0.035887230685286944, "sam_av": 0.05645049690556976, "sam_/ori_av": 1.572996740835546}, "DDC": 0.0007087096616066324, "LCC": 0.15899411410292746, "GCC": 0.3700980392156863}, "rate-20": {"ANB_G": 0.0006655883923059413, "SP": 48.47030392103742, "ANB": 0.002363784022018528, "ACC": 0.0587579521606877, "CC": 356, "QCS": 0.6771323089894116, "SCS": {"ori-": 33.81783376722275, "sam_": 25.981338751705838, "ori-av": 0.04035541022341617, "sam_av": 0.06200796838115952, "sam_/ori_av": 1.536546600266734}, "DDC": 0.9999997723416241, "LCC": 0.19868358726769356, "GCC": 0.2600040625634776}, "rate-25": {"ANB_G": 0.000556142773366035, "SP": 69.87825171955335, "ANB": 0.001585862343137394, "ACC": 0.06119753353489264, "CC": 415, "QCS": 0.6679636086361753, "SCS": {"ori-": 41.62134645277661, "sam_": 31.41085543646458, "ori-av": 0.043355569221642305, "sam_av": 0.06543928215930121, "sam_/ori_av": 1.5093627723986869}, "DDC": 0.3382808843246995, "LCC": 0.2335437930533581, "GCC": 0.29911081837642023}, "rate-30": {"ANB_G": 0.0005874192605072946, "SP": 73.03992477659823, "ANB": 0.0016133487821965442, "ACC": 0.08335834465209219, "CC": 395, "QCS": 0.7523059555168289, "SCS": {"ori-": 44.663975898191595, "sam_": 33.052193848711774, "ori-av": 0.04854779988933869, "sam_av": 0.07185259532328646, "sam_/ori_av": 1.4800381374041547}, "DDC": 0.6769155894649458, "LCC": 0.2444937581918823, "GCC": 0.25542971352431715}, "rate-35": {"ANB_G": 0.0005672598296992301, "SP": 63.91215367780337, "ANB": 0.0015373170932702852, "ACC": 0.09352306746688975, "CC": 395, "QCS": 0.7490787970853919, "SCS": {"ori-": 50.00648499875723, "sam_": 36.35102588946159, "ori-av": 0.05187394709414651, "sam_av": 0.07541706616070869, "sam_/ori_av": 1.4538524709491174}, "DDC": 0.81400238695957, "LCC": 0.2591970951702393, "GCC": 0.2779803813578244}, "rate-40": {"ANB_G": 0.0007278439877057911, "SP": 62.7008723665213, "ANB": 0.0011561539951410963, "ACC": 0.1253647788651797, "CC": 356, "QCS": 0.6568620378206999, "SCS": {"ori-": 50.9596462723622, "sam_": 35.85710219131931, "ori-av": 0.056496281898405984, "sam_av": 0.07950576982554171, "sam_/ori_av": 1.4072743754803612}, "DDC": 0.999999997897371, "LCC": 0.29418418641561894, "GCC": 0.27522372794681665}}