{"rate-5": {"ANB_G": 0.0026777253760435532, "SP": 144.5, "ANB": 1.7918298789969496e-06, "ACC": 0.003785692472133125, "CC": 138, "QCS": 0.40433530765038406, "SCS": {"ori-": 10.021192843576127, "sam_": 8.243637687517506, "ori-av": 0.033855381228297725, "sam_av": 0.05570025464538855, "sam_/ori_av": 1.6452408044022255}, "DDC": 0.5460210219612628, "LCC": 0.0, "GCC": 0}, "rate-10": {"ANB_G": 0.0022267170635819475, "SP": 275.63333333333344, "ANB": 1.6443514472348177e-06, "ACC": 0.002237938778757739, "CC": 248, "QCS": 0.27087208687135284, "SCS": {"ori-": 21.206020011737944, "sam_": 17.20719678845233, "ori-av": 0.039711647962056076, "sam_av": 0.06444642991929711, "sam_/ori_av": 1.6228596199501661}, "DDC": 0.04725089202110633, "LCC": 0.0, "GCC": 0}, "rate-15": {"ANB_G": 0.0019208676357987814, "SP": 393.07558356676003, "ANB": 3.843305991038866e-06, "ACC": 0.0018335727116459632, "CC": 339, "QCS": 0.30935765436148943, "SCS": {"ori-": 29.639910399516317, "sam_": 24.024910255705734, "ori-av": 0.040162480216146774, "sam_av": 0.06510815787454129, "sam_/ori_av": 1.6211189529167933}, "DDC": 0.07399065848371189, "LCC": 0.0, "GCC": 0}, "rate-20": {"ANB_G": 0.0016996238367963726, "SP": 457.3550229628792, "ANB": 2.5177860023343963e-05, "ACC": 0.0023768031794971288, "CC": 366, "QCS": 0.4498680237498709, "SCS": {"ori-": 38.73615811510927, "sam_": 31.061103202797625, "ori-av": 0.04655788234989095, "sam_av": 0.07466611346826352, "sam_/ori_av": 1.603726580756704}, "DDC": 0.023453004062003124, "LCC": 0.004539467494590272, "GCC": 0.011857707509881422}, "rate-25": {"ANB_G": 0.0015397159573564527, "SP": 554.1637428884017, "ANB": 3.558343943563055e-05, "ACC": 0.001964088330806129, "CC": 434, "QCS": 0.41711445711341805, "SCS": {"ori-": 48.39135132007326, "sam_": 38.51722240205061, "ori-av": 0.04791222902977551, "sam_av": 0.0762717275288131, "sam_/ori_av": 1.591905220719606}, "DDC": 0.012810289803145358, "LCC": 0.003157419936851601, "GCC": 0.008763388510223954}, "rate-30": {"ANB_G": 0.0014329804484140751, "SP": 560.4423179979319, "ANB": 0.00011981776862813435, "ACC": 0.003673833004878511, "CC": 419, "QCS": 0.4274716646439062, "SCS": {"ori-": 52.966053422656714, "sam_": 41.14085816626588, "ori-av": 0.053285768030841764, "sam_av": 0.08277838665244644, "sam_/ori_av": 1.5534802201693776}, "DDC": 0.18266257597502533, "LCC": 0.0006113619262603462, "GCC": 0.0030753459764223477}, "rate-35": {"ANB_G": 0.0012572780320762027, "SP": 535.4281180674199, "ANB": 0.0007348090643474722, "ACC": 0.010538865910309557, "CC": 416, "QCS": 0.6048721108001524, "SCS": {"ori-": 56.36442342868802, "sam_": 43.0264694300929, "ori-av": 0.05681897523053228, "sam_av": 0.0867469141735744, "sam_/ori_av": 1.5267243701882187}, "DDC": 0.01826745877306435, "LCC": 0.004275773143697672, "GCC": 0.010724731881702957}, "rate-40": {"ANB_G": 0.0012016828477191632, "SP": 455.7556424101692, "ANB": 0.0011774730526223115, "ACC": 0.02598437926510105, "CC": 347, "QCS": 0.6729588449480263, "SCS": {"ori-": 56.569677781507174, "sam_": 42.184653879210416, "ori-av": 0.06356143570955862, "sam_av": 0.0947969750094616, "sam_/ori_av": 1.4914228093058266}, "DDC": 0.00019593541481610632, "LCC": 0.009146172026882686, "GCC": 0.014837882396043231}}