{"rate-5": {"ANB_G": 0.0004946629722762154, "SP": 42.92112332112332, "ANB": 1.9754532228811002e-05, "ACC": 0.0033685649351023242, "CC": 209, "QCS": 0.33302709503820627, "SCS": {"ori-": 12.288276590864207, "sam_": 10.02760986266518, "ori-av": 0.028845719696864336, "sam_av": 0.04707798057589287, "sam_/ori_av": 1.6320612233159315}, "DDC": 0.05138164561739944, "LCC": 0.07869249394673122, "GCC": 0.42567567567567566}, "rate-10": {"ANB_G": 0.0005055127552735908, "SP": 81.01156743679492, "ANB": 6.866146072828716e-05, "ACC": 0.004957154102778354, "CC": 336, "QCS": 0.5274717437887446, "SCS": {"ori-": 21.835243129069465, "sam_": 17.479955622932458, "ori-av": 0.031372475760157274, "sam_av": 0.05022975753716224, "sam_/ori_av": 1.6010772602445842}, "DDC": 0.7572749066191645, "LCC": 0.10691007485922742, "GCC": 0.33444592790387184}, "rate-15": {"ANB_G": 0.0004806523860215448, "SP": 96.01300897683875, "ANB": 0.0006399710401699924, "ACC": 0.012317200449970282, "CC": 392, "QCS": 0.43010667789308116, "SCS": {"ori-": 29.540684134165463, "sam_": 23.275105865681606, "ori-av": 0.035000810585504104, "sam_av": 0.05515427930256305, "sam_/ori_av": 1.5758000566251367}, "DDC": 0.9873869090726255, "LCC": 0.19242476967063982, "GCC": 0.2914100985221675}, "rate-20": {"ANB_G": 0.00045981831705942144, "SP": 105.11845933858861, "ANB": 0.0016640381706290795, "ACC": 0.01825998739794565, "CC": 444, "QCS": 0.3837597745970811, "SCS": {"ori-": 36.01738201963733, "sam_": 27.9695743332122, "ori-av": 0.03705491977328944, "sam_av": 0.05755056447163004, "sam_/ori_av": 1.553115344028207}, "DDC": 0.007604588204709328, "LCC": 0.19416604146469693, "GCC": 0.3978549540347293}, "rate-25": {"ANB_G": 0.0005728233887151043, "SP": 72.72644218258972, "ANB": 0.0018896983548860765, "ACC": 0.06233512954123556, "CC": 385, "QCS": 0.3143829072625282, "SCS": {"ori-": 40.04882417402452, "sam_": 30.2309071560075, "ori-av": 0.04410663455289044, "sam_av": 0.06658790122468612, "sam_/ori_av": 1.5097026082286393}, "DDC": 0.9194545478210114, "LCC": 0.22482070710368257, "GCC": 0.30582953039894006}, "rate-30": {"ANB_G": 0.0005847613466432595, "SP": 67.10184394249092, "ANB": 0.001705681757781811, "ACC": 0.08160250212646154, "CC": 365, "QCS": 0.48695509892151967, "SCS": {"ori-": 43.35198090866053, "sam_": 31.690371108933405, "ori-av": 0.04915190579213212, "sam_av": 0.0718602519476948, "sam_/ori_av": 1.4620033707665037}, "DDC": 0.766633201898175, "LCC": 0.2729263518585415, "GCC": 0.29657201040841724}, "rate-35": {"ANB_G": 0.0007872285016363422, "SP": 49.33913517574898, "ANB": 0.0013624690195827964, "ACC": 0.11573363851477164, "CC": 366, "QCS": 0.37736179765334577, "SCS": {"ori-": 46.45082390559771, "sam_": 33.241044109326765, "ori-av": 0.05172697539598854, "sam_av": 0.07403350581141818, "sam_/ori_av": 1.4312359314393535}, "DDC": 0.7222657827564305, "LCC": 0.29515629203256105, "GCC": 0.3010996683539885}, "rate-40": {"ANB_G": 0.0005004260430137293, "SP": 81.94612814390146, "ANB": 0.0013429814446264457, "ACC": 0.08632609542751557, "CC": 434, "QCS": 0.47116896840854566, "SCS": {"ori-": 50.94062741324028, "sam_": 35.93673658644048, "ori-av": 0.049649734320896956, "sam_av": 0.07005211810222316, "sam_/ori_av": 1.4109263435220254}, "DDC": 0.07668364190528654, "LCC": 0.29138348605778547, "GCC": 0.3192001444072284}}