{"rate-5": {"ACE": 0.007190916418846206, "ANB": 2.0462862069684703e-06, "ACC": 0.003865746460004495, "CC": 137, "QCS": 0.3784489325214901, "SCS": {"ori-": 10.848347986585752, "sam_": 8.839289688166069, "ori-av": 0.03616115995528584, "sam_av": 0.05892859792110713, "sam_/ori_av": 1.6296102778222208}, "DDC": 0.4586715424023968, "LCC": 0.0, "GCC": 0}, "rate-10": {"ACE": 0.004314593858168735, "ANB": 2.239768045725939e-06, "ACC": 0.002257095615760601, "CC": 249, "QCS": 0.26727634726012955, "SCS": {"ori-": 20.616516319441143, "sam_": 16.803233363442054, "ori-av": 0.03889908739517197, "sam_av": 0.06340842778657378, "sam_/ori_av": 1.6300749460370074}, "DDC": 0.2638476123309137, "LCC": 0.0, "GCC": 0}, "rate-15": {"ACE": 0.003868888186449996, "ANB": 3.4708564591366232e-06, "ACC": 0.0018623698652261646, "CC": 331, "QCS": 0.2964891418135153, "SCS": {"ori-": 29.925203258913655, "sam_": 24.253371702812913, "ori-av": 0.0411060484325737, "sam_av": 0.06663014204069481, "sam_/ori_av": 1.6209327965442437}, "DDC": 0.2741260867941575, "LCC": 0.0033821871476888386, "GCC": 0.00949367088607595}, "rate-20": {"ACE": 0.0030683927484264047, "ANB": 1.4301745186878101e-05, "ACC": 0.0019764518607536053, "CC": 366, "QCS": 0.3173348414527355, "SCS": {"ori-": 38.98345419812799, "sam_": 31.15260303453331, "ori-av": 0.04685511321890383, "sam_av": 0.07488606498685892, "sam_/ori_av": 1.5982474449906126}, "DDC": 0.30171049152273954, "LCC": 0.0, "GCC": 0}, "rate-25": {"ACE": 0.004099162024913928, "ANB": 0.0002960028911765664, "ACC": 0.003896536665599336, "CC": 402, "QCS": 0.5286073742524506, "SCS": {"ori-": 45.666744253274786, "sam_": 36.023943437936005, "ori-av": 0.048685228415005104, "sam_av": 0.07681011394016206, "sam_/ori_av": 1.5776882730304431}, "DDC": 0.0011255228852634636, "LCC": 0.0036109230422026635, "GCC": 0.004971002485501243}, "rate-30": {"ACE": 0.0031788173069675577, "ANB": 0.0005599759238196147, "ACC": 0.006147446365186943, "CC": 429, "QCS": 0.5577501835526977, "SCS": {"ori-": 53.86500686549097, "sam_": 42.13282557862503, "ori-av": 0.05291258041796755, "sam_av": 0.08277568875957766, "sam_/ori_av": 1.5643857870040578}, "DDC": 0.024046061860036216, "LCC": 0.0019375470278404816, "GCC": 0.005005561735261402}, "rate-35": {"ACE": 0.004716501050785701, "ANB": 0.0009456509965797443, "ACC": 0.018121062807770486, "CC": 389, "QCS": 0.5116915095825716, "SCS": {"ori-": 55.32331632560623, "sam_": 42.1371725585685, "ori-av": 0.05811272723277965, "sam_av": 0.08852347176169853, "sam_/ori_av": 1.5233060979414004}, "DDC": 0.004474776347720755, "LCC": 0.0056983205919376115, "GCC": 0.010943199583116207}, "rate-40": {"ACE": 0.004505949684752713, "ANB": 0.0014952149957066223, "ACC": 0.02259267264685908, "CC": 364, "QCS": 0.6213771192621707, "SCS": {"ori-": 57.938757787614065, "sam_": 43.39337930378191, "ori-av": 0.06060539517532852, "sam_av": 0.09078112825058977, "sam_/ori_av": 1.4979050625437602}, "DDC": 0.019610847123823105, "LCC": 0.012464946858899551, "GCC": 0.019769357495881382}}