{"rate-5": {"ANB_G": 0.0006761589143627443, "SP": 42.48175027586792, "ANB": 3.3921129046285033e-05, "ACC": 0.005340702931643753, "CC": 197, "QCS": 0.5417901375727326, "SCS": {"ori-": 10.334433123655845, "sam_": 8.505421989794584, "ori-av": 0.025707545083721008, "sam_av": 0.04231553228753524, "sam_/ori_av": 1.6460355179667094}, "DDC": 0.11293494796544967, "LCC": 0.06911830166067455, "GCC": 0.27358490566037735}, "rate-10": {"ANB_G": 0.0007005889978494755, "SP": 67.0671799165544, "ANB": 0.0006344553878643344, "ACC": 0.014783067687971899, "CC": 306, "QCS": 0.5476402089178205, "SCS": {"ori-": 22.31568888677906, "sam_": 17.87224674559177, "ori-av": 0.03370949982897139, "sam_av": 0.053994703158887526, "sam_/ori_av": 1.601765182896074}, "DDC": 0.6235267975109177, "LCC": 0.09421873230347803, "GCC": 0.24896998234255444}, "rate-15": {"ANB_G": 0.0005785695034769829, "SP": 72.50491756154406, "ANB": 0.0010693162164256774, "ACC": 0.01986253740394016, "CC": 398, "QCS": 0.5992492492167998, "SCS": {"ori-": 29.964635103247105, "sam_": 23.655770554171244, "ori-av": 0.03476175766037947, "sam_av": 0.054885778547961124, "sam_/ori_av": 1.5789126396942372}, "DDC": 0.0003054628781133939, "LCC": 0.18351265132211453, "GCC": 0.38825088339222613}, "rate-20": {"ANB_G": 0.0005410174017190749, "SP": 92.75503512123969, "ANB": 0.0014145687175849781, "ACC": 0.030095932556890186, "CC": 402, "QCS": 0.8133783589036637, "SCS": {"ori-": 36.14013058269232, "sam_": 27.951863491513137, "ori-av": 0.039889768855068786, "sam_av": 0.061703892917247545, "sam_/ori_av": 1.5468601270023865}, "DDC": 0.06019237826428714, "LCC": 0.19904789553397323, "GCC": 0.31334870612349475}, "rate-25": {"ANB_G": 0.0005767828834695232, "SP": 60.39229815206937, "ANB": 0.001925249676053442, "ACC": 0.06464822964033483, "CC": 389, "QCS": 0.6640137880678636, "SCS": {"ori-": 38.53679632602875, "sam_": 28.915638536073384, "ori-av": 0.04291402708911887, "sam_av": 0.06440008582644406, "sam_/ori_av": 1.500676822818456}, "DDC": 0.13698888914480511, "LCC": 0.24183374890258658, "GCC": 0.29849417963048663}, "rate-30": {"ANB_G": 0.0007457641553666359, "SP": 67.16851722282514, "ANB": 0.0012598126965399125, "ACC": 0.09395695703220086, "CC": 385, "QCS": 0.7155526463553356, "SCS": {"ori-": 44.01174080275565, "sam_": 32.471090696483515, "ori-av": 0.048152889280914275, "sam_av": 0.07105271487195518, "sam_/ori_av": 1.4755649335483885}, "DDC": 0.9999983118724639, "LCC": 0.24580226167399025, "GCC": 0.26014870184088107}, "rate-35": {"ANB_G": 0.0007396733082679649, "SP": 60.9571904285095, "ANB": 0.001340050721526929, "ACC": 0.11478384341076586, "CC": 349, "QCS": 0.7009799908446878, "SCS": {"ori-": 45.896559897642774, "sam_": 32.89766588022937, "ori-av": 0.05336809290423578, "sam_av": 0.07650619972146365, "sam_/ori_av": 1.4335569355784759}, "DDC": 0.9974066305601786, "LCC": 0.2807644970479263, "GCC": 0.28798004668563937}, "rate-40": {"ANB_G": 0.0006872069042722014, "SP": 59.282576852251474, "ANB": 0.0013745083433783346, "ACC": 0.12808960554040882, "CC": 293, "QCS": 0.7280552488513046, "SCS": {"ori-": 46.89206531976989, "sam_": 32.569437808177106, "ori-av": 0.06170008594706564, "sam_av": 0.08570904686362396, "sam_/ori_av": 1.3891236219209862}, "DDC": 0.13232528050136205, "LCC": 0.29771899710771493, "GCC": 0.28091685481496026}}