{"rate-5": {"ANB_G": 0.0023910596541998025, "SP": 13.594327222414389, "ANB": 0.042984051953632745, "ACC": 0.07556524346955887, "CC": 1, "QCS": 0.677746334602729, "SCS": {"ori-": 6.044952122142307, "sam_": 4.30313501805901, "ori-av": 0.13738527550323426, "sam_av": 0.19559704627540955, "sam_/ori_av": 1.4237118611070143}, "DDC": 0.2353225202665583, "LCC": 0.05424970509716271, "GCC": 0.07015590200445435}, "rate-10": {"ANB_G": 0.0019479366847590441, "SP": 13.709752237345688, "ANB": 0.021615224893445036, "ACC": 0.0773012573115696, "CC": 1, "QCS": 0.7497224667270584, "SCS": {"ori-": 10.930132801125794, "sam_": 7.917367754397519, "ori-av": 0.09262824407733723, "sam_av": 0.1341926738033478, "sam_/ori_av": 1.448723066490471}, "DDC": 0.13704225892883004, "LCC": 0.08290778458275969, "GCC": 0.08376715570279224}, "rate-15": {"ANB_G": 0.0016163138552303547, "SP": 11.949137238397673, "ANB": 0.012385901853391038, "ACC": 0.08615519382040188, "CC": 1, "QCS": 0.5991799143441212, "SCS": {"ori-": 13.582696212081968, "sam_": 8.680719534185606, "ori-av": 0.12127407332216043, "sam_av": 0.15501284882474295, "sam_/ori_av": 1.2782027071273232}, "DDC": 0.00021871252797711627, "LCC": 0.06180335528529661, "GCC": 0.0727580372250423}, "rate-20": {"ANB_G": 0.0015357757561674753, "SP": 9.508737209202199, "ANB": 0.007216910270739782, "ACC": 0.10880247738176053, "CC": 1, "QCS": 0.7186372880218985, "SCS": {"ori-": 16.0156684882368, "sam_": 10.492257916311452, "ori-av": 0.13346390406863998, "sam_av": 0.17487096527185753, "sam_/ori_av": 1.3102491380884682}, "DDC": 0.005079809838329896, "LCC": 0.044677346916686, "GCC": 0.04037399065023375}, "rate-25": {"ANB_G": 0.0014365066005835596, "SP": 9.670541803590005, "ANB": 0.005878333426162716, "ACC": 0.10687185617206514, "CC": 1, "QCS": 0.8146808853560371, "SCS": {"ori-": 21.093953887494983, "sam_": 13.73029993882947, "ori-av": 0.13183721179684366, "sam_av": 0.17162874923536836, "sam_/ori_av": 1.3018232629179234}, "DDC": 0.008403628378971573, "LCC": 0.07717832699219444, "GCC": 0.07379439252336449}, "rate-30": {"ANB_G": 0.0012810372408471318, "SP": 9.014334914276027, "ANB": 0.004527872832924305, "ACC": 0.11478352856346931, "CC": 1, "QCS": 0.625614468953789, "SCS": {"ori-": 23.992831575790934, "sam_": 15.08951142535018, "ori-av": 0.14281447366542221, "sam_av": 0.17963704077797832, "sam_/ori_av": 1.2578349810595666}, "DDC": 0.0007971880491437489, "LCC": 0.07892281121165319, "GCC": 0.0683599684025035}, "rate-35": {"ANB_G": 0.001224339145663675, "SP": 8.076098334075649, "ANB": 0.0034266820019736815, "ACC": 0.1280917236883903, "CC": 1, "QCS": 0.7362475885555934, "SCS": {"ori-": 24.05235297939814, "sam_": 14.787615131884836, "ori-av": 0.1414844292905773, "sam_av": 0.17397194272805688, "sam_/ori_av": 1.229619001895661}, "DDC": 0.022667895037276287, "LCC": 0.08814503931255546, "GCC": 0.08636840036682825}, "rate-40": {"ANB_G": 0.0011448751438187283, "SP": 7.720973890808159, "ANB": 0.0028466640791224643, "ACC": 0.13222090992552307, "CC": 1, "QCS": 0.7369256804062096, "SCS": {"ori-": 28.68889094366725, "sam_": 17.576944653462704, "ori-av": 0.15099416286140657, "sam_av": 0.1850204700364495, "sam_/ori_av": 1.2253484938108155}, "DDC": 0.10077241524951819, "LCC": 0.08567263974294641, "GCC": 0.06572318706085112}}