{"rate-5": {"ANB_G": 0.002635459272156963, "SP": 27.098258964602792, "ANB": 0.08907255619318345, "ACC": 0.03915424435290976, "CC": 1, "QCS": 0.7574270289208894, "SCS": {"ori-": 5.781082434664878, "sam_": 4.437859447052352, "ori-av": 0.08029281159256775, "sam_av": 0.123273873529232, "sam_/ori_av": 1.535303984057307}, "DDC": 0.0836043730601368, "LCC": 0.07956416464891042, "GCC": 0.09437086092715231}, "rate-10": {"ANB_G": 0.0018762866797199977, "SP": 15.580570343299474, "ANB": 0.024796888338944646, "ACC": 0.06591414914271104, "CC": 1, "QCS": 0.7081204870954906, "SCS": {"ori-": 11.90558913141172, "sam_": 8.34305367628852, "ori-av": 0.11672146207266391, "sam_av": 0.16358928777036313, "sam_/ori_av": 1.4015356290561376}, "DDC": 0.13574017910407654, "LCC": 0.048680826208243946, "GCC": 0.05446516192345437}, "rate-15": {"ANB_G": 0.001804731046398509, "SP": 11.529497136881306, "ANB": 0.011911195856200563, "ACC": 0.09019597398063302, "CC": 1, "QCS": 0.5690710737942501, "SCS": {"ori-": 13.305023564345204, "sam_": 9.340401599129526, "ori-av": 0.10729857713181616, "sam_av": 0.15065163869563752, "sam_/ori_av": 1.4040413463317616}, "DDC": 0.00035661551215493414, "LCC": 0.05058922767726379, "GCC": 0.04198473282442748}, "rate-20": {"ANB_G": 0.0014928156532136578, "SP": 9.935327717102714, "ANB": 0.007578734280833509, "ACC": 0.10563985800169906, "CC": 1, "QCS": 0.6803883469874925, "SCS": {"ori-": 13.402337599861905, "sam_": 8.636800097245652, "ori-av": 0.12183943272601731, "sam_av": 0.15703272904083004, "sam_/ori_av": 1.2888498044303323}, "DDC": 0.00041695702991229044, "LCC": 0.06078623859299835, "GCC": 0.0563057907988098}, "rate-25": {"ANB_G": 0.0013706858605336567, "SP": 8.84007262212094, "ANB": 0.005315303472624362, "ACC": 0.11679433057164186, "CC": 1, "QCS": 0.7654530856192264, "SCS": {"ori-": 18.920972941645868, "sam_": 11.61049291550966, "ori-av": 0.15016645191782435, "sam_av": 0.18429353834142317, "sam_/ori_av": 1.2272617218276836}, "DDC": 4.7635104698295905e-05, "LCC": 0.07844726958160636, "GCC": 0.07274314884470715}, "rate-30": {"ANB_G": 0.0013878821440263176, "SP": 8.937693820557694, "ANB": 0.004484572779976101, "ACC": 0.11537078570232431, "CC": 1, "QCS": 0.7884190309425229, "SCS": {"ori-": 25.43718747334277, "sam_": 16.514749891199695, "ori-av": 0.13111952305846789, "sam_av": 0.17025515351752263, "sam_/ori_av": 1.2984729470195195}, "DDC": 0.11266106096215256, "LCC": 0.08441694215001128, "GCC": 0.08849887976101568}, "rate-35": {"ANB_G": 0.0012641332431693548, "SP": 8.42152602248677, "ANB": 0.003593959332923372, "ACC": 0.12186957851435512, "CC": 1, "QCS": 0.7211332334143737, "SCS": {"ori-": 27.544324097484203, "sam_": 17.320640987707645, "ori-av": 0.14346002134106356, "sam_av": 0.18042334362195464, "sam_/ori_av": 1.2576559095374316}, "DDC": 0.08453517971004587, "LCC": 0.07266543418713663, "GCC": 0.06094877437183358}, "rate-40": {"ANB_G": 0.0011509581261427374, "SP": 7.634850430160429, "ANB": 0.002810186543905307, "ACC": 0.13429696748983772, "CC": 1, "QCS": 0.867642719822772, "SCS": {"ori-": 27.663331000455056, "sam_": 16.93050452579297, "ori-av": 0.14407984896070342, "sam_av": 0.17635942214367675, "sam_/ori_av": 1.2240394712780225}, "DDC": 0.034002753250767404, "LCC": 0.08702750064415873, "GCC": 0.06360996691201297}}