{"rate-5": {"ANB_G": 0.00255042744253098, "SP": 29.808924247665168, "ANB": 0.09832397354151932, "ACC": 0.03559240545050801, "CC": 1, "QCS": 0.5446562773025008, "SCS": {"ori-": 5.776244180407767, "sam_": 4.075548311817456, "ori-av": 0.13127827682744925, "sam_av": 0.18525219599170253, "sam_/ori_av": 1.4111412829953278}, "DDC": 0.5958579384175962, "LCC": 0.010934376358105171, "GCC": 0.016107382550335572}, "rate-10": {"ANB_G": 0.002173268543382345, "SP": 16.78511121982101, "ANB": 0.02684542724459355, "ACC": 0.061144372476917105, "CC": 1, "QCS": 0.6877462946413779, "SCS": {"ori-": 10.6398066341673, "sam_": 7.43541037732723, "ori-av": 0.12090689357008295, "sam_av": 0.16898659948470976, "sam_/ori_av": 1.3976589299001194}, "DDC": 0.007091526905976586, "LCC": 0.04056105852716023, "GCC": 0.04489577765900588}, "rate-15": {"ANB_G": 0.0016855383042484143, "SP": 9.221002155309842, "ANB": 0.009299776193789416, "ACC": 0.11579695099042922, "CC": 1, "QCS": 0.5308780795833735, "SCS": {"ori-": 14.295842069710417, "sam_": 9.662705480684396, "ori-av": 0.12764144705098587, "sam_av": 0.17254831215507851, "sam_/ori_av": 1.3518204011441108}, "DDC": 0.059407202330440056, "LCC": 0.05731660488996831, "GCC": 0.04446700507614213}, "rate-20": {"ANB_G": 0.0015468173174549384, "SP": 9.076365906514157, "ANB": 0.006850183126814381, "ACC": 0.11534980176114445, "CC": 1, "QCS": 0.6660545764337733, "SCS": {"ori-": 15.892575426901002, "sam_": 10.353885920511168, "ori-av": 0.13700496057673278, "sam_av": 0.17851527449157187, "sam_/ori_av": 1.302984021455123}, "DDC": 0.22380569544368534, "LCC": 0.06858660416705373, "GCC": 0.05200610553859573}, "rate-25": {"ANB_G": 0.0014553833681446853, "SP": 9.899674870140712, "ANB": 0.0060336778780615006, "ACC": 0.10503238871322228, "CC": 1, "QCS": 0.6826259743361284, "SCS": {"ori-": 23.110690924314152, "sam_": 15.373924301676935, "ori-av": 0.13594524073125971, "sam_av": 0.18086969766678745, "sam_/ori_av": 1.3304599461803568}, "DDC": 0.04546733289821847, "LCC": 0.06750196068855677, "GCC": 0.05857359635811836}, "rate-30": {"ANB_G": 0.001329867037323751, "SP": 8.697702385944607, "ANB": 0.004348984398838759, "ACC": 0.11787496449843246, "CC": 1, "QCS": 0.6763481607181486, "SCS": {"ori-": 22.738311860704137, "sam_": 14.771648682007843, "ori-av": 0.1337547756512008, "sam_av": 0.17378410214126874, "sam_/ori_av": 1.2992739982193569}, "DDC": 0.01810370534660566, "LCC": 0.07483221754601392, "GCC": 0.08624813828586902}, "rate-35": {"ANB_G": 0.0011764150447736508, "SP": 8.359533085957313, "ANB": 0.0035639385404151727, "ACC": 0.12350735494123975, "CC": 1, "QCS": 0.7179255081600807, "SCS": {"ori-": 24.941053988333074, "sam_": 15.574336544480166, "ori-av": 0.15024731318272935, "sam_av": 0.18764260896964055, "sam_/ori_av": 1.2488916107367019}, "DDC": 1.1820057625011593e-05, "LCC": 0.07162905065185897, "GCC": 0.07015296786942839}, "rate-40": {"ANB_G": 0.0011419682710802506, "SP": 7.555129298961588, "ANB": 0.0027764207111230796, "ACC": 0.13652508966135268, "CC": 1, "QCS": 0.6409016621114962, "SCS": {"ori-": 30.898139223995894, "sam_": 18.958031529715214, "ori-av": 0.1529610852673064, "sam_av": 0.18770328247242787, "sam_/ori_av": 1.2271309538920172}, "DDC": 0.13646375046280812, "LCC": 0.09480186891606045, "GCC": 0.07323294659754793}}