{"rate-5": {"ANB_G": 0.001757562717025786, "SP": 12.995341865559784, "ANB": 0.04093973332955559, "ACC": 0.07997551228117734, "CC": 1, "QCS": 0.6795800956817172, "SCS": {"ori-": 6.127240402369528, "sam_": 4.2675209594183325, "ori-av": 0.16124316848340864, "sam_av": 0.22460636628517539, "sam_/ori_av": 1.392966712312445}, "DDC": 0.357857062837425, "LCC": 0.05712322628075369, "GCC": 0.06606851549755302}, "rate-10": {"ANB_G": 0.0020278893727000732, "SP": 19.717435469482893, "ANB": 0.03183237324741988, "ACC": 0.05203254140183931, "CC": 1, "QCS": 0.8400550885569038, "SCS": {"ori-": 11.17340210264514, "sam_": 7.732352245110073, "ori-av": 0.11638960523588687, "sam_av": 0.16109067177312653, "sam_/ori_av": 1.384064078975472}, "DDC": 0.11135595126818754, "LCC": 0.043002421307506075, "GCC": 0.04205607476635514}, "rate-15": {"ANB_G": 0.0015471266622885354, "SP": 14.46009360931502, "ANB": 0.015226350236781695, "ACC": 0.07220815909038082, "CC": 1, "QCS": 0.7686866725954046, "SCS": {"ori-": 15.034061089757344, "sam_": 10.256376146328696, "ori-av": 0.13920426934960503, "sam_av": 0.18993289159867957, "sam_/ori_av": 1.3644185805944786}, "DDC": 0.001283907150627983, "LCC": 0.05498965544112273, "GCC": 0.0730605071554105}, "rate-20": {"ANB_G": 0.0015415100859521357, "SP": 9.971157737625397, "ANB": 0.007609124459393913, "ACC": 0.10403729104001933, "CC": 1, "QCS": 0.7296312932239242, "SCS": {"ori-": 17.65866735898999, "sam_": 11.363643043427897, "ori-av": 0.13377778302265145, "sam_av": 0.17217640974890755, "sam_/ori_av": 1.287032912780102}, "DDC": 0.002530984818256865, "LCC": 0.06549783306519873, "GCC": 0.07027383701748598}, "rate-25": {"ANB_G": 0.0014673321216771063, "SP": 10.131704197881518, "ANB": 0.006190985896868822, "ACC": 0.10115758092508129, "CC": 1, "QCS": 0.7361507862934942, "SCS": {"ori-": 22.64774308384168, "sam_": 14.571743019046217, "ori-av": 0.1398008832335906, "sam_av": 0.17989806196353353, "sam_/ori_av": 1.2868163476688865}, "DDC": 7.632983531746795e-05, "LCC": 0.059827425473524355, "GCC": 0.09580291970802919}, "rate-30": {"ANB_G": 0.0013518499340847995, "SP": 8.79121996856809, "ANB": 0.004401819191281404, "ACC": 0.11740639537988949, "CC": 1, "QCS": 0.730264272999016, "SCS": {"ori-": 25.612216368569094, "sam_": 16.516867832394055, "ori-av": 0.13919682809004943, "sam_av": 0.17953117209123973, "sam_/ori_av": 1.2897648211861346}, "DDC": 0.0030951428993751806, "LCC": 0.06631437814215672, "GCC": 0.05729967069154775}, "rate-35": {"ANB_G": 0.0012273313170187746, "SP": 7.685728951377639, "ANB": 0.0032376411386816563, "ACC": 0.13420279879383362, "CC": 1, "QCS": 0.7953910590901995, "SCS": {"ori-": 23.08462437169487, "sam_": 14.086829771115157, "ori-av": 0.13421293239357482, "sam_av": 0.16380034617575764, "sam_/ori_av": 1.2204512877747038}, "DDC": 9.946033219243589e-07, "LCC": 0.07939124863955273, "GCC": 0.07150575224051357}, "rate-40": {"ANB_G": 0.0011717200723123718, "SP": 8.221181902911201, "ANB": 0.003058526854261413, "ACC": 0.12540206349382935, "CC": 1, "QCS": 0.6796355806168458, "SCS": {"ori-": 30.226101938931606, "sam_": 18.241070935562874, "ori-av": 0.1496341680145129, "sam_av": 0.1806046627283453, "sam_/ori_av": 1.2069747513203575}, "DDC": 0.44254025384406104, "LCC": 0.09098105648013181, "GCC": 0.05909786217960676}}