{"rate-5": {"ACE": 0.020877866129103244, "ANB": 0.058825612734826095, "ACC": 0.056724858018260126, "CC": 1, "QCS": 0.6019542873511687, "SCS": {"ori-": 6.678761184504769, "sam_": 4.638786346781242, "ori-av": 0.1335752236900954, "sam_av": 0.18555145387124966, "sam_/ori_av": 1.3891158011589264}, "DDC": 0.08445738886043674, "LCC": 0.04674150708049014, "GCC": 0.05572755417956656}, "rate-10": {"ACE": 0.010074501603538408, "ANB": 0.01816886980397179, "ACC": 0.08871976106871925, "CC": 1, "QCS": 0.7236607242877677, "SCS": {"ori-": 9.548672425959026, "sam_": 6.918982587737065, "ori-av": 0.09946533777040652, "sam_av": 0.1441454705778555, "sam_/ori_av": 1.449203047101525}, "DDC": 0.027741134147981183, "LCC": 0.05055762504915046, "GCC": 0.0543427775197399}, "rate-15": {"ACE": 0.009201042656458838, "ANB": 0.013108371245584892, "ACC": 0.08400323932752456, "CC": 1, "QCS": 0.7322856567942139, "SCS": {"ori-": 13.348170541862972, "sam_": 9.238948154934944, "ori-av": 0.12134700492602701, "sam_av": 0.1679808755442717, "sam_/ori_av": 1.3843017851711514}, "DDC": 0.019610847123823105, "LCC": 0.058581592277753454, "GCC": 0.060810810810810814}, "rate-20": {"ACE": 0.005771537735347713, "ANB": 0.009286400361010886, "ACC": 0.08755770544842868, "CC": 1, "QCS": 0.7574476172366302, "SCS": {"ori-": 19.09883014371304, "sam_": 12.911698839910906, "ori-av": 0.13081390509392493, "sam_av": 0.17687258684809462, "sam_/ori_av": 1.3520931641104923}, "DDC": 0.011092254155554593, "LCC": 0.06450628892726822, "GCC": 0.060095727707853215}, "rate-25": {"ACE": 0.007116037066452092, "ANB": 0.005888362731325921, "ACC": 0.10650705317532068, "CC": 1, "QCS": 0.8173977594611925, "SCS": {"ori-": 22.0356257459245, "sam_": 14.359128418995908, "ori-av": 0.12811410317397964, "sam_av": 0.16696660952320824, "sam_/ori_av": 1.3032648661362964}, "DDC": 0.006672298598983328, "LCC": 0.05865669377254972, "GCC": 0.054678007290400975}, "rate-30": {"ACE": 0.006480802739666605, "ANB": 0.004521148358969465, "ACC": 0.1149149386616602, "CC": 1, "QCS": 0.685470093488152, "SCS": {"ori-": 23.742792287113367, "sam_": 14.898727101438586, "ori-av": 0.14477312370191078, "sam_av": 0.18169179391998277, "sam_/ori_av": 1.2550105245645446}, "DDC": 0.009876240343664855, "LCC": 0.07319943765340063, "GCC": 0.08495709237758707}, "rate-35": {"ACE": 0.00510312281247529, "ANB": 0.0033373047810893778, "ACC": 0.13049812211091258, "CC": 1, "QCS": 0.8075509250065117, "SCS": {"ori-": 26.807533005256058, "sam_": 16.77981471274292, "ori-av": 0.13677312757783702, "sam_av": 0.17122259910962162, "sam_/ori_av": 1.2518730992108047}, "DDC": 0.10077241524951819, "LCC": 0.08100854316333952, "GCC": 0.07036626849141682}, "rate-40": {"ACE": 0.003917386998503183, "ANB": 0.002876039312490123, "ACC": 0.13117048457397065, "CC": 1, "QCS": 0.6810818460877699, "SCS": {"ori-": 28.288638407755883, "sam_": 17.02002813471096, "ori-av": 0.13343697362149, "sam_av": 0.16056630315765055, "sam_/ori_av": 1.203311936713404}, "DDC": 3.6336825637306447e-07, "LCC": 0.09815234350190961, "GCC": 0.10855967968834541}}