{"rate-5": {"ANB_G": 0.0017939562502596903, "SP": 11.766286175487144, "ANB": 0.03674500401190152, "ACC": 0.08658179282709579, "CC": 1, "QCS": 0.7546772533655784, "SCS": {"ori-": 6.655023719319169, "sam_": 4.788871584980553, "ori-av": 0.12798122537152248, "sam_av": 0.1841873686530982, "sam_/ori_av": 1.4391749111513221}, "DDC": 0.0005152635823350016, "LCC": 0.052921711057304276, "GCC": 0.060759493670886074}, "rate-10": {"ANB_G": 0.002078062981144584, "SP": 14.171586429167506, "ANB": 0.02240065719246172, "ACC": 0.07346193212340435, "CC": 1, "QCS": 0.6842349957029451, "SCS": {"ori-": 12.550922596221469, "sam_": 8.87276465948171, "ori-av": 0.13073877704397363, "sam_av": 0.1848492637392023, "sam_/ori_av": 1.4138824602667712}, "DDC": 0.007886060571720921, "LCC": 0.03562395231886757, "GCC": 0.03531300160513644}, "rate-15": {"ANB_G": 0.001705451724248572, "SP": 10.872306181530652, "ANB": 0.011167767173677214, "ACC": 0.09595605631719102, "CC": 1, "QCS": 0.7549461244149458, "SCS": {"ori-": 15.974710647307306, "sam_": 10.100214176823249, "ori-av": 0.1331225887275609, "sam_av": 0.16833690294705414, "sam_/ori_av": 1.264525461501957}, "DDC": 3.334261752030443e-06, "LCC": 0.06836691650461404, "GCC": 0.06574024585783003}, "rate-20": {"ANB_G": 0.0015712286939609209, "SP": 10.895520888646507, "ANB": 0.008393147488249795, "ACC": 0.09616761473506225, "CC": 1, "QCS": 0.8266706941227017, "SCS": {"ori-": 20.003091660514286, "sam_": 13.328343836802857, "ori-av": 0.13515602473320465, "sam_av": 0.18011275455138995, "sam_/ori_av": 1.3326283819528504}, "DDC": 9.907700196565283e-05, "LCC": 0.049432720019710115, "GCC": 0.06546489563567362}, "rate-25": {"ANB_G": 0.0014079629020412531, "SP": 10.754625119033857, "ANB": 0.006613305165446678, "ACC": 0.09537454304265255, "CC": 1, "QCS": 0.7397138318246178, "SCS": {"ori-": 20.415292300884232, "sam_": 12.728776794653907, "ori-av": 0.1398307691841386, "sam_av": 0.1743668054062179, "sam_/ori_av": 1.2469845258206365}, "DDC": 0.9201143774054142, "LCC": 0.07065367887794387, "GCC": 0.0638854948507593}, "rate-30": {"ANB_G": 0.0013495611335515119, "SP": 8.473010746246588, "ANB": 0.004222039969630836, "ACC": 0.12269407287431339, "CC": 1, "QCS": 0.744130946961535, "SCS": {"ori-": 23.749848911529476, "sam_": 15.302301780114956, "ori-av": 0.13342611748050268, "sam_av": 0.1719359750574714, "sam_/ori_av": 1.2886230844766664}, "DDC": 0.6609505564230563, "LCC": 0.08045011702095822, "GCC": 0.05292355486519472}, "rate-35": {"ANB_G": 0.0012618782013685344, "SP": 8.052970409013442, "ANB": 0.003415482038263166, "ACC": 0.12794880816249457, "CC": 1, "QCS": 0.6579288982838181, "SCS": {"ori-": 24.430461003440918, "sam_": 14.801323044916682, "ori-av": 0.14040494829563746, "sam_av": 0.17013014994157105, "sam_/ori_av": 1.2117104988589436}, "DDC": 0.01687724924293854, "LCC": 0.06607052199787736, "GCC": 0.052213941253836035}, "rate-40": {"ANB_G": 0.0011786156824162763, "SP": 7.169611384658274, "ANB": 0.002613134851612991, "ACC": 0.14311039657612942, "CC": 1, "QCS": 0.6713688882721598, "SCS": {"ori-": 28.431731218953846, "sam_": 17.59541676598802, "ori-av": 0.12923514190433566, "sam_av": 0.15995833423625472, "sam_/ori_av": 1.2377309443793658}, "DDC": 0.032863843302674334, "LCC": 0.08802652932964486, "GCC": 0.05524553571428571}}