{"rate-5": {"ANB_G": 0.002449069162344141, "SP": 38.231497452013954, "ANB": 0.0071817562566184505, "ACC": 0.09705716608292035, "CC": 29, "QCS": 0.5404625265683681, "SCS": {"ori-": 7.608537531542375, "sam_": 5.816735101680035, "ori-av": 0.077638138076963, "sam_av": 0.11870887962612316, "sam_/ori_av": 1.529002144647603}, "DDC": 0.006551229549724091, "LCC": 0.40491964284155135, "GCC": 0.5017778409899019}, "rate-10": {"ANB_G": 0.002347844748684692, "SP": 26.580603416939294, "ANB": 0.004449252867386775, "ACC": 0.19063119948202362, "CC": 20, "QCS": 0.637719808610152, "SCS": {"ori-": 13.935613713751305, "sam_": 10.050719164846422, "ori-av": 0.11809842130297717, "sam_av": 0.17035117228553256, "sam_/ori_av": 1.4424508846608786}, "DDC": 3.546687955546801e-07, "LCC": 0.5054190557637563, "GCC": 0.4688414109549756}, "rate-15": {"ANB_G": 0.0018908162165702088, "SP": 25.361911417514136, "ANB": 0.0034780678512012684, "ACC": 0.2073337262581227, "CC": 20, "QCS": 0.7065125265589338, "SCS": {"ori-": 19.183188587737973, "sam_": 13.39558954940631, "ori-av": 0.13509287737843642, "sam_av": 0.18867027534375083, "sam_/ori_av": 1.3965967636859768}, "DDC": 0.0007934052000243552, "LCC": 0.4953000342949004, "GCC": 0.47104513400972037}, "rate-20": {"ANB_G": 0.001702092714540891, "SP": 25.15213709905794, "ANB": 0.0025052214175751097, "ACC": 0.2209232639786117, "CC": 21, "QCS": 0.8271684797720963, "SCS": {"ori-": 21.16546333707982, "sam_": 14.201362931008067, "ori-av": 0.14496892696630015, "sam_av": 0.19453921823298723, "sam_/ori_av": 1.3419373537765809}, "DDC": 1.7628727100316155e-07, "LCC": 0.4924844878394969, "GCC": 0.46343698783748816}, "rate-25": {"ANB_G": 0.0014804160919259306, "SP": 26.903363582608865, "ANB": 0.0020597717355023745, "ACC": 0.22743766133314625, "CC": 23, "QCS": 0.5896766664583692, "SCS": {"ori-": 25.95216207337005, "sam_": 17.221155555054857, "ori-av": 0.15265977690217677, "sam_av": 0.2026018300594689, "sam_/ori_av": 1.3271461164868243}, "DDC": 0.0001328191334288853, "LCC": 0.47546725880277807, "GCC": 0.4289703129178925}, "rate-30": {"ANB_G": 0.0014178397819470914, "SP": 20.504837182741035, "ANB": 0.0017236933815297643, "ACC": 0.23560535111543857, "CC": 16, "QCS": 0.7225112020714471, "SCS": {"ori-": 27.02345069386224, "sam_": 17.14551819438326, "ori-av": 0.16681142403618668, "sam_av": 0.2116730641281884, "sam_/ori_av": 1.2689362575207668}, "DDC": 2.55048382322709e-05, "LCC": 0.4764632981013264, "GCC": 0.4173899287641075}, "rate-35": {"ANB_G": 0.0012579465448887693, "SP": 25.27985596159508, "ANB": 0.0014470213207934232, "ACC": 0.23360227925532465, "CC": 20, "QCS": 0.6950493951608435, "SCS": {"ori-": 29.517340428118818, "sam_": 18.046117744368015, "ori-av": 0.1778153037838483, "sam_av": 0.2174231053538315, "sam_/ori_av": 1.2227468655798621}, "DDC": 1.5533873976236734e-05, "LCC": 0.47371438952946704, "GCC": 0.4059124855016494}, "rate-40": {"ANB_G": 0.0011701936387459087, "SP": 27.599542506951106, "ANB": 0.0012972910722678695, "ACC": 0.23254824661459786, "CC": 21, "QCS": 0.6663907053591194, "SCS": {"ori-": 33.0809444010403, "sam_": 20.243719589376028, "ori-av": 0.17785453979053925, "sam_av": 0.217674404186839, "sam_/ori_av": 1.2238900645617252}, "DDC": 0.00633225418498673, "LCC": 0.4540060084790983, "GCC": 0.38127724128561885}}