{"rate-5": {"ACE": 0.021709573037298684, "ANB": 0.005948563575682217, "ACC": 0.12256132623647426, "CC": 27, "QCS": 0.5865755994331251, "SCS": {"ori-": 8.148480656374005, "sam_": 6.25222499370561, "ori-av": 0.07544889496642597, "sam_av": 0.11578194432788168, "sam_/ori_av": 1.5345744212609544}, "DDC": 0.0037321883042007453, "LCC": 0.3922794642419294, "GCC": 0.5090029561945714}, "rate-10": {"ACE": 0.013764591936410256, "ANB": 0.005155002635856224, "ACC": 0.14529248345755408, "CC": 27, "QCS": 0.6301126442041521, "SCS": {"ori-": 14.021871459448672, "sam_": 10.117059394612554, "ori-av": 0.11684892882873893, "sam_av": 0.16861765657687589, "sam_/ori_av": 1.4430398144600232}, "DDC": 0.012050998920743905, "LCC": 0.46116861386817415, "GCC": 0.5107131262850341}, "rate-15": {"ACE": 0.011136248830322562, "ANB": 0.0032318130823883995, "ACC": 0.2120916966977753, "CC": 20, "QCS": 0.714494708659694, "SCS": {"ori-": 16.658972921406736, "sam_": 11.564960234261056, "ori-av": 0.13014822594849013, "sam_av": 0.180702503660329, "sam_/ori_av": 1.3884361645609151}, "DDC": 3.7069765979058644e-07, "LCC": 0.46378230701335293, "GCC": 0.45290455346087444}, "rate-20": {"ACE": 0.009362116563446517, "ANB": 0.0026094608029584208, "ACC": 0.2236490343268325, "CC": 16, "QCS": 0.5959453611006424, "SCS": {"ori-": 20.642273328891488, "sam_": 13.78251723195351, "ori-av": 0.14958169078906874, "sam_av": 0.19974662655005085, "sam_/ori_av": 1.3353681556636616}, "DDC": 1.7016385326362737e-06, "LCC": 0.4844355753301148, "GCC": 0.4582871347961497}, "rate-25": {"ACE": 0.00791849401068204, "ANB": 0.0020344860690152426, "ACC": 0.23140351207240087, "CC": 16, "QCS": 0.7392711288189133, "SCS": {"ori-": 24.052599375396696, "sam_": 15.594006732844699, "ori-av": 0.18221666193482344, "sam_av": 0.23627282928552573, "sam_/ori_av": 1.2966587510533887}, "DDC": 0.001421953823464106, "LCC": 0.5012256941926174, "GCC": 0.4413279672540967}, "rate-30": {"ACE": 0.0069361209609393555, "ANB": 0.0017290269450708304, "ACC": 0.2356260881228218, "CC": 14, "QCS": 0.6765026035749377, "SCS": {"ori-": 26.505136539533645, "sam_": 16.76873985306649, "ori-av": 0.19206620680821482, "sam_av": 0.24302521526183316, "sam_/ori_av": 1.2653200128250712}, "DDC": 0.0002169781807900284, "LCC": 0.4800996069520807, "GCC": 0.4190562410359174}, "rate-35": {"ACE": 0.006373306188984038, "ANB": 0.001473360521850225, "ACC": 0.23552869632002768, "CC": 15, "QCS": 0.701119931336233, "SCS": {"ori-": 28.964389925747923, "sam_": 17.668771308356934, "ori-av": 0.1766121336935849, "sam_av": 0.21547282083362115, "sam_/ori_av": 1.2200340731257913}, "DDC": 0.0002906086587782797, "LCC": 0.47114278306747986, "GCC": 0.40424524779723936}, "rate-40": {"ACE": 0.005763180384429113, "ANB": 0.0012821828207097838, "ACC": 0.2331007943874212, "CC": 19, "QCS": 0.6609902348331111, "SCS": {"ori-": 30.479023907454895, "sam_": 18.312014042912423, "ori-av": 0.18584770675277376, "sam_av": 0.22331724442576126, "sam_/ori_av": 1.2016142051342706}, "DDC": 0.0006064009495422296, "LCC": 0.47980050369068583, "GCC": 0.39236604003158343}}