{"rate-5": {"ANB_G": 0.00279356249946245, "SP": 25.370786146507708, "ANB": 0.010722854537777396, "ACC": 0.13513945852782228, "CC": 18, "QCS": 0.5234324762758557, "SCS": {"ori-": 7.35690706163375, "sam_": 5.509843614195897, "ori-av": 0.08971837880041159, "sam_av": 0.13438642961453406, "sam_/ori_av": 1.4978695715566983}, "DDC": 0.0007753766693266995, "LCC": 0.4641480736190451, "GCC": 0.4968468934146594}, "rate-10": {"ANB_G": 0.002232059340231552, "SP": 16.412925148795566, "ANB": 0.005863013387565613, "ACC": 0.2014702708115738, "CC": 12, "QCS": 0.7522398820181092, "SCS": {"ori-": 12.868571117572841, "sam_": 9.195902481084984, "ori-av": 0.1313119501793147, "sam_av": 0.187671479205816, "sam_/ori_av": 1.4292033508720174}, "DDC": 2.1245800151614702e-05, "LCC": 0.49272961973868257, "GCC": 0.4767084040747029}, "rate-15": {"ANB_G": 0.0018557216506781744, "SP": 22.880682016396307, "ANB": 0.003273954255771781, "ACC": 0.21384951022470605, "CC": 18, "QCS": 0.5790105847545827, "SCS": {"ori-": 17.197832068769873, "sam_": 11.871697114844629, "ori-av": 0.14825717300663685, "sam_av": 0.20468443301456257, "sam_/ori_av": 1.3806039118619893}, "DDC": 0.002574320418644249, "LCC": 0.4901445026604229, "GCC": 0.44624989820570593}, "rate-20": {"ANB_G": 0.001699572056788949, "SP": 22.971738427617737, "ANB": 0.002625719461549723, "ACC": 0.22402452275672682, "CC": 19, "QCS": 0.7364374325255463, "SCS": {"ori-": 21.710312445515303, "sam_": 14.731439856180073, "ori-av": 0.14283100293102172, "sam_av": 0.1938347349497378, "sam_/ori_av": 1.357091464542524}, "DDC": 6.31279230223214e-06, "LCC": 0.49647110198861666, "GCC": 0.4378473804100228}, "rate-25": {"ANB_G": 0.001468931242424723, "SP": 17.963216444656886, "ANB": 0.0021102760402182032, "ACC": 0.22986427106221577, "CC": 14, "QCS": 0.685430343396974, "SCS": {"ori-": 25.946772558930356, "sam_": 16.698661793332747, "ori-av": 0.19959055814561813, "sam_av": 0.2569024891281961, "sam_/ori_av": 1.2871475059494752}, "DDC": 6.987897606225424e-06, "LCC": 0.48611497661397823, "GCC": 0.4261595429331716}, "rate-30": {"ANB_G": 0.0014130912035387026, "SP": 25.100904463922213, "ANB": 0.0016939258103291753, "ACC": 0.23215318252511905, "CC": 20, "QCS": 0.7620776309390096, "SCS": {"ori-": 27.614363089472818, "sam_": 17.56541305430434, "ori-av": 0.17045903141649887, "sam_av": 0.2168569512877079, "sam_/ori_av": 1.2721939664073332}, "DDC": 2.068902010710083e-06, "LCC": 0.47659139449006754, "GCC": 0.42049973361569515}, "rate-35": {"ANB_G": 0.0013042933132635748, "SP": 18.90385628985682, "ANB": 0.0014572449391319258, "ACC": 0.23817133791790146, "CC": 14, "QCS": 0.709649210397709, "SCS": {"ori-": 29.674338374473166, "sam_": 18.015703065546894, "ori-av": 0.19269050892515044, "sam_av": 0.2339701696824272, "sam_/ori_av": 1.214227784168195}, "DDC": 0.00031528713245154716, "LCC": 0.4700917232966698, "GCC": 0.39392765244255246}, "rate-40": {"ANB_G": 0.0011856141677313232, "SP": 24.910899355471408, "ANB": 0.0012669261602577613, "ACC": 0.23469223937381248, "CC": 19, "QCS": 0.81660783248689, "SCS": {"ori-": 31.078502720963893, "sam_": 18.40791291469121, "ori-av": 0.20446383369055193, "sam_av": 0.24220938045646329, "sam_/ori_av": 1.1846074490759955}, "DDC": 0.000972428847720086, "LCC": 0.4719903025237997, "GCC": 0.39297423528793796}}