{"rate-5": {"ANB_G": 0.002150165868207352, "SP": 26.265745630579655, "ANB": 0.008666415603089736, "ACC": 0.14606501677595932, "CC": 19, "QCS": 0.6605150088869166, "SCS": {"ori-": 7.594024738049852, "sam_": 5.6754714666997, "ori-av": 0.09261005778109575, "sam_av": 0.13842613333413903, "sam_/ori_av": 1.4947202998333038}, "DDC": 0.0016777764511413107, "LCC": 0.47461985399039536, "GCC": 0.505538595726123}, "rate-10": {"ANB_G": 0.0021821033043986793, "SP": 27.824569899324587, "ANB": 0.004527379484532966, "ACC": 0.19458789018667919, "CC": 22, "QCS": 0.7243676967474467, "SCS": {"ori-": 13.238304309367777, "sam_": 9.513993666375217, "ori-av": 0.11819914561935516, "sam_av": 0.16989274404241458, "sam_/ori_av": 1.4373432494134253}, "DDC": 0.00040293173513572533, "LCC": 0.4603474972154104, "GCC": 0.4711752840004247}, "rate-15": {"ANB_G": 0.0020359975959156804, "SP": 23.049311902510766, "ANB": 0.0033282810373466867, "ACC": 0.21275520952437646, "CC": 19, "QCS": 0.48316499581219874, "SCS": {"ori-": 17.703588154583386, "sam_": 12.251028830243387, "ori-av": 0.14752990128819488, "sam_av": 0.2041838138373898, "sam_/ori_av": 1.3840164743181338}, "DDC": 1.557720195832779e-06, "LCC": 0.46837646161360674, "GCC": 0.46293003478933126}, "rate-20": {"ANB_G": 0.0017326093323394834, "SP": 20.52108854169061, "ANB": 0.002614162081281167, "ACC": 0.22437942908940517, "CC": 16, "QCS": 0.6128006506292979, "SCS": {"ori-": 21.53513818993756, "sam_": 14.466343155639274, "ori-av": 0.16070998649207133, "sam_av": 0.21591556948715335, "sam_/ori_av": 1.3435105944570882}, "DDC": 1.3816223447538079e-05, "LCC": 0.4879680323280551, "GCC": 0.45362256121749794}, "rate-25": {"ANB_G": 0.0014772209640680964, "SP": 20.23100183294358, "ANB": 0.0020907876338325227, "ACC": 0.23109090815299277, "CC": 18, "QCS": 0.7895779707450253, "SCS": {"ori-": 22.905506703009934, "sam_": 14.786332271423992, "ori-av": 0.16361076216435666, "sam_av": 0.2112333181631999, "sam_/ori_av": 1.2910722703620412}, "DDC": 0.00011960130211319253, "LCC": 0.4817303569985719, "GCC": 0.4365126044968797}, "rate-30": {"ANB_G": 0.00141921922207373, "SP": 21.853729944257747, "ANB": 0.0017261713120158035, "ACC": 0.23443528072826111, "CC": 18, "QCS": 0.5885129621804689, "SCS": {"ori-": 25.34672762830192, "sam_": 15.887648815511728, "ori-av": 0.17601894186320777, "sam_av": 0.22066178910432954, "sam_/ori_av": 1.2536252449228773}, "DDC": 5.960188126374888e-06, "LCC": 0.4818766214320881, "GCC": 0.41276496476530294}, "rate-35": {"ANB_G": 0.0012742424929223087, "SP": 17.180901221338658, "ANB": 0.0015011621204370094, "ACC": 0.23843865147400867, "CC": 14, "QCS": 0.7361004072808518, "SCS": {"ori-": 27.221068118474783, "sam_": 16.721763449688165, "ori-av": 0.18392613593564042, "sam_av": 0.22596977634713736, "sam_/ori_av": 1.228589809695175}, "DDC": 0.00015660714547005572, "LCC": 0.4689667899127831, "GCC": 0.407684603942585}, "rate-40": {"ANB_G": 0.0011641869104342568, "SP": 27.28182000264535, "ANB": 0.001264469713893914, "ACC": 0.23331922921093337, "CC": 22, "QCS": 0.8403241641297156, "SCS": {"ori-": 30.731387710656552, "sam_": 18.48025727536802, "ori-av": 0.18077286888621502, "sam_av": 0.2174147914749179, "sam_/ori_av": 1.2026959178911225}, "DDC": 0.00013481553022631765, "LCC": 0.470803199340692, "GCC": 0.3897879041236533}}