{"rate-5": {"ANB_G": 0.002876099432729102, "SP": 25.929895582329316, "ANB": 0.010443615173841849, "ACC": 0.14125779828026064, "CC": 21, "QCS": 0.7644405650683591, "SCS": {"ori-": 8.380637045624335, "sam_": 6.357268607909764, "ori-av": 0.08915571325132271, "sam_av": 0.13526103421084604, "sam_/ori_av": 1.5171325457243123}, "DDC": 0.0014877731403810657, "LCC": 0.42501781216767825, "GCC": 0.5154939422180802}, "rate-10": {"ANB_G": 0.0024580851198684572, "SP": 20.841569796323896, "ANB": 0.005282811809653797, "ACC": 0.19906001635211704, "CC": 16, "QCS": 0.5809277283347497, "SCS": {"ori-": 12.895484457747177, "sam_": 9.39997873070703, "ori-av": 0.11116796946333773, "sam_av": 0.16206859880529362, "sam_/ori_av": 1.4578713597781643}, "DDC": 3.7766601281852274e-06, "LCC": 0.4634054746840824, "GCC": 0.47751626747888687}, "rate-15": {"ANB_G": 0.0018912358009104272, "SP": 21.05270652850914, "ANB": 0.0033564526077956456, "ACC": 0.21540144415535448, "CC": 15, "QCS": 0.7392345940041268, "SCS": {"ori-": 17.120154952125986, "sam_": 11.63728398192692, "ori-av": 0.14266795793438322, "sam_av": 0.19395473303211533, "sam_/ori_av": 1.359483487675069}, "DDC": 0.0002910462809389003, "LCC": 0.49855006610756164, "GCC": 0.4490177129009924}, "rate-20": {"ANB_G": 0.0016785567686933849, "SP": 15.963107595979569, "ANB": 0.0027329773400111878, "ACC": 0.22622688470576413, "CC": 12, "QCS": 0.664256112912762, "SCS": {"ori-": 22.18826364581848, "sam_": 14.80582092803204, "ori-av": 0.15625537778745408, "sam_av": 0.20853268912721182, "sam_/ori_av": 1.3345632776291885}, "DDC": 5.217403981150337e-05, "LCC": 0.4814886353065188, "GCC": 0.43830970556161397}, "rate-25": {"ANB_G": 0.0014967353222154428, "SP": 21.210979065463796, "ANB": 0.002072075593780728, "ACC": 0.2316366126133149, "CC": 17, "QCS": 0.7707869717950485, "SCS": {"ori-": 22.661411925197996, "sam_": 14.42390777883547, "ori-av": 0.1857492780753934, "sam_av": 0.23645750457107328, "sam_/ori_av": 1.2729928590898643}, "DDC": 0.0004585260776297506, "LCC": 0.4805547356272539, "GCC": 0.432129466417159}, "rate-30": {"ANB_G": 0.001332995638690339, "SP": 20.121390522247207, "ANB": 0.0016954819881206083, "ACC": 0.22601901880634742, "CC": 15, "QCS": 0.7349094105912835, "SCS": {"ori-": 26.25720809115844, "sam_": 16.66527575202934, "ori-av": 0.16831543648178487, "sam_av": 0.2136573814362736, "sam_/ori_av": 1.2693867294779921}, "DDC": 1.7306495610047712e-05, "LCC": 0.4743745575003697, "GCC": 0.4243359292639583}, "rate-35": {"ANB_G": 0.0013054297039461116, "SP": 13.693866220678123, "ANB": 0.0014966456417132249, "ACC": 0.23987649736972785, "CC": 10, "QCS": 0.6928714256425805, "SCS": {"ori-": 28.041100265014016, "sam_": 17.003324395201066, "ori-av": 0.19472986295148623, "sam_av": 0.23615728326668148, "sam_/ori_av": 1.2127430260941343}, "DDC": 1.5533873976236734e-05, "LCC": 0.4630714458393874, "GCC": 0.40650425548528146}, "rate-40": {"ANB_G": 0.0012073453656421815, "SP": 24.160728486971184, "ANB": 0.0012926626468211912, "ACC": 0.2366121232770435, "CC": 20, "QCS": 0.757342284152386, "SCS": {"ori-": 32.09280921675619, "sam_": 19.614620565403108, "ori-av": 0.1802966809930123, "sam_av": 0.22038899511688886, "sam_/ori_av": 1.2223685644298157}, "DDC": 4.281497866276407e-05, "LCC": 0.4660054606741343, "GCC": 0.3893184251219222}}