{"rate-5": {"ANB_G": 0.002889556929107561, "SP": 32.1957979008657, "ANB": 0.007082747485527443, "ACC": 0.14277669191623052, "CC": 26, "QCS": 0.6272980216021896, "SCS": {"ori-": 7.922153248703421, "sam_": 6.0570595942277805, "ori-av": 0.07201957498821292, "sam_av": 0.11012835625868692, "sam_/ori_av": 1.5291447676095156}, "DDC": 0.0002539179942685488, "LCC": 0.407220896909517, "GCC": 0.5323112749854454}, "rate-10": {"ANB_G": 0.0022838532061776047, "SP": 36.60985814105836, "ANB": 0.004492848104141033, "ACC": 0.16391754810140396, "CC": 29, "QCS": 0.659001833447215, "SCS": {"ori-": 14.806840886539826, "sam_": 10.636667479867711, "ori-av": 0.10887383004808696, "sam_av": 0.15642158058628985, "sam_/ori_av": 1.4367234120192354}, "DDC": 9.613302892619302e-07, "LCC": 0.46945899670114855, "GCC": 0.4902587961616749}, "rate-15": {"ANB_G": 0.001986823878374295, "SP": 17.24933049133738, "ANB": 0.003430886365041017, "ACC": 0.22635324466206944, "CC": 14, "QCS": 0.5187566635054329, "SCS": {"ori-": 17.702235909334004, "sam_": 12.116516410915112, "ori-av": 0.1382987180416719, "sam_av": 0.18932056892054863, "sam_/ori_av": 1.3689249734296374}, "DDC": 0.0009379345759941149, "LCC": 0.4932696940977747, "GCC": 0.4497000728146924}, "rate-20": {"ANB_G": 0.001597142274272123, "SP": 19.005349717222714, "ANB": 0.0026710491042401764, "ACC": 0.2238820165329155, "CC": 16, "QCS": 0.6821337997372461, "SCS": {"ori-": 21.260775139175482, "sam_": 14.134422266668674, "ori-av": 0.17145786402560872, "sam_av": 0.2279745526882044, "sam_/ori_av": 1.3296243598027935}, "DDC": 0.0032678082770107864, "LCC": 0.5078740305818573, "GCC": 0.4404570756710084}, "rate-25": {"ANB_G": 0.0014531855758907733, "SP": 18.27083841132653, "ANB": 0.002124003661523315, "ACC": 0.23036336031826407, "CC": 14, "QCS": 0.6903638925853759, "SCS": {"ori-": 24.38471243446218, "sam_": 15.551137778098834, "ori-av": 0.18757471103432447, "sam_av": 0.23924827350921282, "sam_/ori_av": 1.27548256473354}, "DDC": 1.4824727760931466e-05, "LCC": 0.49774503540502457, "GCC": 0.44483071435477267}, "rate-30": {"ANB_G": 0.0013447087499180467, "SP": 23.10277197689941, "ANB": 0.0017263862676246615, "ACC": 0.2309297741089059, "CC": 18, "QCS": 0.7184363598323432, "SCS": {"ori-": 25.78383730254307, "sam_": 16.04044312328097, "ori-av": 0.18683940074306574, "sam_av": 0.2324701901924778, "sam_/ori_av": 1.2442246617573012}, "DDC": 8.714455642111485e-05, "LCC": 0.47406454522902935, "GCC": 0.4087914127509512}, "rate-35": {"ANB_G": 0.0012868268274540307, "SP": 18.977622927303955, "ANB": 0.0014715193760024231, "ACC": 0.23818181014687628, "CC": 14, "QCS": 0.7207213933533324, "SCS": {"ori-": 28.205102256219817, "sam_": 17.04256233802579, "ori-av": 0.20146501611585585, "sam_av": 0.24346517625751127, "sam_/ori_av": 1.2084737139548958}, "DDC": 0.0006550447662508896, "LCC": 0.4735755226088759, "GCC": 0.3922766508216652}, "rate-40": {"ANB_G": 0.0011712320911564014, "SP": 15.757338019066466, "ANB": 0.0013017109635932295, "ACC": 0.239498750487935, "CC": 11, "QCS": 0.712465084522798, "SCS": {"ori-": 30.679498827178634, "sam_": 18.474606326064826, "ori-av": 0.19417404320999135, "sam_av": 0.2338557762793016, "sam_/ori_av": 1.204361676840586}, "DDC": 3.0471636662809942e-05, "LCC": 0.4587234132883391, "GCC": 0.39022721641043323}}