{
    "rate_5": {
        "ACE": 0.04443495074734539,
        "ANB": 0.07432737157507802,
        "ACC": 0.11519523717351322,
        "CC": 1,
        "QCS": 0.985305713458412,
        "SCS": {
            "ori-": 3.5319030852947844,
            "sam_": 2.753015446183563,
            "ori-av": 0.07358131427697467,
            "sam_av": 0.11470897692431513,
            "sam_/ori_av": 1.5589416695185379
        },
        "Degree_dis": [
            0,
            35,
            41,
            21,
            9,
            4
        ],
        "average_clustering": 0.063
    },
    "rate_10": {
        "ACE": 0.0369148164260206,
        "ANB": 0.035453880921249105,
        "ACC": 0.12398420850100582,
        "CC": 1,
        "QCS": 0.9741088081518811,
        "SCS": {
            "ori-": 5.841621231323918,
            "sam_": 4.401700887794058,
            "ori-av": 0.08850941259581695,
            "sam_av": 0.13338487538769872,
            "sam_/ori_av": 1.5070134517422233
        },
        "Degree_dis": [
            0,
            53,
            68,
            50,
            25,
            9,
            2
        ],
        "average_clustering": 0.035
    },
    "rate_15": {
        "ACE": 0.03149714659963366,
        "ANB": 0.01984697017595436,
        "ACC": 0.15047273821382506,
        "CC": 1,
        "QCS": 0.9178531430627948,
        "SCS": {
            "ori-": 7.351924559687335,
            "sam_": 5.367917000368986,
            "ori-av": 0.09935033188766669,
            "sam_av": 0.14507883784781042,
            "sam_/ori_av": 1.4602753215947781
        },
        "Degree_dis": [
            0,
            57,
            68,
            88,
            50,
            18,
            8,
            1,
            1
        ],
        "average_clustering": 0.026
    },
    "rate_20": {
        "ACE": 0.01878759284274956,
        "ANB": 0.012599030458511854,
        "ACC": 0.16272069264579464,
        "CC": 1,
        "QCS": 0.9130336212947985,
        "SCS": {
            "ori-": 9.011566256593648,
            "sam_": 6.272968032428234,
            "ori-av": 0.10989714947065424,
            "sam_av": 0.15299922030312765,
            "sam_/ori_av": 1.392203719933454
        },
        "Degree_dis": [
            0,
            60,
            90,
            113,
            80,
            31,
            21,
            16,
            5
        ],
        "average_clustering": 0.013
    },
    "rate_25": {
        "ACE": 0.029077583889112284,
        "ANB": 0.009479205788759212,
        "ACC": 0.17389093886843907,
        "CC": 1,
        "QCS": 0.9814599466645364,
        "SCS": {
            "ori-": 9.845757735168766,
            "sam_": 6.6001582800772445,
            "ori-av": 0.10939730816854185,
            "sam_av": 0.14667018400171655,
            "sam_/ori_av": 1.3407110874771309
        },
        "Degree_dis": [
            0,
            45,
            97,
            120,
            102,
            79,
            34,
            23,
            7,
            1,
            1
        ],
        "average_clustering": 0.029
    },
    "rate_30": {
        "ACE": 0.019912908197189997,
        "ANB": 0.007660108311509817,
        "ACC": 0.18146802765321798,
        "CC": 1,
        "QCS": 0.9880023341244613,
        "SCS": {
            "ori-": 10.433093399826738,
            "sam_": 6.743792407347358,
            "ori-av": 0.12420349285508021,
            "sam_av": 0.1605664858892228,
            "sam_/ori_av": 1.2927694881863803
        },
        "Degree_dis": [
            0,
            41,
            76,
            136,
            120,
            105,
            59,
            37,
            11,
            7,
            3,
            0,
            1
        ],
        "average_clustering": 0.034
    },
    "rate_35": {
        "ACE": 0.018530128276050932,
        "ANB": 0.006331316245850832,
        "ACC": 0.18767244940392835,
        "CC": 1,
        "QCS": 0.9920622249601899,
        "SCS": {
            "ori-": 10.921807115187889,
            "sam_": 6.804519562744635,
            "ori-av": 0.1300215132760463,
            "sam_av": 0.1620123705415389,
            "sam_/ori_av": 1.2460428006061843
        },
        "Degree_dis": [
            0,
            33,
            90,
            123,
            132,
            124,
            84,
            58,
            27,
            10,
            5,
            2,
            2,
            0,
            1
        ],
        "average_clustering": 0.024
    },
    "rate_40": {
        "ACE": 0.02819638401261171,
        "ANB": 0.004355256805088754,
        "ACC": 0.22378955417939436,
        "CC": 1,
        "QCS": 0.9952199584618706,
        "SCS": {
            "ori-": 11.75801540421645,
            "sam_": 7.157097914853313,
            "ori-av": 0.13361381141155057,
            "sam_av": 0.16266131624666622,
            "sam_/ori_av": 1.217398968925787
        },
        "Degree_dis": [
            0,
            1,
            15,
            68,
            113,
            142,
            155,
            129,
            89,
            44,
            24,
            10,
            4,
            4,
            2,
            0,
            1
        ],
        "average_clustering": 0.055
    }
}