{"rate-5": {"ACE": 0.019464979789354585, "ANB": 1.8552875695732837e-05, "ACC": 0.005336700336700339, "CC": 76, "QCS": 0.6179231919385504, "SCS": {"ori-": 4.299390439600456, "sam_": 3.5801917217163113, "ori-av": 0.02756019512564395, "sam_av": 0.045899893868157834, "sam_/ori_av": 1.6654415420103226}, "Degree_dis": [59, 34, 7], "average_clustering": 0.0}, "rate-10": {"ACE": 0.012358582222737073, "ANB": 0.0001121770468504138, "ACC": 0.006403166566838462, "CC": 112, "QCS": 0.5448885652873476, "SCS": {"ori-": 7.837335061051703, "sam_": 6.4034691197843845, "ori-av": 0.03467847372146771, "sam_av": 0.056667868316675966, "sam_/ori_av": 1.634093494766343}, "Degree_dis": [79, 73, 35, 13], "average_clustering": 0.031}, "rate-15": {"ACE": 0.010829869592652598, "ANB": 0.0008179389912684335, "ACC": 0.011670507724948794, "CC": 96, "QCS": 0.7133222595324217, "SCS": {"ori-": 9.979314625185552, "sam_": 7.861504551434483, "ori-av": 0.04577667259259428, "sam_av": 0.07212389496728884, "sam_/ori_av": 1.5755600152326712}, "Degree_dis": [68, 101, 79, 34, 14, 3, 1], "average_clustering": 0.016}, "rate-20": {"ACE": 0.013186968110755209, "ANB": 0.006110219014873872, "ACC": 0.026284584762706995, "CC": 82, "QCS": 0.7893124662374769, "SCS": {"ori-": 10.970513907988526, "sam_": 8.240707844190709, "ori-av": 0.05713809327077357, "sam_av": 0.08584070671031989, "sam_/ori_av": 1.5023376139544344}, "Degree_dis": [65, 113, 93, 75, 32, 15, 4, 1, 1, 0, 1], "average_clustering": 0.026}, "rate-25": {"ACE": 0.011125051193816394, "ANB": 0.0169831067758006, "ACC": 0.07294997221697751, "CC": 45, "QCS": 0.8803279421707698, "SCS": {"ori-": 10.588564155173305, "sam_": 7.34151707781212, "ori-av": 0.08021639511494928, "sam_av": 0.11123510723957758, "sam_/ori_av": 1.386687934307928}, "Degree_dis": [41, 93, 134, 114, 56, 31, 24, 3, 3, 1], "average_clustering": 0.024}, "rate-30": {"ACE": 0.012209182505479586, "ANB": 0.015160896179623044, "ACC": 0.08459643878485161, "CC": 27, "QCS": 0.988952577786955, "SCS": {"ori-": 10.8677159308842, "sam_": 7.136642515655392, "ori-av": 0.10252562198947358, "sam_av": 0.13465363237085645, "sam_/ori_av": 1.3133656715067916}, "Degree_dis": [22, 105, 130, 142, 105, 56, 22, 10, 5, 3], "average_clustering": 0.04}, "rate-35": {"ACE": 0.013036965332574117, "ANB": 0.009157541590612168, "ACC": 0.12110257339104992, "CC": 21, "QCS": 0.9949557847894419, "SCS": {"ori-": 11.115318606472062, "sam_": 6.9444576189951475, "ori-av": 0.12081868050513112, "sam_av": 0.15096646997815538, "sam_/ori_av": 1.2495292064685635}, "Degree_dis": [18, 68, 140, 139, 138, 98, 51, 25, 16, 4, 3], "average_clustering": 0.053}, "rate-40": {"ACE": 0.011978292335023899, "ANB": 0.007087481689204236, "ACC": 0.14315362422278258, "CC": 14, "QCS": 0.9959951263342784, "SCS": {"ori-": 10.715219967027931, "sam_": 6.2161922387577775, "ori-av": 0.15757676422099898, "sam_av": 0.1828291834928758, "sam_/ori_av": 1.1602547139276238}, "Degree_dis": [13, 60, 125, 149, 157, 115, 80, 48, 30, 16, 2, 3, 1, 1], "average_clustering": 0.03}}