{"rate_100": {"ACE": 0.012756462521037704, "ANB": 0.001798911467745886, "ACC": 0.2182041684828654, "CC": 1, "Degree_dis": [0, 0, 1, 10, 37, 82, 131, 178, 244, 252, 252, 233, 197, 135, 95, 78, 35, 17, 15, 4, 2, 0, 1, 1], "average_clustering": 0.06}}