{"rate-5": {"SRW": [0.6295, 4.291858109838756e-34], "ISRW": [0.71, 2.958596860503965e-43], "RJ": [1.0, 2.1769063615233904e-85], "RNS": [1.0, 2.1769063615233904e-85], "RES": [1.0, 2.1769063615233904e-85], "TIES": [0.7364999999999999, 1.6377799221545509e-46], "BFS": [1.0, 2.1769063615233904e-85], "DFS": [0.41, 1.0440413874212944e-14]}, "rate-10": {"SRW": [0.8075, 2.2809189539489503e-105], "ISRW": [0.38149999999999995, 7.53771855757701e-24], "RJ": [0.9935, 2.78583774236356e-159], "RNS": [1.0, 2.2883155604609567e-161], "RES": [0.9575, 5.60846483166882e-148], "TIES": [0.9985, 1.3190409027477465e-161], "BFS": [0.86, 1.8564624986390597e-119], "DFS": [0.435, 7.028651228008367e-31]}, "rate-15": {"SRW": [0.5298333333333334, 4.89348741669551e-65], "ISRW": [0.6133333333333333, 5.245515868820123e-87], "RJ": [1.0, 1.3822697897571794e-230], "RNS": [1.0, 1.3822697897571794e-230], "RES": [0.9985, 6.769494924216214e-230], "TIES": [1.0, 1.3822697897571794e-230], "BFS": [0.7785000000000001, 6.448780245971093e-140], "DFS": [0.7533333333333333, 4.813096379172494e-131]}, "rate-20": {"SRW": [0.513, 1.1227128744970616e-77], "ISRW": [0.7475, 1.9206043914095714e-164], "RJ": [0.929, 9.194721631414683e-254], "RNS": [0.938, 1.0744283808051694e-258], "RES": [0.9875, 1.130241958958073e-286], "TIES": [0.8688054862842892, 1.869883854401078e-222], "BFS": [0.7324999999999999, 6.310113045753681e-158], "DFS": [0.6515000000000001, 5.094504716503164e-125]}, "rate-25": {"SRW": [0.5765, 2.378612201062604e-117], "ISRW": [0.4125, 2.7442944288457677e-60], "RJ": [0.978, 0.0], "RNS": [0.995, 0.0], "RES": [0.9985, 0.0], "TIES": [0.9325, 2.4143966706732543e-306], "BFS": [0.4755, 5.712094900648345e-80], "DFS": [0.638, 1.2561753010246397e-143]}, "rate-30": {"SRW": [0.44799999999999995, 7.969563179488646e-82], "ISRW": [0.5785, 3.731964833306105e-136], "RJ": [0.9528333333333334, 0.0], "RNS": [0.95, 0.0], "RES": [0.8986497504159734, 0.0], "TIES": [0.8261666666666667, 3.008999662857748e-277], "BFS": [0.546, 2.4775000155645874e-121], "DFS": [0.673, 4.0406201329947355e-184]}, "rate-35": {"SRW": [0.5958571428571429, 4.342245813927823e-162], "ISRW": [0.36357142857142855, 1.2986096016718732e-60], "RJ": [0.8872857142857142, 0.0], "RNS": [0.9495, 0.0], "RES": [0.8065670470756063, 5.939168663268034e-297], "TIES": [0.8215714285714285, 9.160400701576414e-308], "BFS": [0.4828571428571429, 1.380866857997441e-106], "DFS": [0.6942142857142858, 7.274412091909145e-220]}, "rate-40": {"SRW": [0.3645, 4.659994910439704e-67], "ISRW": [0.36650000000000005, 8.613048809605205e-68], "RJ": [0.71725, 1.963693558335481e-258], "RNS": [0.8855, 0.0], "RES": [0.85675, 0.0], "TIES": [0.822165418227216, 0.0], "BFS": [0.56325, 1.5565465144818407e-159], "DFS": [0.6467499999999999, 3.316300986206134e-210]}}