{"rate-5": {"ACE": 0.03135703597606981, "ANB": 0.0005240524052405242, "ACC": 0.01931701307770144, "CC": 33, "QCS": 0.5951299062133282, "SCS": {"ori-": 3.7514874267989704, "sam_": 3.0227576709833173, "ori-av": 0.052103992038874586, "sam_av": 0.0839654908606477, "sam_/ori_av": 1.6114982283507446}, "Degree_dis": [0, 70, 24, 6, 1], "average_clustering": 0.0}, "rate-10": {"ACE": 0.022183755163147335, "ANB": 0.002206233186132683, "ACC": 0.026666552505380386, "CC": 26, "QCS": 0.7976554533657029, "SCS": {"ori-": 5.612064326947375, "sam_": 4.209773080458452, "ori-av": 0.09353440544912292, "sam_av": 0.14032576934861504, "sam_/ori_av": 1.500258313235805}, "Degree_dis": [0, 72, 76, 37, 8, 4, 2, 1], "average_clustering": 0.042}, "rate-15": {"ACE": 0.02216716354308088, "ANB": 0.027032988410286354, "ACC": 0.05633961055540217, "CC": 10, "QCS": 0.687084286120014, "SCS": {"ori-": 6.986433191505341, "sam_": 4.96145248316559, "ori-av": 0.1293783924352841, "sam_av": 0.18375749937650332, "sam_/ori_av": 1.4203105782785175}, "Degree_dis": [0, 68, 103, 63, 40, 13, 9, 3, 0, 1], "average_clustering": 0.028}, "rate-20": {"ACE": 0.015728513915703794, "ANB": 0.027068771174166558, "ACC": 0.07683938341054604, "CC": 8, "QCS": 0.9169496050066795, "SCS": {"ori-": 8.041795140327343, "sam_": 5.428770003841962, "ori-av": 0.16753739875681964, "sam_av": 0.22619875016008176, "sam_/ori_av": 1.3501388456460937}, "Degree_dis": [0, 73, 115, 102, 67, 27, 11, 4, 1], "average_clustering": 0.047}, "rate-25": {"ACE": 0.013795683616551806, "ANB": 0.013185460741842977, "ACC": 0.09471840157699783, "CC": 9, "QCS": 0.9030967591628578, "SCS": {"ori-": 8.778634937840994, "sam_": 5.635443082820414, "ori-av": 0.19083988995306508, "sam_av": 0.24501926447045277, "sam_/ori_av": 1.2838996319412703}, "Degree_dis": [0, 68, 98, 127, 93, 61, 30, 17, 6, 1], "average_clustering": 0.043}, "rate-30": {"ACE": 0.020497771684350952, "ANB": 0.009573760057174443, "ACC": 0.15056092459479128, "CC": 1, "QCS": 0.9790320714227337, "SCS": {"ori-": 9.096099790584711, "sam_": 5.503980445416627, "ori-av": 0.22740249476461777, "sam_av": 0.2751990222708313, "sam_/ori_av": 1.2101847103994496}, "Degree_dis": [0, 26, 84, 125, 129, 110, 61, 43, 14, 5, 2, 1], "average_clustering": 0.062}, "rate-35": {"ACE": 0.013669315739369125, "ANB": 0.007861789574838511, "ACC": 0.1561349017599091, "CC": 1, "QCS": 0.9833953004414688, "SCS": {"ori-": 9.716371063559633, "sam_": 5.669599068447807, "ori-av": 0.2429092765889908, "sam_av": 0.28347995342239035, "sam_/ori_av": 1.1670198742637823}, "Degree_dis": [0, 26, 85, 128, 138, 128, 73, 68, 32, 14, 4, 4], "average_clustering": 0.041}, "rate-40": {"ACE": 0.01736642224358144, "ANB": 0.00647435233891989, "ACC": 0.16338923796241553, "CC": 1, "QCS": 0.9977310830498655, "SCS": {"ori-": 10.149046262821381, "sam_": 5.6993512892013936, "ori-av": 0.25372615657053454, "sam_av": 0.28496756446006966, "sam_/ori_av": 1.1231304186836968}, "Degree_dis": [0, 11, 64, 152, 147, 144, 115, 94, 44, 15, 6, 5, 2, 1], "average_clustering": 0.06}}