{"rate-5": {"ACE": 0.07177008082818724, "ANB": 0.02744382601525459, "ACC": 0.2753483238670371, "CC": 1, "QCS": 0.9780994655024633, "SCS": {"ori-": 2.7785144683492433, "sam_": 2.122811859987936, "ori-av": 0.09261714894497478, "sam_av": 0.1415207906658624, "sam_/ori_av": 1.528019295324476}, "Degree_dis": [0, 87, 0, 1, 1, 0, 2, 2, 1, 0, 2, 1, 1, 1, 1], "average_clustering": 0.0}, "rate-10": {"ACE": 0.045316979968826325, "ANB": 0.018014060199989836, "ACC": 0.2221580917780304, "CC": 1, "QCS": 0.8268888306411746, "SCS": {"ori-": 5.676614130141201, "sam_": 4.254300560705341, "ori-av": 0.08869709578345626, "sam_av": 0.1329468925220419, "sam_/ori_av": 1.498886647276664}, "Degree_dis": [0, 158, 6, 5, 7, 8, 3, 4, 1, 1, 3, 0, 2, 0, 2], "average_clustering": 0.0}, "rate-15": {"ACE": 0.03419012025241231, "ANB": 0.012875431153808741, "ACC": 0.20955235298736843, "CC": 1, "QCS": 0.8425666353054878, "SCS": {"ori-": 7.688010326742131, "sam_": 5.600791263417841, "ori-av": 0.11305897539326663, "sam_av": 0.1647291548064071, "sam_/ori_av": 1.4570197035079246}, "Degree_dis": [0, 234, 16, 9, 9, 6, 4, 3, 8, 2, 3, 2, 1, 1, 0, 0, 0, 1, 1], "average_clustering": 0.0}, "rate-20": {"ACE": 0.027803446053583758, "ANB": 0.011293623506001176, "ACC": 0.1844912940682697, "CC": 1, "QCS": 0.8189563488191297, "SCS": {"ori-": 10.946859268508048, "sam_": 8.158074014086138, "ori-av": 0.09122382723756707, "sam_av": 0.13596790023476896, "sam_/ori_av": 1.49048668919227}, "Degree_dis": [0, 312, 25, 14, 6, 8, 5, 7, 2, 6, 2, 5, 4, 1, 2, 0, 0, 1], "average_clustering": 0.0}, "rate-25": {"ACE": 0.02447046998605425, "ANB": 0.0106037778367981, "ACC": 0.16194935030943597, "CC": 1, "QCS": 0.7799993418971247, "SCS": {"ori-": 13.376632495904445, "sam_": 9.92450664050149, "ori-av": 0.09835759188165033, "sam_av": 0.14594862706619838, "sam_/ori_av": 1.4838572628111146}, "Degree_dis": [0, 369, 59, 16, 6, 11, 6, 4, 5, 4, 3, 5, 6, 2, 1, 1, 2], "average_clustering": 0.0}, "rate-30": {"ACE": 0.018664864387796843, "ANB": 0.008539315805048546, "ACC": 0.16605485479980683, "CC": 1, "QCS": 0.7090956009043196, "SCS": {"ori-": 14.3277253589712, "sam_": 10.279639002035832, "ori-av": 0.10089947435895212, "sam_av": 0.14478364791599763, "sam_/ori_av": 1.4349296548456396}, "Degree_dis": [0, 458, 34, 32, 11, 16, 9, 7, 6, 7, 5, 7, 0, 3, 3, 2], "average_clustering": 0.0}, "rate-35": {"ACE": 0.019698438047391777, "ANB": 0.007402815670828509, "ACC": 0.16429824672510787, "CC": 1, "QCS": 0.6049354165802788, "SCS": {"ori-": 18.23928525559159, "sam_": 13.416981978263474, "ori-av": 0.09401693430717314, "sam_av": 0.13831940183776778, "sam_/ori_av": 1.4712179551169913}, "Degree_dis": [0, 536, 44, 34, 14, 9, 11, 9, 10, 9, 5, 8, 4, 4, 2, 1], "average_clustering": 0.0}, "rate-40": {"ACE": 0.017116305984753773, "ANB": 0.0064682317495866936, "ACC": 0.1645925208421432, "CC": 1, "QCS": 0.7912758138832651, "SCS": {"ori-": 19.640303201791525, "sam_": 14.300463756182323, "ori-av": 0.09442453462399772, "sam_av": 0.1375044591940608, "sam_/ori_av": 1.4562365569669902}, "Degree_dis": [0, 583, 80, 29, 24, 15, 16, 13, 9, 8, 8, 4, 3, 6, 2], "average_clustering": 0.0}}