{"rate-5": {"SRW": 0.03952915735039224, "ISRW": 0.16869145761025492, "RJ": 0.019255677333250513, "RNS": 0.025883557925361268, "RES": 0.025908643254582753, "TIES": 0.08889033650792583, "BFS": 0.03697598017063221, "DFS": 0.09266060498901815}, "rate-10": {"SRW": 0.08034617174809634, "ISRW": 0.06136874999602206, "RJ": 0.033796694596969996, "RNS": 0.01380338855695205, "RES": 0.029933201890783776, "TIES": 0.03064329209594938, "BFS": 0.12048201441226629, "DFS": 0.05266974575759627}, "rate-15": {"SRW": 0.18303013285326952, "ISRW": 0.1514813729995613, "RJ": 0.019998987870486717, "RNS": 0.015002598524293899, "RES": 0.015854125450443467, "TIES": 0.006467528135819172, "BFS": 0.2617135001663233, "DFS": 0.11598598307040561}, "rate-20": {"SRW": 0.09070557977751295, "ISRW": 0.0877199494773235, "RJ": 0.007246888260385006, "RNS": 0.008603729465433235, "RES": 0.007501906346280125, "TIES": 0.018019927856274667, "BFS": 0.2034373532619367, "DFS": 0.014216120360633473}, "rate-25": {"SRW": 0.05514210742361657, "ISRW": 0.11743885905897905, "RJ": 0.0044910806217601336, "RNS": 0.005784496198886025, "RES": 0.005926018578647229, "TIES": 0.012711833182673549, "BFS": 0.26793374323858904, "DFS": 0.030105878119623508}, "rate-30": {"SRW": 0.05189984838888147, "ISRW": 0.10351368373039677, "RJ": 0.004525556506656125, "RNS": 0.005753188588010275, "RES": 0.012313167558438563, "TIES": 0.00791533923713757, "BFS": 0.19417822725239936, "DFS": 0.025017786390549177}, "rate-35": {"SRW": 0.09422854161154078, "ISRW": 0.0631449115831458, "RJ": 0.007131399920363084, "RNS": 0.002482901655085316, "RES": 0.00724696915410181, "TIES": 0.006783631155072615, "BFS": 0.12219307122333102, "DFS": 0.05422897692414563}, "rate-40": {"SRW": 0.04042257193501686, "ISRW": 0.060906745113622984, "RJ": 0.004998830350217994, "RNS": 0.002225643399193751, "RES": 0.006038676631932825, "TIES": 0.005377261291635703, "BFS": 0.1590392347132767, "DFS": 0.019371595543694674}}